wall_clock_ms,lf_A,rf_A,lb_A,rb_A,frontIntake_A,backIntake_A,lShooter_A,rShooter_A,motor_total_A,floodgate_A
1780275339545,0.000,0.000,0.000,0.003,0.000,0.000,0.003,0.000,0.006,0.582
1780275339645,0.003,0.000,0.000,0.003,0.000,0.000,0.007,0.000,0.013,0.679
1780275339673,0.003,0.000,0.000,0.000,0.000,0.000,0.003,0.000,0.006,0.994
1780275339711,0.000,0.000,0.003,0.003,0.000,0.000,0.003,0.000,0.009,0.945
1780275339737,0.000,0.000,0.000,0.000,0.003,0.000,0.003,0.003,0.009,0.848
1780275339776,0.000,0.000,0.000,0.003,0.003,0.000,0.003,0.000,0.009,0.630
1780275339800,0.003,0.000,0.000,0.003,0.000,0.003,0.003,0.000,0.012,0.679
1780275339837,0.003,0.000,0.000,0.000,0.000,0.003,0.003,0.000,0.009,0.970
1780275339863,0.000,0.000,0.000,0.003,0.003,0.000,0.003,0.000,0.009,0.970
1780275339902,0.003,0.000,0.000,0.003,0.000,0.000,0.003,0.000,0.009,0.873
1780275339927,0.000,0.000,0.000,0.003,0.000,0.000,0.003,0.000,0.006,0.776
1780275339970,0.000,0.000,0.000,0.003,0.000,0.000,0.003,0.003,0.009,0.630
1780275340002,0.003,0.000,0.000,0.003,0.000,0.003,0.003,0.000,0.012,0.679
1780275340055,0.003,0.000,0.003,0.003,0.000,0.003,0.003,0.000,0.015,0.679
1780275340141,0.003,0.000,0.000,0.000,0.000,0.000,0.003,0.000,0.006,0.630
1780275340170,0.000,0.000,0.000,0.000,0.000,0.000,0.003,0.000,0.003,0.630
1780275340201,0.000,0.000,0.000,0.000,0.000,0.000,0.003,0.000,0.003,0.630
1780275340229,0.000,0.000,0.000,0.003,0.000,0.000,0.003,0.000,0.006,0.630
1780275340262,0.000,0.000,0.000,0.000,0.000,0.000,0.003,0.000,0.003,0.679
1780275340294,0.000,0.000,0.000,0.003,0.000,0.000,0.003,0.003,0.009,0.606
1780275340333,0.000,0.000,0.000,0.003,0.000,0.000,0.003,0.003,0.009,0.679
1780275340368,0.000,0.003,0.000,0.003,0.000,0.000,0.003,0.000,0.009,0.630
1780275340401,0.000,0.000,0.003,0.003,0.000,0.000,0.003,0.000,0.009,0.630
1780275340430,0.000,0.000,0.000,0.003,0.000,0.003,0.003,0.000,0.009,0.606
1780275340469,0.000,0.000,0.000,0.000,0.000,0.000,0.003,0.000,0.003,0.606
1780275340497,0.003,0.000,0.000,0.000,0.000,0.000,0.003,0.003,0.009,0.630
1780275340527,0.000,0.003,0.000,0.003,0.000,0.000,0.003,0.000,0.009,0.630
1780275340580,0.000,0.000,0.000,0.003,0.003,0.003,0.003,0.000,0.012,0.606
1780275340689,0.000,0.000,0.003,0.003,0.000,0.003,0.000,0.000,0.009,0.606
1780275340725,0.003,0.000,0.000,0.003,0.000,0.000,0.003,0.000,0.009,0.606
1780275340764,0.000,0.000,0.000,0.003,0.000,0.000,0.003,0.000,0.006,0.630
1780275340789,0.000,0.000,0.000,0.003,0.000,0.000,0.003,0.000,0.006,0.630
1780275340824,0.000,0.003,0.007,0.003,0.000,0.000,0.003,0.000,0.016,0.606
1780275340853,0.000,0.000,0.000,0.003,0.000,0.000,0.003,0.000,0.006,0.630
1780275340892,0.000,0.000,0.000,0.003,0.000,0.000,0.003,0.000,0.006,0.606
1780275340920,0.003,0.000,0.003,0.003,0.000,0.000,0.003,0.000,0.012,0.606
1780275340963,0.000,0.000,0.000,0.003,0.000,0.000,0.003,0.000,0.006,0.630
1780275340992,0.000,0.000,0.000,0.003,0.000,0.000,0.003,0.003,0.009,0.630
1780275341029,0.003,0.000,0.000,0.000,0.000,0.000,0.003,0.000,0.006,0.630
1780275341070,0.003,0.000,0.000,0.000,0.000,0.000,0.003,0.000,0.006,0.630
1780275341114,0.000,0.000,0.000,0.000,0.000,0.000,0.003,0.000,0.003,0.630
1780275341217,0.000,0.000,0.000,0.003,0.003,0.000,0.003,0.003,0.012,0.582
1780275341255,0.003,0.000,0.000,0.003,0.000,0.000,0.003,0.000,0.009,0.606
1780275341287,0.000,0.000,0.003,0.003,0.000,0.000,0.003,0.000,0.009,0.630
1780275341311,0.003,0.000,0.000,0.003,0.000,0.000,0.003,0.000,0.009,0.630
1780275341344,0.003,0.000,0.000,0.000,0.000,0.000,0.003,0.000,0.006,0.679
1780275341373,0.000,0.000,0.000,0.003,0.000,0.000,0.003,0.003,0.009,0.630
1780275341412,0.000,0.000,0.000,0.003,0.000,0.000,0.003,0.000,0.006,0.630
1780275341436,0.003,0.000,0.000,0.007,0.000,0.003,0.003,0.000,0.016,0.606
1780275341473,0.003,0.000,0.000,0.003,0.003,0.000,0.003,0.000,0.012,0.630
1780275341501,0.000,0.000,0.000,0.003,0.000,0.000,0.003,0.000,0.006,0.630
1780275341543,0.003,0.000,0.000,0.003,0.000,0.000,0.003,0.000,0.009,0.606
1780275341592,0.003,0.000,0.000,0.003,0.000,0.000,0.003,0.000,0.009,0.630
1780275341623,0.000,0.000,0.000,0.003,0.000,0.000,0.003,0.000,0.006,0.606
1780275341736,0.003,0.000,0.003,0.003,0.000,0.000,0.003,0.000,0.012,0.630
1780275341764,0.000,0.000,0.000,0.003,0.000,0.000,0.003,0.000,0.006,0.679
1780275341795,0.003,0.000,0.000,0.003,0.000,0.000,0.003,0.000,0.009,0.630
1780275341822,0.003,0.000,0.000,0.003,0.000,0.000,0.003,0.003,0.012,0.606
1780275341867,0.003,0.000,0.000,0.003,0.000,0.000,0.003,0.003,0.012,0.606
1780275341894,0.003,0.000,0.000,0.003,0.000,0.000,0.003,0.000,0.009,0.630
1780275341928,0.000,0.003,0.003,0.000,0.000,0.000,0.003,0.000,0.009,0.606
1780275341955,0.000,0.000,0.000,0.003,0.000,0.000,0.003,0.000,0.006,0.630
1780275342005,0.000,0.000,0.000,0.007,0.000,0.000,0.003,0.000,0.010,0.630
1780275342032,0.000,0.000,0.003,0.003,0.000,0.000,0.003,0.000,0.009,0.606
1780275342071,0.000,0.000,0.000,0.003,0.000,0.000,0.000,0.000,0.003,0.606
1780275342122,0.007,0.000,0.000,0.003,0.003,0.000,0.003,0.003,0.019,0.630
1780275342153,0.000,0.000,0.000,0.003,0.000,0.000,0.003,0.003,0.009,0.630
1780275342286,0.000,0.000,0.003,0.003,0.000,0.000,0.003,0.003,0.012,0.606
1780275342313,0.003,0.000,0.000,0.003,0.000,0.000,0.003,0.003,0.012,0.630
1780275342358,0.003,0.000,0.003,0.000,0.000,0.003,0.003,0.003,0.015,0.606
1780275342383,0.000,0.000,0.000,0.003,0.000,0.000,0.003,0.003,0.009,0.679
1780275342424,0.000,0.000,0.003,0.003,0.000,0.000,0.003,0.003,0.012,0.630
1780275342451,0.000,0.000,0.000,0.003,0.000,0.000,0.003,0.003,0.009,0.606
1780275342489,0.000,0.000,0.000,0.003,0.003,0.000,0.003,0.000,0.009,0.606
1780275342515,0.003,0.000,0.003,0.000,0.000,0.000,0.003,0.000,0.009,0.630
1780275342552,0.003,0.000,0.003,0.003,0.000,0.000,0.003,0.000,0.012,0.606
1780275342576,0.000,0.000,0.000,0.003,0.000,0.000,0.003,0.000,0.006,0.679
1780275342625,0.003,0.000,0.000,0.000,0.000,0.000,0.003,0.007,0.013,0.630
1780275342656,0.003,0.000,0.000,0.003,0.000,0.000,0.003,0.000,0.009,0.630
1780275342770,0.000,0.003,0.000,0.003,0.000,0.000,0.003,0.000,0.009,0.606
1780275342802,0.000,0.000,0.000,0.000,0.000,0.000,0.003,0.000,0.003,0.606
1780275342835,0.007,0.000,0.000,0.000,0.000,0.000,0.003,0.003,0.013,0.582
1780275342869,0.000,0.000,0.000,0.003,0.003,0.000,0.003,0.000,0.009,0.606
1780275342908,0.000,0.000,0.000,0.003,0.000,0.000,0.003,0.000,0.006,0.606
1780275342938,0.003,0.000,0.000,0.000,0.000,0.007,0.003,0.000,0.013,0.679
1780275342978,0.003,0.000,0.000,0.003,0.000,0.000,0.003,0.003,0.012,0.630
1780275343009,0.000,0.000,0.000,0.003,0.000,0.000,0.003,0.003,0.009,0.606
1780275343054,0.000,0.000,0.000,0.000,0.000,0.000,0.003,0.000,0.003,0.630
1780275343080,0.003,0.000,0.000,0.003,0.000,0.000,0.003,0.003,0.012,0.606
1780275343129,0.003,0.000,0.000,0.003,0.000,0.000,0.003,0.000,0.009,0.606
1780275343156,0.003,0.000,0.000,0.003,0.000,0.000,0.003,0.003,0.012,0.679
1780275343193,0.000,0.000,0.000,0.003,0.000,0.000,0.003,0.000,0.006,0.630
1780275343301,0.000,0.000,0.000,0.007,0.000,0.000,0.003,0.000,0.010,0.630
1780275343338,0.000,0.003,0.000,0.003,0.000,0.000,0.003,0.003,0.012,0.606
1780275343377,0.000,0.000,0.003,0.003,0.000,0.000,0.003,0.000,0.009,0.606
1780275343403,0.000,0.000,0.000,0.003,0.000,0.000,0.003,0.000,0.006,0.630
1780275343436,0.000,0.000,0.000,0.003,0.000,0.000,0.003,0.000,0.006,0.630
1780275343473,0.000,0.000,0.000,0.003,0.000,0.003,0.003,0.003,0.012,0.630
1780275343514,0.007,0.000,0.000,0.003,0.003,0.000,0.003,0.000,0.016,0.606
1780275343540,0.000,0.003,0.000,0.003,0.000,0.003,0.003,0.000,0.012,0.630
1780275343573,0.000,0.003,0.000,0.003,0.000,0.000,0.003,0.000,0.009,0.630
1780275343608,0.003,0.000,0.000,0.003,0.000,0.000,0.003,0.000,0.009,0.606
1780275343657,0.000,0.000,0.000,0.003,0.000,0.003,0.003,0.000,0.009,0.606
1780275343698,0.000,0.000,0.000,0.003,0.000,0.003,0.003,0.000,0.009,0.630
1780275343787,0.000,0.000,0.000,0.003,0.000,0.000,0.003,0.000,0.006,0.703
1780275343825,0.003,0.000,0.000,0.003,0.000,0.000,0.003,0.003,0.012,0.606
1780275343857,0.000,0.000,0.000,0.000,0.000,0.000,0.003,0.000,0.003,0.679
1780275343880,0.000,0.000,0.000,0.003,0.000,0.000,0.003,0.003,0.009,0.630
1780275343914,0.000,0.000,0.000,0.003,0.000,0.003,0.003,0.003,0.012,0.630
1780275343938,0.000,0.000,0.000,0.003,0.000,0.000,0.003,0.003,0.009,0.630
1780275343968,0.003,0.000,0.000,0.003,0.000,0.003,0.003,0.000,0.012,0.630
1780275343994,0.000,0.000,0.003,0.003,0.000,0.000,0.003,0.000,0.009,0.630
1780275344027,0.003,0.000,0.000,0.003,0.000,0.003,0.003,0.000,0.012,0.630
1780275344055,0.003,0.000,0.000,0.000,0.003,0.000,0.003,0.007,0.016,0.630
1780275344085,0.000,0.000,0.000,0.003,0.000,0.000,0.003,0.000,0.006,0.630
1780275344109,0.003,0.003,0.000,0.003,0.000,0.000,0.003,0.000,0.012,0.679
1780275344152,0.000,0.000,0.000,0.003,0.000,0.000,0.003,0.003,0.009,0.606
1780275344182,0.000,0.000,0.000,0.003,0.000,0.000,0.003,0.003,0.009,0.630
1780275344216,0.000,0.000,0.000,0.003,0.000,0.000,0.003,0.000,0.006,0.606
1780275344308,0.003,0.003,0.000,0.003,0.000,0.003,0.003,0.000,0.015,0.630
1780275344370,0.000,0.000,0.000,0.003,0.003,0.000,0.003,0.000,0.009,0.630
1780275344397,0.003,0.000,0.003,0.003,0.000,0.003,0.003,0.000,0.015,0.630
1780275344427,0.003,0.000,0.003,0.003,0.000,0.000,0.003,0.000,0.012,0.630
1780275344453,0.000,0.000,0.000,0.003,0.000,0.000,0.000,0.000,0.003,0.606
1780275344487,0.000,0.000,0.000,0.003,0.000,0.000,0.003,0.000,0.006,0.606
1780275344517,0.000,0.000,0.000,0.003,0.003,0.000,0.003,0.000,0.009,0.606
1780275344547,0.003,0.000,0.000,0.003,0.000,0.000,0.003,0.000,0.009,0.630
1780275344576,0.000,0.000,0.000,0.003,0.000,0.000,0.003,0.000,0.006,0.582
1780275344604,0.003,0.000,0.000,0.003,0.000,0.000,0.003,0.000,0.009,0.630
1780275344633,0.000,0.000,0.000,0.003,0.000,0.000,0.003,0.000,0.006,0.630
1780275344675,0.003,0.000,0.003,0.003,0.000,0.000,0.003,0.003,0.015,0.630
1780275344699,0.003,0.000,0.000,0.003,0.000,0.000,0.003,0.003,0.012,0.606
1780275344729,0.000,0.000,0.000,0.003,0.000,0.000,0.003,0.003,0.009,0.606
1780275344824,0.003,0.000,0.000,0.003,0.000,0.000,0.003,0.000,0.009,0.606
1780275344878,0.000,0.000,0.003,0.003,0.000,0.000,0.003,0.003,0.012,0.630
1780275344906,0.003,0.000,0.007,0.003,0.000,0.000,0.003,0.000,0.016,0.606
1780275344937,0.000,0.000,0.000,0.003,0.000,0.000,0.003,0.000,0.006,0.606
1780275344969,0.000,0.000,0.007,0.000,0.000,0.000,0.000,0.000,0.007,0.630
1780275344999,0.000,0.000,0.000,0.003,0.000,0.000,0.003,0.000,0.006,0.630
1780275345024,0.000,0.000,0.003,0.003,0.000,0.000,0.003,0.000,0.009,0.606
1780275345055,0.000,0.000,0.000,0.003,0.000,0.000,0.003,0.003,0.009,0.630
1780275345080,0.000,0.000,0.003,0.003,0.000,0.000,0.003,0.003,0.012,0.679
1780275345116,0.000,0.000,0.000,0.003,0.000,0.000,0.003,0.000,0.006,0.630
1780275345140,0.000,0.000,0.000,0.003,0.000,0.000,0.003,0.000,0.006,0.606
1780275345189,0.000,0.000,0.000,0.000,0.000,0.000,0.003,0.000,0.003,0.630
1780275345214,0.000,0.000,0.003,0.003,0.000,0.000,0.003,0.003,0.012,0.630
1780275345260,0.000,0.000,0.000,0.007,0.000,0.003,0.003,0.000,0.013,0.679
1780275345370,0.003,0.000,0.000,0.003,0.000,0.000,0.003,0.000,0.009,0.606
1780275345436,0.000,0.000,0.000,0.003,0.000,0.000,0.003,0.003,0.009,0.606
1780275345465,0.003,0.000,0.000,0.003,0.000,0.000,0.003,0.000,0.009,0.606
1780275345504,0.003,0.000,0.000,0.003,0.000,0.000,0.003,0.000,0.009,0.606
1780275345533,0.000,0.000,0.000,0.000,0.003,0.000,0.003,0.000,0.006,0.606
1780275345572,0.003,0.000,0.000,0.003,0.000,0.000,0.003,0.000,0.009,0.630
1780275345598,0.000,0.000,0.000,0.003,0.000,0.000,0.003,0.000,0.006,0.606
1780275345630,0.000,0.000,0.003,0.003,0.000,0.000,0.003,0.000,0.009,0.606
1780275345657,0.003,0.000,0.000,0.003,0.000,0.003,0.003,0.000,0.012,0.630
1780275345717,0.000,0.000,0.000,0.003,0.000,0.003,0.003,0.000,0.009,0.606
1780275345744,0.000,0.000,0.000,0.003,0.000,0.000,0.003,0.000,0.006,0.606
1780275345786,0.000,0.000,0.000,0.003,0.000,0.000,0.003,0.000,0.006,0.630
1780275345881,0.003,0.000,0.000,0.000,0.000,0.000,0.003,0.000,0.006,0.630
1780275345941,0.000,0.000,0.000,0.003,0.000,0.000,0.003,0.003,0.009,0.630
1780275345973,0.000,0.000,0.003,0.003,0.003,0.003,0.003,0.000,0.015,0.606
1780275346023,0.003,0.000,0.000,0.003,0.000,0.003,0.003,0.000,0.012,0.606
1780275346051,0.007,0.000,0.000,0.003,0.000,0.000,0.003,0.000,0.013,0.630
1780275346086,0.003,0.000,0.000,0.007,0.000,0.000,0.003,0.000,0.013,0.606
1780275346112,0.000,0.003,0.000,0.003,0.000,0.000,0.003,0.003,0.012,0.606
1780275346151,0.000,0.000,0.000,0.003,0.000,0.000,0.003,0.000,0.006,0.630
1780275346178,0.000,0.000,0.000,0.000,0.000,0.000,0.003,0.003,0.006,0.630
1780275346229,0.000,0.000,0.000,0.003,0.000,0.000,0.003,0.000,0.006,0.582
1780275346257,0.000,0.000,0.000,0.003,0.003,0.000,0.003,0.000,0.009,0.606
1780275346313,0.000,0.000,0.003,0.003,0.000,0.000,0.003,0.003,0.012,0.606
1780275346408,0.000,0.000,0.000,0.003,0.000,0.000,0.003,0.003,0.009,0.606
1780275346467,0.000,0.000,0.000,0.003,0.000,0.003,0.003,0.000,0.009,0.606
1780275346497,0.003,0.000,0.000,0.003,0.000,0.000,0.003,0.000,0.009,0.630
1780275346536,0.000,0.000,0.000,0.003,0.003,0.000,0.003,0.003,0.012,0.630
1780275346569,0.003,0.000,0.000,0.003,0.000,0.000,0.003,0.000,0.009,0.606
1780275346607,0.000,0.003,0.000,0.003,0.000,0.000,0.003,0.003,0.012,0.606
1780275346639,0.000,0.000,0.000,0.007,0.000,0.000,0.003,0.000,0.010,0.606
1780275346674,0.000,0.000,0.000,0.003,0.000,0.000,0.003,0.003,0.009,0.606
1780275346702,0.000,0.000,0.000,0.000,0.000,0.000,0.003,0.000,0.003,0.606
1780275346764,0.000,0.000,0.000,0.003,0.000,0.000,0.003,0.000,0.006,0.606
1780275346799,0.000,0.003,0.000,0.003,0.000,0.000,0.003,0.003,0.012,0.630
1780275346836,0.000,0.000,0.000,0.003,0.000,0.000,0.003,0.000,0.006,0.630
1780275346929,0.007,0.000,0.000,0.003,0.000,0.000,0.003,0.000,0.013,0.606
1780275346977,0.003,0.000,0.000,0.003,0.000,0.000,0.003,0.000,0.009,0.582
1780275347004,0.000,0.000,0.000,0.003,0.000,0.000,0.003,0.000,0.006,0.630
1780275347047,0.003,0.000,0.000,0.003,0.000,0.000,0.003,0.000,0.009,0.630
1780275347084,0.003,0.003,0.000,0.000,0.000,0.000,0.003,0.000,0.009,0.630
1780275347117,0.000,0.000,0.000,0.003,0.000,0.000,0.003,0.000,0.006,0.630
1780275347149,0.003,0.000,0.003,0.003,0.000,0.000,0.003,0.000,0.012,0.606
1780275347186,0.003,0.000,0.000,0.003,0.000,0.000,0.003,0.000,0.009,0.606
1780275347227,0.003,0.000,0.000,0.003,0.000,0.000,0.003,0.000,0.009,0.606
1780275347285,0.003,0.000,0.000,0.003,0.003,0.003,0.003,0.000,0.015,0.606
1780275347337,0.000,0.000,0.000,0.003,0.000,0.000,0.003,0.003,0.009,0.606
1780275347445,0.000,0.003,0.000,0.000,0.000,0.000,0.003,0.000,0.006,0.630
1780275347485,0.000,0.000,0.000,0.003,0.000,0.000,0.003,0.003,0.009,0.630
1780275347514,0.000,0.000,0.000,0.003,0.000,0.000,0.003,0.000,0.006,0.606
1780275347542,0.003,0.003,0.000,0.003,0.000,0.000,0.003,0.003,0.015,0.606
1780275347577,0.000,0.000,0.000,0.003,0.000,0.000,0.003,0.000,0.006,0.679
1780275347603,0.000,0.000,0.000,0.003,0.000,0.000,0.003,0.000,0.006,0.630
1780275347634,0.000,0.000,0.000,0.000,0.000,0.000,0.003,0.000,0.003,0.606
1780275347660,0.000,0.000,0.003,0.003,0.000,0.000,0.003,0.003,0.012,0.606
1780275347697,0.000,0.000,0.003,0.003,0.000,0.000,0.003,0.000,0.009,0.606
1780275347725,0.003,0.000,0.000,0.003,0.000,0.000,0.003,0.000,0.009,0.630
1780275347759,0.000,0.000,0.000,0.003,0.003,0.000,0.003,0.000,0.009,0.606
1780275347796,0.000,0.000,0.000,0.003,0.000,0.000,0.003,0.000,0.006,0.630
1780275347829,0.000,0.000,0.000,0.007,0.000,0.000,0.003,0.000,0.010,0.679
1780275347857,0.003,0.000,0.000,0.007,0.000,0.000,0.003,0.000,0.013,0.606
1780275347927,0.003,0.000,0.000,0.003,0.003,0.000,0.003,0.000,0.012,0.606
1780275347977,0.000,0.000,0.000,0.003,0.003,0.000,0.003,0.000,0.009,0.606
1780275348030,0.003,0.000,0.000,0.003,0.000,0.000,0.003,0.003,0.012,0.630
1780275348057,0.003,0.000,0.000,0.003,0.000,0.003,0.003,0.000,0.012,0.606
1780275348091,0.007,0.000,0.003,0.003,0.000,0.000,0.003,0.000,0.016,0.606
1780275348119,0.000,0.000,0.000,0.003,0.000,0.000,0.003,0.000,0.006,0.630
1780275348156,0.003,0.000,0.000,0.003,0.000,0.000,0.007,0.000,0.013,0.630
1780275348180,0.007,0.000,0.000,0.003,0.000,0.000,0.003,0.000,0.013,0.679
1780275348218,0.000,0.003,0.000,0.003,0.000,0.000,0.003,0.003,0.012,0.606
1780275348244,0.000,0.003,0.000,0.003,0.000,0.000,0.003,0.000,0.009,0.606
1780275348295,0.000,0.003,0.000,0.003,0.000,0.000,0.003,0.000,0.009,0.630
1780275348359,0.000,0.000,0.000,0.003,0.000,0.000,0.003,0.003,0.009,0.630
1780275348383,0.000,0.000,0.000,0.003,0.000,0.003,0.003,0.003,0.012,0.606
1780275348466,0.000,0.000,0.003,0.003,0.000,0.000,0.003,0.000,0.009,0.606
1780275348534,0.000,0.003,0.000,0.003,0.003,0.000,0.003,0.000,0.012,0.630
1780275348568,0.003,0.000,0.000,0.003,0.000,0.000,0.003,0.010,0.019,0.606
1780275348606,0.000,0.000,0.000,0.003,0.000,0.000,0.003,0.000,0.006,0.630
1780275348631,0.000,0.000,0.000,0.003,0.000,0.003,0.003,0.000,0.009,0.630
1780275348664,0.003,0.000,0.000,0.003,0.000,0.000,0.003,0.000,0.009,0.606
1780275348688,0.003,0.000,0.000,0.003,0.000,0.000,0.003,0.000,0.009,0.630
1780275348719,0.000,0.000,0.000,0.003,0.000,0.003,0.003,0.000,0.009,0.630
1780275348756,0.000,0.000,0.000,0.000,0.000,0.000,0.003,0.000,0.003,0.630
1780275348787,0.000,0.000,0.000,0.003,0.000,0.000,0.003,0.003,0.009,0.630
1780275348814,0.000,0.003,0.000,0.003,0.000,0.000,0.003,0.000,0.009,0.606
1780275348869,0.000,0.000,0.000,0.003,0.000,0.003,0.003,0.000,0.009,0.679
1780275348898,0.000,0.000,0.000,0.003,0.000,0.000,0.003,0.000,0.006,0.606
1780275348967,0.000,0.000,0.000,0.003,0.000,0.000,0.003,0.000,0.006,0.630
1780275348992,0.000,0.000,0.003,0.003,0.000,0.000,0.003,0.003,0.012,0.630
1780275349066,0.000,0.003,0.000,0.003,0.000,0.000,0.003,0.003,0.012,0.606
1780275349094,0.000,0.000,0.003,0.003,0.000,0.000,0.003,0.000,0.009,0.630
1780275349132,0.000,0.000,0.000,0.003,0.000,0.000,0.003,0.003,0.009,0.606
1780275349160,0.003,0.000,0.000,0.000,0.000,0.000,0.003,0.000,0.006,0.630
1780275349206,0.000,0.000,0.000,0.000,0.000,0.003,0.003,0.000,0.006,0.630
1780275349232,0.003,0.000,0.000,0.003,0.000,0.000,0.003,0.000,0.009,0.606
1780275349266,0.000,0.000,0.000,0.000,0.000,0.000,0.003,0.000,0.003,0.630
1780275349293,0.000,0.000,0.003,0.003,0.000,0.000,0.003,0.003,0.012,0.630
1780275349334,0.000,0.000,0.003,0.003,0.000,0.000,0.003,0.003,0.012,0.630
1780275349389,0.003,0.000,0.000,0.007,0.000,0.000,0.003,0.003,0.016,0.606
1780275349416,0.000,0.000,0.000,0.003,0.000,0.000,0.003,0.000,0.006,0.606
1780275349489,0.000,0.000,0.000,0.003,0.000,0.000,0.003,0.000,0.006,0.630
1780275349521,0.000,0.000,0.000,0.003,0.000,0.000,0.003,0.003,0.009,0.630
1780275349592,0.007,0.000,0.000,0.003,0.000,0.000,0.003,0.000,0.013,0.630
1780275349627,0.007,0.000,0.000,0.003,0.000,0.003,0.003,0.000,0.016,0.630
1780275349661,0.000,0.000,0.000,0.000,0.000,0.000,0.003,0.000,0.003,0.679
1780275349688,0.000,0.003,0.003,0.003,0.000,0.000,0.003,0.000,0.012,0.630
1780275349723,0.000,0.000,0.000,0.003,0.000,0.003,0.003,0.000,0.009,0.606
1780275349756,0.003,0.000,0.000,0.000,0.000,0.000,0.003,0.003,0.009,0.606
1780275349790,0.000,0.000,0.000,0.003,0.000,0.000,0.003,0.003,0.009,0.679
1780275349816,0.000,0.000,0.003,0.003,0.003,0.000,0.000,0.000,0.009,0.630
1780275349851,0.000,0.000,0.000,0.003,0.000,0.000,0.003,0.000,0.006,0.606
1780275349892,0.003,0.000,0.000,0.007,0.000,0.000,0.003,0.000,0.013,0.630
1780275349926,0.000,0.000,0.000,0.003,0.000,0.000,0.003,0.003,0.009,0.606
1780275349996,0.000,0.003,0.000,0.003,0.000,0.000,0.007,0.000,0.013,0.606
1780275350031,0.007,0.000,0.000,0.003,0.000,0.000,0.003,0.000,0.013,0.606
1780275350101,0.003,0.000,0.000,0.007,0.000,0.000,0.003,0.000,0.013,0.630
1780275350131,0.000,0.000,0.000,0.003,0.000,0.000,0.003,0.000,0.006,0.630
1780275350171,0.003,0.000,0.000,0.003,0.000,0.000,0.003,0.007,0.016,0.630
1780275350201,0.000,0.000,0.003,0.003,0.000,0.000,0.003,0.003,0.012,0.630
1780275350234,0.003,0.000,0.003,0.003,0.000,0.000,0.003,0.003,0.015,0.606
1780275350263,0.000,0.000,0.000,0.003,0.000,0.000,0.003,0.000,0.006,0.630
1780275350303,0.000,0.000,0.000,0.000,0.000,0.003,0.003,0.000,0.006,0.630
1780275350338,0.000,0.003,0.000,0.003,0.000,0.000,0.003,0.000,0.009,0.606
1780275350380,0.003,0.003,0.000,0.003,0.000,0.000,0.003,0.000,0.012,0.630
1780275350431,0.000,0.000,0.000,0.007,0.000,0.000,0.003,0.000,0.010,0.606
1780275350502,0.000,0.000,0.000,0.003,0.000,0.000,0.003,0.000,0.006,0.606
1780275350530,0.000,0.000,0.000,0.003,0.000,0.003,0.003,0.000,0.009,0.630
1780275350571,0.000,0.000,0.000,0.003,0.000,0.000,0.003,0.003,0.009,0.630
1780275350646,0.007,0.000,0.000,0.003,0.000,0.000,0.003,0.000,0.013,0.679
1780275350671,0.000,0.000,0.000,0.003,0.003,0.000,0.003,0.000,0.009,0.606
1780275350707,0.000,0.000,0.000,0.000,0.000,0.000,0.003,0.003,0.006,0.630
1780275350733,0.000,0.000,0.000,0.003,0.000,0.000,0.003,0.000,0.006,0.606
1780275350765,0.000,0.000,0.000,0.003,0.000,0.000,0.003,0.003,0.009,0.606
1780275350793,0.003,0.000,0.003,0.003,0.000,0.000,0.007,0.000,0.016,0.582
1780275350824,0.003,0.000,0.000,0.003,0.000,0.000,0.003,0.000,0.009,0.630
1780275350867,0.003,0.000,0.003,0.003,0.000,0.000,0.003,0.003,0.015,0.630
1780275350905,0.000,0.000,0.000,0.003,0.000,0.000,0.003,0.000,0.006,0.606
1780275350942,0.000,0.000,0.000,0.003,0.000,0.000,0.003,0.000,0.006,0.679
1780275351008,0.003,0.000,0.000,0.003,0.000,0.000,0.003,0.000,0.009,0.606
1780275351033,0.000,0.000,0.000,0.003,0.000,0.000,0.003,0.000,0.006,0.630
1780275351063,0.000,0.000,0.000,0.000,0.000,0.000,0.003,0.000,0.003,0.606
1780275351087,0.000,0.003,0.000,0.003,0.000,0.000,0.003,0.000,0.009,0.630
1780275351154,0.003,0.003,0.000,0.003,0.000,0.003,0.003,0.000,0.015,0.630
1780275351181,0.000,0.003,0.000,0.003,0.000,0.000,0.003,0.000,0.009,0.630
1780275351209,0.003,0.003,0.000,0.003,0.000,0.000,0.003,0.003,0.015,0.606
1780275351238,0.003,0.000,0.000,0.003,0.000,0.000,0.003,0.003,0.012,0.606
1780275351267,0.000,0.000,0.000,0.003,0.000,0.000,0.003,0.003,0.009,0.630
1780275351297,0.003,0.000,0.000,0.003,0.000,0.000,0.003,0.000,0.009,0.630
1780275351327,0.000,0.000,0.000,0.003,0.000,0.000,0.003,0.000,0.006,0.606
1780275351365,0.003,0.000,0.000,0.000,0.000,0.000,0.003,0.000,0.006,0.630
1780275351395,0.000,0.000,0.000,0.003,0.000,0.003,0.003,0.000,0.009,0.630
1780275351426,0.000,0.000,0.000,0.003,0.000,0.000,0.003,0.000,0.006,0.606
1780275351480,0.000,0.000,0.000,0.003,0.000,0.000,0.003,0.000,0.006,0.630
1780275351552,0.000,0.000,0.003,0.003,0.000,0.000,0.003,0.000,0.009,0.630
1780275351611,0.003,0.000,0.000,0.003,0.000,0.000,0.003,0.000,0.009,0.630
1780275351681,0.000,0.003,0.000,0.003,0.000,0.000,0.003,0.003,0.012,0.606
1780275351715,0.000,0.000,0.003,0.003,0.000,0.000,0.003,0.000,0.009,0.630
1780275351755,0.003,0.000,0.000,0.003,0.000,0.000,0.003,0.000,0.009,0.606
1780275351784,0.000,0.003,0.003,0.003,0.000,0.000,0.003,0.000,0.012,0.606
1780275351814,0.000,0.000,0.010,0.003,0.000,0.000,0.003,0.003,0.019,0.606
1780275351842,0.000,0.003,0.000,0.003,0.000,0.000,0.003,0.000,0.009,0.606
1780275351873,0.000,0.000,0.000,0.000,0.000,0.000,0.003,0.000,0.003,0.679
1780275351901,0.003,0.000,0.000,0.003,0.000,0.000,0.003,0.000,0.009,0.630
1780275351931,0.003,0.000,0.000,0.000,0.000,0.000,0.003,0.000,0.006,0.630
1780275351973,0.000,0.000,0.000,0.000,0.000,0.000,0.003,0.000,0.003,0.606
1780275352004,0.000,0.000,0.003,0.003,0.000,0.000,0.003,0.000,0.009,0.630
1780275352077,0.000,0.000,0.000,0.003,0.000,0.003,0.003,0.000,0.009,0.630
1780275352108,0.007,0.000,0.000,0.003,0.000,0.000,0.003,0.000,0.013,0.630
1780275352137,0.000,0.003,0.000,0.003,0.000,0.003,0.003,0.000,0.012,0.630
1780275352218,0.003,0.000,0.000,0.003,0.000,0.000,0.003,0.003,0.012,0.630
1780275352244,0.003,0.000,0.000,0.003,0.000,0.000,0.003,0.000,0.009,0.630
1780275352277,0.003,0.000,0.000,0.003,0.000,0.000,0.003,0.000,0.009,0.606
1780275352308,0.007,0.000,0.000,0.000,0.000,0.000,0.003,0.000,0.010,0.606
1780275352349,0.000,0.000,0.000,0.003,0.000,0.000,0.003,0.000,0.006,0.630
1780275352380,0.003,0.000,0.000,0.003,0.000,0.000,0.003,0.003,0.012,0.679
1780275352414,0.000,0.000,0.003,0.003,0.000,0.000,0.003,0.000,0.009,0.630
1780275352446,0.000,0.003,0.000,0.003,0.000,0.000,0.003,0.000,0.009,0.606
1780275352512,0.000,0.000,0.000,0.003,0.000,0.000,0.003,0.003,0.009,0.606
1780275352593,0.003,0.000,0.000,0.003,0.000,0.000,0.003,0.000,0.009,0.679
1780275352642,0.003,0.000,0.000,0.003,0.000,0.000,0.003,0.000,0.009,0.630
1780275352706,0.003,0.000,0.000,0.003,0.000,0.000,0.003,0.003,0.012,0.630
1780275352740,0.000,0.000,0.000,0.003,0.000,0.000,0.003,0.000,0.006,0.630
1780275352779,0.003,0.000,0.000,0.000,0.000,0.000,0.003,0.000,0.006,0.630
1780275352809,0.000,0.000,0.000,0.003,0.000,0.000,0.003,0.003,0.009,0.630
1780275352844,0.000,0.000,0.000,0.003,0.000,0.000,0.003,0.000,0.006,0.630
1780275352877,0.003,0.000,0.000,0.003,0.000,0.000,0.003,0.000,0.009,0.630
1780275352919,0.000,0.003,0.003,0.003,0.000,0.000,0.003,0.000,0.012,0.606
1780275352945,0.000,0.000,0.000,0.003,0.000,0.000,0.000,0.000,0.003,0.630
1780275352979,0.000,0.000,0.000,0.003,0.000,0.000,0.003,0.000,0.006,0.606
1780275353022,0.003,0.000,0.000,0.003,0.000,0.000,0.003,0.000,0.009,0.630
1780275353111,0.000,0.000,0.000,0.000,0.000,0.000,0.000,0.000,0.000,0.606
1780275353141,0.000,0.000,0.003,0.003,0.000,0.000,0.003,0.000,0.009,0.630
1780275353173,0.000,0.000,0.000,0.003,0.000,0.000,0.003,0.000,0.006,0.630
1780275353244,0.000,0.000,0.000,0.003,0.000,0.000,0.003,0.000,0.006,0.606
1780275353288,0.003,0.000,0.000,0.003,0.000,0.000,0.003,0.000,0.009,0.606
1780275353327,0.000,0.000,0.000,0.003,0.000,0.000,0.003,0.003,0.009,0.606
1780275353382,0.003,0.000,0.000,0.003,0.000,0.000,0.003,0.000,0.009,0.606
1780275353408,0.003,0.000,0.000,0.003,0.000,0.000,0.003,0.000,0.009,0.630
1780275353445,0.003,0.000,0.000,0.003,0.000,0.000,0.003,0.003,0.012,0.630
1780275353471,0.000,0.003,0.000,0.003,0.000,0.000,0.003,0.003,0.012,0.606
1780275353510,0.000,0.000,0.000,0.003,0.000,0.000,0.003,0.000,0.006,0.606
1780275353554,0.000,0.000,0.000,0.003,0.000,0.000,0.003,0.003,0.009,0.630
1780275353627,0.003,0.000,0.000,0.003,0.000,0.003,0.003,0.000,0.012,0.630
1780275353658,0.000,0.000,0.000,0.003,0.000,0.000,0.003,0.000,0.006,0.630
1780275353691,0.000,0.003,0.000,0.000,0.000,0.000,0.003,0.000,0.006,0.679
1780275353753,0.003,0.000,0.000,0.003,0.000,0.000,0.003,0.000,0.009,0.630
1780275353782,0.003,0.000,0.000,0.000,0.000,0.000,0.003,0.000,0.006,0.606
1780275353823,0.000,0.000,0.000,0.000,0.000,0.000,0.003,0.000,0.003,0.630
1780275353847,0.000,0.000,0.000,0.007,0.000,0.000,0.003,0.000,0.010,0.606
1780275353888,0.000,0.000,0.003,0.000,0.000,0.000,0.003,0.000,0.006,0.630
1780275353917,0.000,0.003,0.000,0.003,0.000,0.000,0.003,0.003,0.012,0.630
1780275353953,0.000,0.000,0.000,0.003,0.000,0.000,0.000,0.000,0.003,0.630
1780275353979,0.003,0.000,0.000,0.003,0.000,0.000,0.003,0.000,0.009,0.630
1780275354009,0.003,0.000,0.003,0.003,0.000,0.003,0.003,0.000,0.015,0.606
1780275354033,0.000,0.000,0.003,0.000,0.000,0.000,0.003,0.000,0.006,0.630
1780275354078,0.000,0.000,0.000,0.003,0.000,0.000,0.003,0.003,0.009,0.630
1780275354141,0.000,0.000,0.000,0.003,0.000,0.000,0.003,0.000,0.006,0.630
1780275354166,0.000,0.000,0.003,0.003,0.000,0.000,0.003,0.000,0.009,0.703
1780275354196,0.000,0.000,0.000,0.003,0.000,0.000,0.003,0.000,0.006,0.630
1780275354267,0.000,0.000,0.000,0.003,0.000,0.000,0.003,0.000,0.006,0.630
1780275354293,0.000,0.000,0.000,0.003,0.000,0.003,0.003,0.000,0.009,0.630
1780275354333,0.003,0.000,0.000,0.003,0.000,0.000,0.003,0.000,0.009,0.606
1780275354371,0.000,0.000,0.000,0.003,0.000,0.000,0.003,0.000,0.006,0.630
1780275354414,0.000,0.000,0.000,0.003,0.000,0.000,0.003,0.000,0.006,0.679
1780275354437,0.000,0.000,0.000,0.003,0.000,0.000,0.003,0.000,0.006,0.703
1780275354465,0.000,0.000,0.000,0.003,0.000,0.000,0.003,0.003,0.009,0.630
1780275354487,0.003,0.000,0.000,0.003,0.000,0.000,0.003,0.000,0.009,0.606
1780275354509,0.003,0.000,0.000,0.003,0.000,0.000,0.003,0.003,0.012,0.630
1780275354543,0.003,0.000,0.003,0.000,0.000,0.000,0.003,0.000,0.009,0.630
1780275354579,0.000,0.000,0.000,0.003,0.000,0.000,0.003,0.000,0.006,0.606
1780275354650,0.000,0.000,0.007,0.003,0.000,0.000,0.003,0.000,0.013,0.630
1780275354684,0.000,0.003,0.003,0.003,0.000,0.003,0.003,0.000,0.015,0.630
1780275354715,0.000,0.000,0.000,0.007,0.003,0.000,0.003,0.003,0.016,0.630
1780275354772,0.000,0.003,0.000,0.003,0.000,0.000,0.007,0.000,0.013,0.630
1780275354799,0.000,0.000,0.000,0.003,0.000,0.000,0.003,0.000,0.006,0.630
1780275354838,0.000,0.000,0.000,0.000,0.000,0.000,0.003,0.000,0.003,0.606
1780275354863,0.000,0.000,0.000,0.003,0.000,0.000,0.003,0.000,0.006,0.606
1780275354898,0.000,0.003,0.000,0.003,0.000,0.000,0.003,0.003,0.012,0.606
1780275354921,0.000,0.000,0.000,0.003,0.003,0.000,0.003,0.000,0.009,0.630
1780275354951,0.000,0.000,0.000,0.003,0.000,0.000,0.003,0.000,0.006,0.630
1780275354979,0.000,0.000,0.000,0.003,0.000,0.000,0.003,0.000,0.006,0.606
1780275355011,0.003,0.000,0.000,0.003,0.000,0.000,0.007,0.000,0.013,0.606
1780275355036,0.000,0.000,0.000,0.010,0.003,0.000,0.003,0.003,0.019,0.630
1780275355070,0.003,0.000,0.000,0.003,0.000,0.003,0.003,0.000,0.012,0.630
1780275355120,0.003,0.000,0.000,0.003,0.000,0.000,0.003,0.000,0.009,0.606
1780275355190,0.003,0.000,0.000,0.003,0.000,0.000,0.003,0.000,0.009,0.630
1780275355217,0.000,0.000,0.000,0.003,0.000,0.000,0.003,0.000,0.006,0.630
1780275355275,0.000,0.003,0.000,0.003,0.000,0.000,0.003,0.003,0.012,0.679
1780275355308,0.003,0.000,0.000,0.007,0.003,0.000,0.003,0.003,0.019,0.606
1780275355342,0.000,0.000,0.000,0.003,0.000,0.000,0.003,0.000,0.006,0.630
1780275355373,0.003,0.000,0.000,0.003,0.000,0.000,0.003,0.000,0.009,0.630
1780275355410,0.000,0.000,0.000,0.003,0.000,0.000,0.003,0.003,0.009,0.630
1780275355434,0.007,0.000,0.000,0.003,0.000,0.000,0.003,0.000,0.013,0.630
1780275355466,0.000,0.000,0.000,0.003,0.003,0.000,0.003,0.003,0.012,0.630
1780275355490,0.000,0.000,0.000,0.003,0.000,0.000,0.003,0.000,0.006,0.630
1780275355521,0.000,0.000,0.003,0.003,0.000,0.000,0.003,0.000,0.009,0.606
1780275355552,0.007,0.000,0.000,0.003,0.000,0.000,0.003,0.000,0.013,0.606
1780275355584,0.003,0.000,0.000,0.000,0.000,0.000,0.003,0.000,0.006,0.630
1780275355643,0.003,0.003,0.000,0.003,0.000,0.000,0.003,0.000,0.012,0.606
1780275355720,0.003,0.000,0.000,0.003,0.000,0.000,0.003,0.000,0.009,0.606
1780275355775,0.000,0.000,0.000,0.003,0.000,0.000,0.003,0.000,0.006,0.630
1780275355802,0.000,0.000,0.000,0.003,0.000,0.000,0.003,0.003,0.009,0.630
1780275355858,0.000,0.000,0.000,0.000,0.000,0.000,0.003,0.000,0.003,0.630
1780275355884,0.000,0.003,0.000,0.003,0.003,0.000,0.003,0.000,0.012,0.630
1780275355919,0.010,0.000,0.000,0.003,0.000,0.000,0.003,0.000,0.016,0.679
1780275355943,0.000,0.000,0.000,0.003,0.000,0.000,0.003,0.000,0.006,0.630
1780275355977,0.000,0.000,0.000,0.003,0.000,0.000,0.003,0.003,0.009,0.630
1780275356003,0.000,0.000,0.000,0.003,0.000,0.000,0.003,0.003,0.009,0.606
1780275356035,0.003,0.000,0.000,0.003,0.000,0.000,0.003,0.000,0.009,0.606
1780275356061,0.003,0.000,0.000,0.003,0.000,0.000,0.003,0.003,0.012,0.630
1780275356090,0.000,0.000,0.000,0.000,0.000,0.000,0.003,0.000,0.003,0.606
1780275356146,0.003,0.000,0.000,0.003,0.000,0.000,0.003,0.000,0.009,0.630
1780275356174,0.000,0.000,0.000,0.007,0.000,0.000,0.003,0.000,0.010,0.630
1780275356243,0.000,0.000,0.000,0.003,0.000,0.000,0.003,0.000,0.006,0.606
1780275356314,0.000,0.000,0.000,0.003,0.000,0.000,0.003,0.000,0.006,0.630
1780275356369,0.000,0.003,0.000,0.003,0.000,0.000,0.000,0.000,0.006,0.630
1780275356399,0.000,0.000,0.000,0.003,0.000,0.000,0.003,0.000,0.006,0.606
1780275356439,0.003,0.000,0.000,0.003,0.000,0.000,0.003,0.000,0.009,0.606
1780275356465,0.000,0.000,0.000,0.003,0.000,0.000,0.003,0.003,0.009,0.630
1780275356494,0.000,0.003,0.000,0.003,0.000,0.000,0.003,0.000,0.009,0.630
1780275356523,0.003,0.000,0.003,0.003,0.000,0.000,0.003,0.000,0.012,0.606
1780275356555,0.003,0.000,0.000,0.003,0.000,0.000,0.003,0.000,0.009,0.606
1780275356589,0.000,0.000,0.000,0.003,0.000,0.000,0.003,0.000,0.006,0.630
1780275356622,0.000,0.000,0.000,0.003,0.000,0.000,0.003,0.000,0.006,0.606
1780275356675,0.007,0.000,0.000,0.003,0.000,0.000,0.000,0.000,0.010,0.606
1780275356719,0.003,0.000,0.000,0.003,0.000,0.000,0.003,0.000,0.009,0.606
1780275356782,0.000,0.000,0.000,0.003,0.000,0.000,0.003,0.000,0.006,0.606
1780275356837,0.007,0.000,0.000,0.003,0.000,0.000,0.003,0.000,0.013,0.606
1780275356891,0.003,0.000,0.003,0.003,0.000,0.000,0.003,0.000,0.012,0.606
1780275356921,0.000,0.000,0.000,0.000,0.000,0.000,0.003,0.000,0.003,0.679
1780275356948,0.000,0.000,0.003,0.003,0.000,0.000,0.003,0.000,0.009,0.703
1780275356971,0.003,0.000,0.000,0.000,0.000,0.000,0.003,0.000,0.006,0.630
1780275357011,0.000,0.000,0.000,0.003,0.000,0.000,0.003,0.000,0.006,0.606
1780275357038,0.000,0.000,0.003,0.003,0.000,0.003,0.003,0.000,0.012,0.606
1780275357074,0.000,0.007,0.000,0.003,0.000,0.000,0.003,0.000,0.013,0.630
1780275357108,0.000,0.000,0.003,0.003,0.000,0.000,0.003,0.000,0.009,0.606
1780275357154,0.000,0.000,0.000,0.003,0.000,0.000,0.003,0.000,0.006,0.606
1780275357206,0.000,0.000,0.000,0.003,0.000,0.000,0.003,0.000,0.006,0.630
1780275357246,0.003,0.000,0.000,0.003,0.000,0.000,0.000,0.000,0.006,0.606
1780275357312,0.000,0.003,0.000,0.003,0.000,0.000,0.003,0.000,0.009,0.630
1780275357367,0.003,0.000,0.000,0.000,0.000,0.000,0.003,0.000,0.006,0.630
1780275357409,0.000,0.000,0.000,0.000,0.000,0.000,0.003,0.000,0.003,0.630
1780275357451,0.000,0.000,0.000,0.000,0.000,0.000,0.003,0.000,0.003,0.630
1780275357476,0.000,0.000,0.000,0.003,0.000,0.000,0.003,0.000,0.006,0.630
1780275357513,0.000,0.003,0.000,0.003,0.000,0.000,0.003,0.003,0.012,0.606
1780275357537,0.003,0.000,0.000,0.003,0.000,0.000,0.003,0.003,0.012,0.606
1780275357570,0.003,0.000,0.000,0.003,0.000,0.003,0.003,0.000,0.012,0.606
1780275357601,0.000,0.003,0.000,0.003,0.000,0.000,0.003,0.003,0.012,0.630
1780275357642,0.000,0.000,0.000,0.007,0.000,0.000,0.003,0.000,0.010,0.606
1780275357671,0.000,0.000,0.000,0.007,0.000,0.000,0.003,0.003,0.013,0.606
1780275357722,0.000,0.000,0.000,0.003,0.000,0.003,0.003,0.000,0.009,0.679
1780275357778,0.000,0.003,0.000,0.003,0.000,0.000,0.003,0.000,0.009,0.630
1780275357839,0.000,0.000,0.000,0.003,0.000,0.000,0.003,0.000,0.006,0.606
1780275357880,0.000,0.000,0.000,0.003,0.000,0.000,0.003,0.000,0.006,0.679
1780275357924,0.003,0.000,0.003,0.003,0.000,0.000,0.003,0.000,0.012,0.679
1780275357949,0.003,0.000,0.000,0.003,0.000,0.000,0.003,0.000,0.009,0.679
1780275357980,0.000,0.000,0.000,0.003,0.000,0.007,0.003,0.000,0.013,0.630
1780275358004,0.000,0.000,0.000,0.003,0.000,0.000,0.003,0.000,0.006,0.679
1780275358034,0.003,0.000,0.000,0.003,0.000,0.000,0.003,0.000,0.009,0.630
1780275358063,0.000,0.000,0.000,0.003,0.000,0.000,0.003,0.007,0.013,0.630
1780275358092,0.003,0.000,0.000,0.000,0.000,0.000,0.003,0.000,0.006,0.606
1780275358122,0.000,0.000,0.000,0.003,0.003,0.000,0.003,0.000,0.009,0.630
1780275358160,0.000,0.000,0.000,0.003,0.000,0.000,0.000,0.000,0.003,0.679
1780275358196,0.003,0.003,0.000,0.003,0.000,0.000,0.003,0.000,0.012,0.630
1780275358246,0.003,0.000,0.000,0.003,0.000,0.000,0.003,0.000,0.009,0.630
1780275358281,0.000,0.000,0.000,0.003,0.000,0.000,0.003,0.000,0.006,0.630
1780275358366,0.000,0.000,0.000,0.003,0.000,0.003,0.003,0.000,0.009,0.606
1780275358436,0.003,0.000,0.000,0.003,0.000,0.000,0.003,0.000,0.009,0.630
1780275358467,0.003,0.000,0.003,0.003,0.000,0.000,0.003,0.000,0.012,0.703
1780275358512,0.003,0.000,0.000,0.007,0.000,0.000,0.003,0.003,0.016,0.630
1780275358541,0.003,0.000,0.000,0.003,0.000,0.000,0.003,0.000,0.009,0.630
1780275358578,0.000,0.000,0.000,0.003,0.000,0.000,0.003,0.003,0.009,0.630
1780275358605,0.000,0.000,0.000,0.003,0.000,0.000,0.003,0.000,0.006,0.606
1780275358644,0.000,0.000,0.003,0.003,0.000,0.000,0.003,0.000,0.009,0.630
1780275358673,0.000,0.000,0.000,0.000,0.000,0.000,0.003,0.000,0.003,0.630
1780275358706,0.000,0.000,0.003,0.003,0.000,0.000,0.003,0.000,0.009,0.606
1780275358744,0.000,0.000,0.000,0.003,0.000,0.000,0.003,0.000,0.006,0.630
1780275358782,0.000,0.000,0.000,0.007,0.000,0.000,0.003,0.000,0.010,0.606
1780275358847,0.000,0.000,0.000,0.000,0.000,0.003,0.003,0.000,0.006,0.630
1780275358871,0.003,0.000,0.000,0.003,0.000,0.000,0.003,0.000,0.009,0.679
1780275358948,0.000,0.000,0.000,0.003,0.000,0.000,0.003,0.000,0.006,0.630
1780275358978,0.000,0.003,0.000,0.000,0.000,0.000,0.003,0.000,0.006,0.606
1780275359011,0.000,0.000,0.000,0.003,0.000,0.000,0.003,0.003,0.009,0.630
1780275359044,0.000,0.000,0.000,0.003,0.003,0.003,0.003,0.000,0.012,0.606
1780275359081,0.000,0.000,0.003,0.003,0.000,0.000,0.003,0.000,0.009,0.630
1780275359113,0.003,0.000,0.000,0.000,0.000,0.000,0.003,0.003,0.009,0.606
1780275359152,0.000,0.000,0.000,0.007,0.000,0.000,0.003,0.000,0.010,0.606
1780275359187,0.000,0.000,0.000,0.003,0.000,0.000,0.000,0.000,0.003,0.630
1780275359228,0.000,0.000,0.000,0.003,0.000,0.000,0.003,0.003,0.009,0.630
1780275359268,0.000,0.000,0.000,0.000,0.003,0.000,0.000,0.000,0.003,0.606
1780275359302,0.000,0.000,0.000,0.003,0.000,0.000,0.007,0.003,0.013,0.606
1780275359378,0.000,0.000,0.000,0.003,0.000,0.000,0.003,0.000,0.006,0.630
1780275359439,0.000,0.000,0.000,0.003,0.000,0.000,0.003,0.003,0.009,0.630
1780275359465,0.003,0.000,0.000,0.000,0.000,0.000,0.003,0.000,0.006,0.630
1780275359495,0.000,0.000,0.000,0.000,0.000,0.000,0.003,0.000,0.003,0.606
1780275359526,0.000,0.000,0.000,0.003,0.000,0.000,0.003,0.000,0.006,0.630
1780275359563,0.000,0.000,0.000,0.003,0.000,0.000,0.003,0.003,0.009,0.606
1780275359589,0.003,0.000,0.003,0.003,0.000,0.000,0.003,0.000,0.012,0.606
1780275359628,0.000,0.003,0.000,0.000,0.000,0.000,0.003,0.000,0.006,0.630
1780275359658,0.000,0.000,0.000,0.003,0.000,0.000,0.003,0.003,0.009,0.606
1780275359697,0.003,0.000,0.000,0.003,0.000,0.000,0.003,0.000,0.009,0.606
1780275359723,0.003,0.000,0.000,0.003,0.000,0.000,0.007,0.003,0.016,0.679
1780275359759,0.000,0.000,0.003,0.003,0.000,0.003,0.003,0.000,0.012,0.606
1780275359811,0.000,0.000,0.000,0.003,0.000,0.000,0.000,0.000,0.003,0.630
1780275359882,0.003,0.000,0.003,0.003,0.000,0.000,0.003,0.000,0.012,0.679
1780275359962,0.003,0.000,0.003,0.003,0.000,0.000,0.003,0.000,0.012,0.606
1780275359989,0.000,0.000,0.000,0.000,0.000,0.000,0.003,0.000,0.003,0.630
1780275360025,0.000,0.000,0.000,0.000,0.000,0.003,0.003,0.000,0.006,0.630
1780275360051,0.000,0.000,0.000,0.003,0.000,0.000,0.003,0.000,0.006,0.679
1780275360090,0.000,0.003,0.000,0.003,0.000,0.000,0.003,0.000,0.009,0.679
1780275360118,0.003,0.000,0.000,0.003,0.000,0.000,0.003,0.003,0.012,0.630
1780275360155,0.003,0.000,0.000,0.003,0.000,0.000,0.003,0.000,0.009,0.630
1780275360188,0.003,0.000,0.000,0.003,0.000,0.000,0.003,0.000,0.009,0.630
1780275360235,0.000,0.000,0.003,0.003,0.000,0.000,0.003,0.000,0.009,0.679
1780275360261,0.000,0.000,0.000,0.003,0.000,0.000,0.003,0.000,0.006,0.630
1780275360312,0.000,0.000,0.000,0.003,0.000,0.000,0.003,0.000,0.006,0.606
1780275360347,0.000,0.000,0.000,0.003,0.000,0.000,0.003,0.000,0.006,0.606
1780275360433,0.000,0.003,0.000,0.003,0.000,0.000,0.003,0.000,0.009,0.606
1780275360492,0.007,0.003,0.003,0.003,0.000,0.000,0.003,0.003,0.022,0.630
1780275360524,0.000,0.000,0.000,0.003,0.000,0.000,0.003,0.000,0.006,0.630
1780275360566,0.003,0.000,0.000,0.003,0.000,0.000,0.003,0.003,0.012,0.630
1780275360593,0.000,0.000,0.003,0.003,0.000,0.003,0.003,0.000,0.012,0.630
1780275360630,0.000,0.000,0.000,0.000,0.000,0.000,0.003,0.000,0.003,0.630
1780275360661,0.003,0.000,0.000,0.003,0.000,0.000,0.003,0.000,0.009,0.606
1780275360711,0.000,0.003,0.000,0.003,0.000,0.000,0.003,0.000,0.009,0.630
1780275360742,0.000,0.000,0.000,0.003,0.000,0.000,0.003,0.000,0.006,0.679
1780275360774,0.000,0.000,0.000,0.003,0.000,0.000,0.003,0.003,0.009,0.679
1780275360818,0.003,0.000,0.000,0.003,0.000,0.000,0.003,0.000,0.009,0.630
1780275360863,0.003,0.000,0.000,0.003,0.000,0.000,0.003,0.000,0.009,0.630
1780275360956,0.000,0.000,0.000,0.003,0.000,0.000,0.003,0.000,0.006,0.606
1780275361017,0.000,0.000,0.000,0.007,0.000,0.003,0.003,0.000,0.013,0.606
1780275361047,0.000,0.000,0.000,0.003,0.000,0.000,0.003,0.000,0.006,0.630
1780275361086,0.003,0.000,0.000,0.000,0.000,0.000,0.003,0.000,0.006,0.630
1780275361111,0.000,0.000,0.000,0.003,0.000,0.000,0.003,0.000,0.006,0.606
1780275361145,0.000,0.003,0.000,0.003,0.000,0.000,0.007,0.000,0.013,0.606
1780275361169,0.003,0.000,0.000,0.007,0.003,0.003,0.003,0.000,0.019,0.630
1780275361203,0.003,0.000,0.000,0.000,0.000,0.000,0.003,0.003,0.009,0.606
1780275361231,0.000,0.000,0.003,0.003,0.000,0.000,0.003,0.000,0.009,0.679
1780275361269,0.000,0.000,0.000,0.003,0.000,0.000,0.003,0.000,0.006,0.630
1780275361296,0.003,0.000,0.007,0.003,0.000,0.003,0.003,0.000,0.019,0.630
1780275361338,0.000,0.000,0.000,0.003,0.000,0.000,0.007,0.000,0.010,0.630
1780275361367,0.000,0.000,0.003,0.000,0.000,0.000,0.003,0.000,0.006,0.630
1780275361400,0.000,0.000,0.000,0.003,0.000,0.003,0.003,0.000,0.009,0.630
1780275361477,0.000,0.000,0.000,0.003,0.000,0.000,0.003,0.000,0.006,0.630
1780275361529,0.000,0.000,0.000,0.000,0.000,0.000,0.003,0.000,0.003,0.630
1780275361561,0.003,0.000,0.000,0.003,0.000,0.000,0.003,0.003,0.012,0.606
1780275361601,0.000,0.000,0.000,0.003,0.000,0.000,0.003,0.003,0.009,0.606
1780275361628,0.000,0.000,0.003,0.003,0.000,0.000,0.003,0.003,0.012,0.606
1780275361667,0.000,0.000,0.003,0.003,0.000,0.000,0.003,0.000,0.009,0.630
1780275361695,0.000,0.000,0.003,0.003,0.000,0.000,0.003,0.000,0.009,0.606
1780275361736,0.000,0.000,0.000,0.003,0.000,0.000,0.003,0.000,0.006,0.630
1780275361765,0.000,0.000,0.000,0.003,0.000,0.000,0.003,0.000,0.006,0.630
1780275361802,0.000,0.000,0.000,0.003,0.000,0.000,0.003,0.000,0.006,0.630
1780275361851,0.000,0.000,0.000,0.003,0.000,0.000,0.003,0.000,0.006,0.606
1780275361884,0.003,0.000,0.000,0.003,0.003,0.003,0.003,0.003,0.018,0.630
1780275361920,0.000,0.000,0.000,0.003,0.000,0.000,0.003,0.000,0.006,0.606
1780275362003,0.003,0.000,0.000,0.003,0.000,0.000,0.003,0.000,0.009,0.630
1780275362069,0.000,0.000,0.000,0.003,0.000,0.000,0.003,0.003,0.009,0.606
1780275362095,0.007,0.000,0.000,0.003,0.000,0.000,0.003,0.000,0.013,0.630
1780275362130,0.003,0.000,0.000,0.003,0.000,0.000,0.003,0.000,0.009,0.606
1780275362157,0.003,0.000,0.000,0.003,0.000,0.000,0.003,0.000,0.009,0.606
1780275362203,0.000,0.000,0.000,0.003,0.000,0.000,0.003,0.000,0.006,0.606
1780275362232,0.000,0.000,0.000,0.000,0.000,0.003,0.003,0.003,0.009,0.630
1780275362272,0.000,0.003,0.000,0.007,0.000,0.000,0.003,0.000,0.013,0.630
1780275362298,0.000,0.000,0.000,0.003,0.000,0.003,0.003,0.000,0.009,0.630
1780275362338,0.003,0.000,0.000,0.003,0.000,0.000,0.003,0.000,0.009,0.606
1780275362391,0.000,0.003,0.000,0.003,0.003,0.000,0.000,0.003,0.012,0.606
1780275362418,0.000,0.000,0.000,0.003,0.000,0.000,0.003,0.000,0.006,0.630
1780275362447,0.003,0.000,0.000,0.003,0.000,0.000,0.003,0.000,0.009,0.630
1780275362514,0.003,0.000,0.000,0.003,0.000,0.000,0.003,0.003,0.012,0.630
1780275362567,0.000,0.000,0.000,0.000,0.000,0.000,0.003,0.000,0.003,0.630
1780275362597,0.003,0.000,0.003,0.003,0.000,0.000,0.003,0.000,0.012,0.606
1780275362630,0.003,0.000,0.000,0.003,0.000,0.000,0.000,0.000,0.006,0.606
1780275362663,0.003,0.000,0.000,0.003,0.000,0.000,0.003,0.000,0.009,0.606
1780275362699,0.000,0.007,0.000,0.003,0.000,0.000,0.003,0.000,0.013,0.606
1780275362731,0.000,0.000,0.000,0.003,0.000,0.000,0.003,0.000,0.006,0.606
1780275362765,0.003,0.000,0.000,0.007,0.000,0.000,0.003,0.003,0.016,0.679
1780275362803,0.000,0.000,0.000,0.003,0.000,0.003,0.003,0.000,0.009,0.606
1780275362835,0.010,0.000,0.000,0.003,0.000,0.000,0.003,0.000,0.016,0.630
1780275362863,0.000,0.000,0.003,0.003,0.000,0.003,0.003,0.000,0.012,0.606
1780275362909,0.000,0.000,0.000,0.003,0.000,0.000,0.003,0.003,0.009,0.630
1780275362948,0.000,0.000,0.003,0.007,0.000,0.000,0.003,0.003,0.016,0.679
1780275363023,0.000,0.000,0.003,0.003,0.000,0.000,0.003,0.000,0.009,0.606
1780275363081,0.000,0.000,0.000,0.003,0.000,0.003,0.003,0.000,0.009,0.606
1780275363118,0.000,0.000,0.000,0.003,0.000,0.000,0.003,0.000,0.006,0.606
1780275363153,0.003,0.000,0.000,0.003,0.000,0.000,0.003,0.000,0.009,0.630
1780275363179,0.000,0.000,0.000,0.000,0.000,0.000,0.003,0.000,0.003,0.606
1780275363219,0.003,0.000,0.000,0.003,0.000,0.000,0.003,0.000,0.009,0.630
1780275363252,0.000,0.003,0.000,0.003,0.000,0.000,0.003,0.003,0.012,0.606
1780275363284,0.000,0.000,0.003,0.000,0.000,0.000,0.003,0.000,0.006,0.630
1780275363319,0.000,0.000,0.003,0.003,0.000,0.000,0.000,0.003,0.009,0.606
1780275363369,0.000,0.000,0.003,0.003,0.000,0.003,0.003,0.000,0.012,0.630
1780275363413,0.000,0.000,0.000,0.003,0.000,0.000,0.003,0.000,0.006,0.606
1780275363446,0.000,0.000,0.000,0.003,0.000,0.003,0.003,0.000,0.009,0.630
1780275363481,0.000,0.000,0.000,0.003,0.000,0.000,0.003,0.003,0.009,0.606
1780275363549,0.007,0.000,0.000,0.003,0.000,0.000,0.003,0.000,0.013,0.606
1780275363608,0.000,0.000,0.000,0.003,0.000,0.000,0.003,0.000,0.006,0.630
1780275363637,0.000,0.000,0.000,0.003,0.000,0.000,0.003,0.003,0.009,0.606
1780275363676,0.000,0.000,0.000,0.003,0.000,0.000,0.003,0.000,0.006,0.606
1780275363715,0.000,0.000,0.003,0.007,0.000,0.000,0.003,0.000,0.013,0.630
1780275363752,0.000,0.003,0.000,0.003,0.000,0.000,0.007,0.000,0.013,0.630
1780275363783,0.003,0.000,0.000,0.003,0.000,0.000,0.003,0.000,0.009,0.630
1780275363815,0.003,0.000,0.000,0.003,0.000,0.000,0.003,0.003,0.012,0.630
1780275363848,0.000,0.000,0.000,0.003,0.000,0.000,0.003,0.000,0.006,0.630
1780275363876,0.000,0.000,0.000,0.007,0.000,0.000,0.003,0.003,0.013,0.630
1780275363916,0.000,0.000,0.000,0.003,0.000,0.000,0.003,0.000,0.006,0.606
1780275363952,0.000,0.000,0.000,0.003,0.000,0.000,0.003,0.000,0.006,0.630
1780275363994,0.000,0.003,0.000,0.003,0.000,0.000,0.003,0.003,0.012,0.606
1780275364069,0.000,0.000,0.003,0.003,0.003,0.003,0.003,0.000,0.015,0.606
1780275364130,0.003,0.000,0.000,0.003,0.000,0.000,0.003,0.000,0.009,0.606
1780275364157,0.003,0.000,0.000,0.003,0.000,0.000,0.003,0.003,0.012,0.606
1780275364187,0.000,0.003,0.000,0.003,0.000,0.000,0.003,0.000,0.009,0.630
1780275364213,0.000,0.000,0.003,0.003,0.000,0.000,0.003,0.000,0.009,0.679
1780275364251,0.003,0.000,0.000,0.003,0.000,0.000,0.003,0.000,0.009,0.606
1780275364284,0.003,0.000,0.003,0.000,0.003,0.000,0.003,0.000,0.012,0.630
1780275364318,0.000,0.003,0.000,0.003,0.000,0.000,0.003,0.000,0.009,0.606
1780275364343,0.000,0.000,0.003,0.003,0.000,0.000,0.003,0.000,0.009,0.606
1780275364380,0.000,0.000,0.000,0.003,0.000,0.000,0.003,0.003,0.009,0.630
1780275364430,0.000,0.003,0.000,0.003,0.000,0.000,0.003,0.000,0.009,0.606
1780275364457,0.000,0.000,0.000,0.003,0.000,0.000,0.003,0.000,0.006,0.606
1780275364488,0.003,0.000,0.000,0.003,0.000,0.000,0.003,0.000,0.009,0.630
1780275364515,0.000,0.000,0.000,0.003,0.000,0.000,0.003,0.000,0.006,0.630
1780275364593,0.000,0.000,0.000,0.003,0.000,0.000,0.003,0.000,0.006,0.630
1780275364648,0.003,0.000,0.000,0.003,0.003,0.000,0.003,0.000,0.012,0.679
1780275364674,0.000,0.000,0.003,0.003,0.003,0.000,0.003,0.000,0.012,0.630
1780275364703,0.003,0.000,0.000,0.003,0.000,0.000,0.003,0.003,0.012,0.630
1780275364729,0.003,0.000,0.000,0.003,0.000,0.000,0.003,0.000,0.009,0.630
1780275364760,0.000,0.000,0.000,0.007,0.000,0.003,0.003,0.000,0.013,0.630
1780275364785,0.003,0.000,0.000,0.003,0.000,0.003,0.003,0.000,0.012,0.630
1780275364814,0.003,0.000,0.003,0.003,0.000,0.000,0.003,0.000,0.012,0.606
1780275364842,0.000,0.000,0.000,0.003,0.000,0.000,0.003,0.000,0.006,0.630
1780275364883,0.000,0.000,0.000,0.000,0.000,0.000,0.003,0.003,0.006,0.630
1780275364935,0.000,0.000,0.000,0.003,0.000,0.000,0.003,0.000,0.006,0.630
1780275364968,0.003,0.000,0.000,0.003,0.000,0.000,0.003,0.000,0.009,0.606
1780275365009,0.003,0.000,0.000,0.000,0.000,0.000,0.003,0.003,0.009,0.582
1780275365039,0.003,0.000,0.000,0.000,0.000,0.000,0.003,0.003,0.009,0.630
1780275365113,0.003,0.000,0.000,0.003,0.000,0.000,0.003,0.000,0.009,0.606
1780275365174,0.000,0.000,0.003,0.003,0.000,0.000,0.003,0.000,0.009,0.606
1780275365200,0.000,0.000,0.000,0.003,0.000,0.000,0.003,0.000,0.006,0.606
1780275365233,0.000,0.000,0.000,0.003,0.000,0.000,0.003,0.000,0.006,0.606
1780275365260,0.003,0.000,0.000,0.003,0.000,0.000,0.003,0.003,0.012,0.630
1780275365289,0.000,0.003,0.000,0.003,0.000,0.000,0.003,0.000,0.009,0.679
1780275365318,0.000,0.000,0.000,0.003,0.000,0.000,0.003,0.000,0.006,0.630
1780275365362,0.000,0.000,0.000,0.003,0.000,0.000,0.003,0.000,0.006,0.679
1780275365396,0.003,0.000,0.000,0.000,0.000,0.003,0.003,0.000,0.009,0.630
1780275365443,0.000,0.000,0.000,0.000,0.000,0.000,0.000,0.000,0.000,0.630
1780275365481,0.000,0.000,0.000,0.003,0.000,0.000,0.003,0.003,0.009,0.630
1780275365515,0.000,0.000,0.000,0.003,0.003,0.000,0.003,0.000,0.009,0.679
1780275365539,0.003,0.000,0.000,0.003,0.000,0.000,0.003,0.000,0.009,0.630
1780275365571,0.000,0.000,0.000,0.003,0.000,0.000,0.003,0.000,0.006,0.630
1780275365640,0.000,0.000,0.003,0.003,0.003,0.000,0.003,0.000,0.012,0.630
1780275365683,0.000,0.003,0.000,0.003,0.000,0.000,0.003,0.000,0.009,0.606
1780275365718,0.000,0.000,0.000,0.003,0.000,0.000,0.003,0.000,0.006,0.606
1780275365748,0.000,0.000,0.000,0.000,0.000,0.000,0.003,0.003,0.006,0.630
1780275365786,0.000,0.000,0.003,0.007,0.000,0.000,0.003,0.003,0.016,0.630
1780275365810,0.000,0.000,0.000,0.003,0.000,0.000,0.003,0.000,0.006,0.630
1780275365841,0.003,0.000,0.000,0.003,0.000,0.000,0.000,0.000,0.006,0.630
1780275365865,0.003,0.000,0.000,0.003,0.000,0.003,0.003,0.000,0.012,0.679
1780275365901,0.000,0.003,0.000,0.003,0.000,0.000,0.003,0.000,0.009,0.606
1780275365942,0.003,0.000,0.000,0.003,0.000,0.000,0.003,0.000,0.009,0.606
1780275365981,0.003,0.000,0.000,0.003,0.000,0.000,0.003,0.000,0.009,0.606
1780275366019,0.000,0.000,0.000,0.003,0.000,0.000,0.003,0.000,0.006,0.630
1780275366048,0.000,0.000,0.000,0.003,0.000,0.000,0.003,0.000,0.006,0.679
1780275366076,0.003,0.000,0.000,0.003,0.000,0.000,0.003,0.000,0.009,0.630
1780275366152,0.000,0.000,0.000,0.000,0.000,0.000,0.003,0.000,0.003,0.606
1780275366220,0.000,0.000,0.000,0.007,0.000,0.000,0.003,0.000,0.010,0.630
1780275366258,0.003,0.000,0.003,0.003,0.003,0.000,0.003,0.000,0.015,0.630
1780275366293,0.003,0.000,0.000,0.003,0.000,0.000,0.003,0.003,0.012,0.679
1780275366320,0.003,0.000,0.000,0.003,0.000,0.000,0.003,0.000,0.009,0.606
1780275366367,0.000,0.000,0.000,0.003,0.000,0.000,0.003,0.000,0.006,0.606
1780275366395,0.000,0.000,0.000,0.003,0.000,0.000,0.003,0.000,0.006,0.630
1780275366428,0.000,0.000,0.000,0.003,0.000,0.000,0.003,0.003,0.009,0.606
1780275366469,0.000,0.000,0.003,0.003,0.000,0.003,0.003,0.000,0.012,0.606
1780275366522,0.000,0.003,0.000,0.003,0.000,0.000,0.003,0.000,0.009,0.630
1780275366552,0.003,0.000,0.000,0.003,0.000,0.000,0.003,0.000,0.009,0.630
1780275366585,0.003,0.000,0.000,0.003,0.003,0.003,0.003,0.003,0.018,0.606
1780275366662,0.000,0.000,0.000,0.000,0.000,0.000,0.003,0.000,0.003,0.606
1780275366716,0.003,0.000,0.000,0.003,0.000,0.000,0.003,0.003,0.012,0.679
1780275366746,0.003,0.000,0.003,0.003,0.000,0.000,0.003,0.000,0.012,0.630
1780275366789,0.000,0.000,0.000,0.000,0.000,0.000,0.003,0.000,0.003,0.606
1780275366823,0.000,0.000,0.000,0.003,0.000,0.000,0.003,0.000,0.006,0.630
1780275366855,0.000,0.000,0.000,0.003,0.000,0.000,0.003,0.000,0.006,0.630
1780275366887,0.000,0.000,0.000,0.003,0.000,0.000,0.003,0.000,0.006,0.606
1780275366923,0.010,0.000,0.000,0.003,0.000,0.000,0.003,0.000,0.016,0.630
1780275366954,0.000,0.000,0.000,0.003,0.000,0.000,0.003,0.000,0.006,0.606
1780275366999,0.007,0.000,0.000,0.003,0.000,0.000,0.003,0.000,0.013,0.606
1780275367029,0.000,0.000,0.000,0.003,0.000,0.003,0.003,0.000,0.009,0.679
1780275367063,0.003,0.000,0.000,0.003,0.000,0.003,0.003,0.000,0.012,0.630
1780275367100,0.000,0.000,0.000,0.003,0.000,0.000,0.003,0.000,0.006,0.630
1780275367168,0.003,0.000,0.000,0.000,0.000,0.003,0.003,0.003,0.012,0.606
1780275367213,0.000,0.000,0.000,0.000,0.000,0.000,0.003,0.003,0.006,0.606
1780275367248,0.000,0.000,0.000,0.003,0.000,0.000,0.003,0.000,0.006,0.606
1780275367275,0.000,0.003,0.000,0.003,0.000,0.000,0.003,0.000,0.009,0.630
1780275367306,0.000,0.003,0.000,0.007,0.000,0.000,0.003,0.000,0.013,0.679
1780275367329,0.000,0.003,0.000,0.003,0.000,0.000,0.003,0.000,0.009,0.630
1780275367368,0.000,0.000,0.000,0.003,0.000,0.000,0.003,0.000,0.006,0.606
1780275367397,0.000,0.000,0.000,0.003,0.000,0.000,0.003,0.000,0.006,0.679
1780275367430,0.003,0.000,0.000,0.003,0.000,0.003,0.003,0.000,0.012,0.630
1780275367454,0.000,0.000,0.003,0.003,0.000,0.000,0.003,0.000,0.009,0.630
1780275367507,0.000,0.000,0.000,0.003,0.000,0.000,0.007,0.000,0.010,0.606
1780275367543,0.000,0.000,0.000,0.003,0.000,0.000,0.003,0.003,0.009,0.606
1780275367579,0.003,0.000,0.003,0.000,0.000,0.000,0.003,0.000,0.009,0.606
1780275367608,0.000,0.000,0.000,0.003,0.000,0.000,0.003,0.000,0.006,0.630
1780275367687,0.000,0.003,0.000,0.003,0.000,0.000,0.003,0.000,0.009,0.630
1780275367746,0.000,0.000,0.000,0.003,0.003,0.000,0.003,0.000,0.009,0.630
1780275367778,0.000,0.000,0.000,0.003,0.000,0.000,0.003,0.000,0.006,0.606
1780275367822,0.000,0.000,0.003,0.003,0.000,0.000,0.003,0.000,0.009,0.630
1780275367850,0.000,0.000,0.000,0.003,0.000,0.000,0.003,0.000,0.006,0.630
1780275367885,0.000,0.000,0.000,0.003,0.000,0.000,0.003,0.000,0.006,0.630
1780275367915,0.003,0.000,0.000,0.003,0.000,0.000,0.003,0.000,0.009,0.630
1780275367958,0.000,0.000,0.000,0.003,0.000,0.000,0.003,0.003,0.009,0.630
1780275368000,0.000,0.000,0.000,0.007,0.000,0.000,0.003,0.000,0.010,0.630
1780275368029,0.000,0.003,0.000,0.003,0.000,0.000,0.003,0.000,0.009,0.630
1780275368052,0.000,0.000,0.003,0.003,0.000,0.000,0.003,0.003,0.012,0.679
1780275368089,0.000,0.000,0.000,0.000,0.000,0.000,0.003,0.000,0.003,0.630
1780275368112,0.000,0.000,0.000,0.003,0.000,0.000,0.007,0.000,0.010,0.630
1780275368184,0.000,0.000,0.000,0.003,0.000,0.000,0.003,0.000,0.006,0.679
1780275368212,0.003,0.000,0.003,0.003,0.000,0.000,0.003,0.003,0.015,0.630
1780275368270,0.000,0.000,0.000,0.003,0.000,0.000,0.003,0.000,0.006,0.630
1780275368294,0.000,0.000,0.007,0.003,0.000,0.000,0.003,0.003,0.016,0.630
1780275368327,0.000,0.000,0.000,0.000,0.000,0.000,0.003,0.003,0.006,0.630
1780275368363,0.003,0.000,0.000,0.003,0.000,0.000,0.000,0.000,0.006,0.630
1780275368402,0.000,0.000,0.000,0.003,0.000,0.000,0.003,0.003,0.009,0.606
1780275368426,0.003,0.000,0.000,0.003,0.000,0.000,0.003,0.000,0.009,0.606
1780275368463,0.003,0.000,0.000,0.003,0.000,0.000,0.003,0.000,0.009,0.630
1780275368518,0.000,0.000,0.000,0.003,0.000,0.000,0.003,0.000,0.006,0.606
1780275368550,0.000,0.000,0.000,0.003,0.003,0.003,0.003,0.000,0.012,0.606
1780275368585,0.000,0.000,0.000,0.003,0.000,0.000,0.003,0.003,0.009,0.606
1780275368617,0.000,0.000,0.000,0.003,0.000,0.000,0.003,0.003,0.009,0.630
1780275368697,0.003,0.000,0.000,0.003,0.000,0.000,0.003,0.000,0.009,0.630
1780275368728,0.000,0.000,0.000,0.007,0.003,0.003,0.003,0.000,0.016,0.630
1780275368783,0.000,0.000,0.000,0.003,0.000,0.003,0.003,0.000,0.009,0.630
1780275368814,0.000,0.000,0.000,0.000,0.000,0.003,0.003,0.000,0.006,0.606
1780275368855,0.003,0.000,0.000,0.003,0.000,0.000,0.003,0.000,0.009,0.630
1780275368883,0.000,0.003,0.000,0.003,0.000,0.003,0.000,0.000,0.009,0.606
1780275368916,0.003,0.000,0.000,0.003,0.000,0.000,0.003,0.000,0.009,0.630
1780275368945,0.000,0.000,0.000,0.000,0.000,0.000,0.003,0.000,0.003,0.630
1780275368991,0.000,0.000,0.000,0.003,0.000,0.000,0.003,0.000,0.006,0.679
1780275369030,0.000,0.000,0.000,0.003,0.000,0.000,0.003,0.003,0.009,0.630
1780275369064,0.000,0.000,0.000,0.003,0.000,0.000,0.007,0.003,0.013,0.606
1780275369090,0.003,0.000,0.000,0.003,0.000,0.000,0.003,0.000,0.009,0.679
1780275369134,0.000,0.000,0.000,0.007,0.000,0.000,0.003,0.000,0.010,0.630
1780275369203,0.003,0.000,0.000,0.003,0.000,0.000,0.003,0.000,0.009,0.606
1780275369231,0.000,0.000,0.000,0.003,0.000,0.003,0.007,0.000,0.013,0.606
1780275369293,0.000,0.000,0.003,0.000,0.000,0.000,0.003,0.003,0.009,0.630
1780275369323,0.000,0.000,0.003,0.000,0.000,0.000,0.003,0.000,0.006,0.679
1780275369368,0.000,0.000,0.000,0.003,0.000,0.003,0.003,0.000,0.009,0.630
1780275369399,0.003,0.000,0.000,0.007,0.000,0.000,0.003,0.000,0.013,0.606
1780275369435,0.003,0.000,0.000,0.003,0.000,0.000,0.003,0.000,0.009,0.606
1780275369461,0.003,0.000,0.000,0.000,0.000,0.003,0.003,0.000,0.009,0.606
1780275369496,0.003,0.000,0.000,0.003,0.000,0.000,0.003,0.000,0.009,0.630
1780275369538,0.000,0.000,0.000,0.003,0.000,0.000,0.000,0.000,0.003,0.606
1780275369578,0.000,0.000,0.000,0.003,0.000,0.000,0.003,0.000,0.006,0.630
1780275369607,0.003,0.000,0.000,0.003,0.000,0.000,0.003,0.000,0.009,0.630
1780275369645,0.000,0.000,0.000,0.003,0.000,0.000,0.003,0.000,0.006,0.630
1780275369727,0.000,0.000,0.000,0.003,0.000,0.000,0.003,0.003,0.009,0.630
1780275369753,0.000,0.000,0.000,0.003,0.000,0.000,0.003,0.000,0.006,0.630
1780275369817,0.000,0.000,0.000,0.003,0.000,0.000,0.003,0.000,0.006,0.606
1780275369847,0.000,0.000,0.000,0.003,0.000,0.000,0.007,0.000,0.010,0.606
1780275369880,0.000,0.000,0.003,0.003,0.000,0.000,0.003,0.000,0.009,0.606
1780275369903,0.000,0.000,0.003,0.003,0.000,0.000,0.003,0.000,0.009,0.606
1780275369935,0.000,0.003,0.000,0.003,0.000,0.000,0.000,0.000,0.006,0.630
1780275369963,0.000,0.000,0.000,0.003,0.000,0.000,0.003,0.000,0.006,0.606
1780275370004,0.000,0.000,0.000,0.003,0.000,0.003,0.003,0.000,0.009,0.630
1780275370049,0.000,0.000,0.000,0.003,0.000,0.000,0.003,0.000,0.006,0.630
1780275370081,0.003,0.000,0.000,0.000,0.000,0.003,0.003,0.007,0.016,0.630
1780275370104,0.003,0.000,0.000,0.003,0.000,0.000,0.003,0.000,0.009,0.606
1780275370146,0.003,0.000,0.000,0.000,0.000,0.000,0.003,0.007,0.013,0.606
1780275370226,0.000,0.003,0.000,0.003,0.000,0.000,0.003,0.000,0.009,0.606
1780275370255,0.003,0.000,0.000,0.003,0.000,0.000,0.003,0.000,0.009,0.606
1780275370292,0.003,0.000,0.003,0.003,0.000,0.000,0.003,0.000,0.012,0.630
1780275370358,0.000,0.000,0.000,0.003,0.000,0.000,0.003,0.003,0.009,0.679
1780275370392,0.003,0.000,0.000,0.003,0.000,0.000,0.003,0.003,0.012,0.606
1780275370429,0.003,0.000,0.003,0.003,0.000,0.000,0.003,0.000,0.012,0.630
1780275370459,0.003,0.000,0.000,0.000,0.000,0.000,0.003,0.003,0.009,0.606
1780275370490,0.000,0.000,0.003,0.003,0.000,0.000,0.003,0.003,0.012,0.606
1780275370525,0.003,0.000,0.000,0.003,0.000,0.000,0.003,0.000,0.009,0.630
1780275370582,0.000,0.000,0.003,0.003,0.000,0.000,0.003,0.003,0.012,0.630
1780275370608,0.003,0.000,0.007,0.007,0.000,0.000,0.000,0.000,0.017,0.630
1780275370642,0.000,0.000,0.000,0.000,0.000,0.000,0.003,0.003,0.006,0.630
1780275370668,0.003,0.000,0.000,0.003,0.000,0.000,0.003,0.000,0.009,0.606
1780275370744,0.000,0.000,0.000,0.000,0.003,0.000,0.003,0.000,0.006,0.679
1780275370769,0.003,0.000,0.000,0.003,0.003,0.000,0.003,0.000,0.012,0.630
1780275370800,0.000,0.000,0.000,0.003,0.000,0.000,0.003,0.000,0.006,0.630
1780275370832,0.003,0.000,0.000,0.003,0.000,0.003,0.003,0.000,0.012,0.630
1780275370886,0.003,0.000,0.003,0.003,0.000,0.000,0.000,0.000,0.009,0.679
1780275370918,0.000,0.000,0.000,0.003,0.000,0.003,0.000,0.000,0.006,0.630
1780275370949,0.000,0.000,0.000,0.003,0.000,0.000,0.003,0.003,0.009,0.630
1780275370976,0.000,0.000,0.000,0.003,0.000,0.000,0.003,0.000,0.006,0.679
1780275371012,0.000,0.000,0.000,0.003,0.000,0.000,0.003,0.000,0.006,0.630
1780275371047,0.003,0.000,0.000,0.003,0.000,0.003,0.003,0.000,0.012,0.630
1780275371107,0.000,0.000,0.000,0.000,0.000,0.000,0.000,0.000,0.000,0.630
1780275371139,0.000,0.000,0.003,0.003,0.000,0.000,0.003,0.000,0.009,0.679
1780275371172,0.000,0.000,0.003,0.003,0.000,0.000,0.003,0.000,0.009,0.630
1780275371261,0.000,0.000,0.000,0.003,0.000,0.000,0.003,0.000,0.006,0.606
1780275371297,0.000,0.003,0.000,0.003,0.000,0.000,0.003,0.000,0.009,0.630
1780275371339,0.000,0.000,0.000,0.000,0.000,0.000,0.003,0.000,0.003,0.679
1780275371397,0.000,0.000,0.000,0.003,0.000,0.003,0.003,0.000,0.009,0.679
1780275371425,0.003,0.000,0.000,0.000,0.000,0.000,0.003,0.000,0.006,0.630
1780275371456,0.000,0.003,0.000,0.003,0.000,0.000,0.003,0.000,0.009,0.679
1780275371479,0.000,0.000,0.000,0.003,0.000,0.000,0.003,0.000,0.006,0.630
1780275371514,0.000,0.000,0.003,0.000,0.000,0.000,0.003,0.000,0.006,0.630
1780275371543,0.000,0.000,0.003,0.003,0.000,0.003,0.003,0.000,0.012,0.630
1780275371583,0.000,0.000,0.000,0.003,0.003,0.000,0.003,0.000,0.009,0.606
1780275371620,0.000,0.000,0.003,0.003,0.000,0.000,0.003,0.000,0.009,0.679
1780275371650,0.000,0.003,0.000,0.003,0.000,0.000,0.003,0.003,0.012,0.606
1780275371674,0.003,0.000,0.000,0.003,0.003,0.000,0.003,0.000,0.012,0.630
1780275371713,0.003,0.000,0.000,0.003,0.000,0.000,0.003,0.003,0.012,0.630
1780275371786,0.000,0.000,0.000,0.003,0.000,0.000,0.003,0.000,0.006,0.630
1780275371818,0.000,0.003,0.003,0.003,0.003,0.000,0.003,0.000,0.015,0.630
1780275371853,0.003,0.000,0.000,0.003,0.000,0.000,0.003,0.003,0.012,0.679
1780275371900,0.000,0.000,0.000,0.000,0.000,0.000,0.003,0.000,0.003,0.606
1780275371932,0.003,0.000,0.000,0.003,0.000,0.003,0.003,0.000,0.012,0.606
1780275371966,0.003,0.000,0.000,0.003,0.000,0.000,0.003,0.000,0.009,0.606
1780275372005,0.000,0.000,0.000,0.003,0.000,0.000,0.003,0.000,0.006,0.630
1780275372036,0.003,0.000,0.000,0.003,0.000,0.000,0.003,0.000,0.009,0.630
1780275372072,0.000,0.000,0.000,0.003,0.000,0.000,0.003,0.003,0.009,0.630
1780275372100,0.003,0.000,0.003,0.003,0.000,0.000,0.003,0.000,0.012,0.679
1780275372147,0.000,0.000,0.000,0.003,0.000,0.000,0.003,0.000,0.006,0.630
1780275372175,0.000,0.000,0.000,0.003,0.000,0.000,0.003,0.000,0.006,0.630
1780275372212,0.003,0.000,0.000,0.003,0.000,0.000,0.003,0.000,0.009,0.630
1780275372244,0.003,0.000,0.000,0.003,0.000,0.000,0.003,0.000,0.009,0.630
1780275372330,0.000,0.000,0.000,0.000,0.003,0.000,0.003,0.000,0.006,0.606
1780275372369,0.003,0.000,0.000,0.003,0.000,0.000,0.003,0.000,0.009,0.679
1780275372423,0.000,0.000,0.000,0.003,0.000,0.000,0.003,0.000,0.006,0.630
1780275372454,0.003,0.000,0.000,0.000,0.000,0.000,0.003,0.000,0.006,0.630
1780275372492,0.000,0.000,0.000,0.003,0.000,0.000,0.003,0.000,0.006,0.606
1780275372517,0.003,0.000,0.000,0.003,0.003,0.000,0.003,0.000,0.012,0.630
1780275372546,0.000,0.000,0.000,0.003,0.000,0.000,0.003,0.003,0.009,0.630
1780275372578,0.003,0.000,0.003,0.003,0.000,0.000,0.003,0.003,0.015,0.606
1780275372622,0.003,0.000,0.000,0.003,0.000,0.000,0.003,0.000,0.009,0.630
1780275372658,0.003,0.000,0.000,0.003,0.000,0.000,0.003,0.003,0.012,0.630
1780275372696,0.007,0.000,0.000,0.003,0.000,0.000,0.003,0.000,0.013,0.630
1780275372722,0.000,0.003,0.000,0.003,0.000,0.000,0.003,0.003,0.012,0.606
1780275372762,0.003,0.000,0.000,0.003,0.000,0.003,0.003,0.003,0.015,0.630
1780275372844,0.000,0.000,0.000,0.003,0.003,0.000,0.003,0.003,0.012,0.606
1780275372870,0.003,0.000,0.000,0.003,0.000,0.000,0.003,0.003,0.012,0.630
1780275372910,0.003,0.000,0.000,0.003,0.000,0.000,0.003,0.003,0.012,0.630
1780275372965,0.000,0.003,0.000,0.003,0.000,0.000,0.003,0.003,0.012,0.606
1780275372996,0.000,0.003,0.000,0.000,0.000,0.000,0.003,0.003,0.009,0.630
1780275373036,0.000,0.000,0.000,0.000,0.000,0.003,0.003,0.003,0.009,0.630
1780275373065,0.000,0.000,0.000,0.000,0.000,0.000,0.003,0.000,0.003,0.630
1780275373105,0.003,0.000,0.003,0.003,0.000,0.000,0.003,0.000,0.012,0.630
1780275373130,0.000,0.000,0.003,0.000,0.000,0.000,0.003,0.000,0.006,0.630
1780275373188,0.000,0.000,0.000,0.003,0.000,0.000,0.003,0.000,0.006,0.630
1780275373214,0.000,0.000,0.000,0.000,0.000,0.000,0.003,0.000,0.003,0.630
1780275373246,0.000,0.000,0.000,0.000,0.000,0.003,0.003,0.000,0.006,0.606
1780275373272,0.000,0.003,0.003,0.003,0.000,0.000,0.003,0.007,0.019,0.630
1780275373368,0.003,0.000,0.000,0.003,0.000,0.000,0.003,0.000,0.009,0.630
1780275373393,0.003,0.000,0.000,0.003,0.000,0.000,0.003,0.000,0.009,0.606
1780275373432,0.003,0.000,0.000,0.000,0.000,0.000,0.003,0.000,0.006,0.630
1780275373496,0.000,0.000,0.000,0.000,0.003,0.000,0.003,0.000,0.006,0.606
1780275373526,0.003,0.000,0.003,0.003,0.000,0.000,0.003,0.000,0.012,0.630
1780275373560,0.000,0.000,0.000,0.007,0.000,0.000,0.003,0.003,0.013,0.606
1780275373591,0.003,0.000,0.000,0.003,0.000,0.003,0.003,0.000,0.012,0.630
1780275373632,0.003,0.000,0.000,0.003,0.000,0.000,0.003,0.003,0.012,0.679
1780275373673,0.007,0.000,0.000,0.003,0.000,0.003,0.003,0.000,0.016,0.630
1780275373704,0.003,0.000,0.000,0.000,0.000,0.000,0.003,0.000,0.006,0.679
1780275373730,0.003,0.000,0.000,0.003,0.000,0.000,0.003,0.000,0.009,0.630
1780275373773,0.003,0.000,0.000,0.003,0.000,0.000,0.003,0.000,0.009,0.630
1780275373802,0.003,0.000,0.000,0.003,0.000,0.000,0.003,0.003,0.012,0.630
1780275373893,0.000,0.000,0.003,0.003,0.000,0.000,0.003,0.003,0.012,0.630
1780275373924,0.000,0.000,0.000,0.003,0.000,0.000,0.003,0.000,0.006,0.679
1780275373957,0.000,0.000,0.000,0.003,0.000,0.000,0.003,0.000,0.006,0.679
1780275374022,0.000,0.000,0.000,0.003,0.000,0.000,0.003,0.000,0.006,0.630
1780275374074,0.000,0.000,0.003,0.003,0.000,0.000,0.003,0.000,0.009,0.630
1780275374095,0.003,0.000,0.000,0.003,0.000,0.003,0.003,0.000,0.012,0.630
1780275374128,0.000,0.000,0.003,0.003,0.000,0.000,0.003,0.000,0.009,0.630
1780275374154,0.000,0.003,0.000,0.003,0.000,0.000,0.003,0.000,0.009,0.630
1780275374201,0.000,0.007,0.000,0.003,0.000,0.000,0.003,0.003,0.016,0.630
1780275374224,0.000,0.000,0.000,0.003,0.000,0.000,0.003,0.000,0.006,0.630
1780275374253,0.000,0.000,0.007,0.003,0.000,0.000,0.003,0.000,0.013,0.679
1780275374280,0.000,0.000,0.000,0.003,0.000,0.000,0.003,0.000,0.006,0.679
1780275374309,0.000,0.000,0.000,0.003,0.000,0.000,0.003,0.000,0.006,0.630
1780275374388,0.000,0.003,0.000,0.000,0.003,0.000,0.003,0.003,0.012,0.606
1780275374420,0.000,0.000,0.000,0.000,0.000,0.000,0.003,0.000,0.003,0.630
1780275374450,0.000,0.000,0.000,0.003,0.000,0.000,0.003,0.003,0.009,0.630
1780275374477,0.003,0.000,0.003,0.003,0.000,0.000,0.003,0.000,0.012,0.630
1780275374531,0.000,0.000,0.000,0.003,0.000,0.000,0.003,0.000,0.006,0.630
1780275374557,0.000,0.000,0.000,0.007,0.000,0.003,0.003,0.000,0.013,0.630
1780275374600,0.003,0.000,0.000,0.003,0.003,0.000,0.003,0.000,0.012,0.630
1780275374628,0.000,0.000,0.000,0.003,0.000,0.000,0.003,0.000,0.006,0.630
1780275374660,0.000,0.000,0.000,0.003,0.000,0.000,0.003,0.000,0.006,0.679
1780275374705,0.000,0.000,0.000,0.003,0.000,0.003,0.003,0.000,0.009,0.606
1780275374737,0.000,0.000,0.000,0.000,0.000,0.000,0.003,0.000,0.003,0.606
1780275374760,0.003,0.000,0.000,0.003,0.000,0.000,0.003,0.000,0.009,0.606
1780275374795,0.000,0.000,0.000,0.003,0.000,0.000,0.003,0.000,0.006,0.630
1780275374819,0.000,0.000,0.000,0.003,0.000,0.000,0.003,0.003,0.009,0.630
1780275374908,0.000,0.000,0.000,0.007,0.000,0.000,0.003,0.000,0.010,0.703
1780275374946,0.000,0.000,0.000,0.003,0.000,0.000,0.003,0.003,0.009,0.630
1780275374978,0.000,0.000,0.000,0.003,0.000,0.000,0.000,0.003,0.006,0.630
1780275375042,0.000,0.000,0.000,0.003,0.000,0.000,0.003,0.000,0.006,0.606
1780275375075,0.000,0.000,0.000,0.003,0.000,0.000,0.003,0.000,0.006,0.630
1780275375118,0.000,0.000,0.000,0.007,0.000,0.000,0.003,0.000,0.010,0.630
1780275375148,0.000,0.000,0.000,0.003,0.000,0.000,0.003,0.000,0.006,0.630
1780275375180,0.000,0.000,0.000,0.003,0.000,0.000,0.003,0.000,0.006,0.606
1780275375233,0.003,0.000,0.000,0.003,0.000,0.003,0.003,0.000,0.012,0.630
1780275375257,0.000,0.000,0.000,0.003,0.000,0.000,0.003,0.000,0.006,0.630
1780275375290,0.000,0.000,0.000,0.003,0.000,0.000,0.003,0.000,0.006,0.679
1780275375314,0.000,0.000,0.000,0.003,0.000,0.000,0.003,0.000,0.006,0.630
1780275375347,0.000,0.000,0.003,0.007,0.000,0.000,0.003,0.000,0.013,0.606
1780275375437,0.003,0.000,0.000,0.003,0.000,0.000,0.003,0.000,0.009,0.630
1780275375467,0.003,0.000,0.000,0.003,0.000,0.003,0.003,0.000,0.012,0.630
1780275375498,0.000,0.000,0.000,0.003,0.000,0.000,0.003,0.000,0.006,0.630
1780275375563,0.000,0.000,0.000,0.003,0.000,0.000,0.003,0.000,0.006,0.606
1780275375592,0.003,0.000,0.000,0.003,0.000,0.000,0.003,0.000,0.009,0.679
1780275375635,0.000,0.000,0.000,0.003,0.000,0.000,0.003,0.000,0.006,0.630
1780275375659,0.000,0.003,0.000,0.003,0.000,0.000,0.003,0.000,0.009,0.606
1780275375693,0.000,0.000,0.000,0.003,0.000,0.000,0.003,0.000,0.006,0.630
1780275375732,0.000,0.000,0.000,0.003,0.000,0.000,0.003,0.000,0.006,0.630
1780275375764,0.000,0.000,0.000,0.003,0.000,0.003,0.003,0.000,0.009,0.630
1780275375789,0.000,0.000,0.000,0.003,0.000,0.000,0.003,0.000,0.006,0.630
1780275375826,0.000,0.000,0.000,0.003,0.000,0.000,0.003,0.003,0.009,0.630
1780275375851,0.003,0.000,0.000,0.003,0.000,0.000,0.003,0.000,0.009,0.630
1780275375890,0.000,0.000,0.000,0.003,0.000,0.000,0.003,0.000,0.006,0.630
1780275375962,0.003,0.000,0.000,0.000,0.000,0.000,0.003,0.003,0.009,0.606
1780275375990,0.000,0.000,0.000,0.003,0.000,0.000,0.003,0.000,0.006,0.630
1780275376025,0.000,0.000,0.003,0.003,0.000,0.003,0.003,0.000,0.012,0.630
1780275376080,0.003,0.000,0.000,0.003,0.000,0.000,0.000,0.000,0.006,0.679
1780275376108,0.000,0.000,0.003,0.000,0.000,0.000,0.003,0.003,0.009,0.630
1780275376148,0.003,0.000,0.000,0.003,0.000,0.000,0.003,0.000,0.009,0.630
1780275376171,0.000,0.000,0.000,0.003,0.000,0.000,0.003,0.003,0.009,0.679
1780275376205,0.007,0.000,0.000,0.000,0.000,0.000,0.003,0.000,0.010,0.679
1780275376265,0.003,0.000,0.000,0.003,0.000,0.000,0.003,0.000,0.009,0.630
1780275376290,0.000,0.000,0.000,0.003,0.000,0.000,0.003,0.003,0.009,0.606
1780275376320,0.000,0.000,0.000,0.000,0.000,0.000,0.003,0.000,0.003,0.630
1780275376348,0.003,0.000,0.000,0.003,0.000,0.000,0.003,0.003,0.012,0.630
1780275376388,0.000,0.003,0.000,0.003,0.000,0.000,0.003,0.000,0.009,0.630
1780275376467,0.000,0.000,0.000,0.003,0.000,0.000,0.003,0.000,0.006,0.606
1780275376494,0.000,0.000,0.000,0.003,0.000,0.000,0.003,0.000,0.006,0.679
1780275376528,0.000,0.003,0.000,0.003,0.000,0.000,0.003,0.003,0.012,0.630
1780275376555,0.000,0.003,0.000,0.003,0.000,0.000,0.003,0.000,0.009,0.630
1780275376625,0.000,0.000,0.000,0.003,0.000,0.003,0.003,0.000,0.009,0.606
1780275376660,0.000,0.000,0.000,0.003,0.000,0.000,0.003,0.000,0.006,0.630
1780275376692,0.003,0.000,0.003,0.003,0.003,0.000,0.003,0.000,0.015,0.606
1780275376722,0.003,0.000,0.007,0.003,0.000,0.000,0.003,0.003,0.019,0.606
1780275376786,0.000,0.000,0.000,0.000,0.000,0.000,0.003,0.003,0.006,0.606
1780275376816,0.003,0.000,0.000,0.003,0.000,0.000,0.003,0.000,0.009,0.630
1780275376856,0.000,0.000,0.000,0.003,0.000,0.000,0.003,0.003,0.009,0.606
1780275376893,0.003,0.000,0.000,0.003,0.003,0.000,0.003,0.000,0.012,0.606
1780275376936,0.007,0.000,0.000,0.000,0.000,0.000,0.000,0.000,0.007,0.679
1780275377003,0.000,0.000,0.000,0.003,0.000,0.000,0.003,0.000,0.006,0.606
1780275377027,0.003,0.000,0.000,0.003,0.000,0.000,0.003,0.003,0.012,0.630
1780275377065,0.000,0.003,0.003,0.003,0.000,0.000,0.003,0.000,0.012,0.606
1780275377122,0.000,0.000,0.003,0.003,0.000,0.000,0.003,0.000,0.009,0.606
1780275377153,0.000,0.000,0.000,0.003,0.000,0.000,0.003,0.000,0.006,0.606
1780275377192,0.000,0.000,0.000,0.003,0.003,0.000,0.003,0.000,0.009,0.630
1780275377214,0.003,0.000,0.003,0.003,0.000,0.000,0.003,0.000,0.012,0.630
1780275377253,0.003,0.000,0.000,0.003,0.000,0.000,0.003,0.000,0.009,0.606
1780275377312,0.007,0.000,0.003,0.003,0.000,0.000,0.003,0.003,0.019,0.630
1780275377340,0.003,0.000,0.000,0.007,0.000,0.000,0.003,0.003,0.016,0.606
1780275377382,0.000,0.000,0.000,0.007,0.000,0.000,0.003,0.007,0.017,0.606
1780275377408,0.000,0.000,0.003,0.007,0.000,0.003,0.003,0.003,0.019,0.679
1780275377458,0.000,0.003,0.000,0.003,0.000,0.000,0.003,0.003,0.012,0.606
1780275377532,0.003,0.000,0.000,0.003,0.000,0.000,0.003,0.003,0.012,0.630
1780275377558,0.000,0.000,0.003,0.003,0.000,0.000,0.003,0.000,0.009,0.606
1780275377591,0.003,0.000,0.000,0.003,0.000,0.000,0.003,0.000,0.009,0.606
1780275377658,0.000,0.003,0.000,0.000,0.000,0.000,0.003,0.000,0.006,0.630
1780275377705,0.000,0.003,0.000,0.003,0.000,0.000,0.003,0.000,0.009,0.630
1780275377728,0.000,0.000,0.000,0.003,0.000,0.000,0.003,0.000,0.006,0.606
1780275377772,0.000,0.000,0.003,0.003,0.000,0.003,0.003,0.000,0.012,0.630
1780275377820,0.003,0.000,0.000,0.003,0.000,0.000,0.003,0.000,0.009,0.606
1780275377855,0.010,0.000,0.000,0.003,0.000,0.000,0.003,0.003,0.019,0.606
1780275377889,0.003,0.000,0.000,0.003,0.000,0.000,0.003,0.003,0.012,0.679
1780275377922,0.000,0.000,0.000,0.000,0.000,0.003,0.003,0.000,0.006,0.630
1780275377957,0.003,0.000,0.000,0.003,0.003,0.000,0.003,0.000,0.012,0.630
1780275377985,0.007,0.000,0.000,0.003,0.000,0.000,0.003,0.000,0.013,0.630
1780275378052,0.003,0.000,0.000,0.003,0.000,0.000,0.003,0.000,0.009,0.630
1780275378078,0.000,0.000,0.000,0.003,0.000,0.000,0.007,0.000,0.010,0.630
1780275378117,0.000,0.000,0.000,0.003,0.000,0.000,0.003,0.000,0.006,0.679
1780275378179,0.007,0.000,0.000,0.003,0.000,0.000,0.003,0.003,0.016,0.679
1780275378207,0.000,0.000,0.000,0.003,0.000,0.000,0.003,0.000,0.006,0.630
1780275378243,0.000,0.000,0.000,0.003,0.000,0.000,0.003,0.000,0.006,0.630
1780275378273,0.000,0.000,0.000,0.007,0.000,0.000,0.007,0.000,0.014,0.606
1780275378323,0.000,0.003,0.000,0.003,0.000,0.000,0.003,0.003,0.012,0.606
1780275378351,0.003,0.000,0.000,0.003,0.000,0.000,0.003,0.000,0.009,0.630
1780275378390,0.003,0.000,0.000,0.003,0.000,0.000,0.003,0.000,0.009,0.606
1780275378415,0.000,0.000,0.000,0.003,0.003,0.000,0.003,0.000,0.009,0.606
1780275378450,0.003,0.000,0.000,0.003,0.000,0.000,0.003,0.000,0.009,0.630
1780275378484,0.003,0.000,0.000,0.003,0.000,0.000,0.003,0.000,0.009,0.630
1780275378517,0.000,0.000,0.003,0.000,0.000,0.003,0.003,0.000,0.009,0.606
1780275378592,0.000,0.000,0.000,0.003,0.000,0.003,0.003,0.000,0.009,0.679
1780275378618,0.000,0.000,0.000,0.003,0.003,0.000,0.003,0.003,0.012,0.630
1780275378655,0.003,0.000,0.000,0.003,0.000,0.000,0.003,0.000,0.009,0.606
1780275378722,0.003,0.000,0.000,0.000,0.000,0.000,0.003,0.000,0.006,0.630
1780275378747,0.000,0.000,0.003,0.003,0.000,0.000,0.003,0.000,0.009,0.630
1780275378787,0.000,0.000,0.000,0.003,0.000,0.000,0.003,0.003,0.009,0.679
1780275378828,0.000,0.000,0.003,0.003,0.000,0.000,0.003,0.003,0.012,0.630
1780275378867,0.003,0.000,0.003,0.003,0.000,0.000,0.000,0.003,0.012,0.630
1780275378896,0.003,0.000,0.003,0.003,0.000,0.000,0.003,0.003,0.015,0.630
1780275378929,0.003,0.000,0.000,0.003,0.000,0.000,0.003,0.000,0.009,0.630
1780275378959,0.000,0.000,0.000,0.003,0.000,0.000,0.003,0.000,0.006,0.630
1780275379004,0.000,0.000,0.000,0.003,0.000,0.000,0.003,0.000,0.006,0.679
1780275379032,0.000,0.003,0.000,0.000,0.000,0.000,0.003,0.003,0.009,0.606
1780275379102,0.000,0.000,0.000,0.003,0.000,0.003,0.003,0.000,0.009,0.630
1780275379136,0.000,0.000,0.000,0.003,0.000,0.000,0.003,0.000,0.006,0.679
1780275379173,0.000,0.000,0.000,0.003,0.000,0.000,0.003,0.000,0.006,0.606
1780275379236,0.000,0.003,0.000,0.003,0.000,0.000,0.003,0.000,0.009,0.630
1780275379274,0.003,0.000,0.000,0.003,0.000,0.000,0.003,0.000,0.009,0.630
1780275379309,0.000,0.000,0.000,0.000,0.000,0.000,0.003,0.003,0.006,0.630
1780275379345,0.003,0.000,0.000,0.003,0.000,0.000,0.003,0.000,0.009,0.630
1780275379384,0.000,0.000,0.000,0.000,0.000,0.000,0.003,0.000,0.003,0.630
1780275379421,0.000,0.000,0.000,0.003,0.000,0.000,0.003,0.000,0.006,0.630
1780275379458,0.000,0.003,0.000,0.003,0.000,0.000,0.003,0.000,0.009,0.630
1780275379488,0.007,0.000,0.000,0.003,0.000,0.003,0.000,0.000,0.013,0.630
1780275379528,0.003,0.000,0.000,0.003,0.000,0.000,0.003,0.000,0.009,0.606
1780275379565,0.000,0.000,0.000,0.000,0.000,0.000,0.003,0.000,0.003,0.679
1780275379637,0.000,0.000,0.000,0.003,0.000,0.000,0.003,0.003,0.009,0.630
1780275379669,0.003,0.000,0.000,0.000,0.000,0.000,0.003,0.003,0.009,0.679
1780275379712,0.003,0.000,0.000,0.003,0.000,0.000,0.003,0.003,0.012,0.630
1780275379771,0.000,0.000,0.000,0.003,0.000,0.000,0.003,0.003,0.009,0.630
1780275379797,0.003,0.000,0.000,0.003,0.000,0.000,0.003,0.003,0.012,0.630
1780275379838,0.003,0.000,0.000,0.003,0.000,0.000,0.003,0.003,0.012,0.630
1780275379880,0.003,0.000,0.000,0.003,0.000,0.000,0.003,0.000,0.009,0.679
1780275379910,0.000,0.003,0.000,0.003,0.000,0.000,0.003,0.000,0.009,0.630
1780275379938,0.000,0.000,0.000,0.000,0.000,0.000,0.003,0.000,0.003,0.630
1780275379976,0.000,0.000,0.000,0.003,0.000,0.000,0.003,0.000,0.006,0.630
1780275380000,0.000,0.000,0.000,0.003,0.000,0.000,0.003,0.003,0.009,0.679
1780275380043,0.000,0.000,0.000,0.003,0.000,0.000,0.003,0.000,0.006,0.630
1780275380070,0.000,0.003,0.000,0.003,0.000,0.000,0.003,0.000,0.009,0.679
1780275380140,0.000,0.000,0.000,0.003,0.000,0.000,0.003,0.000,0.006,0.679
1780275380165,0.003,0.000,0.000,0.003,0.000,0.000,0.003,0.000,0.009,0.679
1780275380193,0.000,0.000,0.000,0.003,0.000,0.000,0.007,0.000,0.010,0.703
1780275380220,0.000,0.000,0.000,0.003,0.000,0.000,0.003,0.000,0.006,0.630
1780275380279,0.000,0.003,0.000,0.000,0.003,0.000,0.003,0.003,0.012,0.606
1780275380305,0.003,0.000,0.000,0.003,0.000,0.000,0.003,0.000,0.009,0.630
1780275380345,0.007,0.000,0.000,0.003,0.000,0.000,0.003,0.000,0.013,0.630
1780275380403,0.000,0.000,0.003,0.000,0.000,0.000,0.003,0.003,0.009,0.679
1780275380434,0.003,0.000,0.000,0.003,0.000,0.000,0.003,0.000,0.009,0.606
1780275380467,0.000,0.000,0.000,0.003,0.000,0.000,0.003,0.000,0.006,0.630
1780275380495,0.003,0.000,0.000,0.003,0.000,0.000,0.003,0.000,0.009,0.606
1780275380531,0.003,0.000,0.003,0.000,0.000,0.000,0.003,0.003,0.012,0.606
1780275380569,0.003,0.000,0.000,0.003,0.000,0.000,0.003,0.000,0.009,0.630
1780275380603,0.000,0.000,0.003,0.003,0.000,0.000,0.003,0.003,0.012,0.630
1780275380696,0.000,0.003,0.000,0.003,0.000,0.000,0.003,0.003,0.012,0.679
1780275380730,0.000,0.000,0.000,0.003,0.000,0.000,0.003,0.000,0.006,0.630
1780275380792,0.003,0.000,0.000,0.003,0.000,0.000,0.003,0.003,0.012,0.630
1780275380831,0.003,0.003,0.000,0.003,0.000,0.000,0.003,0.000,0.012,0.630
1780275380876,0.000,0.000,0.000,0.000,0.000,0.000,0.003,0.003,0.006,0.630
1780275380924,0.000,0.000,0.000,0.003,0.000,0.000,0.003,0.003,0.009,0.630
1780275380958,0.003,0.000,0.000,0.003,0.000,0.000,0.003,0.003,0.012,0.679
1780275380989,0.003,0.000,0.000,0.003,0.000,0.000,0.003,0.000,0.009,0.679
1780275381016,0.000,0.000,0.000,0.003,0.000,0.000,0.003,0.000,0.006,0.606
1780275381046,0.000,0.000,0.000,0.000,0.003,0.000,0.003,0.000,0.006,0.630
1780275381089,0.000,0.000,0.003,0.003,0.000,0.000,0.003,0.000,0.009,0.630
1780275381124,0.000,0.000,0.000,0.003,0.000,0.000,0.003,0.003,0.009,0.630
1780275381189,0.003,0.000,0.000,0.000,0.000,0.000,0.003,0.000,0.006,0.679
1780275381218,0.000,0.003,0.000,0.003,0.000,0.000,0.003,0.000,0.009,0.679
1780275381246,0.007,0.000,0.000,0.003,0.000,0.000,0.003,0.000,0.013,0.679
1780275381303,0.003,0.000,0.003,0.003,0.000,0.003,0.003,0.000,0.015,0.630
1780275381333,0.000,0.000,0.000,0.003,0.000,0.000,0.003,0.003,0.009,0.630
1780275381382,0.003,0.000,0.000,0.003,0.000,0.000,0.003,0.000,0.009,0.606
1780275381428,0.003,0.000,0.003,0.003,0.000,0.000,0.003,0.000,0.012,0.630
1780275381464,0.000,0.000,0.000,0.003,0.000,0.000,0.003,0.000,0.006,0.606
1780275381495,0.000,0.000,0.003,0.003,0.000,0.000,0.000,0.007,0.013,0.630
1780275381527,0.003,0.000,0.003,0.003,0.000,0.003,0.003,0.000,0.015,0.606
1780275381554,0.007,0.000,0.000,0.000,0.000,0.000,0.003,0.000,0.010,0.630
1780275381597,0.007,0.000,0.000,0.003,0.000,0.000,0.003,0.000,0.013,0.606
1780275381625,0.000,0.000,0.000,0.000,0.000,0.000,0.003,0.000,0.003,0.606
1780275381687,0.000,0.000,0.000,0.003,0.000,0.000,0.003,0.000,0.006,0.630
1780275381722,0.000,0.000,0.000,0.003,0.003,0.003,0.003,0.000,0.012,0.630
1780275381753,0.000,0.000,0.003,0.007,0.000,0.000,0.003,0.000,0.013,0.679
1780275381811,0.003,0.000,0.000,0.003,0.000,0.000,0.003,0.000,0.009,0.606
1780275381844,1.702,1.330,1.519,1.326,0.000,0.000,0.003,0.000,5.880,0.558
1780275381884,6.036,5.099,5.912,5.365,0.000,0.000,0.003,0.000,22.415,10.521
1780275381940,4.403,5.369,6.575,6.152,0.000,0.000,0.003,0.000,22.502,20.776
1780275381965,4.363,5.062,5.616,5.358,0.000,0.003,0.003,0.000,20.405,18.545
1780275381996,4.042,4.432,5.139,5.066,0.000,0.000,0.003,0.000,18.682,16.703
1780275382026,2.511,3.171,3.754,2.569,0.000,0.000,0.003,0.000,12.008,13.479
1780275382068,0.386,0.451,0.422,0.375,0.000,0.000,0.000,0.000,1.634,1.842
1780275382093,0.080,0.102,0.149,0.127,0.000,0.000,0.003,0.000,0.461,0.679
1780275382124,0.021,0.025,0.036,0.029,0.000,0.000,0.003,0.000,0.114,0.606
1780275382149,0.007,0.007,0.010,0.010,0.000,0.000,0.000,0.000,0.034,0.727
1780275382213,0.003,0.003,0.003,0.003,0.000,0.003,0.003,0.000,0.018,0.752
1780275382250,0.003,0.003,0.003,0.003,0.000,0.000,0.007,0.000,0.019,0.727
1780275382283,0.003,0.003,0.003,0.003,0.000,0.000,0.003,0.000,0.015,0.727
1780275382355,0.000,0.000,0.003,0.003,0.003,0.000,0.003,0.003,0.015,0.703
1780275382381,0.003,0.003,0.003,0.003,0.000,0.000,0.003,0.000,0.015,0.630
1780275382420,0.003,0.000,0.000,0.003,0.000,0.000,0.007,0.000,0.013,0.630
1780275382473,0.000,0.003,0.003,0.003,0.000,0.000,0.003,0.003,0.015,0.630
1780275382497,0.000,0.000,0.000,0.003,0.000,0.000,0.003,0.003,0.009,0.606
1780275382529,0.000,0.000,0.000,0.003,0.000,0.000,0.003,0.000,0.006,0.630
1780275382564,0.000,0.007,0.000,0.003,0.000,0.003,0.003,0.000,0.016,0.630
1780275382606,1.873,1.899,1.694,2.846,0.000,0.000,0.003,0.003,8.318,2.424
1780275382642,5.412,4.734,4.960,4.891,0.000,0.000,0.003,0.000,20.000,5.600
1780275382683,5.649,5.223,6.076,6.349,0.000,0.000,0.003,0.000,23.300,20.655
1780275382747,4.556,3.863,4.625,4.909,0.000,0.000,0.003,0.000,17.956,16.170
1780275382788,3.462,3.167,4.206,4.476,0.000,0.000,0.003,0.000,15.314,13.818
1780275382841,2.620,2.649,3.342,3.725,0.000,0.000,0.003,0.000,12.339,11.152
1780275382877,2.493,2.278,3.258,3.422,0.000,0.000,0.003,0.000,11.454,10.061
1780275382917,2.121,1.884,2.868,3.265,0.000,0.000,0.003,0.000,10.141,9.600
1780275382950,1.920,1.833,2.569,2.948,0.000,0.000,0.003,0.003,9.276,8.364
1780275383007,0.729,0.557,1.359,1.461,0.000,0.003,0.003,0.000,4.112,3.564
1780275383039,0.390,0.200,0.546,0.794,0.000,0.000,0.003,0.000,1.933,2.691
1780275383084,0.517,6.725,0.885,6.841,0.000,0.000,0.003,0.000,14.971,3.806
1780275383120,1.293,8.175,1.494,7.253,0.000,0.000,0.003,0.000,18.218,13.164
1780275383167,3.269,9.134,2.438,3.539,0.000,0.000,0.003,0.000,18.383,17.479
1780275383199,3.499,6.976,3.105,3.120,0.000,0.000,0.003,0.003,16.706,14.109
1780275383259,0.539,8.693,0.309,5.832,0.000,0.000,0.003,0.000,15.376,15.636
1780275383315,0.051,6.622,0.043,5.267,0.000,0.000,0.003,0.003,11.989,9.455
1780275383382,0.014,4.621,0.014,5.168,0.000,0.000,0.003,0.000,9.820,10.255
1780275383413,0.010,3.849,0.010,4.629,0.000,0.000,0.003,0.000,8.501,7.830
1780275383454,0.007,3.280,0.010,4.501,0.000,0.000,0.000,0.000,7.798,7.467
1780275383480,1.920,2.730,1.268,4.220,0.000,0.000,0.003,0.000,10.141,6.788
1780275383529,6.681,1.818,4.833,3.397,0.000,0.000,0.003,0.000,16.732,13.018
1780275383556,6.976,2.001,4.640,3.061,0.000,0.000,0.003,0.000,16.681,15.055
1780275383595,5.861,2.730,3.123,3.634,0.000,0.000,0.003,0.000,15.351,14.109
1780275383628,5.062,2.380,4.596,3.951,0.000,0.000,0.003,0.000,15.992,13.576
1780275383669,5.183,2.875,3.787,3.535,0.000,0.000,0.003,0.000,15.383,14.085
1780275383696,4.822,2.923,3.382,3.619,0.000,0.000,0.003,0.000,14.749,12.945
1780275383737,4.640,2.824,3.378,3.623,0.000,0.000,0.003,0.000,14.468,12.824
1780275383798,3.980,2.777,2.617,2.679,0.000,0.000,0.003,0.000,12.056,11.127
1780275383849,1.002,0.616,0.473,0.597,0.003,0.000,0.003,0.000,2.694,5.236
1780275383910,0.032,0.036,0.025,0.029,0.000,0.003,0.003,0.007,0.135,0.630
1780275383939,0.010,0.010,0.010,0.014,0.000,0.000,0.003,0.000,0.047,0.606
1780275383980,0.003,0.007,0.007,0.007,0.000,0.000,0.003,0.000,0.027,0.606
1780275384006,0.000,0.003,0.007,0.007,0.000,0.000,0.003,0.000,0.020,0.679
1780275384053,0.000,0.000,0.003,0.003,0.000,0.000,0.003,0.000,0.009,0.703
1780275384076,0.003,0.003,0.003,0.003,0.000,0.000,0.003,0.000,0.015,0.630
1780275384108,0.003,0.000,0.003,0.003,0.000,0.000,0.003,0.003,0.015,0.630
1780275384137,0.000,0.003,0.000,0.003,0.000,0.000,0.003,0.003,0.012,0.679
1780275384173,0.000,0.003,0.003,0.007,0.000,0.000,0.003,0.000,0.016,0.679
1780275384201,0.003,0.003,0.003,0.003,0.000,0.003,0.000,0.003,0.018,0.679
1780275384237,0.003,0.000,0.003,0.003,0.003,0.000,0.003,0.000,0.015,0.679
1780275384261,0.003,0.000,0.003,0.000,0.000,0.000,0.003,0.000,0.009,0.630
1780275384315,0.000,0.000,0.000,0.003,0.000,0.000,0.003,0.000,0.006,0.679
1780275384380,0.003,0.000,0.000,0.003,0.000,0.000,0.003,0.000,0.009,0.679
1780275384428,0.000,0.003,0.000,0.003,0.000,0.000,0.003,0.000,0.009,0.679
1780275384455,0.000,0.003,0.003,0.003,0.000,0.000,0.003,0.000,0.012,0.630
1780275384487,0.003,0.003,0.000,0.003,0.000,0.003,0.003,0.000,0.015,0.679
1780275384516,0.000,0.000,0.003,0.003,0.000,0.000,0.000,0.000,0.006,0.703
1780275384558,0.003,0.000,0.000,0.007,0.000,0.000,0.003,0.000,0.013,0.679
1780275384582,0.000,0.003,0.000,0.003,0.003,0.000,0.003,0.000,0.012,0.679
1780275384612,0.000,0.000,0.003,0.000,0.000,0.000,0.003,0.000,0.006,0.679
1780275384643,0.000,0.000,0.000,0.007,0.000,0.000,0.003,0.000,0.010,0.679
1780275384681,0.000,0.000,0.000,0.003,0.000,0.000,0.003,0.003,0.009,0.703
1780275384709,0.000,0.000,0.003,0.003,0.000,0.000,0.003,0.000,0.009,0.703
1780275384744,0.000,0.003,0.000,0.000,0.000,0.000,0.003,0.000,0.006,0.679
1780275384778,0.000,0.000,0.000,0.003,0.000,0.000,0.007,0.000,0.010,0.630
1780275384831,0.000,0.000,0.003,0.003,0.000,0.000,0.003,0.000,0.009,0.703
1780275384890,0.000,0.003,0.000,0.003,0.000,0.000,0.003,0.000,0.009,0.679
1780275384960,0.000,0.000,0.000,0.003,0.000,0.000,0.003,0.003,0.009,0.679
1780275384996,0.000,0.000,0.000,0.003,0.000,0.000,0.003,0.000,0.006,0.703
1780275385035,0.003,0.000,0.000,0.003,0.000,0.000,0.003,0.000,0.009,0.679
1780275385078,0.003,0.000,0.000,0.003,0.000,0.000,0.003,0.000,0.009,0.630
1780275385108,0.007,0.000,0.000,0.003,0.000,0.000,0.003,0.000,0.013,0.679
1780275385133,0.000,0.000,0.003,0.003,0.000,0.000,0.003,0.000,0.009,0.703
1780275385188,0.000,0.000,0.000,0.003,0.003,0.018,8.059,7.935,16.018,9.115
1780275385246,0.000,0.000,0.000,0.003,0.003,0.018,9.094,9.633,18.751,19.127
1780275385281,0.000,0.000,0.000,0.003,0.007,0.014,8.686,9.597,18.307,19.758
1780275385334,0.000,0.000,0.000,0.003,0.003,0.014,8.638,9.229,17.887,21.624
1780275385423,0.000,0.000,0.000,0.000,0.007,0.014,8.409,9.032,17.462,18.836
1780275385480,0.000,0.000,0.000,0.000,0.003,0.014,8.157,8.890,17.064,17.867
1780275385531,0.000,0.000,0.000,0.003,0.003,0.014,8.011,8.740,16.771,17.891
1780275385570,0.000,0.000,0.000,0.003,0.007,0.014,7.927,8.700,16.651,17.115
1780275385603,0.000,0.000,0.000,0.000,0.003,0.014,7.767,8.587,16.371,16.558
1780275385644,0.000,0.003,0.000,0.003,0.007,0.014,7.556,8.412,15.995,16.242
1780275385696,0.000,0.000,0.000,0.003,0.003,0.014,7.406,8.306,15.732,16.000
1780275385758,0.003,0.000,0.000,0.003,0.003,0.014,7.344,8.150,15.517,15.030
1780275385791,0.000,0.000,0.000,0.003,0.003,0.014,7.166,7.975,15.161,15.176
1780275385845,0.007,0.000,0.000,0.003,0.003,0.014,6.980,7.844,14.851,14.909
1780275385915,0.000,0.000,0.003,0.003,0.003,0.014,6.754,7.563,14.340,14.133
1780275385953,0.000,0.000,0.000,0.003,0.007,0.014,6.728,7.472,14.224,13.964
1780275386007,0.000,0.000,0.000,0.003,0.003,0.010,6.484,7.279,13.779,13.600
1780275386047,0.000,0.000,0.000,0.003,0.003,0.014,6.451,7.180,13.651,13.285
1780275386078,0.000,0.000,0.000,0.003,0.003,0.014,6.342,7.060,13.422,13.333
1780275386114,0.000,0.000,0.000,0.000,0.003,0.010,6.203,6.980,13.196,12.945
1780275386153,0.000,0.000,0.000,0.003,0.003,0.010,6.054,6.896,12.966,12.727
1780275386218,0.000,0.000,0.000,0.003,0.000,0.003,3.032,3.572,6.610,6.255
1780275386278,0.003,0.000,0.000,0.000,0.000,0.000,0.572,0.685,1.260,2.958
1780275386325,0.000,0.000,0.000,0.003,0.010,0.025,9.943,10.902,20.883,13.673
1780275386401,0.007,0.000,0.000,0.003,0.000,0.003,1.392,1.607,3.012,14.667
1780275386458,0.000,0.000,0.000,0.003,0.000,0.000,0.142,0.156,0.301,3.103
1780275386496,0.003,0.000,0.000,0.000,0.000,0.000,0.029,0.032,0.064,3.103
1780275386542,0.003,0.000,0.000,0.003,0.000,0.000,0.010,0.007,0.023,2.376
1780275386571,0.000,0.000,0.000,0.003,0.000,0.003,0.007,0.007,0.020,1.964
1780275386610,0.003,0.000,0.000,0.007,0.000,0.000,0.007,0.007,0.024,1.794
1780275386640,0.000,0.000,0.000,0.003,0.000,0.000,0.003,0.003,0.009,1.576
1780275386680,0.000,0.000,0.000,0.003,0.000,0.000,0.003,0.003,0.009,1.527
1780275386706,0.000,0.000,0.000,0.003,0.000,0.000,0.007,0.003,0.013,1.503
1780275386743,0.000,0.000,0.000,0.003,0.003,0.000,0.003,0.003,0.012,1.479
1780275386774,0.000,0.000,0.000,0.003,0.000,0.000,0.003,0.003,0.009,1.309
1780275386812,0.003,0.000,0.000,0.003,0.000,0.000,0.007,0.003,0.016,1.236
1780275386839,0.000,0.000,0.000,0.003,0.000,0.000,0.003,0.003,0.009,0.679
1780275386915,0.000,0.000,0.000,0.003,0.000,0.000,0.003,0.000,0.006,1.139
1780275386978,0.000,0.000,0.000,0.007,0.000,0.000,0.003,0.003,0.013,0.945
1780275387018,0.000,0.000,0.000,0.007,0.000,0.000,0.007,0.000,0.014,0.824
1780275387054,0.003,0.000,0.003,0.003,0.000,0.000,0.003,0.000,0.012,0.703
1780275387086,0.000,0.000,0.000,0.003,0.000,0.000,0.003,0.000,0.006,0.679
1780275387119,0.003,0.000,0.000,0.000,0.000,0.000,0.003,0.000,0.006,0.679
1780275387143,0.000,0.000,0.000,0.003,0.000,0.000,0.003,0.000,0.006,0.606
1780275387172,0.003,0.000,0.000,0.007,0.003,0.000,0.003,0.000,0.016,0.630
1780275387196,0.000,0.003,0.000,0.003,0.000,0.000,0.003,0.000,0.009,0.606
1780275387243,0.000,0.003,0.000,0.003,0.000,0.000,0.003,0.003,0.012,0.606
1780275387280,0.000,0.000,0.000,0.003,0.000,0.003,0.003,0.003,0.012,0.679
1780275387308,0.000,0.000,0.000,0.003,0.000,0.003,0.003,0.000,0.009,0.703
1780275387330,0.003,0.000,0.000,0.003,0.000,0.000,0.003,0.000,0.009,0.630
1780275387365,0.000,0.000,0.003,0.003,0.000,0.000,0.003,0.003,0.012,0.630
1780275387450,0.003,0.000,0.003,0.003,0.003,0.000,0.003,0.000,0.015,0.630
1780275387509,0.003,0.000,0.000,0.003,0.000,0.000,0.003,0.000,0.009,0.630
1780275387540,0.000,0.003,0.000,0.003,0.000,0.000,0.003,0.000,0.009,0.630
1780275387579,0.000,0.000,0.000,0.003,0.000,0.000,0.003,0.000,0.006,0.630
1780275387610,0.003,0.000,0.003,0.003,0.000,0.000,0.003,0.000,0.012,0.606
1780275387640,0.000,0.000,0.000,0.003,0.000,0.000,0.003,0.000,0.006,0.606
1780275387665,0.000,0.000,0.000,0.003,0.000,0.000,0.003,0.000,0.006,0.679
1780275387694,0.000,0.000,0.000,0.003,0.000,0.000,0.003,0.000,0.006,0.630
1780275387726,0.000,0.000,0.000,0.003,0.000,0.000,0.003,0.003,0.009,0.606
1780275387766,0.003,0.000,0.000,0.003,0.000,0.000,0.003,0.000,0.009,0.606
1780275387798,0.000,0.003,0.000,0.000,0.000,0.000,0.003,0.003,0.009,0.630
1780275387833,0.000,0.000,0.000,0.003,0.000,0.000,0.003,0.003,0.009,0.606
1780275387864,0.000,0.000,0.003,0.003,0.000,0.000,0.003,0.000,0.009,0.630
1780275387895,0.007,0.000,0.000,0.003,0.000,0.000,0.007,0.000,0.017,0.630
1780275387970,0.000,0.000,0.000,0.003,0.000,0.000,0.003,0.000,0.006,0.630
1780275388038,0.003,0.000,0.000,0.003,0.000,0.000,0.003,0.000,0.009,0.630
1780275388094,0.003,0.000,0.000,0.003,0.000,0.000,0.003,0.000,0.009,0.679
1780275388120,0.000,0.000,0.000,0.003,0.000,0.003,0.003,0.003,0.012,0.606
1780275388155,0.003,0.000,0.000,0.003,0.000,0.000,0.003,0.000,0.009,0.679
1780275388181,0.003,0.000,0.000,0.003,0.000,0.000,0.003,0.000,0.009,0.679
1780275388214,0.003,0.000,0.003,0.007,0.003,0.000,0.003,0.000,0.019,0.606
1780275388238,0.000,0.000,0.000,0.000,0.000,0.000,0.003,0.000,0.003,0.606
1780275388268,0.000,0.000,0.000,0.003,0.003,0.000,0.003,0.000,0.009,0.606
1780275388324,0.000,0.000,0.000,0.000,0.007,0.014,6.808,7.454,14.283,11.733
1780275388372,0.003,0.000,0.000,0.007,0.007,0.014,7.541,8.183,15.755,16.315
1780275388411,0.000,0.000,0.000,0.003,0.007,0.018,7.570,8.409,16.007,17.479
1780275388478,0.000,0.000,0.000,0.000,0.007,0.018,7.574,8.299,15.898,15.709
1780275388557,0.000,0.000,0.000,0.003,0.007,0.014,7.297,8.026,15.347,15.539
1780275388614,0.000,0.000,0.000,0.003,0.003,0.014,7.045,7.887,14.952,14.667
1780275388649,0.000,0.000,0.000,0.003,0.003,0.014,6.947,7.734,14.701,14.352
1780275388683,0.003,0.000,0.000,0.000,0.003,0.014,6.848,7.603,14.471,14.158
1780275388717,0.003,0.000,0.003,0.003,0.003,0.014,6.732,7.483,14.241,13.964
1780275388772,0.000,0.000,0.000,0.000,0.003,0.003,2.967,3.506,6.479,8.485
1780275388821,0.000,0.000,0.000,0.003,0.000,0.003,0.714,0.597,1.317,2.570
1780275388859,0.000,0.000,0.000,0.003,0.007,0.021,8.296,10.329,18.656,11.806
1780275388906,0.000,0.000,0.003,0.003,0.000,0.000,1.866,2.230,4.102,22.012
1780275388957,0.000,0.000,0.000,0.003,0.000,0.003,1.713,2.004,3.723,1.624
1780275389021,0.000,0.000,0.000,0.003,0.003,0.014,5.970,6.896,12.886,6.061
1780275389096,0.003,0.000,0.000,0.003,0.007,0.014,6.659,7.413,14.099,13.818
1780275389148,0.003,0.000,0.010,0.003,0.003,0.000,1.716,2.296,4.031,10.376
1780275389187,0.000,0.000,0.000,0.003,0.000,0.000,0.379,0.499,0.881,1.164
1780275389234,0.072,0.021,0.014,0.003,0.010,0.025,9.385,9.914,19.444,8.242
1780275389285,3.470,3.247,3.251,3.276,0.000,0.000,1.735,2.205,17.184,15.879
1780275389339,4.917,4.290,6.495,4.785,0.000,0.003,2.358,2.894,25.742,17.382
1780275389398,4.118,0.430,5.529,0.521,0.003,0.014,5.657,6.251,22.523,18.982
1780275389437,3.203,0.087,5.708,0.065,0.003,0.010,6.090,6.819,21.985,19.976
1780275389472,2.803,0.014,5.358,0.018,0.003,0.010,6.043,6.790,21.039,19.515
1780275389539,3.477,0.000,4.858,0.003,0.000,0.003,3.342,3.659,15.342,13.600
1780275389604,3.207,3.809,4.100,6.149,0.000,0.000,0.492,0.608,18.365,14.885
1780275389674,2.081,1.428,2.613,6.539,3.856,3.050,8.554,9.214,37.335,33.673
1780275389726,1.884,3.105,3.510,5.241,3.047,3.207,1.731,2.081,23.806,33.552
1780275389781,1.111,3.743,3.251,3.047,1.694,1.811,5.077,5.941,25.675,21.309
1780275389831,0.338,4.129,3.291,1.075,1.625,1.585,5.777,6.393,24.213,22.255
1780275389871,3.408,3.779,1.078,0.342,1.472,1.658,5.832,6.437,24.006,21.382
1780275389906,4.392,3.532,0.280,0.160,1.523,1.545,5.799,6.389,23.620,19.782
1780275389969,5.157,3.050,0.207,0.098,1.873,1.906,3.116,3.448,18.855,15.539
1780275390024,3.120,2.187,2.813,3.856,0.732,0.911,9.436,10.213,33.268,21.600
1780275390095,3.109,2.584,3.360,3.480,1.104,1.195,10.085,10.964,35.881,30.036
1780275390162,1.217,3.050,3.233,1.749,2.041,1.778,6.396,7.085,26.549,23.661
1780275390239,0.597,3.076,3.575,0.470,1.862,2.278,6.054,6.714,24.626,22.691
1780275390279,2.573,2.580,2.926,2.664,1.716,1.837,5.799,6.418,26.513,23.758
1780275390319,3.127,2.402,3.127,3.652,1.683,1.837,5.620,6.229,27.677,23.612
1780275390368,3.455,2.201,3.342,3.499,1.906,2.044,5.496,6.054,27.997,24.194
1780275390404,3.572,2.252,2.832,3.244,2.299,2.245,5.412,6.032,27.888,24.873
1780275390450,1.016,2.555,3.247,1.476,2.128,2.307,5.522,6.141,24.392,23.515
1780275390504,0.266,2.864,3.269,0.266,2.329,2.347,5.482,6.025,22.848,21.115
1780275390566,0.087,0.670,0.754,0.094,2.883,3.163,5.609,6.196,19.456,18.012
1780275390651,0.007,0.021,0.018,0.007,3.572,3.597,2.916,3.182,13.320,13.285
1780275390711,0.003,0.003,0.000,0.003,2.219,2.187,9.589,11.113,25.117,16.558
1780275390787,7.716,6.571,4.191,3.816,3.189,3.149,3.721,4.381,36.734,36.048
1780275390832,8.824,7.508,2.081,1.483,3.171,3.335,4.308,4.793,35.503,30.958
1780275390866,8.558,7.559,2.292,1.592,2.897,2.970,4.337,4.811,35.016,31.248
1780275390906,6.867,6.739,5.256,4.031,2.974,2.926,4.137,4.603,37.533,33.794
1780275390949,6.141,6.036,4.538,3.830,2.996,3.138,4.166,4.705,35.550,32.582
1780275390992,5.646,5.558,4.712,4.439,0.933,1.115,4.607,5.084,32.094,29.358
1780275391026,5.369,5.077,4.552,4.567,0.189,0.149,4.716,5.197,29.816,26.861
1780275391085,4.789,4.629,3.983,3.779,0.014,0.018,4.516,4.997,26.725,24.073
1780275391166,4.264,4.231,3.772,4.158,0.003,0.003,1.250,1.603,19.284,18.230
1780275391229,2.908,2.923,2.624,2.584,0.010,0.021,9.626,10.377,31.073,27.370
1780275391297,3.152,3.039,2.795,2.810,0.000,0.003,3.535,4.261,19.595,19.612
1780275391336,3.028,3.003,2.602,2.566,0.003,0.010,4.975,5.285,21.472,17.212
1780275391378,2.755,2.515,2.351,2.467,0.003,0.010,5.540,6.101,21.742,20.170
1780275391410,2.387,2.544,2.383,2.187,0.003,0.014,5.562,6.138,21.218,19.733
1780275391447,2.423,2.493,2.318,2.380,0.003,0.003,3.954,4.512,18.086,19.224
1780275391484,2.726,2.402,2.135,2.456,0.000,0.000,1.235,1.523,12.477,11.176
1780275391546,2.762,2.890,2.642,2.405,0.000,0.000,0.244,0.273,11.216,9.673
1780275391602,1.694,1.720,1.585,1.534,0.007,0.025,8.828,9.305,24.698,14.739
1780275391673,2.172,1.895,1.815,1.829,0.000,0.000,2.212,2.755,12.678,13.939
1780275391716,1.683,1.851,1.494,1.341,0.003,0.010,5.121,5.551,17.054,14.521
1780275391757,1.315,1.119,0.805,0.933,0.003,0.014,6.174,6.797,17.160,17.818
1780275391833,0.149,0.094,0.069,0.069,0.000,0.000,3.400,3.954,7.735,6.085
1780275391879,0.025,0.014,0.010,0.010,0.003,0.003,3.080,3.455,6.600,4.461
1780275391918,0.010,0.003,0.007,0.003,0.000,0.000,1.078,1.345,2.446,2.764
1780275391963,0.003,0.000,0.003,0.003,0.000,0.000,0.244,0.229,0.482,1.139
1780275392010,0.000,0.000,0.000,0.003,0.007,0.021,8.015,9.990,18.036,12.097
1780275392067,0.000,0.000,0.003,0.003,0.000,0.003,4.359,5.030,9.398,18.255
1780275392107,0.003,0.000,0.003,0.000,0.003,0.014,5.988,6.448,12.459,9.915
1780275392167,0.007,0.000,0.000,0.003,0.003,0.014,6.564,7.326,13.917,13.770
1780275392219,0.003,0.000,0.000,0.003,0.003,0.003,3.105,3.725,6.842,9.139
1780275392284,0.003,0.000,0.000,0.003,0.007,0.025,10.370,11.405,21.813,17.042
1780275392341,0.003,0.000,0.000,0.003,0.003,0.003,5.172,5.449,10.633,9.721
1780275392426,0.000,0.000,0.000,0.003,0.007,0.014,6.612,7.198,13.834,12.921
1780275392473,0.000,0.000,0.000,0.003,2.992,0.014,6.349,6.991,16.349,14.909
1780275392526,0.003,0.000,0.000,0.003,4.771,4.920,3.149,3.652,16.498,19.103
1780275392566,0.000,0.003,0.000,0.007,4.082,4.024,1.086,1.345,10.547,11.418
1780275392603,0.000,0.000,0.000,0.000,3.174,3.440,0.328,0.408,7.350,9.333
1780275392639,0.000,0.003,0.000,0.003,3.010,3.141,0.189,0.200,6.546,7.418
1780275392674,0.000,0.000,0.000,0.003,2.682,2.555,1.465,1.607,8.312,6.570
1780275392734,0.000,0.000,0.000,0.003,1.840,1.982,6.014,6.364,16.203,13.018
1780275392775,0.000,0.000,0.000,0.003,1.993,1.979,6.229,6.797,17.001,18.012
1780275392806,0.000,0.000,0.000,0.003,1.811,2.187,6.378,6.954,17.333,17.358
1780275392866,0.000,0.000,0.000,0.000,2.252,1.764,3.841,4.374,12.231,11.079
1780275392918,0.000,0.000,0.000,0.003,1.162,1.359,5.813,6.251,14.588,10.448
1780275392950,0.000,0.000,0.000,0.003,1.235,1.359,6.141,6.838,15.576,16.945
1780275393011,0.000,0.000,0.000,0.007,1.778,1.691,4.177,4.425,12.078,15.539
1780275393067,0.000,0.000,0.000,0.003,1.596,1.651,2.664,3.018,8.932,8.121
1780275393108,0.000,0.000,0.000,0.003,1.556,1.570,2.638,2.941,8.708,6.473
1780275393154,0.000,0.000,0.003,0.003,1.465,1.523,2.617,2.956,8.567,6.448
1780275393200,0.000,0.000,0.000,0.003,1.541,1.501,2.099,2.325,7.469,6.255
1780275393255,0.003,0.000,0.000,0.003,1.403,1.498,1.939,2.190,7.036,5.358
1780275393329,0.000,0.000,0.000,0.003,0.112,0.138,2.019,2.299,4.571,3.903
1780275393392,0.000,0.000,0.000,0.003,0.010,0.010,0.408,0.535,0.966,1.430
1780275393460,0.003,0.000,0.000,0.003,0.003,0.000,0.225,0.266,0.500,0.848
1780275393515,0.003,0.000,0.000,0.003,0.003,0.003,1.567,1.789,3.368,1.939
1780275393555,0.003,0.000,0.000,0.003,0.003,0.000,0.557,0.707,1.273,2.036
1780275393605,0.000,0.000,0.000,0.003,0.003,0.003,1.567,1.796,3.372,0.897
1780275393641,0.000,0.000,0.000,0.000,0.003,0.003,1.855,2.114,3.975,2.376
1780275393677,0.000,0.000,0.000,0.003,0.003,0.007,1.917,2.168,4.098,2.570
1780275393727,0.000,0.000,0.000,0.003,0.003,0.003,1.895,2.187,4.091,2.497
1780275393781,0.007,0.000,0.003,0.003,0.000,0.003,1.880,2.157,4.053,2.473
1780275393893,2.474,1.848,6.396,6.469,2.923,2.824,0.189,0.222,23.345,19.564
1780275393954,5.653,1.016,7.231,1.869,1.804,1.764,0.667,0.798,20.802,16.509
1780275394003,3.878,0.207,6.429,0.247,1.556,1.611,2.292,2.569,18.789,14.085
1780275394055,4.698,0.018,5.044,0.018,1.498,1.534,2.558,2.901,18.269,14.836
1780275394111,3.754,0.003,3.914,0.010,1.505,1.563,2.755,3.131,16.635,13.285
1780275394150,3.688,0.000,3.615,0.007,1.556,1.603,2.219,2.460,15.148,12.461
1780275394192,3.557,0.411,2.912,0.761,1.578,1.570,2.004,2.332,15.125,11.491
1780275394242,3.032,3.287,2.482,4.636,1.388,1.436,0.473,0.605,17.339,13.600
1780275394297,1.694,2.187,2.577,5.423,1.410,1.468,1.939,2.194,18.892,14.230
1780275394395,1.410,2.704,3.306,3.852,1.530,1.611,0.787,0.969,16.169,13.042
1780275394463,4.122,2.704,0.572,1.308,1.662,1.647,0.845,1.002,13.862,9.552
1780275394504,3.947,5.215,0.145,0.324,1.458,1.450,0.586,0.721,13.846,9.939
1780275394559,3.298,6.429,0.021,0.193,1.352,1.381,2.001,2.398,17.073,11.588
1780275394623,2.861,6.440,3.590,0.167,1.891,1.530,0.612,0.776,17.867,12.800
1780275394677,3.557,4.570,3.958,0.149,1.815,1.786,1.753,1.968,19.556,12.121
1780275394734,3.557,5.288,0.513,0.721,2.099,2.321,0.320,0.393,15.212,11.855
1780275394773,3.178,2.041,0.069,3.663,2.569,2.234,0.204,0.236,14.194,11.612
1780275394840,3.247,1.031,0.047,7.045,1.913,2.092,0.313,0.393,16.081,13.600
1780275394932,3.411,0.400,0.051,6.098,1.764,1.713,0.397,0.510,14.344,12.461
1780275394985,3.477,0.193,0.051,5.533,1.640,1.902,0.433,0.543,13.772,12.242
1780275395028,3.364,0.174,0.069,4.957,1.902,2.197,0.200,0.236,13.099,12.194
1780275395085,3.149,0.156,0.061,4.869,2.259,1.928,0.233,0.287,12.942,12.630
1780275395137,3.080,0.145,0.069,4.366,1.844,1.818,0.397,0.470,12.189,11.273
1780275395178,0.838,0.262,4.027,4.199,1.993,1.749,0.167,0.222,13.457,9.988
1780275395234,0.178,0.430,4.425,3.145,2.365,2.252,0.156,0.171,13.122,10.085
1780275395277,0.120,0.758,2.442,1.782,1.046,1.538,7.709,8.051,23.446,8.945
1780275395328,0.072,3.564,0.568,1.855,2.726,2.176,2.839,2.697,16.497,23.758
1780275395400,0.010,4.745,0.021,1.782,2.985,2.788,2.587,2.926,17.844,14.352
1780275395493,0.353,5.369,3.874,0.295,2.963,3.039,2.019,2.340,20.252,14.618
1780275395563,1.490,5.197,7.567,5.019,2.562,2.496,0.277,0.415,25.023,19.079
1780275395611,3.054,4.610,4.410,6.936,1.578,1.662,7.133,7.680,37.063,26.788
1780275395655,3.367,3.203,2.934,7.085,1.844,1.961,8.460,9.371,38.225,35.127
1780275395711,5.573,1.567,1.031,5.711,0.455,0.513,5.525,5.755,26.130,22.958
1780275395759,5.547,1.137,0.951,5.616,0.040,0.054,6.305,6.998,26.648,21.188
1780275395799,4.705,1.217,0.954,5.482,0.010,0.021,6.506,7.118,26.013,22.303
1780275395851,5.467,3.408,0.215,2.868,0.007,0.007,4.286,4.785,21.043,16.436
1780275395912,4.931,4.731,0.375,0.579,0.003,0.003,0.568,0.696,11.886,10.788
1780275395964,4.228,4.472,1.312,1.953,0.003,0.003,0.178,0.200,12.349,8.412
1780275396048,2.431,2.959,5.343,6.673,0.000,0.000,1.304,1.494,20.204,16.752
1780275396128,1.760,1.935,4.096,5.179,0.003,0.003,3.178,3.521,19.675,15.491
1780275396198,1.210,1.002,3.316,3.601,0.007,0.010,6.145,6.666,21.957,19.442
1780275396257,0.510,0.390,1.920,2.088,0.000,0.000,2.012,2.423,9.343,13.673
1780275396313,5.649,0.127,4.603,0.790,0.007,0.021,8.777,9.477,29.451,12.945
1780275396373,3.448,0.255,7.198,2.711,0.003,0.021,8.955,9.794,32.385,31.515
1780275396420,2.719,1.075,7.989,2.999,0.007,0.014,6.466,7.074,28.343,27.297
1780275396462,3.601,1.159,6.972,3.429,0.003,0.014,6.254,6.943,28.375,28.218
1780275396509,2.318,0.451,7.023,0.834,0.007,0.010,6.477,7.213,24.333,24.727
1780275396580,4.658,0.065,4.847,0.109,0.007,0.014,6.437,7.158,23.295,22.448
1780275396649,4.264,0.007,3.670,0.014,0.003,0.010,6.404,7.016,21.388,20.048
1780275396689,3.291,0.637,2.595,1.027,0.003,0.010,6.426,7.005,20.994,18.933
1780275396730,2.806,3.809,2.340,4.694,0.000,0.000,2.321,1.891,17.861,17.382
1780275396794,3.247,1.589,2.930,5.507,0.000,0.000,2.132,2.427,17.832,14.036
1780275396834,3.167,3.371,2.376,5.573,0.000,0.000,0.681,0.852,16.020,14.642
1780275396883,2.580,2.383,2.897,4.836,0.000,0.003,1.920,2.143,16.762,12.994
1780275396940,3.397,0.973,2.609,1.676,0.000,0.003,2.431,2.755,13.844,10.642
1780275396984,0.998,4.392,0.907,4.155,0.007,0.014,5.416,5.828,21.717,9.600
1780275397028,3.386,3.448,3.521,1.975,0.003,0.003,3.998,4.541,20.875,16.800
1780275397122,7.545,7.333,4.403,3.240,0.003,0.007,5.103,5.558,33.192,22.933
1780275397189,3.043,8.387,0.667,2.004,0.003,0.007,4.895,5.405,24.411,20.000
1780275397250,0.338,8.102,0.131,4.501,0.000,0.007,3.258,3.546,19.883,16.364
1780275397306,1.006,6.830,0.925,4.928,0.000,0.000,0.958,1.191,15.838,13.212
1780275397346,5.124,5.755,5.853,4.297,0.000,0.000,0.295,0.346,21.670,18.909
1780275397396,6.604,4.574,4.676,2.850,0.007,0.018,8.193,8.325,35.247,26.836
1780275397440,6.207,4.610,5.416,3.896,0.000,0.003,3.160,3.805,27.097,23.370
1780275397479,5.059,4.082,4.676,3.298,4.188,3.834,2.806,3.306,31.249,19.636
1780275397531,4.202,3.732,3.940,2.843,3.265,3.444,4.640,5.106,31.172,28.218
1780275397605,3.608,3.156,3.218,3.061,2.536,2.391,4.705,5.208,27.883,25.455
1780275397667,3.670,3.327,3.138,3.251,2.518,2.777,0.805,0.980,20.466,19.515
1780275397724,0.575,0.637,0.499,0.630,0.539,0.448,8.897,9.119,21.344,9.430
1780275397771,0.087,0.087,0.043,0.043,0.051,0.076,10.264,11.365,22.016,21.115
1780275397810,0.010,0.010,0.010,0.007,0.014,0.021,7.512,7.964,15.548,16.921
1780275397850,0.007,0.007,0.007,0.003,0.007,0.018,6.852,7.483,14.384,13.939
1780275397891,0.003,0.000,0.003,0.007,0.007,0.018,6.670,7.300,14.008,13.673
1780275397927,0.003,0.000,0.003,0.003,0.007,0.014,6.568,7.238,13.836,13.576
1780275397979,0.003,0.000,0.003,0.003,0.003,0.003,2.959,3.222,6.196,7.661
1780275398013,0.003,0.000,0.003,0.003,0.000,0.000,0.834,1.042,1.885,3.321
1780275398047,0.000,0.000,0.000,0.003,0.010,0.025,7.552,7.829,15.419,1.018
1780275398114,0.003,0.003,0.000,0.003,0.007,0.021,10.107,11.160,21.304,20.824
1780275398181,0.000,0.003,0.003,0.003,4.465,0.007,4.698,5.256,14.435,15.976
1780275398243,0.003,0.000,0.000,0.003,4.406,3.983,6.043,6.564,21.002,20.388
1780275398293,0.000,0.000,0.000,0.003,2.908,2.977,6.287,6.801,18.976,21.576
1780275398325,0.000,0.000,0.000,0.003,2.529,2.540,6.265,6.765,18.102,20.024
1780275398365,0.000,0.000,0.000,0.003,2.595,2.697,6.178,6.779,18.252,19.758
1780275398429,0.000,0.000,0.000,0.003,2.482,2.314,6.451,6.958,18.208,18.230
1780275398461,0.000,0.000,0.000,0.000,2.394,2.332,6.353,6.848,17.927,17.988
1780275398491,0.003,0.000,0.000,0.003,2.187,2.318,6.324,6.819,17.654,17.988
1780275398522,0.000,0.000,0.000,0.003,2.132,2.157,6.225,6.706,17.223,18.279
1780275398557,0.000,0.000,0.003,0.000,1.950,2.139,6.265,6.801,17.158,17.818
1780275398611,0.000,0.000,0.003,0.003,2.372,2.409,3.586,3.878,12.251,12.485
1780275398666,0.003,0.000,0.000,0.003,1.334,1.228,6.036,6.462,15.066,14.158
1780275398753,0.000,0.000,0.000,0.000,1.731,1.632,3.349,3.721,10.433,12.558
1780275398811,0.000,0.000,0.003,0.003,1.683,1.742,1.042,0.820,5.293,7.564
1780275398854,0.000,0.000,0.000,0.000,0.940,0.852,8.230,7.698,17.720,15.588
1780275398910,0.000,0.000,0.003,0.003,1.727,1.673,4.231,4.421,12.058,14.255
1780275398977,0.000,0.000,0.000,0.000,1.159,1.166,6.480,7.002,15.807,8.582
1780275399019,0.000,0.003,0.000,0.003,1.275,1.334,6.553,7.031,16.199,15.806
1780275399059,0.000,0.000,0.000,0.003,1.381,1.337,6.466,6.943,16.130,15.685
1780275399118,0.010,0.000,0.003,0.003,0.178,0.218,3.889,4.406,8.707,11.927
1780275399173,0.000,0.003,0.000,0.003,0.018,0.014,0.561,0.667,1.266,2.836
1780275399230,0.831,1.129,0.674,0.918,0.003,0.003,0.142,0.138,3.838,1.624
1780275399291,5.420,5.022,7.023,6.823,0.000,0.000,0.072,0.083,24.443,19.491
1780275399338,2.340,2.183,7.989,7.782,0.000,0.000,0.306,0.400,21.000,18.497
1780275399399,4.122,3.021,6.517,6.648,0.000,0.000,0.200,0.262,20.770,18.158
1780275399437,3.247,2.154,6.083,6.338,0.000,0.003,1.793,1.935,21.553,16.800
1780275399495,4.403,0.998,5.390,3.426,0.003,0.003,2.657,3.018,19.898,15.345
1780275399552,3.973,0.284,4.621,0.470,0.000,0.000,2.584,2.883,14.815,11.685
1780275399593,4.064,0.054,3.973,0.087,0.000,0.003,2.095,2.361,12.637,10.279
1780275399663,3.280,0.003,2.653,0.007,0.000,0.003,0.674,0.896,7.516,7.127
1780275399724,3.163,0.003,2.037,0.007,0.000,0.000,0.284,0.360,5.854,5.285
1780275399759,3.273,0.003,1.756,0.007,0.000,0.000,1.432,1.848,8.319,5.721
1780275399806,3.214,0.003,1.323,0.003,0.003,0.003,2.146,2.402,9.097,6.570
1780275399861,3.338,0.003,1.308,0.003,0.000,0.003,2.642,2.970,10.267,7.273
1780275399918,2.934,1.067,0.816,3.251,0.003,0.010,5.587,6.021,19.689,15.030
1780275399975,0.554,4.209,1.119,2.547,0.003,0.003,3.681,4.144,16.260,17.164
1780275400030,2.959,4.753,1.662,0.601,0.000,0.003,2.299,2.598,14.875,10.206
1780275400066,4.020,4.545,2.157,2.657,0.000,0.003,0.845,1.020,15.247,10.715
1780275400102,4.184,4.093,2.263,3.400,0.000,0.000,0.244,0.277,14.461,9.794
1780275400196,2.092,1.180,2.832,3.881,0.000,0.000,0.167,0.182,10.334,6.109
1780275400261,0.291,0.189,2.409,4.454,4.887,4.315,0.240,0.313,17.098,14.303
1780275400326,3.790,3.849,1.891,2.606,2.405,2.227,1.957,2.143,20.868,14.885
1780275400389,4.658,3.229,2.329,3.094,1.461,1.519,4.815,5.369,26.474,21.358
1780275400442,7.683,6.349,2.693,2.675,1.643,1.796,3.495,3.903,30.237,25.382
1780275400490,5.988,8.190,4.060,4.133,1.713,1.975,1.108,1.323,28.490,24.485
1780275400531,5.445,8.445,7.202,4.468,1.909,1.906,0.357,0.451,30.183,26.255
1780275400582,6.520,4.199,3.101,4.333,2.755,2.817,0.477,0.579,24.781,23.612
1780275400624,6.258,3.943,2.015,5.697,2.577,2.577,0.251,0.328,23.646,18.352
1780275400688,7.399,0.663,1.968,4.552,2.004,2.340,0.273,0.335,19.534,15.709
1780275400744,7.260,0.823,3.036,4.359,0.295,0.277,2.208,2.464,20.722,14.497
1780275400799,4.982,0.233,2.507,4.960,0.018,0.029,2.905,3.262,18.896,13.770
1780275400853,6.305,0.051,0.933,4.545,0.003,0.007,3.061,3.429,18.334,14.570
1780275400894,5.697,2.730,1.461,4.796,0.003,0.003,2.770,3.105,20.565,14.424
1780275400954,3.440,6.899,5.733,3.495,0.000,0.003,2.453,2.784,24.807,19.345
1780275400991,2.394,5.161,6.746,2.580,0.003,0.000,1.472,1.738,20.094,15.976
1780275401048,3.495,6.725,7.424,4.020,0.000,0.000,0.590,0.736,22.990,18.303
1780275401110,2.212,5.642,6.848,4.629,0.000,0.003,1.232,1.439,22.005,18.109
1780275401170,2.850,5.842,2.299,0.590,4.315,3.976,2.773,3.287,25.932,21.939
1780275401255,2.996,4.089,0.382,0.025,2.930,2.566,3.852,4.253,21.093,18.812
1780275401320,0.419,3.426,4.661,0.134,2.329,2.150,3.196,3.506,19.821,16.121
1780275401399,0.109,2.613,7.366,0.605,1.756,1.899,0.780,0.911,16.039,14.376
1780275401461,0.065,0.677,3.470,0.364,2.019,1.990,0.284,0.346,9.215,8.533
1780275401503,0.018,0.164,1.075,0.083,1.829,1.899,0.430,0.517,6.015,5.794
1780275401568,0.007,0.014,0.036,0.007,1.979,1.789,0.225,0.266,4.323,5.285
1780275401617,0.003,0.003,0.007,0.003,2.150,2.037,1.523,1.716,7.442,4.873
1780275401662,0.003,0.000,0.007,0.003,2.598,2.427,0.648,0.801,6.487,6.667
1780275401701,0.003,0.003,0.003,0.003,2.522,2.679,1.855,2.092,9.160,7.321
1780275401766,0.003,0.000,0.003,0.003,3.459,3.163,2.157,2.427,11.215,8.897
1780275401804,0.000,0.003,0.003,0.003,3.327,3.922,2.223,2.529,12.010,9.939
1780275401862,0.003,0.000,0.000,0.003,3.233,3.619,2.022,2.299,11.179,9.721
1780275401941,0.003,0.000,0.000,0.000,3.739,3.429,0.546,0.699,8.416,8.679
1780275401989,0.000,0.003,0.000,0.003,3.626,3.572,0.331,0.379,7.914,8.097
1780275402043,0.174,0.131,0.131,0.105,3.247,3.367,0.532,0.656,8.343,7.830
1780275402108,3.491,4.271,0.255,0.262,2.431,2.456,1.636,1.833,16.635,10.206
1780275402158,4.778,6.054,1.308,1.458,2.263,2.299,1.858,2.125,22.143,17.842
1780275402211,1.308,1.964,1.815,1.880,2.890,2.923,2.781,3.105,18.666,12.921
1780275402292,7.279,5.606,5.649,4.399,2.263,2.289,1.439,1.665,30.589,26.473
1780275402336,7.406,4.330,6.247,3.845,2.383,2.504,1.119,1.319,29.153,24.752
1780275402400,6.469,4.851,5.704,4.425,2.383,2.438,1.129,1.363,28.762,25.988
1780275402482,5.350,4.377,5.230,4.749,2.489,2.566,1.221,1.436,27.418,24.145
1780275402545,3.032,2.795,5.380,4.297,0.437,0.320,1.720,1.971,19.952,14.812
1780275402618,1.534,1.880,4.250,1.527,0.010,0.014,0.670,0.725,10.610,6.618
1780275402678,1.818,6.032,3.801,3.823,0.003,0.003,0.174,0.207,15.861,12.145
1780275402728,3.193,5.580,3.196,5.977,0.000,0.003,0.189,0.222,18.360,13.576
1780275402805,4.734,5.883,3.047,5.358,0.000,0.000,0.167,0.182,19.371,17.018
1780275402843,4.395,5.500,3.109,5.525,0.000,0.000,0.240,0.298,19.067,16.945
1780275402882,3.969,4.960,3.043,4.920,0.000,0.000,0.619,0.729,18.240,16.218
1780275402941,3.761,4.045,2.799,3.852,0.000,0.000,0.528,0.670,15.655,13.430
1780275402995,3.433,1.472,0.736,3.768,0.003,0.003,2.081,2.329,13.825,10.182
1780275403055,2.292,0.331,0.171,3.615,0.000,0.003,1.993,2.270,10.675,8.073
1780275403127,0.324,0.200,4.647,3.233,0.000,0.000,0.495,0.659,9.558,6.739
1780275403186,2.055,5.872,7.187,2.048,0.000,0.000,0.204,0.229,17.595,11.612
1780275403235,2.908,7.104,8.077,2.168,0.000,0.000,1.592,1.804,23.653,16.073
1780275403281,1.848,4.665,8.033,2.216,0.003,0.007,3.349,3.772,23.893,18.400
1780275403363,2.777,7.406,7.359,2.533,0.000,0.003,2.996,3.426,26.500,21.115
1780275403417,2.063,4.898,7.618,2.456,0.003,0.007,3.247,3.666,23.958,18.279
1780275403466,2.868,6.247,6.076,2.894,0.000,0.003,2.792,3.160,24.040,19.394
1780275403521,2.453,4.997,6.914,3.138,0.000,0.003,1.228,1.472,20.205,16.800
1780275403586,2.711,5.183,5.693,3.222,0.000,0.000,0.878,1.071,18.758,15.152
1780275403647,2.573,4.654,5.722,3.316,0.000,0.000,0.524,0.685,17.474,14.255
1780275403711,2.558,3.247,3.608,3.626,0.003,0.003,2.700,3.054,18.799,12.364
1780275403771,2.577,2.030,2.755,2.948,0.003,0.007,4.964,5.620,20.904,16.679
1780275403819,2.449,1.505,2.095,3.138,0.003,0.007,4.261,4.676,18.134,16.315
1780275403922,2.792,0.834,1.235,3.433,0.000,0.003,2.788,3.163,14.248,10.715
1780275403982,3.163,1.042,1.505,3.273,0.000,0.003,0.510,0.641,10.137,8.606
1780275404056,2.201,0.801,1.206,2.172,0.007,0.018,10.016,10.628,27.049,24.485
1780275404119,2.744,1.111,1.509,3.058,0.000,0.003,3.280,3.163,14.868,17.285
1780275404181,2.022,0.838,1.753,2.901,0.003,0.010,5.482,5.974,18.983,13.818
1780275404221,0.765,0.998,2.558,2.620,0.003,0.010,5.678,6.298,18.930,16.291
1780275404259,0.342,0.324,2.504,2.427,0.003,0.010,5.689,6.243,17.542,15.685
1780275404305,2.351,1.206,1.651,2.358,0.003,0.010,5.467,5.988,19.034,16.533
1780275404340,3.364,1.891,1.038,2.274,0.003,0.010,5.387,5.893,19.860,17.091
1780275404427,3.327,0.893,0.492,2.387,0.003,0.010,5.186,5.759,18.057,16.242
1780275404492,3.152,1.122,0.820,2.817,0.000,0.003,3.856,4.315,16.085,13.600
1780275404568,0.320,0.670,0.863,0.164,0.003,0.000,1.702,2.055,5.777,4.339
1780275404640,0.014,0.040,0.051,0.007,0.000,0.000,0.302,0.360,0.774,1.382
1780275404678,0.010,0.007,0.010,0.003,0.000,0.000,0.324,0.419,0.773,1.018
1780275404718,0.003,0.003,0.003,0.003,0.000,0.000,0.586,0.772,1.370,1.139
1780275404758,0.003,0.003,0.003,0.003,0.003,0.000,1.993,2.212,4.220,1.527
1780275404796,0.003,0.003,0.003,0.003,0.000,0.003,2.449,2.773,5.237,3.758
1780275404836,0.003,0.000,0.003,0.003,0.000,0.003,2.635,2.974,5.621,4.073
1780275404877,0.003,0.000,0.003,0.003,0.000,0.003,2.649,2.988,5.649,4.242
1780275404950,0.000,0.003,0.003,0.003,0.000,0.003,2.434,2.781,5.227,4.024
1780275405007,0.003,0.000,0.000,0.000,0.000,0.003,2.267,2.609,4.882,3.782
1780275405075,0.003,0.000,0.003,0.007,0.000,0.000,0.718,0.914,1.645,1.818
1780275405145,0.000,0.000,0.003,0.003,4.866,0.003,0.386,0.528,5.789,4.509
1780275405209,0.000,0.000,0.000,0.000,4.486,4.286,1.410,1.629,11.811,14.618
1780275405256,0.000,0.000,0.003,0.003,3.069,3.218,2.584,2.886,11.763,12.267
1780275405293,0.000,0.003,0.000,0.007,2.806,2.803,1.454,1.720,8.793,11.321
1780275405330,0.003,0.000,0.000,0.003,2.945,3.120,1.224,1.465,8.760,8.533
1780275405376,0.003,0.000,0.000,0.003,2.679,2.241,3.156,3.513,11.595,8.509
1780275405415,0.000,0.000,0.000,0.003,2.022,2.361,4.774,5.143,14.303,11.127
1780275405449,0.000,0.000,0.000,0.000,2.391,2.121,5.084,5.616,15.212,16.630
1780275405489,0.003,0.000,0.000,0.003,1.935,2.176,5.113,5.678,14.908,16.242
1780275405521,0.000,0.000,0.000,0.003,1.950,2.150,5.347,5.879,15.329,15.539
1780275405572,0.000,0.003,0.000,0.000,1.818,1.731,5.423,5.959,14.934,15.152
1780275405622,0.000,0.000,0.000,0.003,1.498,1.498,5.263,5.832,14.094,14.909
1780275405702,0.000,0.000,0.000,0.003,1.355,1.403,5.128,5.664,13.553,15.758
1780275405744,0.003,0.000,0.000,0.000,1.465,1.450,5.252,5.751,13.921,14.570
1780275405783,0.003,0.000,0.000,0.003,1.563,1.643,3.666,4.250,11.128,13.139
1780275405819,0.000,0.000,0.000,0.003,1.315,1.359,4.891,5.609,13.177,10.764
1780275405849,0.000,0.000,0.000,0.007,1.330,1.304,5.285,5.824,13.750,13.406
1780275405891,0.003,0.000,0.000,0.003,1.283,1.341,5.285,5.784,13.699,13.552
1780275405927,0.000,0.000,0.000,0.000,1.385,1.370,5.219,5.755,13.729,13.673
1780275405981,0.000,0.003,0.000,0.003,1.574,1.600,3.553,3.998,10.731,13.188
1780275406034,0.000,0.000,0.000,0.000,1.640,1.658,1.071,1.304,5.673,7.127
1780275406101,0.000,0.003,0.000,0.000,1.509,1.501,0.262,0.320,3.595,4.170
1780275406166,0.000,0.000,0.000,0.003,1.432,1.461,0.196,0.218,3.310,3.588
1780275406266,0.003,0.000,0.000,0.000,1.428,1.458,0.211,0.236,3.336,3.636
1780275406334,0.000,0.000,0.000,0.003,0.211,0.153,1.942,2.165,4.474,3.685
1780275406387,0.000,0.000,0.000,0.000,0.014,0.021,2.150,2.438,4.623,3.370
1780275406430,0.000,0.000,0.003,0.003,0.007,0.007,2.274,2.591,4.885,3.321
1780275406474,0.003,0.000,0.003,0.003,0.003,0.003,2.143,2.434,4.592,3.442
1780275406515,0.000,0.000,0.000,0.003,0.000,0.003,0.863,1.067,1.936,2.788
1780275406557,0.000,0.003,0.003,0.003,0.003,0.003,1.618,1.829,3.462,1.576
1780275406633,0.000,0.000,0.000,0.003,0.003,0.003,1.961,2.230,4.200,2.982
1780275406687,0.000,0.000,0.000,0.003,0.000,0.003,2.099,2.380,4.485,3.176
1780275406760,0.000,0.000,0.000,0.003,0.003,0.000,0.714,0.790,1.510,1.794
1780275406800,0.007,0.000,0.000,0.003,0.000,0.003,0.342,0.441,0.796,1.115
1780275406870,0.000,0.000,0.003,0.000,0.000,0.000,0.317,0.404,0.724,0.994
1780275406920,0.003,0.000,0.000,0.003,0.000,0.003,1.720,1.942,3.671,1.939
1780275406964,0.003,0.000,0.000,0.003,0.000,0.003,1.964,2.234,4.207,2.958
1780275407007,0.000,0.000,0.000,0.003,0.000,0.003,2.241,2.525,4.772,3.152
1780275407058,0.003,0.000,0.000,0.000,0.003,0.003,2.135,2.427,4.571,3.370
1780275407098,0.007,0.000,0.000,0.003,0.003,0.003,1.042,1.272,2.330,2.109
1780275407162,0.000,0.000,0.000,0.003,0.000,0.000,0.608,0.750,1.361,1.406
1780275407221,0.000,0.000,0.000,0.003,0.000,0.000,0.608,0.743,1.354,1.261
1780275407280,0.000,0.000,0.000,0.003,0.000,0.003,0.626,0.772,1.404,1.309
1780275407316,0.000,0.000,0.003,0.003,0.003,0.003,1.822,2.019,3.853,2.473
1780275407408,0.000,0.000,0.000,0.003,0.000,0.003,2.168,2.453,4.627,3.321
1780275407443,0.000,0.000,0.000,0.003,0.003,0.003,2.299,2.595,4.903,3.370
1780275407488,0.000,0.000,0.000,0.000,0.003,0.003,2.172,2.449,4.627,3.539
1780275407536,0.000,0.000,0.003,0.000,0.000,0.003,0.918,1.104,2.028,2.085
1780275407576,0.003,0.000,0.000,0.003,0.000,0.000,0.747,0.911,1.664,1.430
1780275407618,0.000,0.003,0.000,0.003,0.000,0.000,0.503,0.612,1.121,1.382
1780275407699,0.000,0.000,0.000,0.003,0.000,0.000,0.761,0.925,1.689,1.406
1780275407755,0.000,0.003,0.000,0.003,0.000,0.000,1.928,2.187,4.121,2.909
1780275407813,0.003,0.000,0.000,0.003,0.003,0.003,2.555,2.861,5.428,3.685
1780275407854,0.000,0.000,0.003,0.000,0.003,0.003,2.351,2.675,5.035,3.685
1780275407922,0.000,0.000,0.000,0.003,0.000,0.003,2.168,2.474,4.648,3.515
1780275407963,0.003,0.000,0.000,0.003,0.000,0.003,1.071,1.297,2.377,2.570
1780275408011,0.007,0.000,0.000,0.003,0.000,0.000,0.616,0.754,1.380,1.406
1780275408046,0.003,0.000,0.000,0.003,0.000,0.000,0.710,0.849,1.565,1.358
1780275408081,0.003,0.000,0.000,0.003,0.000,0.000,0.492,0.641,1.139,1.430
1780275408140,0.003,0.000,0.000,0.003,0.000,0.000,0.739,0.907,1.652,1.261
1780275408211,0.000,0.000,0.000,0.003,0.000,0.000,1.939,2.194,4.136,2.352
1780275408272,0.000,0.003,0.000,0.003,0.003,0.003,2.161,2.449,4.622,3.297
1780275408331,0.003,0.000,0.000,0.003,0.003,0.003,2.442,2.759,5.213,3.491
1780275408389,0.000,0.000,0.000,0.000,0.000,0.000,1.027,1.148,2.175,2.715
1780275408478,0.000,0.000,0.000,0.003,0.003,0.003,2.048,2.289,4.346,3.006
1780275408530,0.000,0.000,0.000,0.003,0.000,0.003,2.135,2.423,4.564,3.297
1780275408568,0.000,0.000,0.000,0.003,0.000,0.000,0.962,0.973,1.938,2.158
1780275408613,0.003,0.000,0.000,0.003,0.000,0.000,0.725,0.874,1.605,1.285
1780275408653,0.000,0.000,0.000,0.003,0.003,0.000,0.750,0.900,1.656,1.406
1780275408711,0.000,0.000,0.000,0.003,0.003,0.000,0.623,0.780,1.409,1.406
1780275408774,0.000,0.000,0.003,0.003,0.000,0.003,2.095,2.387,4.491,3.248
1780275408833,0.003,0.000,0.000,0.003,0.000,0.000,2.165,2.471,4.642,3.370
1780275408872,0.000,0.003,0.000,0.003,0.003,0.003,2.267,2.580,4.859,3.418
1780275408911,0.000,0.000,0.000,0.003,0.003,0.000,0.841,1.057,1.904,2.545
1780275408993,0.000,0.000,0.003,0.003,0.003,0.000,0.718,0.885,1.612,1.382
1780275409044,0.000,0.003,0.000,0.003,0.000,0.000,0.750,0.918,1.674,1.503
1780275409084,0.000,0.000,0.003,0.003,0.003,0.003,0.780,0.940,1.732,1.479
1780275409117,0.000,0.000,0.000,0.003,0.000,0.003,1.877,2.070,3.953,1.479
1780275409151,0.000,0.000,0.000,0.003,0.003,0.003,2.525,2.846,5.380,3.564
1780275409200,0.000,0.000,0.000,0.003,0.003,0.003,2.347,2.657,5.013,4.170
1780275409266,0.000,0.000,0.000,0.007,0.003,0.003,2.303,2.620,4.936,3.564
1780275409302,0.007,0.000,0.000,0.003,0.000,0.000,1.261,1.527,2.798,3.297
1780275409364,0.003,0.000,0.003,0.003,0.000,0.000,0.645,0.816,1.470,1.770
1780275409411,0.003,0.000,0.000,0.003,0.000,0.000,0.586,0.743,1.335,1.261
1780275409467,0.831,0.867,0.277,0.444,0.000,0.000,0.586,0.732,3.737,1.673
1780275409561,5.325,2.959,2.478,2.143,0.000,0.000,0.535,0.681,14.121,8.388
1780275409601,4.053,3.524,3.696,6.371,0.000,0.003,2.030,2.292,21.969,11.855
1780275409636,3.397,4.603,5.536,7.559,0.003,0.007,3.058,3.400,27.563,17.697
1780275409691,0.984,3.794,6.152,6.684,3.969,3.608,3.553,3.983,32.727,29.018
1780275409733,1.374,5.073,5.846,5.635,2.558,2.489,3.757,4.220,30.952,28.267
1780275409805,2.456,3.517,5.441,4.337,1.909,1.920,2.394,2.864,24.838,24.218
1780275409869,0.331,4.337,1.676,2.372,1.931,1.950,0.976,1.104,14.677,12.727
1780275409921,1.530,3.703,0.451,1.272,0.739,0.882,9.903,10.483,28.963,12.461
1780275409959,1.374,2.886,2.485,0.455,0.900,0.933,10.468,11.405,30.906,27.612
1780275410003,0.586,2.638,4.607,0.233,1.578,1.574,5.737,6.313,23.266,23.103
1780275410079,1.472,3.247,4.476,0.397,1.458,1.498,4.938,5.463,22.949,20.509
1780275410117,2.792,3.007,3.827,2.183,1.290,1.341,4.709,5.201,24.350,19.564
1780275410156,2.974,2.248,3.564,3.404,1.345,1.355,4.563,5.117,24.570,22.424
1780275410205,3.433,2.219,3.295,3.200,1.381,1.425,4.264,4.771,23.988,22.255
1780275410251,3.553,2.609,3.072,3.036,1.643,1.702,2.121,2.489,20.225,21.527
1780275410316,3.349,2.135,3.087,2.376,1.592,1.647,0.856,1.115,16.157,14.618
1780275410374,3.193,0.572,2.948,0.353,1.665,1.705,0.255,0.302,10.993,10.715
1780275410427,1.807,0.087,0.944,0.174,0.601,0.725,9.138,9.655,23.131,14.473
1780275410476,1.760,1.129,0.204,3.922,1.775,1.742,2.179,2.628,15.339,17.212
1780275410530,2.551,1.221,0.112,4.133,1.191,1.250,4.855,5.288,20.601,17.164
1780275410594,2.139,0.736,0.145,3.685,1.388,1.396,5.070,5.533,20.092,18.764
1780275410652,2.598,0.313,0.127,3.357,1.563,1.749,4.928,5.361,19.996,18.812
1780275410721,2.806,0.105,0.036,3.211,2.059,2.460,1.148,1.443,13.268,13.964
1780275410791,2.015,3.025,3.747,2.066,1.374,1.399,10.093,10.862,34.581,24.848
1780275410858,3.725,0.521,3.717,1.447,1.731,1.833,10.100,10.891,33.965,28.097
1780275410930,5.438,0.247,3.976,0.255,2.099,2.387,5.704,6.280,26.386,20.897
1780275410977,1.516,0.065,0.896,0.043,2.453,1.807,5.853,6.367,19.000,17.455
1780275411017,0.185,0.007,0.065,0.010,2.781,2.558,5.726,6.254,17.586,16.291
1780275411053,0.029,0.000,0.018,0.007,4.199,4.486,5.296,5.748,19.783,18.085
1780275411116,0.069,0.065,0.328,0.080,6.302,6.469,4.825,5.241,23.379,23.079
1780275411158,1.501,1.691,1.355,1.396,5.985,5.868,4.698,5.113,27.607,22.788
1780275411209,3.331,3.557,3.400,3.524,5.726,5.901,4.293,4.687,34.419,26.012
1780275411271,3.805,3.586,4.687,4.665,5.070,5.237,3.987,4.435,35.472,26.812
1780275411323,3.397,3.546,4.261,4.691,5.434,5.441,1.786,2.074,30.630,25.673
1780275411407,3.546,1.057,0.229,4.855,5.573,5.609,0.397,0.605,21.871,15.758
1780275411468,0.885,1.166,5.011,7.672,5.339,5.420,0.160,0.178,25.831,20.800
1780275411520,0.178,0.222,6.160,4.071,5.489,5.678,0.473,0.586,22.857,21.091
1780275411571,0.149,0.743,5.554,4.271,5.197,5.274,0.710,0.841,22.739,18.764
1780275411638,0.120,2.434,4.417,2.937,5.088,5.241,1.002,1.224,22.463,17.842
1780275411680,0.160,3.593,2.329,1.939,4.734,4.782,2.292,2.529,22.358,15.758
1780275411739,0.014,0.368,0.189,0.182,4.118,4.333,2.544,2.868,14.616,13.430
1780275411795,0.003,0.025,0.018,0.014,2.773,3.360,2.263,2.577,11.033,10.642
1780275411846,0.003,0.003,0.007,0.003,2.773,2.675,0.718,0.878,7.060,8.606
1780275411930,0.000,0.000,0.003,0.003,2.894,2.741,0.182,0.218,6.041,6.109
1780275412008,0.466,5.678,7.683,0.397,2.854,3.014,0.178,0.189,20.459,16.776
1780275412069,0.601,4.880,7.800,1.115,2.700,2.733,0.812,0.951,21.592,16.533
1780275412108,1.272,2.489,7.002,3.025,2.507,2.598,2.241,2.803,23.937,17.333
1780275412172,1.417,1.290,5.930,3.335,2.515,2.536,3.123,3.437,23.583,16.776
1780275412223,0.510,1.461,5.099,3.061,2.515,2.544,2.857,3.185,21.232,15.952
1780275412289,1.625,1.950,4.414,4.913,2.525,2.569,1.078,1.166,20.240,15.903
1780275412364,5.482,5.708,3.495,4.836,2.161,2.234,0.273,0.342,24.531,20.145
1780275412439,4.942,1.348,0.291,4.607,2.351,2.416,2.642,3.072,21.669,14.958
1780275412499,6.138,2.948,3.422,3.761,2.343,2.270,2.668,2.937,26.487,19.491
1780275412562,6.119,6.054,6.444,2.033,0.280,0.357,0.761,0.947,22.995,21.527
1780275412604,5.387,5.387,6.393,1.709,0.029,0.043,2.715,2.948,24.611,17.867
1780275412655,5.103,5.729,5.729,3.386,0.007,0.007,1.461,1.713,23.135,20.679
1780275412718,4.931,5.321,5.172,2.522,0.003,0.003,1.345,1.545,20.842,16.533
1780275412759,4.330,4.771,4.370,3.685,0.003,0.003,2.179,2.690,22.031,17.576
1780275412815,4.137,2.402,3.954,1.694,0.003,0.007,2.912,3.284,18.393,14.473
1780275412863,3.819,0.634,3.932,0.451,0.000,0.000,1.144,1.417,11.397,11.855
1780275412906,3.222,1.283,3.295,1.191,0.003,0.003,1.705,1.888,12.590,9.455
1780275412975,2.376,4.075,2.664,3.495,0.000,0.000,0.397,0.517,13.524,12.364
1780275413046,2.715,3.604,2.817,2.879,0.000,0.003,0.681,0.809,13.508,11.394
1780275413118,2.303,2.773,2.256,2.263,0.000,0.003,2.423,2.824,14.845,11.539
1780275413166,2.438,2.781,2.387,2.351,0.003,0.003,2.372,2.679,15.014,12.339
1780275413232,2.190,2.285,1.975,1.775,0.003,0.003,2.511,2.817,13.559,10.861
1780275413281,2.230,2.201,1.982,1.866,0.000,0.003,2.471,2.832,13.585,11.079
1780275413334,0.776,0.798,0.776,0.765,0.000,0.003,1.151,1.487,5.756,6.618
1780275413398,0.083,0.083,0.061,0.040,0.000,0.000,0.382,0.408,1.057,1.673
1780275413451,0.007,0.010,0.010,0.007,0.000,0.007,1.822,2.048,3.911,2.545
1780275413513,0.003,0.000,0.007,0.003,0.003,0.003,2.649,2.999,5.667,3.685
1780275413571,0.000,0.000,0.000,0.003,0.003,0.003,2.824,3.203,6.036,4.582
1780275413632,0.003,0.003,0.003,0.003,0.003,0.003,2.573,2.894,5.485,4.170
1780275413669,0.003,0.000,0.003,0.003,0.000,0.003,2.653,2.981,5.646,4.024
1780275413731,0.000,0.000,0.003,0.000,0.003,0.003,2.270,2.580,4.859,4.121
1780275413785,0.000,0.000,0.000,0.003,0.000,0.003,1.858,2.154,4.018,2.982
1780275413825,0.003,0.003,0.003,0.003,0.000,0.003,1.837,2.103,3.955,2.836
1780275413864,0.003,0.003,0.003,0.007,0.000,0.000,0.900,1.166,2.082,2.836
1780275413924,0.003,0.000,0.000,0.003,0.000,0.000,0.616,0.747,1.369,1.261
1780275413963,0.000,0.007,0.000,0.003,0.000,0.003,0.616,0.761,1.390,1.285
1780275414024,0.003,0.000,0.000,0.000,4.596,0.003,1.600,1.749,7.951,4.436
1780275414094,0.000,0.000,0.000,0.003,4.844,3.943,2.190,2.500,13.480,15.733
1780275414140,0.000,0.000,0.000,0.003,3.382,3.196,2.832,3.284,12.697,14.255
1780275414174,0.000,0.003,0.003,0.003,2.781,2.846,1.786,2.121,9.543,13.988
1780275414237,0.003,0.000,0.000,0.000,2.547,2.566,1.046,1.224,7.386,10.279
1780275414277,0.000,0.003,0.003,0.003,2.591,2.569,0.918,1.111,7.198,8.776
1780275414323,0.000,0.000,0.000,0.003,2.770,3.021,0.954,1.170,7.918,8.048
1780275414376,0.000,0.000,0.000,0.003,2.252,1.931,4.738,5.201,14.125,12.267
1780275414432,0.000,0.000,0.000,0.003,2.194,2.146,5.121,5.646,15.110,17.285
1780275414461,0.003,0.000,0.000,0.003,2.019,2.077,5.179,5.686,14.967,16.800
1780275414493,0.000,0.000,0.003,0.003,1.950,2.030,5.212,5.704,14.902,16.024
1780275414570,0.000,0.000,0.000,0.000,1.818,1.479,5.420,5.915,14.632,14.958
1780275414626,0.003,0.000,0.000,0.000,1.385,1.436,5.219,5.766,13.809,15.709
1780275414661,0.000,0.000,0.000,0.000,1.392,1.392,5.175,5.671,13.630,16.073
1780275414699,0.000,0.000,0.000,0.000,1.363,1.370,5.095,5.547,13.375,16.218
1780275414759,0.000,0.000,0.000,0.003,1.527,1.560,4.290,4.822,12.202,12.630
1780275414802,0.003,0.000,0.000,0.000,1.738,1.683,1.899,2.230,7.553,8.461
1780275414846,0.003,0.000,0.000,0.003,1.140,1.188,4.796,5.172,12.302,8.097
1780275414878,0.000,0.000,0.000,0.003,1.217,1.191,5.336,5.828,13.575,13.479
1780275414907,0.000,0.000,0.000,0.003,1.286,1.272,5.365,5.828,13.754,13.576
1780275414963,0.000,0.000,0.000,0.003,1.352,1.359,5.175,5.704,13.593,13.576
1780275415003,0.003,0.000,0.000,0.003,1.585,1.578,3.455,3.870,10.494,11.830
1780275415075,0.003,0.000,0.000,0.003,1.662,1.632,0.940,1.232,5.472,7.927
1780275415136,0.000,0.000,0.003,0.003,1.479,1.530,0.266,0.317,3.598,3.903
1780275415197,0.000,0.000,0.000,0.000,0.174,0.207,0.229,0.258,0.868,2.158
1780275415232,0.000,0.003,0.000,0.003,0.040,0.051,0.295,0.357,0.749,1.091
1780275415279,0.000,0.000,0.000,0.000,0.007,0.010,0.328,0.400,0.745,1.018
1780275415320,0.003,0.000,0.003,0.003,0.003,0.003,0.324,0.430,0.769,0.994
1780275415361,0.000,0.000,0.000,0.003,0.003,0.003,0.605,0.729,1.343,0.994
1780275415405,0.003,0.000,0.003,0.003,0.000,0.003,1.964,2.194,4.170,2.327
1780275415442,0.003,0.000,0.000,0.003,0.003,0.003,2.296,2.595,4.903,3.321
1780275415499,0.000,0.000,0.000,0.003,0.003,0.003,2.332,2.624,4.965,3.636
1780275415551,0.007,0.003,0.000,0.003,0.003,0.003,1.993,2.299,4.311,3.224
1780275415611,0.000,0.000,0.000,0.003,0.003,0.003,2.004,2.241,4.254,3.030
1780275415656,0.003,0.000,0.000,0.003,0.003,0.000,0.845,1.060,1.914,1.673
1780275415735,0.000,0.000,0.000,0.003,0.000,0.000,0.262,0.306,0.571,1.212
1780275415794,0.000,0.003,0.000,0.003,0.000,0.000,1.760,1.950,3.716,1.939
1780275415833,0.000,0.000,0.000,0.003,0.003,0.003,1.953,2.216,4.178,2.861
1780275415876,0.000,0.000,0.003,0.003,0.003,0.003,2.281,2.529,4.822,3.248
1780275415916,0.000,0.000,0.000,0.003,0.000,0.003,2.048,2.343,4.397,3.491
1780275415950,0.003,0.000,0.003,0.003,0.000,0.000,0.885,1.100,1.994,2.885
1780275416026,0.000,0.000,0.003,0.003,0.000,0.000,0.616,0.750,1.372,1.285
1780275416067,0.003,0.000,0.000,0.003,0.003,0.003,0.605,0.747,1.364,1.309
1780275416129,0.000,0.000,0.000,0.003,0.003,0.003,1.982,2.307,4.298,1.285
1780275416185,0.000,0.000,0.003,0.003,0.003,0.000,0.794,0.962,1.765,1.697
1780275416251,0.000,0.000,0.000,0.003,0.000,0.003,2.022,2.248,4.276,2.473
1780275416302,0.003,0.000,0.000,0.003,0.003,0.003,2.052,2.340,4.404,3.127
1780275416383,0.000,0.000,0.000,0.000,0.000,0.003,2.343,2.609,4.955,3.515
1780275416428,0.003,0.000,0.000,0.000,0.003,0.003,2.146,2.445,4.600,3.394
1780275416464,0.000,0.000,0.000,0.003,0.000,0.003,1.082,1.293,2.381,2.061
1780275416521,0.000,0.000,0.000,0.003,0.000,0.000,0.619,0.772,1.394,1.406
1780275416556,0.003,0.000,0.000,0.003,0.000,0.000,0.605,0.758,1.369,1.236
1780275416593,0.000,0.000,0.003,0.003,0.000,0.000,0.630,0.761,1.397,1.285
1780275416653,0.003,0.000,0.000,0.000,0.000,0.000,0.630,0.772,1.405,1.358
1780275416697,0.000,0.000,0.000,0.003,0.003,0.003,1.629,1.818,3.456,2.352
1780275416767,0.003,0.000,0.000,0.003,0.000,0.003,2.263,2.555,4.827,3.006
1780275416827,0.000,0.000,0.000,0.003,0.003,0.003,2.358,2.638,5.005,3.588
1780275416866,0.000,0.000,0.003,0.003,0.003,0.003,2.190,2.504,4.706,3.370
1780275416901,0.000,0.000,0.000,0.003,0.000,0.000,1.046,1.268,2.317,3.103
1780275416937,0.000,0.000,0.000,0.003,0.000,0.003,0.794,0.954,1.754,1.479
1780275416981,0.000,0.000,0.000,0.003,0.000,0.000,0.626,0.780,1.409,1.430
1780275417041,0.000,0.000,0.003,0.003,0.003,0.000,0.634,0.780,1.423,1.261
1780275417077,0.000,0.003,0.000,0.003,0.000,0.003,1.796,1.986,3.791,2.303
1780275417129,0.000,0.000,0.000,0.003,0.003,0.003,2.187,2.474,4.670,3.370
1780275417188,0.000,0.000,0.000,0.003,0.000,0.003,2.179,2.460,4.645,3.297
1780275417240,0.003,0.000,0.003,0.003,0.003,0.003,2.263,2.584,4.862,3.394
1780275417324,0.000,0.000,0.000,0.003,0.000,0.000,0.845,1.031,1.879,2.109
1780275417381,0.003,0.000,0.000,0.003,0.000,0.000,0.601,0.739,1.346,1.285
1780275417415,0.000,0.000,0.000,0.003,0.003,0.000,0.342,0.444,0.792,1.091
1780275417452,0.003,0.000,0.003,0.003,0.000,0.000,0.568,0.692,1.269,0.970
1780275417488,0.000,0.000,0.000,0.003,0.000,0.003,1.505,1.873,3.384,1.842
1780275417544,0.000,0.000,0.000,0.003,0.000,0.003,1.993,2.263,4.262,2.885
1780275417589,0.000,0.000,0.000,0.000,0.000,0.000,1.020,1.089,2.109,1.818
1780275417622,0.003,0.000,0.000,0.003,0.000,0.003,1.851,2.092,3.952,1.503
1780275417656,0.000,0.000,0.000,0.003,0.000,0.000,1.119,1.363,2.485,2.497
1780275417708,0.000,0.000,0.003,0.003,0.000,0.000,0.659,0.827,1.492,1.382
1780275417769,0.000,0.000,0.000,0.003,0.000,0.003,1.771,2.066,3.843,2.545
1780275417847,0.003,0.000,0.003,0.003,0.003,0.000,0.885,1.071,1.968,2.642
1780275417912,0.000,0.000,0.003,0.003,0.000,0.000,0.652,0.816,1.474,1.309
1780275417950,0.003,0.000,0.000,0.000,0.003,0.003,1.855,2.030,3.894,2.061
1780275417991,0.000,0.000,0.000,0.003,0.003,0.003,2.278,2.580,4.867,3.321
1780275418052,0.000,0.000,0.000,0.000,0.003,0.003,2.507,2.810,5.323,3.782
1780275418104,0.000,0.000,0.000,0.003,0.000,0.003,2.227,2.507,4.740,3.782
1780275418145,1.177,1.217,1.151,1.242,0.000,0.003,0.845,1.053,6.688,3.394
1780275418195,5.868,5.062,5.616,5.343,0.000,0.000,0.236,0.244,22.369,15.006
1780275418261,6.805,4.370,7.406,4.997,0.000,0.000,1.414,1.574,26.566,21.503
1780275418320,5.318,3.998,6.550,5.267,0.003,0.007,3.612,4.002,28.757,24.485
1780275418406,4.804,4.209,5.511,4.468,0.003,0.007,3.976,4.414,27.392,24.388
1780275418463,4.833,4.479,0.976,0.856,0.000,0.003,2.464,2.828,16.439,17.042
1780275418505,3.313,3.437,2.828,3.236,0.007,0.021,8.121,8.689,29.652,12.897
1780275418539,2.660,1.556,3.400,4.213,0.010,0.025,10.399,11.193,33.456,30.230
1780275418592,3.513,1.180,2.908,5.139,0.000,0.003,3.422,3.925,20.090,17.915
1780275418634,3.320,1.126,2.489,4.833,0.003,0.007,3.641,4.031,19.450,13.164
1780275418673,3.233,0.860,2.048,4.643,0.003,0.010,4.851,5.248,20.896,15.224
1780275418729,3.222,0.674,1.443,4.133,0.003,0.010,5.084,5.522,20.091,17.818
1780275418796,3.047,0.488,1.195,4.096,0.003,0.003,3.065,3.524,15.421,15.855
1780275418876,2.795,0.579,1.111,3.699,4.559,3.823,0.404,0.470,17.440,16.897
1780275418957,2.445,0.200,0.083,3.065,1.086,1.093,9.790,10.286,28.048,23.248
1780275419015,0.400,3.444,0.677,2.529,1.239,1.129,10.253,11.131,30.802,26.982
1780275419071,0.317,3.521,0.309,2.741,1.738,1.753,6.364,6.652,23.395,21.236
1780275419110,2.781,2.292,1.534,2.551,1.516,1.501,5.511,5.970,23.656,20.364
1780275419147,3.677,1.673,2.690,2.741,1.406,1.483,5.321,5.861,24.852,21.042
1780275419183,2.598,1.928,2.894,2.883,1.374,1.385,5.343,5.802,24.207,20.242
1780275419220,2.431,3.590,4.505,2.653,1.210,1.221,4.990,5.336,25.936,20.242
1780275419254,1.432,4.184,1.997,3.087,1.417,1.516,5.081,5.573,24.287,21.624
1780275419320,0.091,4.279,0.112,2.679,1.461,1.472,5.106,5.576,20.776,19.370
1780275419399,0.010,3.528,0.007,2.208,1.570,1.570,4.111,4.538,17.542,15.879
1780275419482,2.981,2.533,5.883,1.560,1.458,1.527,1.155,1.261,18.358,16.485
1780275419532,0.601,2.551,5.325,1.618,0.659,0.758,8.412,9.874,29.798,15.564
1780275419567,1.786,2.493,4.698,0.885,1.239,0.936,9.877,10.647,32.561,29.503
1780275419616,2.004,2.544,3.845,1.170,2.340,2.070,5.478,6.149,25.600,25.527
1780275419648,1.603,2.930,3.914,1.268,1.975,2.409,5.015,5.606,24.720,22.715
1780275419680,1.909,3.021,3.728,1.242,2.099,2.055,4.924,5.474,24.452,22.594
1780275419714,1.935,2.693,3.167,1.447,1.844,2.026,5.004,5.474,23.590,21.527
1780275419756,1.793,2.558,2.799,1.439,2.325,2.248,4.957,5.361,23.480,21.382
1780275419805,1.600,2.642,2.839,1.538,2.759,2.905,3.728,4.155,22.166,20.679
1780275419871,1.786,2.646,2.690,1.632,2.449,2.511,1.319,1.632,16.665,16.364
1780275419947,1.071,0.386,2.890,0.160,2.700,2.690,0.390,0.513,10.800,9.406
1780275420038,0.120,0.080,1.042,4.239,1.793,1.833,9.440,9.943,28.490,21.648
1780275420092,3.473,0.065,0.750,6.378,2.923,2.864,4.370,4.891,25.714,20.461
1780275420132,5.875,0.335,0.390,5.883,2.485,2.602,4.589,5.154,27.313,20.024
1780275420172,7.548,0.178,0.153,5.846,0.718,0.889,4.971,5.416,25.719,24.873
1780275420209,7.413,0.116,0.032,4.957,0.145,0.196,5.179,5.580,23.618,21.988
1780275420259,6.761,2.533,3.455,4.986,0.010,0.021,4.953,5.474,28.193,20.776
1780275420302,8.514,3.612,3.364,2.372,0.007,0.014,4.982,5.369,28.234,21.042
1780275420355,7.676,4.111,3.761,0.958,0.003,0.010,4.290,4.658,25.467,20.000
1780275420419,5.606,5.288,5.117,1.979,0.003,0.007,3.655,4.038,25.693,20.267
1780275420478,5.387,6.677,5.992,3.069,0.003,0.000,0.798,0.965,22.891,21.164
1780275420561,3.973,4.920,4.344,2.176,0.007,0.021,9.240,9.921,34.602,27.758
1780275420605,4.042,4.625,4.188,3.965,0.000,0.000,3.265,2.854,22.939,26.521
1780275420650,4.188,4.228,3.542,3.437,0.003,0.010,4.468,4.712,24.588,16.824
1780275420717,2.391,3.419,2.340,2.828,4.421,3.838,4.392,4.840,28.469,27.224
1780275420756,1.020,3.039,0.991,2.773,3.645,3.750,4.716,5.168,25.102,22.836
1780275420790,0.134,2.693,0.127,2.956,3.141,3.072,4.815,5.226,22.164,21.333
1780275420826,0.036,2.110,0.025,2.507,2.894,2.905,4.851,5.398,20.726,19.661
1780275420875,0.010,1.377,0.007,2.274,2.817,2.945,3.513,3.860,16.803,18.279
1780275420937,0.007,1.366,0.007,2.803,2.945,3.058,0.674,0.867,11.727,14.012
1780275421016,0.849,0.765,0.014,3.087,2.766,2.792,0.204,0.225,10.702,9.697
1780275421099,4.975,0.411,4.632,3.021,2.361,2.412,0.145,0.160,18.117,16.970
1780275421156,5.208,1.403,3.047,3.200,2.442,2.522,0.987,1.122,19.931,18.545
1780275421215,3.298,0.867,2.828,3.156,2.307,2.515,3.539,3.812,22.322,17.430
1780275421254,4.206,1.345,2.536,2.467,2.755,2.894,3.666,4.056,23.925,22.279
1780275421309,2.566,0.309,2.307,0.630,2.970,2.981,4.527,4.917,21.207,19.903
1780275421367,0.721,0.047,2.296,4.589,3.105,3.036,3.561,3.998,21.353,17.358
1780275421419,0.123,0.047,2.110,6.502,3.141,4.202,1.560,1.826,19.511,15.176
1780275421493,0.061,0.032,1.330,6.896,3.338,4.257,2.358,2.693,20.965,18.352
1780275421565,0.061,0.065,1.443,7.581,3.105,3.262,2.945,3.225,21.687,18.012
1780275421658,0.054,0.765,1.654,6.940,2.697,2.777,3.357,3.761,22.005,18.642
1780275421725,3.579,1.355,2.004,6.517,2.744,2.751,1.771,1.818,22.539,16.776
1780275421796,5.868,4.596,2.245,5.835,2.423,2.471,0.750,0.925,25.113,21.600
1780275421839,7.133,5.784,2.427,5.303,2.460,2.536,0.648,0.812,27.103,22.982
1780275421901,6.316,2.890,3.353,6.065,2.777,2.788,1.643,1.840,27.672,22.715
1780275421953,2.956,4.869,3.258,2.496,2.759,2.773,3.080,3.386,25.577,20.800
1780275422017,1.527,1.337,0.878,0.732,3.080,3.069,1.899,2.230,14.752,13.018
1780275422087,2.890,0.426,3.747,1.396,0.309,0.422,0.546,0.703,10.439,4.170
1780275422179,1.975,0.743,4.873,1.968,0.018,0.029,9.794,10.377,29.777,20.461
1780275422240,0.287,0.091,0.532,0.298,0.007,0.014,6.251,6.772,14.252,13.333
1780275422295,0.025,0.010,0.043,0.014,0.007,0.014,5.737,6.145,11.995,11.855
1780275422336,0.007,0.003,0.010,0.007,0.007,0.010,5.540,6.050,11.634,11.806
1780275422387,0.003,0.000,0.003,0.003,0.003,0.010,5.452,5.923,11.397,11.855
1780275422433,0.000,0.000,0.003,0.007,0.007,0.007,4.107,4.403,8.534,9.988
1780275422477,0.003,0.003,0.003,0.003,0.003,0.000,1.742,2.019,3.776,3.855
1780275422533,0.000,0.000,0.003,0.003,0.000,0.000,0.714,0.885,1.605,1.939
1780275422611,0.003,0.003,0.003,0.003,0.000,0.000,0.725,0.856,1.593,1.430
1780275422701,0.000,0.000,0.000,0.003,0.003,0.000,0.484,0.601,1.091,1.164
1780275422771,0.003,0.000,0.003,0.003,0.003,0.003,1.705,1.971,3.691,2.448
1780275422817,0.003,0.000,0.000,0.003,0.000,0.003,2.092,2.391,4.492,3.273
1780275422866,0.003,0.003,0.000,0.003,3.342,0.003,2.161,2.449,7.964,6.036
1780275422902,0.000,0.000,0.000,0.003,4.909,0.003,1.170,1.468,7.553,9.600
1780275422942,0.003,0.000,0.000,0.007,5.576,4.465,1.410,1.560,13.021,7.927
1780275422983,0.000,0.003,0.000,0.007,3.816,3.579,1.301,1.563,10.269,14.012
1780275423034,0.003,0.000,0.000,0.003,2.770,2.901,2.197,2.613,10.487,11.079
1780275423074,0.003,0.000,0.000,0.003,2.872,2.573,2.533,2.875,10.859,11.152
1780275423122,0.007,0.000,0.000,0.000,2.617,2.937,1.789,2.070,9.420,10.133
1780275423197,0.000,0.000,0.000,0.003,1.990,2.190,5.059,5.431,14.673,14.570
1780275423237,0.000,0.000,0.000,0.000,2.033,2.052,5.070,5.511,14.666,16.024
1780275423284,0.003,0.000,0.000,0.003,1.753,1.935,5.234,5.821,14.749,15.055
1780275423337,0.000,0.000,0.000,0.003,1.749,1.611,5.380,5.824,14.567,14.764
1780275423400,0.000,0.000,0.000,0.003,1.385,1.414,5.219,5.664,13.685,15.152
1780275423431,0.000,0.000,0.003,0.003,1.352,1.417,5.110,5.616,13.501,15.370
1780275423485,0.003,0.000,0.003,0.003,1.552,1.523,4.381,4.822,12.287,13.333
1780275423525,0.000,0.000,0.000,0.003,1.563,1.549,3.623,3.947,10.685,11.055
1780275423576,0.000,0.000,0.003,0.003,1.228,1.257,4.957,5.267,12.715,9.576
1780275423614,0.000,0.003,0.000,0.003,1.261,1.217,5.325,5.748,13.557,13.333
1780275423662,0.000,0.000,0.000,0.003,1.261,1.348,5.256,5.770,13.638,13.479
1780275423716,0.000,0.000,0.000,0.003,1.334,1.345,5.161,5.624,13.467,13.309
1780275423773,0.000,0.003,0.000,0.000,1.574,1.592,3.069,3.422,9.660,9.673
1780275423839,0.000,0.000,0.000,0.003,1.629,1.596,0.568,0.692,4.488,5.794
1780275423904,0.000,0.000,0.000,0.000,0.524,0.601,9.364,10.883,21.372,17.309
1780275423961,0.003,0.000,0.003,0.003,0.127,0.149,3.203,3.706,7.194,12.412
1780275424005,0.000,0.000,0.000,0.003,0.025,0.032,5.059,5.602,10.721,5.406
1780275424039,0.003,0.000,0.003,0.000,0.010,0.018,5.609,6.047,11.690,11.539
1780275424080,0.000,0.000,0.000,0.000,0.007,0.014,5.609,6.094,11.724,11.588
1780275424115,0.000,0.000,0.003,0.003,0.007,0.014,5.558,6.014,11.599,11.539
1780275424150,0.000,0.000,0.000,0.000,0.007,0.010,5.401,5.897,11.315,11.224
1780275424207,0.000,0.000,0.003,0.003,0.003,0.007,3.776,4.140,7.932,8.945
1780275424263,0.000,0.000,0.000,0.000,0.000,0.003,0.772,0.944,1.719,3.006
1780275424306,0.007,0.000,0.000,0.003,0.003,0.000,0.284,0.291,0.588,0.994
1780275424372,3.488,3.182,3.685,3.593,0.003,0.000,0.164,0.178,14.293,5.818
1780275424422,6.622,5.092,6.684,6.028,0.000,0.000,0.153,0.164,24.743,20.267
1780275424496,6.491,4.053,6.699,4.800,0.000,0.003,1.421,1.611,25.078,21.188
1780275424536,5.347,4.363,5.959,5.245,0.000,0.003,2.879,3.134,26.930,21.988
1780275424579,5.285,4.089,5.525,4.651,0.000,0.007,3.532,3.892,26.981,22.958
1780275424660,4.534,3.991,5.310,4.417,0.000,0.003,1.410,1.683,21.348,18.424
1780275424713,4.180,3.918,4.884,4.111,0.000,0.000,0.499,0.634,18.226,15.952
1780275424754,4.399,2.252,3.411,1.035,0.000,0.000,0.295,0.364,11.756,7.806
1780275424807,2.088,0.710,2.766,0.244,0.010,0.025,9.484,10.049,25.376,10.861
1780275424851,1.975,0.360,3.364,0.397,0.000,0.003,2.988,3.473,12.560,13.697
1780275424898,2.700,0.160,3.426,1.024,0.003,0.003,2.690,2.999,13.005,6.061
1780275424951,1.523,2.128,1.771,4.166,0.003,0.010,4.825,5.186,19.612,13.503
1780275425015,2.103,3.251,1.396,6.542,0.003,0.010,4.833,5.205,23.343,19.248
1780275425060,1.964,5.569,4.005,5.485,0.000,0.003,2.992,3.451,23.469,21.309
1780275425106,2.223,4.734,4.680,5.463,0.000,0.000,0.747,0.896,18.743,19.055
1780275425165,1.760,3.116,3.590,4.399,0.007,0.021,9.035,9.947,31.875,19.927
1780275425219,2.992,4.253,3.295,4.035,0.000,0.003,2.613,2.985,20.176,27.564
1780275425281,2.507,2.864,3.236,3.838,0.003,0.007,3.717,4.031,20.203,16.485
1780275425335,1.144,3.233,1.275,3.353,0.003,0.010,5.004,5.522,19.544,15.976
1780275425394,2.168,2.529,2.084,2.511,0.003,0.010,5.030,5.445,19.780,17.745
1780275425454,2.864,2.624,3.160,2.686,0.000,0.000,1.826,1.909,15.069,13.285
1780275425528,0.204,2.121,0.240,1.184,0.007,0.021,9.138,9.688,22.603,6.861
1780275425602,3.364,2.405,0.018,0.623,0.003,0.000,2.398,2.864,11.675,9.042
1780275425653,1.501,1.683,2.700,0.215,0.003,0.010,4.920,5.245,16.277,7.394
1780275425708,0.820,1.844,4.009,0.164,0.003,0.010,5.325,5.740,17.915,16.388
1780275425765,2.886,2.022,3.353,1.286,0.003,0.003,3.346,3.601,16.500,15.079
1780275425816,2.974,2.212,3.375,2.219,0.000,0.000,0.739,0.641,12.160,11.273
1780275425867,2.077,1.687,2.208,1.461,0.007,0.021,8.700,9.958,26.119,20.703
1780275425930,0.273,0.262,0.277,0.222,3.892,3.444,9.790,10.464,28.624,28.436
1780275425986,0.040,0.047,0.021,0.029,2.657,2.777,6.134,6.491,18.196,19.564
1780275426064,0.000,0.003,0.003,0.003,1.600,1.614,5.970,6.356,15.549,15.152
1780275426119,0.003,0.000,0.000,0.007,1.837,1.479,5.759,6.273,15.358,14.642
1780275426161,0.003,0.000,0.003,0.003,2.566,2.496,5.562,6.036,16.669,15.709
1780275426235,1.377,0.400,0.054,0.663,5.033,4.920,3.346,3.586,19.379,16.776
1780275426303,3.703,4.370,5.912,3.265,3.761,3.809,0.601,0.517,25.938,21.067
1780275426385,3.462,3.776,6.254,3.532,2.496,2.358,8.598,9.305,39.781,33.527
1780275426458,3.535,5.281,5.529,4.250,2.835,3.408,2.103,2.376,29.317,24.339
1780275426523,3.841,4.195,4.446,4.111,1.993,1.939,4.552,4.909,29.986,24.218
1780275426593,3.087,3.535,3.593,3.521,1.935,1.753,5.066,5.493,27.983,22.788
1780275426652,2.325,3.637,2.128,2.296,1.570,1.683,5.307,5.722,24.668,19.248
1780275426695,1.188,1.964,0.477,0.459,1.716,1.698,5.503,6.032,19.037,18.085
1780275426762,0.054,0.083,0.029,0.021,1.844,1.829,3.477,4.100,11.437,11.830
1780275426831,0.007,0.003,0.003,0.007,1.796,1.771,0.670,0.809,5.066,5.915
1780275426869,0.003,0.003,0.003,0.007,1.611,1.651,0.236,0.277,3.791,4.097
1780275426914,1.629,1.086,1.162,1.202,1.417,1.476,0.149,0.156,8.277,5.091
1780275426970,2.624,0.586,3.028,0.466,1.796,1.530,0.171,0.185,10.386,5.915
1780275427013,2.653,4.694,5.937,3.112,1.126,1.213,0.838,0.929,20.502,10.255
1780275427053,2.496,5.292,7.763,1.450,1.410,1.640,0.882,0.991,21.924,17.648
1780275427115,1.461,6.167,6.867,1.946,2.176,2.012,1.913,2.234,24.776,17.333
1780275427175,3.419,5.416,6.185,4.877,1.837,1.920,2.453,2.803,28.910,23.321
1780275427228,4.166,6.345,3.003,2.019,2.037,2.070,3.244,3.626,26.510,19.103
1780275427305,5.022,5.485,5.926,5.252,1.716,1.727,0.597,0.667,26.392,22.473
1780275427379,0.255,0.371,0.360,0.313,2.569,2.708,0.805,0.969,8.350,7.927
1780275427445,0.014,0.021,0.025,0.007,2.700,2.974,0.182,0.207,6.130,6.327
1780275427502,0.003,0.003,0.003,0.003,2.467,2.299,0.196,0.218,5.192,5.842
1780275427572,0.459,1.202,1.530,0.470,2.172,2.161,1.749,1.975,11.718,7.394
1780275427645,3.608,3.951,4.392,4.261,2.591,2.296,1.815,2.063,24.977,14.376
1780275427719,0.834,0.849,1.060,0.940,2.631,2.515,3.265,3.615,15.709,10.594
1780275427770,0.116,0.134,0.160,0.131,2.773,2.864,2.299,2.617,11.094,10.958
1780275427837,0.010,0.003,0.007,0.007,3.105,3.182,1.928,2.183,10.425,8.994
1780275427903,0.000,0.003,0.003,0.007,3.601,3.907,0.393,0.470,8.384,8.630
1780275427967,0.437,0.874,0.914,0.696,3.149,3.116,0.193,0.215,9.594,7.442
1780275428047,2.547,2.628,2.525,2.631,2.631,2.679,0.200,0.236,16.077,8.848
1780275428103,4.599,4.468,5.172,4.388,2.354,2.391,1.148,1.304,25.824,16.921
1780275428198,1.578,1.862,2.485,1.392,3.105,3.109,3.411,3.754,20.696,13.261
1780275428262,0.215,0.240,0.320,0.185,4.086,3.772,1.301,1.563,11.682,10.885
1780275428318,0.014,0.007,0.018,0.010,4.483,4.534,0.277,0.328,9.671,9.309
1780275428397,0.003,0.000,0.003,0.003,4.825,4.468,0.156,0.182,9.640,9.479
1780275428465,4.421,0.612,5.496,0.732,4.246,3.994,1.049,1.250,21.800,16.824
1780275428521,5.766,0.200,5.383,0.193,4.599,4.935,2.121,2.369,25.566,21.770
1780275428559,4.979,0.021,5.154,0.021,4.873,4.727,2.708,3.010,25.493,21.794
1780275428602,4.603,0.007,4.629,0.010,1.180,1.403,3.276,3.717,18.825,19.709
1780275428654,4.490,2.052,4.392,1.472,0.091,0.116,1.315,1.326,15.254,11.927
1780275428720,3.200,6.411,3.480,5.667,0.007,0.010,0.269,0.320,19.364,16.824
1780275428791,3.856,5.270,3.495,3.688,0.003,0.003,0.925,1.078,18.318,15.467
1780275428839,3.874,2.693,1.498,4.574,0.003,0.003,1.027,1.195,14.867,12.218
1780275428902,3.630,2.879,0.236,1.024,0.003,0.003,2.285,2.474,12.534,7.782
1780275428968,2.307,4.330,0.083,0.142,0.003,0.003,2.135,2.431,11.434,6.933
1780275429020,2.037,5.121,0.032,0.043,0.003,0.003,1.840,2.110,11.189,7.539
1780275429073,1.585,4.443,0.010,0.087,0.003,0.003,0.729,0.893,7.753,5.915
1780275429144,1.213,3.641,0.007,0.171,0.000,0.000,0.521,0.626,6.179,4.558
1780275429189,1.264,3.284,0.003,0.211,0.000,0.003,0.338,0.419,5.522,4.630
1780275429263,0.962,2.919,1.796,0.189,0.003,0.003,2.289,2.504,10.665,4.485
1780275429325,1.432,2.267,1.716,0.266,0.000,0.003,2.693,3.036,11.413,7.418
1780275429372,1.702,2.095,1.866,1.129,0.003,0.003,2.464,2.737,11.999,7.733
1780275429430,1.388,1.173,6.539,6.356,0.000,0.003,1.848,2.044,19.351,18.279
1780275429495,2.146,1.552,5.066,6.488,0.003,0.007,3.032,3.411,21.705,20.388
1780275429539,1.272,2.070,5.194,4.497,0.003,0.003,1.837,2.114,16.990,15.636
1780275429579,0.634,2.325,5.022,2.730,0.003,0.003,2.227,2.456,15.400,11.055
1780275429644,0.112,2.675,4.574,0.324,0.000,0.003,1.100,1.308,10.096,8.388
1780275429684,3.411,1.235,4.370,0.040,0.003,0.003,1.676,1.873,12.611,8.776
1780275429731,6.313,5.161,3.696,1.811,0.000,0.000,0.903,1.082,18.966,8.897
1780275429798,6.353,4.556,2.176,1.971,0.003,0.003,2.715,3.047,20.824,13.673
1780275429854,5.073,6.655,1.476,3.258,0.000,0.003,2.744,3.090,22.299,18.424
1780275429889,4.472,5.821,1.315,2.679,0.000,0.003,3.196,3.557,21.043,17.503
1780275429948,1.902,2.879,0.273,0.513,0.003,0.003,3.273,3.703,12.549,10.739
1780275430009,0.204,2.121,0.040,3.360,0.000,0.003,1.002,1.246,7.976,4.073
1780275430054,1.647,4.869,0.557,6.910,0.000,0.003,0.306,0.364,14.656,10.812
1780275430100,3.269,3.182,3.663,7.610,0.000,0.000,0.313,0.371,18.408,17.042
1780275430153,3.645,3.163,3.947,8.416,0.000,0.003,2.092,2.263,23.529,19.345
1780275430196,2.445,2.478,4.880,7.180,0.000,0.000,1.570,1.651,20.204,17.455
1780275430248,2.609,2.839,4.665,5.562,0.000,0.000,0.575,0.729,16.979,13.867
1780275430317,1.560,3.036,5.186,3.914,0.000,0.000,0.995,1.144,15.835,11.709
1780275430376,0.962,4.497,4.534,1.498,0.000,0.003,2.274,2.533,16.301,11.976
1780275430427,0.397,4.534,4.556,0.532,0.000,0.000,1.257,1.363,12.639,11.055
1780275430502,0.091,3.954,4.213,0.109,0.000,0.000,0.776,0.925,10.068,8.509
1780275430570,3.025,3.568,3.783,3.736,0.000,0.000,0.386,0.484,14.982,9.018
1780275430631,3.375,3.389,2.682,4.297,0.000,0.000,0.703,0.838,15.284,9.067
1780275430698,5.299,3.397,2.343,5.770,0.000,0.003,1.968,2.372,21.152,13.358
1780275430749,5.689,2.679,2.157,3.976,0.000,0.003,2.697,2.974,20.175,13.285
1780275430813,3.696,2.912,2.478,4.505,0.000,0.003,3.065,3.357,20.016,14.255
1780275430859,4.497,2.602,2.434,4.253,0.003,0.003,2.945,3.331,20.068,14.133
1780275430909,2.529,2.770,2.562,3.174,0.000,0.000,1.046,1.272,13.353,12.533
1780275430968,0.812,2.854,3.229,0.652,0.003,0.003,0.616,0.776,8.945,6.764
1780275431021,2.733,2.460,2.959,2.602,0.000,0.000,1.891,2.026,14.671,8.873
1780275431082,3.386,2.030,3.072,3.652,0.003,0.003,2.332,2.693,17.171,11.442
1780275431134,3.316,2.168,3.039,3.061,0.003,0.003,2.879,3.265,17.734,11.976
1780275431193,3.284,0.590,3.174,0.878,0.003,0.003,3.120,3.568,14.620,10.521
1780275431247,3.510,0.123,2.970,1.392,0.003,0.003,2.595,2.926,13.522,9.988
1780275431298,3.069,0.076,2.332,1.549,0.000,0.003,2.365,2.741,12.135,8.315
1780275431377,0.849,1.800,0.328,2.551,0.000,0.000,0.845,1.031,7.404,4.509
1780275431438,0.171,0.313,0.061,0.313,0.000,0.003,0.794,0.951,2.606,2.012
1780275431480,0.029,0.021,0.007,0.040,0.000,0.003,1.614,1.851,3.565,1.939
1780275431541,0.007,0.003,0.003,0.007,0.003,0.003,2.248,2.536,4.810,3.103
1780275431608,0.003,0.000,0.000,0.007,0.003,0.003,2.529,2.875,5.420,4.048
1780275431652,0.003,0.000,0.000,0.003,0.000,0.000,1.111,1.359,2.476,3.321
1780275431714,0.003,0.000,0.003,0.003,0.000,0.003,1.651,1.866,3.529,1.527
1780275431797,0.142,0.094,0.051,0.251,0.000,0.000,0.546,0.714,1.798,1.648
1780275431847,0.302,0.411,0.193,0.422,0.000,0.003,0.583,0.743,2.657,1.309
1780275431913,0.561,0.575,0.430,0.448,0.000,0.003,1.771,1.964,5.752,2.473
1780275431973,2.511,2.354,2.099,2.092,0.000,0.003,1.982,2.238,13.279,5.770
1780275432024,3.331,3.532,3.685,3.798,0.003,0.000,1.078,1.151,16.578,8.097
1780275432101,3.316,3.400,3.761,3.550,0.000,0.000,1.104,1.304,16.435,8.073
1780275432164,0.400,0.554,0.331,0.320,0.000,0.003,1.330,1.581,4.519,2.885
1780275432232,0.018,0.025,0.014,0.018,0.000,0.003,2.099,2.369,4.546,2.982
1780275432279,0.007,0.003,0.007,0.003,0.000,0.000,0.984,1.184,2.188,2.230
1780275432322,0.003,0.000,0.003,0.003,0.000,0.000,0.776,0.965,1.750,1.552
1780275432381,0.379,0.058,0.306,0.043,0.003,0.003,1.829,2.048,4.669,2.715
1780275432454,1.858,0.688,1.665,0.550,0.003,0.003,2.030,2.351,9.148,4.073
1780275432531,0.072,0.047,0.083,0.058,0.000,0.000,0.670,0.863,1.793,1.479
1780275432580,0.010,0.003,0.010,0.007,0.000,0.000,0.619,0.776,1.425,1.382
1780275432640,0.003,0.000,0.003,0.003,0.003,0.003,0.648,0.798,1.461,1.358
1780275432711,0.000,0.000,0.000,0.003,0.000,0.003,1.946,2.219,4.171,3.006
1780275432773,5.500,5.081,4.574,5.485,0.000,0.003,1.246,1.490,23.379,17.624
1780275432823,7.344,3.211,7.162,3.976,0.000,0.003,2.708,3.014,27.418,21.624
1780275432883,3.539,3.131,4.089,3.947,0.003,0.007,4.235,4.625,23.576,17.236
1780275432946,0.448,0.422,0.317,0.317,0.003,0.000,2.372,2.347,6.226,5.285
1780275432980,0.058,0.054,0.069,0.065,0.000,0.000,0.699,0.874,1.819,1.576
1780275433025,0.010,0.007,0.010,0.007,0.007,0.025,8.507,10.253,18.826,4.824
1780275433060,0.007,0.003,0.007,0.010,0.003,0.000,4.126,4.734,8.890,9.745
1780275433097,0.003,0.000,0.003,0.003,0.003,0.014,4.895,5.190,10.111,3.588
1780275433155,0.003,0.003,0.003,0.003,0.003,0.010,5.562,5.992,11.579,11.418
1780275433228,0.000,0.000,0.000,0.003,0.003,0.003,3.480,3.885,7.374,6.909
1780275433284,0.003,0.000,0.003,0.003,0.000,0.000,0.936,0.761,1.706,3.491
1780275433324,0.003,0.000,0.003,0.003,0.000,0.000,0.269,0.251,0.529,0.873
1780275433365,0.000,0.003,0.000,0.003,0.007,0.025,7.927,9.666,17.631,1.091
1780275433431,0.911,0.681,0.834,0.714,0.000,0.003,3.419,3.885,10.447,7.588
1780275433508,4.753,4.891,6.524,6.604,0.000,0.007,4.071,4.428,31.278,25.624
1780275433542,2.478,2.821,7.074,7.023,0.003,0.007,4.344,4.749,28.499,24.824
1780275433582,2.088,2.518,7.005,6.739,0.000,0.007,4.366,4.738,27.461,23.855
1780275433617,2.817,3.408,6.371,6.130,0.003,0.010,4.308,4.712,27.759,24.727
1780275433666,1.957,2.974,6.746,6.280,0.003,0.007,4.279,4.651,26.897,23.588
1780275433738,1.735,3.298,8.044,6.243,0.003,0.007,3.849,4.180,27.359,23.758
1780275433790,2.442,3.010,8.062,7.854,0.000,0.000,1.461,1.713,24.542,21.624
1780275433829,1.698,2.296,8.008,7.552,0.003,0.021,7.366,7.184,34.128,20.412
1780275433873,1.964,2.197,8.241,7.639,0.003,0.003,4.082,4.548,28.677,28.048
1780275433912,1.753,2.190,8.547,7.767,0.003,0.007,3.714,4.049,28.030,22.667
1780275433956,1.476,2.208,8.405,8.733,0.000,0.007,3.889,4.239,28.957,24.655
1780275434045,1.643,2.088,8.390,8.842,0.000,0.007,3.922,4.301,29.193,25.406
1780275434094,1.888,2.223,8.755,9.232,0.000,0.000,1.683,1.694,25.475,22.861
1780275434137,1.283,1.855,8.379,8.700,0.007,0.021,7.162,7.268,34.675,28.339
1780275434202,1.833,2.533,8.481,8.820,0.000,0.003,3.309,3.870,28.849,30.836
1780275434273,1.607,2.161,8.460,8.802,0.003,0.007,4.002,4.348,29.390,24.461
1780275434330,1.643,2.238,8.401,8.755,0.000,0.007,4.042,4.410,29.496,25.721
1780275434393,1.501,2.146,8.226,8.554,3.116,0.007,3.732,4.100,31.382,27.491
1780275434442,1.516,2.150,7.960,8.281,3.440,3.393,2.197,2.504,31.441,31.418
1780275434485,1.742,2.259,8.019,8.350,3.473,3.400,1.735,1.928,30.906,29.236
1780275434541,1.902,2.347,7.876,8.226,3.772,3.918,1.191,1.381,30.613,29.600
1780275434587,2.208,2.839,8.350,8.153,3.699,3.623,1.293,1.516,31.681,27.733
1780275434623,2.617,3.032,7.621,7.304,2.704,2.890,2.985,3.189,32.342,28.097
1780275434661,3.156,2.675,6.710,7.384,2.289,2.365,3.688,4.075,32.342,29.164
1780275434709,3.291,2.675,6.389,8.055,2.176,2.161,3.608,3.969,32.324,29.842
1780275434763,3.065,3.524,7.362,6.848,1.826,2.019,3.568,3.889,32.101,30.473
1780275434803,2.453,4.818,7.647,7.257,1.928,1.971,3.717,4.148,33.939,30.424
1780275434832,2.183,4.064,7.413,7.643,1.869,2.190,3.816,4.202,33.380,29.939
1780275434898,3.364,2.653,7.858,7.814,2.121,1.953,3.728,4.122,33.613,29.891
1780275434952,2.580,2.824,7.884,7.355,2.114,2.106,3.510,3.936,32.309,30.327
1780275434987,2.398,3.225,7.752,7.191,2.168,2.292,3.502,3.830,32.358,31.224
1780275435023,2.762,3.076,7.734,7.206,1.979,2.074,3.480,3.819,32.130,31.273
1780275435076,3.014,3.054,7.953,7.031,1.844,1.899,3.776,4.220,32.791,29.891
1780275435110,3.039,3.043,7.876,7.144,1.745,1.939,3.834,4.239,32.859,29.527
1780275435152,2.777,2.832,7.887,7.173,1.716,1.716,3.801,4.224,32.126,28.824
1780275435189,2.580,3.080,7.924,7.115,1.560,1.388,3.823,4.169,31.639,28.364
1780275435239,2.569,2.945,7.818,7.009,1.261,1.312,3.593,4.045,30.552,29.212
1780275435290,2.934,3.003,7.741,6.976,1.242,1.381,3.539,3.958,30.774,29.648
1780275435332,2.919,3.145,7.811,7.023,1.301,1.290,3.681,3.991,31.161,29.358
1780275435373,2.977,2.967,7.800,7.045,1.326,1.337,3.856,4.282,31.590,28.461
1780275435434,2.843,2.784,7.752,7.093,1.268,1.352,3.911,4.293,31.296,27.903
1780275435483,2.445,3.039,7.807,7.115,1.275,1.286,3.852,4.250,31.069,27.491
1780275435529,2.558,3.112,7.793,7.104,1.253,1.304,3.783,4.155,31.062,27.418
1780275435571,2.905,3.101,7.774,7.071,1.257,1.337,3.714,4.086,31.245,27.515
1780275435603,2.773,3.196,7.774,7.074,1.235,1.297,3.674,4.071,31.094,27.370
1780275435638,2.788,3.047,7.785,7.085,1.261,1.330,3.666,4.013,30.975,27.273
1780275435703,2.660,2.996,7.800,7.104,1.257,1.323,3.568,3.943,30.651,27.006
1780275435762,2.595,3.058,8.011,7.275,1.432,1.447,2.201,2.584,28.603,26.448
1780275435833,2.926,3.123,8.128,7.428,1.381,1.388,1.078,1.261,26.713,22.521
1780275435885,2.937,3.171,8.244,7.501,1.319,1.370,0.513,0.608,25.663,21.915
1780275435962,2.015,2.405,6.998,7.005,0.630,0.714,8.485,8.963,37.215,32.752
1780275436029,2.569,3.233,7.523,7.078,1.538,1.483,3.437,3.911,30.772,30.618
1780275436078,2.781,2.547,6.502,7.198,1.348,1.396,3.896,4.275,29.943,25.139
1780275436132,3.295,2.183,1.450,7.526,1.458,1.527,4.290,4.683,26.412,22.424
1780275436192,4.333,3.575,4.056,7.005,0.262,0.200,3.867,4.224,27.522,24.412
1780275436247,5.897,4.053,6.181,4.949,0.014,0.025,3.790,4.242,29.151,25.067
1780275436304,3.860,4.217,5.802,3.838,0.003,0.010,4.093,4.534,26.357,21.261
1780275436387,2.168,5.008,5.591,2.529,0.003,0.003,1.913,2.161,19.376,14.836
1780275436446,0.630,3.790,4.377,0.896,0.007,0.025,9.309,10.293,29.327,24.218
1780275436481,0.266,3.870,3.994,0.441,0.007,0.021,10.027,10.679,29.305,26.691
1780275436521,0.371,3.965,4.162,0.153,0.003,0.010,5.974,6.633,21.271,22.982
1780275436557,0.481,3.925,4.209,0.433,0.007,0.010,5.190,5.551,19.806,17.503
1780275436600,1.093,4.399,3.794,0.852,0.003,0.010,4.986,5.420,20.557,17.576
1780275436644,1.006,4.038,3.863,0.984,0.003,0.010,4.898,5.339,20.141,17.188
1780275436707,0.652,3.838,3.524,0.346,0.003,0.010,4.898,5.285,18.556,16.703
1780275436776,0.470,3.881,3.816,0.451,0.003,0.007,3.597,3.962,16.187,14.036
1780275436832,0.408,3.772,3.798,0.258,0.000,0.003,0.809,1.137,10.185,8.848
1780275436900,1.399,2.726,2.766,1.483,0.007,0.025,9.378,9.593,27.377,21.842
1780275436945,3.783,2.259,0.597,0.335,0.007,0.021,10.093,10.909,28.004,24.582
1780275436988,3.725,2.442,0.127,0.036,0.003,0.010,6.167,6.692,19.202,24.218
1780275437037,4.501,2.256,0.032,0.014,0.003,0.010,5.409,5.923,18.148,15.879
1780275437075,4.126,1.811,0.036,0.007,0.003,0.010,5.358,5.846,17.197,15.709
1780275437114,3.710,1.651,0.047,0.007,0.003,0.010,5.361,5.715,16.504,14.812
1780275437164,3.907,1.640,0.018,0.003,0.007,0.010,5.205,5.737,16.527,15.442
1780275437237,3.138,1.443,0.637,0.054,0.003,0.010,5.117,5.642,16.044,14.230
1780275437304,0.240,0.160,0.043,0.007,0.000,0.000,1.815,1.880,4.145,5.503
1780275437369,0.025,0.010,0.003,0.003,0.000,0.000,0.277,0.338,0.656,2.327
1780275437436,0.003,0.003,0.000,0.003,0.000,0.003,0.153,0.167,0.332,1.382
1780275437488,0.003,0.000,0.000,0.003,0.000,0.000,0.182,0.196,0.384,1.576
1780275437554,0.003,0.000,0.000,0.003,0.000,0.000,0.255,0.306,0.567,1.285
1780275437611,0.003,0.003,0.000,0.003,0.000,0.000,0.513,0.601,1.123,1.164
1780275437650,0.000,0.003,0.000,0.003,0.000,0.003,1.487,1.640,3.136,1.624
1780275437689,0.000,0.000,0.000,0.003,0.000,0.003,2.303,2.566,4.875,2.570
1780275437774,0.003,0.000,0.000,0.003,0.003,0.003,2.292,2.577,4.881,3.661
1780275437848,0.003,0.000,0.003,0.003,0.000,0.003,2.001,2.238,4.251,3.127
1780275437911,0.003,0.000,0.003,0.003,0.000,0.000,0.572,0.739,1.320,1.576
1780275437970,0.003,0.000,0.003,0.003,0.000,0.000,0.484,0.601,1.094,1.164
1780275438024,0.000,0.000,0.000,0.000,0.000,0.000,0.506,0.616,1.122,1.164
1780275438084,0.000,0.000,0.000,0.003,0.003,0.003,1.614,1.884,3.507,2.279
1780275438132,0.000,0.000,0.000,0.003,0.000,0.003,1.855,2.084,3.945,2.739
1780275438170,0.003,0.000,0.003,0.003,0.000,0.003,2.110,2.336,4.458,2.982
1780275438207,0.000,0.000,0.003,0.003,0.000,0.003,1.913,2.135,4.057,3.321
1780275438275,0.000,0.000,0.003,0.003,0.000,0.000,1.851,2.077,3.934,2.788
1780275438318,1.570,1.458,1.815,1.217,0.000,0.000,0.670,0.831,7.561,3.952
1780275438386,5.551,2.227,7.129,2.383,0.000,0.000,0.262,0.353,17.905,13.261
1780275438444,4.315,0.390,6.743,0.503,0.000,0.000,1.049,1.264,14.264,11.006
1780275438517,3.798,0.018,5.452,0.018,0.000,0.003,2.423,2.668,14.380,11.491
1780275438580,3.010,5.252,3.991,6.903,0.000,0.003,1.982,2.234,23.375,16.752
1780275438628,2.577,2.485,4.239,6.899,0.000,0.003,3.072,3.386,22.661,19.103
1780275438677,3.014,3.149,4.133,6.236,0.000,0.000,1.406,1.603,19.541,17.479
1780275438719,2.638,3.936,3.940,5.441,0.003,0.000,0.477,0.597,17.032,16.073
1780275438794,2.821,4.082,3.940,4.789,0.000,0.000,0.411,0.521,16.564,13.939
1780275438866,2.649,3.262,3.083,3.342,3.856,3.688,0.499,0.605,20.984,20.024
1780275438920,0.495,3.028,0.575,3.163,2.117,2.223,0.787,0.958,13.346,14.958
1780275438980,0.076,2.547,0.036,2.591,1.800,1.822,0.532,0.670,10.074,12.073
1780275439037,0.010,2.289,0.007,1.997,1.414,1.538,2.274,2.507,12.036,9.648
1780275439093,2.649,1.804,2.558,1.119,1.268,1.366,1.979,2.245,14.988,13.818
1780275439130,3.306,1.724,4.742,0.903,1.348,1.403,0.659,0.809,14.894,14.545
1780275439170,1.789,2.547,4.895,1.530,1.775,1.738,0.251,0.302,14.827,13.891
1780275439214,2.813,2.620,4.089,1.217,2.052,1.971,0.160,0.174,15.096,14.618
1780275439253,2.551,2.033,3.375,1.815,1.756,2.146,0.273,0.368,14.317,13.261
1780275439324,2.442,2.307,2.861,1.622,2.566,2.409,0.127,0.138,14.472,13.261
1780275439398,1.417,0.353,1.293,0.714,1.217,1.443,8.842,9.123,24.402,17.333
1780275439463,0.761,3.564,0.233,0.109,1.603,1.232,9.429,10.227,27.158,28.170
1780275439524,0.761,4.432,0.029,0.116,1.811,2.041,6.218,6.590,21.998,22.036
1780275439580,0.659,4.734,0.007,0.156,1.771,2.015,5.660,6.181,21.183,19.079
1780275439639,0.976,5.084,0.007,0.153,2.026,1.895,5.383,5.839,21.363,20.145
1780275439684,0.969,5.853,4.086,1.239,1.873,1.665,5.237,5.667,26.589,20.848
1780275439721,1.370,4.589,6.109,3.677,1.501,1.694,4.960,5.336,29.236,21.648
1780275439783,2.773,2.474,4.858,4.665,1.771,1.775,3.976,4.403,26.695,20.097
1780275439865,4.275,0.273,0.178,4.833,2.033,1.939,0.645,0.568,14.744,17.842
1780275439937,3.229,0.462,0.269,3.382,0.936,1.031,8.871,9.513,27.693,25.939
1780275439992,2.956,0.368,0.262,3.236,1.385,1.366,9.148,9.943,28.664,28.170
1780275440054,3.397,0.477,0.298,3.677,2.208,2.183,3.218,3.273,18.731,19.636
1780275440113,2.810,0.448,0.211,3.455,1.359,1.538,5.252,5.842,20.915,17.382
1780275440152,2.755,0.375,0.207,2.999,1.443,1.458,5.715,6.156,21.108,20.145
1780275440191,2.843,0.346,0.262,3.018,1.501,1.487,5.646,6.174,21.277,20.170
1780275440227,2.318,0.287,0.273,3.171,1.556,1.600,5.576,6.079,20.860,19.879
1780275440275,2.668,0.360,0.309,3.302,1.818,1.851,3.637,3.841,17.786,19.588
1780275440335,2.515,0.484,0.262,3.532,2.168,2.059,0.780,0.780,12.580,11.539
1780275440407,2.562,0.258,0.164,2.722,1.334,1.523,8.438,8.999,26.000,20.679
1780275440457,2.285,0.204,0.134,2.533,2.092,1.913,9.025,9.582,27.768,25.745
1780275440495,2.303,0.207,0.131,2.792,2.303,2.449,6.666,6.874,23.725,22.182
1780275440531,2.372,0.207,0.134,2.967,2.631,2.646,5.839,6.345,23.141,22.182
1780275440593,2.154,0.244,0.105,2.948,3.032,2.854,5.667,6.083,23.087,22.327
1780275440669,2.445,0.058,0.010,3.273,3.382,3.404,3.353,3.739,19.664,19.661
1780275440725,2.110,6.112,7.526,2.511,2.515,2.471,0.801,0.626,24.672,21.988
1780275440789,2.314,6.225,5.886,0.980,1.738,1.822,7.628,7.698,34.291,26.085
1780275440829,2.063,7.545,7.228,1.906,2.515,2.540,1.556,1.840,27.193,25.818
1780275440880,2.977,6.163,7.177,2.022,3.914,3.630,0.247,0.284,26.414,23.515
1780275440954,2.799,4.282,6.550,2.066,4.450,4.122,4.180,4.698,33.147,28.606
1780275441011,0.583,5.143,4.957,0.470,4.960,4.851,4.902,5.270,31.136,28.315
1780275441049,0.167,5.008,5.285,0.160,4.527,4.753,4.953,5.336,30.189,28.145
1780275441112,5.649,4.862,4.333,4.866,0.448,0.597,3.929,4.384,29.068,27.418
1780275441185,5.576,4.891,3.743,6.258,0.014,0.021,0.838,0.677,22.018,19.345
1780275441239,5.988,5.070,2.974,6.130,0.003,0.007,0.546,0.630,21.348,18.642
1780275441290,5.766,4.570,2.988,5.897,0.003,0.003,2.154,2.299,23.680,18.497
1780275441359,4.818,4.330,2.733,5.179,0.003,0.007,3.433,3.692,24.195,20.024
1780275441406,3.754,3.484,2.617,3.809,0.003,0.003,3.382,3.670,20.722,17.212
1780275441485,0.258,0.240,0.109,0.138,0.000,0.003,1.195,1.184,3.127,2.497
1780275441538,0.025,0.018,0.014,0.014,0.000,0.000,0.353,0.444,0.868,1.382
1780275441573,0.007,0.007,0.007,0.007,0.000,0.003,1.129,1.213,2.373,1.673
1780275441633,0.003,0.000,0.003,0.007,0.000,0.000,1.683,1.906,3.602,2.909
1780275441688,0.003,0.000,0.003,0.003,0.003,0.000,1.891,2.117,4.020,2.473
1780275441732,0.003,0.000,0.003,0.003,0.000,0.003,2.041,2.245,4.298,2.764
1780275441777,0.000,0.003,0.003,0.003,0.000,0.003,1.778,2.004,3.794,2.861
1780275441818,0.003,0.003,0.003,0.003,0.000,0.003,1.735,1.942,3.692,2.424
1780275441868,0.003,0.000,0.003,0.003,3.750,0.003,1.570,1.760,7.092,2.570
1780275441927,0.000,0.003,0.003,0.003,4.643,0.003,1.888,2.117,8.660,8.315
1780275441989,0.000,0.000,0.000,0.003,4.545,4.753,0.408,0.499,10.208,15.297
1780275442027,0.000,0.000,0.000,0.003,3.222,3.141,1.789,1.950,10.105,10.812
1780275442082,0.000,0.000,0.000,0.003,2.442,2.493,2.026,2.234,9.198,10.255
1780275442121,0.003,0.000,0.000,0.003,2.624,2.617,2.146,2.354,9.747,8.509
1780275442161,0.000,0.000,0.000,0.003,2.420,2.274,2.941,3.087,10.725,8.121
1780275442230,0.000,0.000,0.000,0.003,1.844,1.895,5.675,5.817,15.234,16.145
1780275442264,0.003,0.000,0.000,0.003,1.957,1.869,5.773,6.152,15.757,17.697
1780275442301,0.003,0.000,0.000,0.000,2.019,2.143,4.199,4.610,12.974,16.630
1780275442372,0.007,0.000,0.003,0.003,1.891,1.596,3.539,3.819,10.858,10.061
1780275442439,0.000,0.000,0.000,0.003,1.060,1.242,5.751,6.036,14.092,12.121
1780275442512,0.000,0.000,0.000,0.003,1.592,1.509,3.973,4.253,11.330,11.321
1780275442555,0.000,0.000,0.000,0.003,1.527,1.607,3.065,3.254,9.456,8.945
1780275442610,0.003,0.000,0.000,0.003,1.115,1.100,5.700,5.948,13.869,7.103
1780275442653,0.000,0.000,0.000,0.003,1.155,1.210,6.017,6.437,14.822,14.497
1780275442696,0.003,0.000,0.000,0.003,1.592,1.545,3.739,4.188,11.070,14.085
1780275442752,0.003,0.000,0.000,0.003,1.523,1.538,2.704,2.948,8.719,7.903
1780275442823,0.368,0.371,0.233,0.564,0.142,0.182,0.543,0.462,2.865,3.127
1780275442878,6.098,0.284,3.725,0.772,0.021,0.032,8.336,8.645,27.913,13.697
1780275442918,7.027,0.590,4.100,1.228,0.007,0.003,2.358,2.686,17.999,19.588
1780275442958,6.371,1.144,3.437,1.366,0.003,0.007,2.912,3.116,18.356,10.739
1780275443013,4.851,1.811,1.683,1.447,0.007,0.014,5.558,5.937,21.308,16.412
1780275443056,4.290,2.103,0.754,1.359,0.007,0.014,5.846,6.240,20.613,16.921
1780275443099,3.874,3.480,0.164,1.279,0.003,0.007,3.870,4.173,16.850,16.558
1780275443153,3.470,4.078,0.021,1.053,0.000,0.000,1.636,1.585,11.843,9.915
1780275443219,3.101,4.060,1.622,0.761,0.000,0.000,0.251,0.313,10.108,7.442
1780275443282,2.511,3.790,1.909,0.667,0.000,0.000,0.127,0.134,9.138,6.642
1780275443352,2.737,3.291,1.283,0.801,0.000,0.000,0.189,0.229,8.530,6.352
1780275443411,2.781,3.028,1.009,0.940,0.000,0.000,0.174,0.196,8.128,5.939
1780275443445,2.937,2.708,0.772,1.027,0.000,0.003,1.694,1.851,10.992,7.273
1780275443479,2.741,2.354,0.663,1.071,0.000,0.003,2.132,2.329,11.293,7.806
1780275443522,2.912,2.555,0.528,1.144,0.003,0.000,2.088,2.296,11.526,7.927
1780275443562,2.883,2.168,0.477,1.210,0.000,0.003,2.048,2.318,11.107,7.297
1780275443601,3.036,2.296,0.298,1.199,0.000,0.000,0.623,0.772,8.224,10.448
1780275443643,3.564,2.365,0.251,1.235,0.000,0.000,0.240,0.266,7.921,9.382
1780275443703,3.739,2.343,0.200,1.301,0.000,0.000,0.207,0.251,8.041,7.636
1780275443763,2.646,2.347,0.656,0.244,0.003,0.000,0.185,0.222,6.303,5.721
1780275443837,0.907,1.982,4.698,2.529,0.003,0.003,1.570,1.731,13.423,7.588
1780275443916,1.388,2.194,6.469,0.153,0.003,0.003,2.125,2.329,14.664,10.448
1780275443972,2.631,2.019,5.832,0.699,0.000,0.003,2.773,3.032,16.989,11.030
1780275444010,2.624,2.781,5.296,0.823,0.000,0.003,2.474,2.773,16.774,12.073
1780275444045,2.132,2.737,4.993,0.652,0.000,0.003,2.416,2.660,15.593,11.079
1780275444091,1.596,3.127,4.869,0.630,0.000,0.000,2.245,2.485,14.952,10.812
1780275444132,1.341,3.244,4.643,0.444,0.000,0.000,0.922,1.119,11.713,10.521
1780275444168,1.078,3.335,4.374,0.353,0.000,0.000,0.335,0.419,9.894,8.242
1780275444206,0.648,3.324,4.355,0.211,0.000,0.000,0.481,0.564,9.583,7.515
1780275444270,0.244,2.967,4.093,0.160,0.000,0.003,2.125,2.412,12.004,8.897
1780275444344,0.699,0.309,3.962,3.466,0.000,0.003,2.595,2.832,13.866,8.921
1780275444452,0.459,0.123,2.358,3.429,0.000,0.003,2.635,2.861,11.868,7.539
1780275444512,0.222,0.145,1.920,3.083,0.000,0.003,2.179,2.460,10.012,6.594
1780275444562,0.149,0.218,1.651,3.028,0.003,0.003,2.926,3.160,11.138,6.303
1780275444633,0.105,0.287,1.607,2.883,0.000,0.003,2.970,3.273,11.128,7.442
1780275444684,0.094,0.583,1.385,2.234,0.003,0.010,5.143,5.762,15.214,11.030
1780275444745,0.109,0.845,1.902,2.176,0.000,0.000,1.337,1.086,7.455,8.752
1780275444805,0.120,1.428,2.190,1.789,0.000,0.000,0.182,0.178,5.887,4.994
1780275444861,3.980,5.325,2.267,0.411,0.003,0.000,0.120,0.131,12.237,10.012
1780275444953,2.835,4.261,3.295,0.324,3.473,3.426,0.229,0.269,18.112,16.921
1780275445008,2.146,4.873,3.145,0.298,1.760,1.745,2.624,2.839,19.430,14.764
1780275445050,2.263,3.779,3.553,1.458,1.250,1.235,4.465,4.705,22.708,16.824
1780275445099,0.619,0.659,1.851,1.727,1.611,1.731,4.508,4.917,17.623,17.115
1780275445146,0.105,0.134,1.268,0.451,1.829,1.775,3.138,3.451,12.151,9.818
1780275445189,1.560,2.540,3.564,2.456,1.498,1.519,2.135,2.387,17.659,11.297
1780275445236,2.806,4.271,3.823,3.790,1.374,1.498,0.845,1.016,19.423,10.909
1780275445291,0.481,1.235,0.688,2.668,1.735,1.705,0.415,0.535,9.462,6.036
1780275445361,0.032,0.083,0.032,0.167,1.454,1.461,1.807,2.033,7.069,5.042
1780275445452,0.010,0.003,0.003,0.007,1.403,1.428,1.939,2.208,7.001,5.673
1780275445489,0.003,0.000,0.003,0.000,1.468,1.436,2.318,2.533,7.761,5.867
1780275445527,0.003,0.000,0.003,0.003,1.592,1.618,0.911,1.129,5.259,6.473
1780275445571,0.003,0.003,0.003,0.003,1.654,1.538,1.716,1.902,6.822,5.042
1780275445611,0.000,0.000,0.003,0.003,1.855,1.764,0.630,0.758,5.013,5.988
1780275445672,0.000,0.000,0.000,0.003,1.764,2.074,0.583,0.688,5.112,4.873
1780275445719,0.000,0.003,0.000,0.003,1.745,2.019,0.368,0.448,4.586,4.461
1780275445764,0.003,0.000,0.000,0.003,2.110,2.270,1.545,1.888,7.819,5.042
1780275445811,0.003,0.000,0.000,0.000,2.114,2.110,2.241,2.442,8.910,7.103
1780275445885,0.003,0.000,0.000,0.003,1.764,1.778,2.478,2.762,8.788,7.297
1780275445963,0.003,0.000,0.000,0.003,1.760,2.197,0.776,0.787,5.526,5.770
1780275446003,0.003,0.000,0.003,0.003,2.106,2.267,0.360,0.408,5.150,5.188
1780275446047,0.000,0.000,0.000,0.003,2.135,1.829,0.317,0.386,4.670,4.994
1780275446102,2.380,2.558,1.592,2.438,1.786,1.946,0.451,0.546,13.697,7.127
1780275446163,4.428,4.435,4.548,4.877,1.538,1.421,0.521,0.648,22.416,14.133
1780275446217,0.900,0.605,0.583,0.714,1.738,1.804,3.429,3.750,13.523,10.279
1780275446259,0.080,0.083,0.080,0.098,1.837,1.764,2.649,2.970,9.561,9.042
1780275446307,0.014,0.007,0.007,0.010,1.629,1.643,2.259,2.500,8.069,6.642
1780275446374,1.968,2.274,1.902,2.307,1.396,1.428,1.953,2.139,15.367,8.073
1780275446485,6.313,6.094,4.815,3.710,1.414,1.377,0.218,0.258,24.199,21.358
1780275446544,6.469,1.035,5.157,0.688,1.683,1.724,0.586,0.732,18.074,17.018
1780275446590,4.720,0.076,4.672,0.047,1.647,1.625,0.725,0.867,14.379,12.776
1780275446655,3.943,0.010,3.856,0.010,0.120,0.153,1.082,1.221,10.395,8.509
1780275446693,3.254,0.003,3.757,0.007,0.018,0.025,2.048,2.427,11.539,8.921
1780275446725,2.784,0.003,3.619,0.010,0.007,0.010,2.376,2.649,11.458,9.018
1780275446765,2.474,0.003,3.480,0.007,0.003,0.007,2.405,2.722,11.101,8.630
1780275446807,2.391,0.003,3.732,0.007,0.000,0.003,0.812,0.965,7.913,8.461
1780275446841,2.015,0.003,3.601,0.007,0.003,0.003,1.625,1.800,9.057,6.327
1780275446893,1.742,0.003,3.699,0.010,0.003,0.003,0.783,0.809,7.052,7.636
1780275446952,1.640,0.003,3.703,0.003,0.000,0.000,0.441,0.539,6.329,5.697
1780275447036,1.071,6.371,3.291,3.827,0.000,0.000,0.207,0.236,15.003,12.727
1780275447114,1.946,5.970,3.612,3.090,0.000,0.000,0.703,0.845,16.166,14.933
1780275447175,2.278,5.358,3.357,3.360,0.000,0.003,2.205,2.478,19.039,15.539
1780275447213,2.329,4.428,3.324,2.810,0.003,0.003,2.817,3.098,18.812,16.121
1780275447250,2.219,4.009,3.109,2.766,0.003,0.003,3.069,3.338,18.516,16.170
1780275447301,2.828,3.626,2.985,2.551,0.003,0.003,0.933,1.111,14.040,11.976
1780275447344,2.846,3.437,3.189,2.668,0.000,0.000,0.309,0.291,12.740,11.588
1780275447410,2.558,2.773,2.482,2.212,0.000,0.003,0.160,0.178,10.366,9.382
1780275447461,2.759,2.646,2.755,2.289,0.000,0.000,0.123,0.131,10.703,9.818
1780275447537,2.500,2.292,2.208,2.044,0.000,0.000,0.120,0.127,9.291,8.048
1780275447580,1.698,1.629,1.775,1.585,0.000,0.000,0.102,0.116,6.905,6.642
1780275447636,0.284,0.240,0.229,0.207,0.000,0.000,0.109,0.120,1.189,2.182
1780275447695,0.014,0.014,0.018,0.014,0.000,0.000,0.087,0.098,0.245,0.752
1780275447734,0.003,0.007,0.007,0.003,0.000,0.000,0.980,1.242,2.242,0.897
1780275447767,0.003,0.000,0.007,0.000,0.003,0.000,1.476,1.643,3.132,1.939
1780275447821,0.000,0.003,0.003,0.003,0.000,0.000,1.687,1.873,3.569,2.618
1780275447853,0.000,0.000,0.003,0.003,0.000,0.003,0.688,0.543,1.240,2.012
1780275447886,0.003,0.000,0.003,0.003,0.000,0.003,0.178,0.204,0.394,1.164
1780275447924,0.000,0.003,0.003,0.003,0.000,0.000,0.153,0.167,0.329,0.970
1780275447970,0.003,0.000,0.003,0.003,0.000,0.000,0.153,0.171,0.333,0.873
1780275448031,0.000,0.000,0.003,0.003,0.000,0.000,0.178,0.189,0.373,0.824
1780275448086,0.003,0.000,0.000,0.003,3.747,0.003,0.987,1.129,5.872,3.976
1780275448170,0.000,0.000,0.000,0.003,4.060,3.710,1.319,1.468,10.560,13.964
1780275448216,0.003,0.000,0.000,0.003,2.376,2.329,2.183,2.438,9.332,9.406
1780275448249,0.000,0.000,0.000,0.000,1.756,1.858,1.920,2.172,7.706,8.630
1780275448287,0.000,0.000,0.003,0.003,1.665,1.687,0.743,0.900,5.001,6.909
1780275448346,0.000,0.000,0.000,0.003,1.377,1.425,2.044,2.227,7.076,5.358
1780275448387,0.000,0.000,0.000,0.003,1.013,0.976,5.547,5.653,13.192,10.909
1780275448433,0.000,0.000,0.000,0.003,1.075,1.173,6.025,6.466,14.742,14.473
1780275448485,0.000,0.000,0.000,0.000,1.290,1.279,5.923,6.433,14.925,14.739
1780275448527,0.000,0.000,0.000,0.003,1.611,1.651,3.655,4.060,10.980,14.109
1780275448572,0.003,0.000,0.000,0.003,1.600,1.603,2.394,2.744,8.347,7.394
1780275448635,0.000,0.003,0.000,0.003,1.549,1.581,0.393,0.462,3.991,4.873
1780275448713,0.003,0.000,0.000,0.000,0.590,0.616,9.145,10.005,20.359,17.770
1780275448754,0.003,0.000,0.000,0.003,1.709,1.705,3.207,2.551,9.178,20.970
1780275448791,0.000,0.000,0.000,0.000,1.687,1.600,2.806,2.999,9.092,5.552
1780275448849,0.000,0.003,0.003,0.003,1.020,1.137,5.766,6.243,14.175,13.358
1780275448879,0.000,0.000,0.000,0.003,1.188,1.170,6.010,6.448,14.819,14.545
1780275448909,0.000,0.000,0.000,0.003,1.286,1.279,6.021,6.389,14.978,14.667
1780275448949,0.000,0.000,0.000,0.003,1.523,1.622,3.881,4.268,11.297,12.145
1780275448997,0.000,0.000,0.000,0.003,1.636,1.596,2.321,2.584,8.140,7.564
1780275449034,0.003,0.000,0.000,0.003,1.560,1.585,0.882,0.747,4.780,5.939
1780275449076,0.000,0.000,0.000,0.003,1.454,1.534,0.185,0.229,3.405,3.782
1780275449147,0.000,0.000,0.000,0.007,0.174,0.211,0.204,0.236,0.832,2.109
1780275449207,0.000,0.000,0.000,0.003,0.014,0.014,0.164,0.182,0.377,0.873
1780275449247,0.003,0.000,0.000,0.003,0.003,0.003,0.320,0.382,0.714,0.945
1780275449290,0.000,0.000,0.000,0.000,0.000,0.003,0.360,0.441,0.804,0.970
1780275449329,0.000,0.000,0.003,0.003,0.003,0.003,1.614,1.767,3.393,1.673
1780275449398,0.000,0.000,0.003,0.000,4.330,0.003,1.946,2.168,8.450,5.673
1780275449468,0.000,0.000,0.000,0.003,4.166,4.370,1.964,2.194,12.697,13.430
1780275449506,0.000,0.000,0.000,0.000,2.606,2.580,2.212,2.460,9.858,7.976
1780275449555,0.003,0.000,0.000,0.003,0.605,0.750,2.154,2.405,5.920,6.715
1780275449621,0.000,0.000,0.000,0.003,2.686,2.380,0.404,0.535,6.008,7.030
1780275449681,6.211,0.207,6.451,0.189,1.308,1.439,0.236,0.291,16.332,12.533
1780275449740,3.911,0.667,7.570,0.499,1.399,1.428,0.845,0.984,17.303,13.188
1780275449798,3.874,4.067,5.514,6.448,0.995,1.119,2.001,2.183,26.201,21.042
1780275449847,3.386,1.975,5.482,6.797,1.206,1.264,3.007,3.284,26.401,21.309
1780275449901,3.641,2.252,4.654,6.010,1.359,1.337,3.116,3.437,25.806,21.988
1780275449951,3.145,2.642,4.691,5.580,1.509,1.574,1.188,1.396,21.725,19.709
1780275450009,3.182,3.306,3.783,4.789,1.479,1.498,0.863,1.006,19.906,17.382
1780275450094,3.032,3.203,3.411,4.166,1.417,1.439,0.291,0.313,17.272,15.636
1780275450156,3.050,2.926,3.010,3.502,1.432,1.476,0.444,0.521,16.361,14.400
1780275450211,2.817,2.445,2.679,3.160,1.345,1.355,2.187,2.405,18.393,14.230
1780275450270,2.693,2.573,2.438,2.690,1.337,1.421,2.252,2.551,17.955,14.909
1780275450331,0.889,2.351,0.984,2.248,1.589,1.516,3.149,3.437,16.163,12.606
1780275450396,0.123,2.398,0.116,0.805,2.216,2.187,0.725,0.882,9.452,8.727
1780275450449,3.918,2.431,0.043,0.306,1.687,1.968,0.495,0.579,11.427,7.903
1780275450501,0.707,1.811,0.907,0.156,2.066,2.187,1.698,1.884,11.416,8.679
1780275450555,0.196,1.764,3.834,0.105,2.063,2.165,2.230,2.489,14.846,11.927
1780275450629,0.145,2.114,3.757,0.105,1.815,2.037,2.792,3.036,15.801,12.461
1780275450696,0.134,1.939,3.182,0.112,1.669,1.600,2.762,2.999,14.397,11.927
1780275450767,0.131,2.464,3.141,0.112,1.738,1.767,0.492,0.433,10.278,10.933
1780275450829,0.123,0.390,2.977,5.106,1.592,1.632,0.331,0.411,12.562,8.800
1780275450885,0.164,0.112,1.899,3.342,1.545,1.512,2.238,2.464,13.276,9.212
1780275450924,0.174,0.076,1.268,3.072,1.465,1.330,4.778,5.088,17.251,11.976
1780275450968,0.561,0.087,1.104,2.245,2.416,2.154,3.393,3.805,15.765,16.000
1780275451018,0.586,0.087,0.987,1.640,1.884,2.416,3.149,3.451,14.200,10.812
1780275451055,0.794,0.091,0.710,1.447,1.862,1.931,3.331,3.659,13.825,10.352
1780275451098,1.468,0.105,0.940,0.995,2.150,2.063,2.529,2.817,13.067,10.206
1780275451171,1.454,0.109,0.954,0.517,3.225,3.098,2.303,2.558,14.218,10.376
1780275451249,2.150,0.287,1.304,0.091,3.306,3.258,2.347,2.598,15.341,12.024
1780275451307,2.759,0.841,2.449,0.112,4.665,4.195,2.657,2.945,20.623,15.224
1780275451372,1.293,5.795,3.506,0.072,4.793,5.132,2.653,2.923,26.167,20.727
1780275451447,3.131,5.828,5.467,1.705,3.747,3.860,3.309,3.688,30.735,27.394
1780275451516,3.014,0.780,0.692,3.171,4.938,4.534,4.035,4.377,25.541,23.273
1780275451579,3.994,2.143,2.245,2.617,3.976,4.209,0.699,0.845,20.728,18.109
1780275451619,3.761,2.664,2.551,2.970,1.567,1.057,7.311,7.410,29.291,18.158
1780275451673,3.721,2.022,2.041,3.273,0.069,0.087,4.151,3.440,18.804,23.612
1780275451724,3.903,1.600,1.691,3.335,0.014,0.021,4.691,5.248,20.503,16.679
1780275451774,3.586,0.317,0.284,3.309,0.007,0.014,5.154,5.547,18.218,17.358
1780275451813,3.342,2.824,2.664,3.039,0.007,0.010,4.957,5.361,22.204,17.455
1780275451874,2.117,4.986,6.382,3.156,0.003,0.007,3.462,3.761,23.874,18.909
1780275451926,2.190,4.505,7.031,2.854,0.000,0.000,1.436,1.789,19.805,15.055
1780275451981,2.843,3.757,4.002,3.604,0.000,0.000,0.703,0.856,15.765,10.812
1780275452049,3.185,0.812,1.140,3.371,0.003,0.003,0.557,0.667,9.738,7.103
1780275452092,3.437,0.561,0.583,3.433,0.003,0.003,0.852,1.020,9.892,7.539
1780275452141,3.641,0.914,0.867,3.222,0.003,0.003,1.950,2.099,12.699,7.782
1780275452205,2.544,0.984,0.980,3.014,0.003,0.003,2.755,3.043,13.326,9.455
1780275452264,3.036,0.612,0.663,2.850,0.003,0.003,2.660,2.988,12.815,9.648
1780275452314,2.679,1.170,1.122,2.766,0.000,0.003,3.058,3.335,14.133,9.576
1780275452362,3.247,1.982,1.724,2.602,0.000,0.003,2.948,3.251,15.757,11.442
1780275452406,2.806,2.843,2.762,1.935,0.000,0.003,1.727,2.026,14.102,10.642
1780275452447,3.007,4.158,4.158,2.584,0.000,0.000,1.283,1.512,16.702,13.139
1780275452492,2.726,4.177,4.902,1.993,0.000,0.003,1.567,1.771,17.139,13.358
1780275452549,2.963,4.355,4.559,2.074,0.000,0.003,2.999,3.335,20.288,15.103
1780275452590,2.799,3.506,3.433,2.336,0.003,0.007,3.699,4.060,19.843,17.091
1780275452639,2.092,2.970,2.500,1.957,0.003,0.007,4.432,4.815,18.776,16.558
1780275452710,0.218,0.251,0.174,0.182,0.003,0.007,3.830,4.169,8.834,7.467
1780275452789,0.007,0.010,0.007,0.007,0.000,0.003,1.064,1.308,2.406,3.709
1780275452840,0.000,0.003,0.003,0.007,0.007,0.018,9.196,9.411,18.645,3.152
1780275452880,0.000,0.003,0.003,0.003,0.003,0.003,3.532,4.071,7.618,10.085
1780275452928,0.000,0.003,0.003,0.003,0.003,0.003,3.080,3.408,6.503,3.855
1780275452981,0.003,0.003,0.000,0.003,3.765,0.010,4.570,4.990,13.344,10.545
1780275453019,0.003,0.000,0.003,0.003,4.089,0.010,4.785,5.183,14.076,16.145
1780275453077,0.000,0.000,0.000,0.000,4.056,4.355,3.612,4.020,16.043,20.703
1780275453130,0.000,0.003,0.000,0.003,2.923,2.726,3.455,3.841,12.951,15.176
1780275453169,0.003,0.000,0.000,0.000,2.394,2.478,1.866,2.168,8.909,10.206
1780275453211,0.003,0.000,0.000,0.000,2.063,2.285,0.863,1.067,6.281,7.467
1780275453279,0.000,0.000,0.003,0.003,1.669,1.552,1.210,1.355,5.792,5.842
1780275453315,0.000,0.000,0.000,0.003,1.038,1.195,4.250,4.446,10.932,6.764
1780275453371,0.000,0.000,0.003,0.003,1.221,1.129,4.887,5.277,12.520,14.958
1780275453407,0.000,0.000,0.000,0.000,1.297,1.308,4.891,5.267,12.763,15.345
1780275453446,0.000,0.000,0.000,0.003,1.301,1.297,4.793,5.183,12.577,15.006
1780275453517,0.003,0.000,0.003,0.003,1.476,1.487,4.180,4.567,11.719,13.358
1780275453550,0.003,0.000,0.000,0.003,1.946,1.716,2.318,2.660,8.646,10.715
1780275453606,0.000,0.000,0.003,0.007,1.735,1.756,1.348,1.556,6.405,6.206
1780275453646,0.000,0.000,0.000,0.000,1.600,1.552,4.490,4.818,12.460,9.067
1780275453687,0.003,0.000,0.000,0.003,1.895,2.001,4.909,5.274,14.085,13.358
1780275453721,0.000,0.000,0.000,0.003,2.223,2.241,4.840,5.267,14.574,14.230
1780275453769,0.000,0.000,0.000,0.003,2.037,1.982,4.804,5.230,14.056,13.891
1780275453827,0.000,0.000,0.003,0.003,1.840,2.015,3.426,3.739,11.026,10.618
1780275453883,0.000,0.000,0.000,0.003,1.753,1.654,1.016,1.006,5.432,8.364
1780275453920,0.000,0.000,0.000,0.003,1.512,1.592,0.379,0.488,3.974,5.818
1780275453964,0.003,0.000,0.000,0.003,1.483,1.458,0.298,0.415,3.660,5.188
1780275454049,4.461,1.370,1.232,4.774,0.149,0.131,0.626,0.743,13.486,7.830
1780275454109,5.103,3.320,3.572,6.728,0.014,0.018,3.987,4.231,26.973,20.291
1780275454151,3.728,2.547,3.433,6.746,0.007,0.010,4.439,4.793,25.703,20.970
1780275454181,3.196,2.416,3.298,6.302,0.007,0.010,4.414,4.840,24.483,19.927
1780275454220,3.870,2.489,2.864,5.912,0.003,0.010,4.450,4.793,24.391,20.024
1780275454259,3.542,2.212,2.522,5.580,0.003,0.010,4.399,4.829,23.097,19.442
1780275454295,3.765,2.019,2.292,5.164,0.003,0.010,4.439,4.749,22.441,18.788
1780275454335,4.250,1.742,1.855,4.804,0.003,0.007,3.885,4.184,20.730,18.570
1780275454400,3.542,1.622,1.625,5.030,0.003,0.003,1.931,2.161,15.917,11.806
1780275454450,3.706,1.129,1.206,4.778,0.000,0.000,0.688,0.871,12.378,9.648
1780275454491,3.408,0.601,0.524,3.838,0.007,0.021,7.873,7.967,24.239,9.721
1780275454585,3.765,0.251,0.225,3.845,0.000,0.003,2.033,2.500,12.622,11.127
1780275454637,3.313,2.558,3.408,3.495,0.003,0.007,4.286,4.661,21.731,13.721
1780275454676,3.586,3.065,3.685,2.759,0.003,0.010,4.855,5.248,23.211,17.309
1780275454713,3.298,3.207,3.149,2.026,0.003,0.007,4.862,5.267,21.819,16.242
1780275454752,2.956,3.338,3.863,2.682,0.003,0.010,4.676,5.128,22.656,16.824
1780275454792,3.360,3.473,3.885,2.522,0.003,0.007,4.651,5.051,22.952,17.212
1780275454840,3.076,4.242,4.005,2.391,0.003,0.007,3.732,4.096,21.552,15.418
1780275454902,3.025,4.632,5.259,2.828,0.000,0.000,0.688,0.831,17.263,12.824
1780275454957,2.132,4.982,5.500,1.643,0.007,0.021,9.039,9.320,32.644,22.061
1780275455000,1.767,5.219,5.139,1.614,0.007,0.018,9.557,10.446,33.767,30.739
1780275455063,1.899,4.610,4.877,1.811,3.692,3.411,5.310,5.383,30.993,33.842
1780275455102,1.064,4.669,4.968,0.998,2.482,2.649,4.621,5.037,26.488,25.333
1780275455158,0.240,4.610,4.603,0.204,1.807,1.698,4.698,5.103,22.963,21.576
1780275455197,3.127,4.363,4.301,2.679,1.549,1.472,4.676,4.997,27.164,21.091
1780275455232,5.398,4.384,3.645,4.191,1.235,1.202,4.341,4.720,29.116,20.461
1780275455276,3.809,4.585,0.739,6.382,1.286,1.348,4.341,4.720,27.210,23.006
1780275455320,2.176,4.384,0.131,7.195,1.403,1.363,4.355,4.716,25.723,22.424
1780275455373,0.262,4.020,0.018,6.615,1.654,1.673,2.256,2.427,18.925,17.091
1780275455447,1.760,2.649,0.112,4.811,0.710,0.769,9.353,9.928,30.092,23.079
1780275455489,5.099,2.154,3.178,3.980,0.765,0.794,9.378,9.939,35.287,31.636
1780275455534,5.755,2.598,4.621,3.641,1.549,1.450,5.288,5.390,30.292,33.115
1780275455611,4.906,3.284,3.685,3.892,1.355,1.399,4.428,4.833,27.782,25.212
1780275455678,0.546,3.491,0.455,3.491,1.570,1.527,4.836,5.274,21.190,20.412
1780275455742,0.211,2.321,0.112,3.120,1.454,1.428,4.862,5.270,18.778,18.230
1780275455803,4.213,1.888,2.431,2.533,1.253,1.279,3.958,4.261,21.816,20.121
1780275455837,4.687,2.001,3.448,2.664,1.239,1.264,3.896,4.199,23.398,20.630
1780275455879,4.312,2.365,3.244,2.952,1.585,1.545,2.070,2.482,20.555,18.448
1780275455912,3.900,2.500,2.977,2.824,1.527,1.545,1.541,1.676,18.490,16.388
1780275455965,3.706,0.623,2.908,0.893,1.622,1.804,1.290,1.461,14.307,12.558
1780275456032,3.058,0.043,2.584,0.065,2.070,1.662,0.805,0.940,11.227,10.230
1780275456103,2.084,0.003,2.248,0.010,1.348,1.468,2.274,2.690,12.125,9.600
1780275456165,1.024,0.003,1.840,0.003,1.432,1.399,2.813,3.094,11.608,10.085
1780275456217,0.601,0.003,1.804,0.007,1.151,1.184,4.672,5.051,14.473,12.364
1780275456277,0.287,3.236,2.106,0.907,1.341,1.618,3.943,4.315,17.753,14.885
1780275456344,0.120,5.813,2.070,3.225,2.999,2.795,2.580,2.784,22.386,20.145
1780275456407,0.145,2.821,0.721,1.042,2.584,2.485,1.909,2.168,13.875,12.218
1780275456455,0.032,0.889,0.145,0.196,2.292,2.332,0.827,0.987,7.700,8.848
1780275456528,0.003,0.014,0.003,0.003,1.465,1.461,9.378,9.619,21.946,9.939
1780275456584,0.000,0.000,0.003,0.000,2.190,2.299,5.314,5.551,15.357,15.588
1780275456657,0.000,0.000,0.003,0.003,1.935,2.212,4.935,5.285,14.373,13.891
1780275456692,0.000,0.000,0.000,0.003,1.822,1.691,4.902,5.321,13.739,13.745
1780275456725,0.000,0.000,0.000,0.000,1.687,1.662,4.877,5.256,13.482,13.333
1780275456765,0.000,0.000,0.003,0.003,1.713,2.230,3.666,4.078,11.693,11.588
1780275456819,0.000,0.003,0.003,0.000,0.185,0.295,1.636,1.895,4.017,7.103
1780275456861,0.000,0.000,0.003,0.003,0.025,0.043,0.860,1.027,1.961,1.842
1780275456901,0.003,0.000,0.000,0.003,0.003,0.007,0.346,0.437,0.799,1.285
1780275456942,0.000,0.003,0.003,0.003,0.003,0.003,0.233,0.247,0.495,0.945
1780275456994,0.003,0.000,0.000,0.003,0.000,0.003,0.506,0.648,1.163,0.970
1780275457052,0.000,0.000,0.000,0.003,0.003,0.003,0.623,0.736,1.368,1.406
1780275457109,0.003,0.000,0.003,0.003,0.000,0.003,0.645,0.761,1.418,1.406
1780275457167,0.000,0.000,0.000,0.003,0.003,0.003,1.895,2.099,4.003,1.479
1780275457207,0.000,0.003,0.000,0.003,0.003,0.003,2.686,2.963,5.661,4.024
1780275457250,0.003,0.000,0.000,0.003,0.003,0.003,2.460,2.759,5.231,4.630
1780275457290,0.000,0.000,0.000,0.003,0.003,0.003,2.409,2.679,5.097,3.806
1780275457337,0.003,0.000,0.000,0.003,0.003,0.000,1.119,1.352,2.480,3.806
1780275457389,0.003,0.000,0.000,0.003,0.003,0.003,1.851,2.066,3.929,2.497
1780275457430,0.003,0.000,0.000,0.003,0.000,0.003,0.816,1.027,1.852,2.158
1780275457465,0.000,0.000,0.000,0.003,0.000,0.000,0.411,0.513,0.927,1.358
1780275457519,0.000,0.000,0.000,0.003,0.000,0.003,0.590,0.703,1.299,1.285
1780275457575,0.000,0.000,0.003,0.003,0.000,0.003,0.630,0.761,1.400,1.382
1780275457617,0.000,0.000,0.000,0.007,0.003,0.003,1.924,2.139,4.076,2.836
1780275457684,0.000,0.000,0.000,0.003,0.000,0.003,2.380,2.638,5.024,3.758
1780275457737,0.000,0.000,0.000,0.003,0.000,0.003,2.420,2.649,5.075,3.855
1780275457781,0.000,0.000,0.000,0.003,0.000,0.003,1.053,1.253,2.312,2.570
1780275457837,0.000,0.000,0.000,0.003,0.000,0.003,0.626,0.754,1.386,1.406
1780275457897,0.000,0.000,0.000,0.003,0.000,0.000,0.616,0.747,1.366,1.382
1780275457945,0.000,0.000,0.000,0.003,0.000,0.000,0.637,0.769,1.409,1.382
1780275457985,0.003,0.000,0.000,0.003,0.000,0.003,1.931,2.125,4.065,2.885
1780275458050,0.000,0.000,0.003,0.003,0.003,0.003,2.394,2.664,5.070,3.394
1780275458112,0.003,0.000,0.000,0.003,0.000,0.003,2.394,2.657,5.060,3.830
1780275458171,0.000,0.000,0.003,0.003,0.003,0.003,0.860,1.002,1.874,1.842
1780275458237,0.000,0.000,0.000,0.003,0.000,0.000,0.637,0.761,1.401,1.527
1780275458273,0.000,0.000,0.000,0.003,0.000,0.000,0.630,0.750,1.383,1.382
1780275458318,0.003,0.000,0.000,0.003,0.000,0.000,0.634,0.758,1.398,1.309
1780275458372,0.003,0.000,0.000,0.003,0.000,0.003,1.982,2.154,4.145,2.012
1780275458432,0.000,0.000,0.000,0.003,0.003,0.003,2.380,2.668,5.057,3.661
1780275458490,0.000,0.000,0.000,0.003,0.000,0.000,0.896,1.067,1.966,2.012
1780275458551,0.007,0.000,0.000,0.003,0.000,0.003,1.990,2.172,4.175,2.230
1780275458598,0.000,0.000,0.000,0.003,0.000,0.003,2.117,2.354,4.477,3.370
1780275458672,0.003,0.000,0.000,0.003,0.000,0.000,0.801,0.947,1.754,1.648
1780275458757,0.003,0.000,0.000,0.003,0.003,0.000,0.641,0.758,1.408,1.358
1780275458812,2.755,0.951,0.907,2.551,0.003,0.007,1.665,1.866,10.705,4.824
1780275458872,4.093,3.229,3.608,7.064,0.000,0.003,0.630,0.681,19.308,13.212
1780275458945,0.324,3.834,0.554,6.670,0.003,0.003,3.141,3.382,17.911,13.285
1780275459003,1.352,2.751,1.428,5.565,0.003,0.007,3.251,3.557,17.914,12.824
1780275459082,2.245,1.793,0.422,4.235,4.173,3.834,0.936,1.089,18.727,17.697
1780275459129,5.890,1.246,1.767,3.958,2.438,2.471,0.492,0.612,18.874,14.958
1780275459202,3.203,0.816,2.905,4.428,1.837,1.826,0.430,0.539,15.984,12.558
1780275459285,4.873,0.430,1.148,3.907,1.694,1.581,0.849,0.969,15.451,12.776
1780275459350,4.151,1.570,0.849,4.144,1.581,1.658,0.885,1.042,15.880,12.267
1780275459407,0.725,0.353,3.874,3.284,1.629,1.640,2.598,2.857,16.960,10.521
1780275459452,0.225,0.185,4.009,3.160,1.600,1.560,2.897,3.236,16.872,12.776
1780275459508,0.160,0.182,3.353,2.595,1.494,1.578,3.470,3.856,16.688,12.776
1780275459549,0.225,0.193,3.087,2.584,1.676,1.771,1.676,1.961,13.173,11.030
1780275459614,0.944,0.127,2.711,2.595,1.705,1.742,0.608,0.761,11.193,8.873
1780275459669,3.991,2.489,1.494,2.274,1.421,1.381,1.858,2.048,16.956,11.297
1780275459750,1.206,3.080,0.951,0.287,2.464,2.234,1.177,1.385,12.784,8.655
1780275459844,0.021,0.069,0.025,0.007,2.161,2.289,0.699,0.809,6.080,6.085
1780275459889,0.003,0.007,0.003,0.003,2.168,2.299,1.844,2.030,8.357,6.836
1780275459948,0.007,0.000,0.000,0.003,2.693,2.646,2.252,2.522,10.123,8.655
1780275460001,0.003,0.003,0.000,0.007,2.697,2.525,2.518,2.824,10.577,9.333
1780275460056,0.003,0.000,0.000,0.003,2.730,2.788,0.962,1.155,7.641,7.806
1780275460115,0.000,0.000,0.000,0.003,2.591,2.697,0.758,0.903,6.952,6.909
1780275460174,0.003,0.000,0.000,0.003,0.244,0.346,0.962,1.151,2.709,2.376
1780275460215,0.000,0.000,0.000,0.003,0.032,0.051,1.778,1.964,3.828,2.739
1780275460263,0.000,0.000,0.003,0.003,0.003,0.010,0.922,1.024,1.965,2.618
1780275460358,0.000,0.000,0.000,0.003,4.563,0.003,0.393,0.517,5.479,4.582
1780275460395,0.000,0.000,0.000,0.000,6.043,4.450,1.436,1.614,13.543,13.285
1780275460428,0.000,0.000,0.003,0.003,4.118,3.717,2.671,2.948,13.460,14.885
1780275460488,0.000,0.000,0.000,0.003,2.890,2.817,2.926,3.254,11.890,13.964
1780275460524,0.003,0.000,0.000,0.003,2.657,2.653,1.286,1.523,8.125,12.897
1780275460567,0.000,0.000,0.000,0.003,2.150,2.212,2.358,2.540,9.263,8.145
1780275460619,0.000,0.000,0.000,0.003,1.979,1.920,1.326,1.527,6.755,7.418
1780275460656,0.000,0.000,0.000,0.003,1.476,1.148,4.290,4.592,11.509,10.012
1780275460690,0.000,0.000,0.000,0.000,1.162,1.217,4.858,5.237,12.474,13.600
1780275460725,0.003,0.000,0.000,0.003,1.232,1.264,4.928,5.354,12.784,14.497
1780275460782,0.000,0.000,0.000,0.003,1.337,1.297,5.139,5.664,13.440,13.697
1780275460887,0.000,0.000,0.000,0.003,1.348,1.341,5.077,5.493,13.262,13.139
1780275460947,0.000,0.000,0.000,0.000,1.308,1.326,4.938,5.383,12.955,12.873
1780275461011,0.003,0.000,0.003,0.003,1.519,1.483,3.885,4.220,11.116,10.545
1780275461071,1.049,0.991,0.831,1.086,1.461,1.425,2.792,3.116,12.751,9.212
1780275461131,6.156,5.667,5.358,5.168,0.936,0.984,0.466,0.605,25.340,19.879
1780275461199,6.779,6.528,4.855,3.696,0.196,0.229,0.484,0.594,23.361,20.921
1780275461250,5.041,5.897,5.055,4.137,0.010,0.014,0.878,1.031,22.063,18.182
1780275461308,3.721,5.339,4.632,3.444,0.003,0.003,0.608,0.750,18.500,14.836
1780275461375,1.315,2.934,2.449,1.246,0.003,0.003,0.954,1.115,10.019,6.594
1780275461430,0.134,0.360,0.324,0.138,0.003,0.000,0.287,0.331,1.577,1.285
1780275461468,0.029,0.047,0.040,0.018,0.007,0.025,8.762,9.010,17.938,0.679
1780275461511,0.007,0.007,0.010,0.003,0.000,0.000,3.116,3.612,6.755,21.333
1780275461544,0.003,0.007,0.007,0.003,0.003,0.003,2.361,2.569,4.956,2.885
1780275461593,0.003,0.000,0.007,0.003,0.003,0.010,4.968,5.503,10.497,5.261
1780275461633,0.003,0.000,0.003,0.003,0.003,0.007,3.743,3.947,7.709,9.309
1780275461667,0.003,0.000,0.003,0.003,0.000,0.003,2.985,3.327,6.324,5.503
1780275461747,0.962,0.091,0.823,0.080,0.000,0.000,0.954,1.126,4.036,2.642
1780275461791,4.709,3.123,4.993,3.262,0.000,0.000,0.291,0.346,16.724,11.224
1780275461849,4.811,4.749,6.163,5.562,0.000,0.000,0.171,0.189,21.645,18.982
1780275461931,3.539,3.411,4.330,4.206,0.000,0.000,0.900,1.038,17.424,15.200
1780275461988,2.646,2.730,3.761,3.484,0.000,0.000,0.940,1.075,14.636,12.412
1780275462063,1.917,2.161,3.010,3.109,0.000,0.000,0.769,0.893,11.859,10.327
1780275462116,0.929,0.940,2.839,2.394,0.003,0.003,2.361,2.638,12.107,9.285
1780275462165,3.998,7.782,2.216,0.324,0.003,0.003,2.318,2.580,19.224,14.642
1780275462227,1.961,7.596,3.050,0.018,0.000,0.003,1.089,1.290,15.007,13.576
1780275462295,2.507,6.488,3.473,0.014,0.003,0.003,2.332,2.558,17.378,12.606
1780275462337,1.527,5.653,4.107,0.010,0.000,0.007,3.386,3.648,18.338,15.152
1780275462400,2.351,5.423,4.261,0.065,0.003,0.007,3.014,3.375,18.499,15.612
1780275462455,2.281,5.037,3.761,0.335,0.003,0.003,2.751,3.054,17.225,13.042
1780275462512,3.867,4.866,1.133,0.750,0.003,0.003,2.733,3.032,16.387,11.030
1780275462570,4.352,3.867,0.167,0.393,0.003,0.000,0.816,0.995,10.593,10.182
1780275462613,4.250,3.827,0.247,0.171,0.000,0.003,0.306,0.306,9.110,7.297
1780275462659,3.750,3.346,0.532,0.098,0.000,0.000,0.218,0.240,8.184,6.521
1780275462724,3.462,2.886,1.221,0.091,0.000,0.000,0.488,0.583,8.731,6.133
1780275462796,3.302,1.942,1.060,0.080,4.188,3.991,0.284,0.346,15.193,14.497
1780275462859,1.016,1.680,7.136,4.359,1.837,1.756,1.964,2.234,21.982,14.812
1780275462937,0.120,2.795,5.919,1.622,1.363,1.345,3.386,3.626,20.176,15.055
1780275462988,4.880,2.489,5.033,3.736,1.224,1.319,1.242,1.443,21.366,20.655
1780275463035,4.647,1.775,4.723,5.030,1.268,1.297,2.515,2.777,24.032,20.436
1780275463088,4.968,0.375,2.595,4.968,1.574,1.545,1.603,1.837,19.465,18.545
1780275463146,5.704,0.251,1.800,3.131,1.643,1.680,0.561,0.699,15.469,12.800
1780275463204,4.304,2.223,1.166,0.681,1.476,1.443,2.154,2.496,15.943,11.200
1780275463262,2.770,0.419,0.153,3.841,1.304,1.374,2.292,2.518,14.671,12.024
1780275463368,3.182,0.105,0.014,5.011,1.461,1.494,0.521,0.648,12.436,11.588
1780275463445,2.777,0.142,0.036,4.924,1.377,1.443,0.331,0.415,11.445,10.327
1780275463496,2.872,0.255,0.087,4.395,1.392,1.355,0.780,0.914,12.050,10.109
1780275463553,2.256,0.732,0.174,4.352,1.246,1.293,2.150,2.482,14.685,11.564
1780275463611,2.974,0.962,0.258,4.042,1.454,1.498,0.790,0.980,12.958,12.388
1780275463664,2.679,1.501,0.699,3.765,1.713,1.505,0.360,0.422,12.644,10.545
1780275463719,2.577,3.572,3.295,3.335,1.202,1.417,1.574,1.756,18.728,14.667
1780275463760,2.033,3.801,3.823,3.127,1.826,1.764,0.539,0.725,17.638,15.758
1780275463847,1.953,3.586,3.382,3.105,2.835,2.762,0.594,0.707,18.924,16.533
1780275463898,0.503,4.067,3.725,0.546,2.646,3.069,0.856,0.998,16.410,14.352
1780275463981,1.574,4.137,1.417,0.896,4.683,4.596,1.957,2.205,21.465,16.073
1780275464039,2.587,4.960,4.330,2.934,4.348,4.654,1.906,2.143,27.862,19.394
1780275464119,1.144,2.657,2.165,0.911,4.527,4.377,2.806,3.152,21.739,15.055
1780275464189,0.102,0.291,0.134,0.043,5.026,4.957,0.422,0.528,11.503,13.309
1780275464243,0.007,0.018,0.014,0.007,5.033,5.121,0.167,0.178,10.545,11.321
1780275464294,0.003,0.003,0.003,0.007,5.205,5.154,0.185,0.204,10.764,10.473
1780275464386,0.466,0.634,0.247,0.699,4.680,4.647,0.284,0.342,11.999,10.206
1780275464426,3.976,3.313,3.280,4.089,3.331,3.579,1.151,1.257,23.976,21.455
1780275464497,5.817,5.693,3.688,3.156,3.032,3.276,3.174,3.466,31.302,26.473
1780275464557,4.887,4.749,4.264,4.548,3.258,3.080,3.510,3.889,32.185,28.873
1780275464587,4.352,4.257,3.743,4.195,2.704,3.123,3.637,4.009,30.020,27.370
1780275464624,4.322,4.242,3.776,3.867,2.536,2.919,2.197,2.238,26.097,25.624
1780275464675,4.060,4.089,3.663,3.881,2.372,2.562,0.586,0.750,21.963,19.830
1780275464719,3.819,3.739,3.484,3.419,2.223,2.248,0.360,0.459,19.751,17.745
1780275464749,3.710,3.586,3.298,3.532,2.176,2.314,0.251,0.313,19.180,16.776
1780275464802,3.411,3.284,3.120,3.138,2.496,2.544,0.218,0.266,18.477,16.267
1780275464859,3.083,2.926,2.686,2.846,2.449,2.496,0.663,0.790,17.939,16.024
1780275464937,0.225,2.795,0.185,2.598,2.409,2.485,0.925,1.071,12.693,11.442
1780275465017,3.094,1.909,2.485,2.278,0.171,0.189,0.630,0.790,11.546,9.285
1780275465067,3.371,2.063,2.442,2.278,0.018,0.025,2.179,2.402,14.778,11.273
1780275465103,2.875,1.968,2.285,2.230,0.007,0.010,2.631,2.996,15.002,12.194
1780275465144,2.522,1.782,2.015,1.953,0.007,0.007,2.824,3.134,14.244,12.024
1780275465200,2.431,1.840,1.840,2.070,0.003,0.003,2.777,3.112,14.076,11.806
1780275465242,2.354,1.848,1.848,1.931,0.003,0.007,2.442,2.741,13.174,11.564
1780275465287,0.783,0.688,0.590,0.718,0.003,0.000,0.965,1.206,4.953,8.000
1780275465350,0.047,0.040,0.032,0.029,0.000,0.000,0.459,0.550,1.157,1.139
1780275465407,0.003,0.003,0.007,0.003,0.000,0.003,1.374,1.567,2.960,1.527
1780275465480,0.000,0.003,0.003,0.003,0.000,0.000,1.858,2.117,3.984,2.764
1780275465553,0.003,0.000,0.003,0.000,0.003,0.003,2.642,2.999,5.653,3.709
1780275465622,0.003,0.000,0.003,0.003,0.003,0.003,2.598,2.883,5.496,4.315
1780275465670,0.003,0.000,0.003,0.003,0.000,0.003,2.172,2.445,4.629,3.903
1780275465746,0.000,0.000,0.000,0.003,4.599,0.003,1.840,2.052,8.497,6.739
1780275465802,0.000,0.000,0.000,0.000,4.417,4.614,1.800,2.015,12.846,14.012
1780275465858,0.000,0.000,0.000,0.003,2.926,2.963,1.202,1.421,8.515,11.758
1780275465917,0.000,0.003,0.000,0.003,2.383,2.336,0.922,1.075,6.722,8.994
1780275465960,0.003,0.000,0.000,0.003,1.990,2.354,0.914,1.104,6.368,7.006
1780275466004,0.003,0.000,0.000,0.003,1.909,1.534,2.278,2.697,8.424,6.061
1780275466069,0.003,0.000,0.000,0.003,1.057,1.213,4.694,5.099,12.069,11.539
1780275466103,0.003,0.000,0.000,0.003,1.170,1.188,4.917,5.427,12.708,15.224
1780275466134,0.003,0.000,0.000,0.003,1.283,1.253,4.982,5.445,12.969,14.836
1780275466169,0.003,0.000,0.000,0.000,1.319,1.363,5.095,5.660,13.440,13.964
1780275466204,0.000,0.000,0.000,0.003,1.330,1.323,5.252,5.802,13.710,13.964
1780275466264,0.000,0.000,0.000,0.003,1.352,1.297,5.208,5.667,13.527,13.552
1780275466325,0.000,0.000,0.000,0.003,1.326,1.345,5.117,5.529,13.320,13.212
1780275466390,0.003,0.000,0.000,0.003,1.359,1.352,4.946,5.463,13.126,13.018
1780275466441,0.000,0.000,0.000,0.003,1.465,1.454,4.009,4.486,11.417,11.685
1780275466485,0.000,0.000,0.000,0.003,1.439,1.479,3.200,3.590,9.711,9.261
1780275466537,2.172,2.453,2.617,2.511,1.374,1.385,0.980,0.820,14.312,10.012
1780275466619,4.651,6.524,5.259,7.067,0.058,0.076,0.200,0.207,24.042,22.448
1780275466695,3.728,5.554,5.562,5.861,2.194,1.899,0.925,1.075,26.798,23.879
1780275466743,3.036,5.186,5.154,4.523,1.585,1.691,1.815,2.135,25.125,21.261
1780275466793,0.710,4.723,5.303,0.947,1.443,1.465,3.327,3.805,21.723,18.448
1780275466858,1.822,2.864,5.584,2.412,1.447,1.516,3.152,3.517,22.314,17.285
1780275466912,5.693,1.264,4.862,6.601,1.188,1.184,2.467,2.733,25.992,21.891
1780275466967,5.565,1.060,4.971,6.761,1.399,1.439,1.636,1.877,24.708,21.067
1780275467008,5.008,1.027,4.862,6.141,1.436,1.479,1.006,1.199,22.158,19.467
1780275467046,4.319,2.956,4.647,5.631,1.403,1.392,0.976,1.166,22.490,18.958
1780275467120,4.388,0.328,4.096,1.024,1.545,1.556,1.221,1.432,15.590,12.776
1780275467195,4.206,0.287,2.697,1.727,1.465,1.519,0.575,0.710,13.186,10.642
1780275467237,3.765,2.329,1.917,4.158,1.279,1.264,0.616,0.761,16.089,12.558
1780275467277,3.251,2.897,1.683,4.625,1.239,1.312,0.980,1.144,17.131,13.697
1780275467331,3.378,2.376,1.673,4.253,1.348,1.392,0.951,1.126,16.497,13.479
1780275467383,2.613,1.964,1.530,3.692,1.261,1.315,2.412,2.810,17.597,12.727
1780275467436,3.065,1.855,1.549,3.408,1.501,1.458,0.736,0.911,14.483,12.461
1780275467494,2.872,1.600,1.406,3.032,1.786,1.625,0.306,0.400,13.027,11.467
1780275467530,2.857,1.465,1.363,2.934,2.278,1.869,0.280,0.368,13.414,11.273
1780275467573,2.547,2.332,2.402,2.817,1.775,2.143,0.484,0.586,15.086,12.800
1780275467676,0.539,2.562,1.016,1.997,1.979,1.993,0.648,0.783,11.517,9.939
1780275467752,3.222,2.238,0.404,0.211,2.121,2.205,0.605,0.754,11.760,8.752
1780275467810,0.360,1.971,3.419,0.080,1.822,2.041,0.225,0.266,10.184,9.018
1780275467875,0.156,2.168,4.071,0.098,1.607,1.614,0.335,0.422,10.471,9.261
1780275467942,1.603,2.103,3.353,0.656,1.611,1.804,0.247,0.313,11.690,10.739
1780275468001,2.409,2.066,2.850,1.997,2.026,1.673,1.895,2.063,16.979,13.867
1780275468042,1.658,2.792,2.821,1.939,2.030,1.931,1.235,1.337,15.743,15.006
1780275468094,0.422,2.358,0.962,1.574,1.702,1.953,2.693,2.988,14.652,11.200
1780275468191,0.076,0.605,0.029,0.112,2.970,3.207,2.081,2.391,11.471,9.794
1780275468281,0.003,0.014,0.003,0.007,2.846,2.890,1.771,2.077,9.611,8.509
1780275468317,0.003,0.003,0.003,0.007,3.123,3.010,0.619,0.794,7.562,7.927
1780275468366,1.683,1.614,1.767,1.611,2.617,2.715,0.222,0.251,12.480,9.333
1780275468433,6.138,5.770,4.056,4.632,1.888,1.928,0.171,0.189,24.772,22.279
1780275468485,5.558,5.401,4.118,4.596,1.833,1.844,2.587,2.788,28.725,21.770
1780275468541,4.527,4.374,3.903,4.133,2.015,2.026,3.491,3.881,28.350,25.673
1780275468588,4.337,4.082,3.681,4.020,2.074,2.125,3.677,4.078,28.074,25.115
1780275468629,3.994,3.790,3.542,3.860,2.354,2.482,1.191,1.552,22.765,24.824
1780275468716,3.787,3.397,2.795,3.138,2.292,2.577,0.492,0.623,19.101,17.382
1780275468780,3.200,3.200,2.996,3.276,2.267,2.238,0.543,0.656,18.376,16.412
1780275468859,1.330,3.178,3.010,1.170,0.222,0.178,0.911,1.093,11.092,8.776
1780275468912,0.572,3.058,3.025,0.393,0.014,0.021,1.931,2.270,11.284,8.267
1780275468977,0.240,2.628,2.759,0.102,0.003,0.003,0.619,0.769,7.123,6.206
1780275469034,0.109,2.493,2.741,0.014,0.003,0.007,1.888,2.063,9.318,6.594
1780275469076,0.076,2.434,2.544,0.010,0.000,0.003,0.882,1.151,7.100,6.594
1780275469116,0.061,2.278,2.394,0.003,0.003,0.003,1.928,2.143,8.813,5.648
1780275469155,0.058,2.157,2.383,0.003,0.000,0.007,2.303,2.584,9.495,7.539
1780275469217,0.054,2.033,2.201,0.007,0.003,0.003,2.449,2.744,9.494,7.442
1780275469261,0.058,2.132,2.248,0.003,0.003,0.003,2.059,2.307,8.813,7.418
1780275469300,0.051,2.059,2.190,0.003,0.000,0.003,1.902,2.165,8.373,6.739
1780275469365,0.054,2.117,2.325,0.007,0.000,0.000,0.612,0.605,5.720,6.521
1780275469415,0.058,1.968,2.110,0.007,0.000,0.000,0.349,0.448,4.940,4.606
1780275469480,0.069,1.709,1.942,0.003,0.000,0.003,1.873,2.055,7.654,6.109
1780275469547,0.007,0.225,0.134,0.000,0.003,0.003,2.504,2.792,5.668,4.121
1780275469588,0.000,0.032,0.021,0.000,0.003,0.003,2.052,2.332,4.443,3.539
1780275469620,0.000,0.007,0.007,0.003,0.000,0.003,1.829,2.092,3.941,3.055
1780275469660,0.000,0.003,0.003,0.003,0.003,0.003,1.873,2.165,4.053,2.958
1780275469731,0.003,0.000,0.003,0.003,0.003,0.003,2.008,2.299,4.322,3.152
1780275469769,0.000,0.003,0.007,0.003,0.003,0.003,1.928,2.179,4.126,3.273
1780275469810,0.000,0.003,0.003,0.003,0.000,0.000,0.958,1.184,2.151,3.006
1780275469883,0.003,0.000,0.003,0.003,0.000,0.003,1.869,2.197,4.078,3.127
1780275469949,0.003,0.000,0.000,0.000,4.173,0.007,2.303,2.631,9.117,6.594
1780275470011,0.003,0.000,0.000,0.003,4.326,4.330,2.048,2.299,13.009,15.321
1780275470079,0.003,0.000,0.000,0.003,2.886,2.832,1.297,1.538,8.559,10.715
1780275470123,0.000,0.000,0.003,0.003,2.299,2.270,2.296,2.730,9.601,9.261
1780275470177,0.000,0.000,0.003,0.003,2.103,2.059,2.937,3.262,10.367,9.382
1780275470216,0.003,0.000,0.000,0.003,2.114,1.826,2.937,3.276,10.159,9.285
1780275470262,0.000,0.000,0.000,0.000,1.694,1.837,4.206,4.676,12.413,11.055
1780275470314,0.000,0.000,0.000,0.003,2.099,2.157,4.621,5.033,13.913,16.679
1780275470354,0.003,0.000,0.000,0.000,1.968,2.001,4.647,5.110,13.729,15.636
1780275470394,0.000,0.000,0.000,0.003,1.917,2.022,4.432,4.931,13.305,14.473
1780275470466,0.003,0.000,0.000,0.003,1.698,1.534,3.940,4.344,11.522,11.127
1780275470524,0.000,0.000,0.000,0.003,1.180,1.308,4.764,5.237,12.492,14.133
1780275470584,0.000,0.000,0.000,0.003,1.304,1.304,4.764,5.237,12.612,14.691
1780275470627,0.000,0.000,0.000,0.000,1.363,1.366,5.015,5.452,13.196,13.673
1780275470671,0.000,0.000,0.000,0.003,1.454,1.454,4.352,4.851,12.114,13.479
1780275470721,0.000,0.000,0.000,0.003,1.301,1.283,4.891,5.336,12.814,12.412
1780275470770,0.000,0.000,0.000,0.003,1.264,1.283,4.891,5.383,12.824,12.873
1780275470810,0.000,0.000,0.003,0.003,1.425,1.458,4.096,4.599,11.584,12.776
1780275470849,0.000,0.000,0.000,0.003,1.436,1.450,3.805,4.158,10.852,9.842
1780275470901,0.000,0.000,0.003,0.003,1.592,1.570,1.574,1.837,6.579,8.097
1780275470978,0.003,0.000,0.000,0.003,0.236,0.171,0.783,0.973,2.169,3.030
1780275471040,0.007,0.000,0.000,0.003,0.010,0.014,0.499,0.623,1.156,1.236
1780275471098,0.003,0.000,0.003,0.003,0.003,0.003,0.747,0.893,1.655,1.261
1780275471136,0.003,0.000,0.003,0.000,0.003,0.003,1.764,1.975,3.751,2.642
1780275471179,0.003,0.000,0.003,0.003,0.000,0.000,0.947,1.170,2.126,2.982
1780275471217,0.000,0.000,0.000,0.003,0.003,0.003,2.030,2.270,4.309,2.861
1780275471258,0.000,0.000,0.000,0.003,0.000,0.000,1.148,1.392,2.543,3.588
1780275471304,0.003,0.000,0.000,0.007,0.003,0.003,2.285,2.562,4.863,3.152
1780275471366,1.767,1.931,1.436,2.555,0.000,0.000,0.852,1.060,9.601,5.770
1780275471424,4.760,4.949,5.664,4.971,0.000,0.003,1.920,2.132,24.399,11.030
1780275471517,4.093,5.208,6.961,3.969,0.000,0.003,1.494,1.731,23.459,17.236
1780275471573,3.816,5.234,6.335,3.630,0.000,0.000,1.272,1.490,21.777,16.315
1780275471637,4.191,4.815,5.700,3.816,0.000,0.003,1.126,1.326,20.977,16.121
1780275471698,5.084,3.892,4.898,4.771,0.000,0.000,0.459,0.590,19.694,16.776
1780275471737,4.745,3.601,4.800,4.435,0.000,0.000,0.984,1.137,19.702,16.412
1780275471777,4.355,3.265,4.519,4.352,0.000,0.003,2.620,2.919,22.033,16.436
1780275471829,4.228,3.163,4.297,4.439,0.000,0.000,1.622,1.888,19.637,17.212
1780275471884,4.465,2.992,0.750,0.951,0.000,0.000,0.812,1.078,11.048,9.285
1780275471937,2.828,1.399,1.202,0.160,0.010,0.021,9.480,10.027,25.127,13.721
1780275472019,1.804,0.510,1.140,0.287,0.010,0.021,10.523,11.379,25.674,22.933
1780275472072,2.074,0.207,2.030,0.776,0.003,0.007,6.149,6.396,17.642,15.733
1780275472111,1.651,3.491,2.103,4.093,0.003,0.010,5.212,5.693,22.256,16.921
1780275472160,1.312,3.962,2.803,6.163,0.003,0.010,4.906,5.296,24.455,20.897
1780275472203,1.512,3.900,2.788,5.890,0.003,0.010,4.756,5.183,24.042,20.509
1780275472241,2.132,4.104,2.274,5.237,0.003,0.007,4.738,5.197,23.692,20.364
1780275472299,2.547,2.511,1.217,4.764,0.003,0.007,4.818,5.230,21.097,18.836
1780275472362,2.886,0.503,0.116,3.965,4.086,3.561,4.206,4.654,23.977,21.091
1780275472428,2.872,3.298,4.665,3.371,2.015,1.997,4.220,4.702,27.140,21.770
1780275472526,3.222,4.486,4.731,2.988,1.683,1.698,1.563,1.895,22.266,16.291
1780275472600,2.992,3.524,3.863,2.219,0.849,0.849,9.830,10.446,34.572,26.667
1780275472648,2.456,1.888,1.505,2.299,1.796,1.450,9.914,10.603,31.911,27.564
1780275472698,2.365,0.991,0.721,3.094,2.292,2.438,5.616,6.203,23.720,25.891
1780275472746,2.624,2.351,2.161,2.948,1.880,2.212,4.957,5.332,24.465,20.800
1780275472776,1.939,4.348,4.578,2.952,1.691,1.709,4.618,4.993,26.828,20.897
1780275472814,0.936,4.804,5.409,2.872,1.807,1.818,4.410,4.796,26.852,24.194
1780275472856,0.335,4.665,3.812,3.039,2.088,2.135,4.530,4.898,25.502,23.273
1780275472892,0.185,4.366,3.222,2.981,2.270,2.274,4.534,4.858,24.690,21.988
1780275472931,0.233,4.206,1.104,2.711,1.957,2.146,4.676,5.088,22.121,20.897
1780275473022,1.552,3.528,0.058,0.750,1.950,1.800,3.849,4.202,17.689,15.103
1780275473084,1.760,3.240,0.091,0.499,1.902,2.511,0.550,0.659,11.212,9.721
1780275473135,0.484,2.620,1.097,0.284,1.049,1.315,8.026,9.469,24.344,16.824
1780275473193,1.370,1.796,4.435,0.171,1.793,1.844,9.604,10.147,31.160,28.024
1780275473247,2.799,2.613,4.257,0.962,2.959,2.846,5.267,5.748,27.451,26.836
1780275473289,2.835,2.445,3.819,1.552,2.719,2.620,4.774,5.132,25.896,23.903
1780275473327,2.803,2.507,3.550,2.084,2.569,2.598,4.651,5.051,25.813,23.782
1780275473390,2.493,2.722,3.258,2.030,2.460,2.507,4.596,4.982,25.048,23.103
1780275473424,2.409,2.591,3.047,2.008,2.303,2.292,4.643,5.051,24.344,22.133
1780275473484,2.157,2.544,2.726,2.004,2.110,2.154,4.610,4.990,23.295,21.212
1780275473569,1.745,2.628,2.055,2.238,0.167,0.240,3.433,3.885,16.391,14.836
1780275473641,1.549,1.724,1.337,2.037,0.014,0.032,9.615,10.180,26.488,24.194
1780275473681,2.037,0.801,0.568,1.727,0.010,0.025,9.998,10.738,25.904,24.582
1780275473720,2.974,0.229,0.200,2.310,0.003,0.003,3.156,3.645,12.520,23.321
1780275473782,1.975,0.123,0.069,1.964,4.381,3.721,4.417,5.059,21.709,20.776
1780275473836,0.375,0.247,3.666,2.066,3.138,3.083,3.597,3.951,20.123,16.655
1780275473880,0.094,0.266,3.349,1.312,2.285,2.318,4.917,5.339,19.880,15.079
1780275473918,0.076,0.262,3.225,1.144,2.307,2.292,4.180,4.603,18.089,16.897
1780275473965,0.127,0.244,2.161,1.151,2.372,2.376,2.726,3.069,14.226,12.291
1780275474019,1.818,0.437,0.991,0.965,2.296,2.289,0.765,1.009,10.570,10.376
1780275474117,1.377,0.922,3.167,0.918,1.246,1.352,9.068,9.364,27.414,21.842
1780275474175,0.430,0.513,1.800,0.185,1.997,1.909,9.571,10.173,26.578,24.412
1780275474244,2.832,2.813,1.155,3.375,3.018,3.065,1.272,1.458,18.988,13.406
1780275474308,8.201,7.359,2.577,2.864,1.443,1.512,4.253,4.618,32.827,29.115
1780275474345,8.365,6.786,1.935,2.916,2.245,1.899,4.578,4.928,33.652,29.939
1780275474390,7.523,4.938,4.538,5.041,2.168,2.321,4.381,4.760,35.670,31.564
1780275474421,6.805,5.307,4.381,3.962,2.383,2.259,4.476,4.829,34.402,30.279
1780275474464,6.324,5.347,4.377,4.166,0.659,0.765,4.519,4.920,31.077,28.800
1780275474503,5.875,5.121,5.197,4.669,0.080,0.098,2.135,1.964,25.139,21.891
1780275474546,5.915,1.877,5.274,1.323,0.010,0.010,0.572,0.761,15.742,13.600
1780275474624,4.479,0.065,4.534,0.036,0.003,0.003,0.185,0.215,9.520,8.509
1780275474678,3.542,2.172,3.681,1.450,0.003,0.000,0.193,0.218,11.259,8.509
1780275474738,2.854,5.121,3.109,4.242,0.003,0.003,1.807,2.019,19.158,14.497
1780275474774,2.748,4.822,3.061,3.422,0.003,0.003,2.737,2.999,19.795,15.564
1780275474819,2.719,4.261,3.007,3.422,0.003,0.003,2.956,3.229,19.600,15.733
1780275474861,2.668,3.674,2.916,3.171,0.000,0.003,2.777,3.076,18.285,14.933
1780275474915,2.850,3.477,2.795,2.861,0.000,0.000,0.871,1.035,13.889,13.358
1780275474957,2.901,3.141,2.704,2.660,0.000,0.003,1.775,1.971,15.155,11.709
1780275475006,2.515,2.784,2.533,2.405,0.000,0.003,2.074,2.303,14.617,11.758
1780275475072,0.342,0.331,0.280,0.328,0.000,0.003,2.547,2.861,6.692,4.291
1780275475148,0.018,0.010,0.010,0.003,0.003,0.000,2.063,2.289,4.396,2.909
1780275475204,0.003,0.003,0.007,0.003,0.000,0.000,1.815,1.990,3.821,2.570
1780275475256,0.003,0.003,0.003,0.003,0.003,0.003,2.179,2.398,4.595,2.909
1780275475291,0.003,0.003,0.003,0.003,0.000,0.003,2.099,2.332,4.446,3.321
1780275475347,0.003,0.003,0.003,0.003,0.003,0.003,2.048,2.270,4.336,2.958
1780275475405,0.003,0.003,0.003,0.003,0.003,0.003,2.420,2.693,5.131,2.982
1780275475457,0.003,0.000,0.000,0.003,0.000,0.003,2.423,2.704,5.136,3.539
1780275475538,0.000,0.000,0.003,0.003,4.581,0.003,1.691,1.935,8.216,6.303
1780275475600,0.000,0.000,0.000,0.003,4.126,4.235,1.680,1.858,11.902,14.667
1780275475675,0.003,0.000,0.000,0.003,2.504,2.671,1.155,1.319,7.655,9.164
1780275475715,0.000,0.003,0.000,0.003,2.310,2.467,1.100,1.268,7.151,6.642
1780275475754,0.003,0.000,0.000,0.003,2.095,1.833,2.398,2.872,9.204,6.061
1780275475806,0.000,0.000,0.000,0.000,1.694,1.957,5.208,5.569,14.428,13.212
1780275475845,0.003,0.000,0.000,0.003,2.405,2.351,5.398,5.799,15.959,17.479
1780275475875,0.003,0.000,0.000,0.003,2.405,2.438,5.551,5.977,16.377,17.042
1780275475913,0.000,0.000,0.003,0.003,2.289,2.369,4.548,4.822,14.034,15.152
1780275475963,0.000,0.000,0.000,0.003,1.673,1.964,5.423,5.959,15.022,12.921
1780275476016,0.000,0.000,0.000,0.003,1.698,1.352,5.635,6.050,14.738,14.764
1780275476047,0.000,0.000,0.000,0.003,1.490,1.370,5.547,5.930,14.340,15.612
1780275476096,0.000,0.000,0.000,0.003,1.574,1.673,3.451,3.881,10.582,15.345
1780275476133,0.000,0.000,0.000,0.003,1.738,1.647,1.381,1.592,6.361,9.018
1780275476188,0.003,0.000,0.000,0.003,1.527,1.545,0.379,0.481,3.938,4.994
1780275476261,0.003,0.000,0.000,0.000,1.002,1.046,5.569,5.981,13.601,10.376
1780275476305,0.000,0.000,0.000,0.003,1.217,1.191,5.653,6.061,14.125,13.988
1780275476361,1.643,1.873,2.092,1.713,1.468,1.483,3.316,3.499,17.087,12.630
1780275476427,5.529,5.642,6.222,6.469,0.200,0.145,0.743,0.903,25.853,20.970
1780275476494,4.895,6.561,1.622,1.815,0.007,0.010,0.605,0.710,16.225,12.339
1780275476549,5.522,4.938,0.605,0.608,0.003,0.003,0.258,0.335,12.272,10.327
1780275476607,3.943,4.122,5.420,5.558,0.000,0.003,0.204,0.255,19.505,13.697
1780275476660,2.675,3.648,6.422,6.291,0.000,0.000,0.564,0.652,20.252,15.370
1780275476724,2.074,3.557,5.828,4.661,0.003,0.003,2.657,2.905,21.688,14.812
1780275476794,0.539,3.316,5.372,1.713,0.003,0.003,3.466,3.750,18.162,14.545
1780275476848,2.591,2.901,5.081,2.125,0.003,0.003,3.218,3.510,19.432,14.230
1780275476922,3.590,2.245,4.796,4.038,0.000,0.003,2.427,2.679,19.778,14.036
1780275477015,5.256,2.063,4.137,5.587,0.000,0.000,0.459,0.590,18.092,15.879
1780275477056,4.016,1.458,3.502,4.665,0.007,0.018,7.643,7.887,29.196,22.691
1780275477086,4.024,1.888,3.076,3.761,0.007,0.018,9.101,9.699,31.574,28.364
1780275477120,3.852,1.804,2.999,3.422,0.007,0.021,9.309,9.910,31.324,28.703
1780275477171,4.071,1.479,3.510,2.347,0.003,0.007,5.081,5.689,22.187,26.036
1780275477222,3.593,0.309,3.018,0.451,0.007,0.010,5.503,6.014,18.905,16.291
1780275477257,3.171,0.054,2.792,0.083,0.003,0.010,5.627,6.119,17.859,16.921
1780275477287,3.087,0.014,2.547,0.025,0.003,0.010,5.616,6.065,17.367,16.630
1780275477337,2.361,0.003,1.541,0.007,0.003,0.010,5.704,6.050,15.679,15.806
1780275477378,2.081,0.003,1.293,0.007,0.003,0.010,5.657,6.028,15.082,14.570
1780275477431,2.908,0.000,1.377,0.003,0.000,0.003,1.829,2.165,8.285,14.303
1780275477512,2.992,0.003,1.312,0.010,0.000,0.000,0.313,0.291,4.921,4.558
1780275477563,2.817,3.947,0.769,5.839,0.000,0.000,0.298,0.375,14.045,11.855
1780275477599,2.846,3.674,0.583,6.943,0.000,0.003,2.420,2.566,19.035,14.812
1780275477640,2.682,1.906,1.246,6.083,0.003,0.007,3.634,3.932,19.493,16.291
1780275477692,2.937,2.172,1.086,5.398,4.016,3.827,2.843,3.141,25.420,23.976
1780275477759,2.981,2.278,1.742,4.446,2.223,2.106,3.568,3.874,23.218,20.388
1780275477813,0.907,1.855,2.296,1.151,2.004,1.986,1.713,1.939,13.851,12.630
1780275477870,3.174,3.254,2.642,3.163,1.578,1.592,0.302,0.411,16.116,9.988
1780275477911,4.319,2.631,1.891,4.148,0.674,0.790,6.878,6.972,28.303,12.824
1780275477967,5.398,2.372,1.844,5.883,1.574,1.560,1.490,1.756,21.877,20.897
1780275478039,5.627,2.540,1.687,5.839,1.304,1.348,2.197,2.391,22.933,16.703
1780275478098,6.692,2.343,0.215,2.394,1.159,1.162,4.815,5.186,23.966,19.903
1780275478139,6.484,1.961,0.051,1.523,1.410,1.385,4.301,4.691,21.806,18.982
1780275478218,5.762,1.585,1.807,5.715,2.205,3.025,2.555,2.850,25.504,22.255
1780275478300,2.183,1.494,0.102,0.236,2.383,2.208,1.392,1.629,11.627,8.000
1780275478355,0.382,0.277,0.010,0.025,1.705,2.088,0.411,0.368,5.266,6.182
1780275478401,0.040,0.021,0.003,0.007,1.618,1.563,0.218,0.247,3.717,4.097
1780275478459,0.007,0.000,0.003,0.007,1.388,1.487,0.277,0.346,3.515,3.830
1780275478531,0.003,0.003,0.000,0.003,1.337,1.374,1.622,1.844,6.186,4.655
1780275478613,0.007,0.000,0.003,0.003,1.334,1.385,2.132,2.351,7.215,5.552
1780275478661,1.352,1.625,1.137,1.224,1.312,1.326,2.074,2.274,12.324,7.176
1780275478730,4.505,6.488,0.616,0.645,1.166,1.177,1.596,1.800,17.993,14.812
1780275478775,3.254,6.480,0.543,0.430,1.363,1.388,0.557,0.685,14.700,12.485
1780275478841,2.427,6.692,1.738,1.600,1.468,1.381,0.645,0.765,16.716,11.879
1780275478891,1.031,4.844,4.884,4.209,1.341,1.436,0.670,0.783,19.198,11.879
1780275478953,0.145,0.688,0.575,0.586,1.789,1.669,2.354,2.711,10.517,7.515
1780275478991,0.018,0.083,0.069,0.058,2.176,1.833,2.070,2.241,8.548,7.152
1780275479045,0.007,0.007,0.007,0.010,2.008,2.296,1.771,2.004,8.110,7.055
1780275479111,0.003,0.000,0.003,0.003,1.713,1.826,1.899,2.132,7.579,6.352
1780275479159,1.151,1.640,1.665,1.458,1.873,1.862,0.732,0.903,11.284,7.297
1780275479227,5.172,6.579,0.422,0.532,1.829,1.968,0.193,0.218,16.913,15.030
1780275479281,3.510,4.209,3.003,0.306,1.913,2.059,0.543,0.645,16.188,11.467
1780275479320,3.761,3.943,2.974,0.218,1.665,1.622,1.694,1.833,17.710,11.467
1780275479380,3.408,3.663,0.477,2.708,1.468,1.669,2.245,2.467,18.105,11.612
1780275479437,2.690,5.117,6.699,6.466,1.345,1.509,1.658,1.837,27.321,20.970
1780275479491,1.899,4.993,6.816,6.309,1.713,1.410,1.523,1.735,26.398,22.303
1780275479555,2.916,5.022,6.116,5.423,1.494,1.560,1.326,1.487,25.344,21.988
1780275479640,3.069,4.497,3.499,3.061,1.618,1.545,2.956,3.222,23.467,17.964
1780275479689,3.714,0.852,4.497,0.601,1.884,2.146,1.509,1.756,16.959,17.018
1780275479773,3.907,0.021,6.863,0.021,2.063,1.928,0.674,0.809,16.286,14.133
1780275479816,3.874,0.010,6.345,0.014,2.019,2.143,1.946,2.143,18.494,13.964
1780275479854,3.528,0.007,5.547,0.007,2.504,2.474,2.391,2.649,19.107,16.145
1780275479934,3.276,0.003,4.592,0.007,2.635,2.620,1.242,1.399,15.774,14.012
1780275479975,2.624,0.003,4.242,0.007,2.602,2.631,2.121,2.325,16.555,13.842
1780275480028,2.690,0.003,3.943,0.010,2.423,2.358,2.259,2.515,16.201,14.206
1780275480122,2.325,0.000,3.648,0.007,2.383,2.482,0.863,0.984,12.692,11.442
1780275480199,2.194,0.003,4.056,0.007,0.397,0.284,0.532,0.637,8.110,8.000
1780275480249,2.132,0.003,3.947,0.010,0.021,0.025,0.386,0.473,6.997,6.715
1780275480287,1.891,0.003,3.845,0.007,0.007,0.007,0.287,0.353,6.400,6.982
1780275480324,1.603,1.986,3.641,0.918,0.003,0.007,1.567,1.680,11.405,7.152
1780275480376,1.334,6.269,3.098,4.209,0.003,0.003,1.782,1.986,18.684,12.388
1780275480438,1.909,6.418,3.575,3.455,0.000,0.000,0.725,0.874,16.956,14.909
1780275480479,2.194,5.708,3.666,3.841,0.000,0.000,0.353,0.448,16.210,14.739
1780275480519,2.751,5.019,3.532,3.437,0.000,0.003,0.626,0.729,16.097,14.133
1780275480575,2.759,4.388,3.491,3.054,0.000,0.000,0.400,0.481,14.573,12.824
1780275480637,2.813,3.550,3.072,2.861,0.000,0.003,0.437,0.517,13.253,11.661
1780275480722,0.324,3.032,0.295,2.952,0.003,0.000,0.215,0.222,7.043,6.715
1780275480777,0.109,2.303,0.043,2.223,0.000,0.000,0.112,0.127,4.917,4.897
1780275480833,0.072,1.272,0.007,1.764,0.007,0.021,8.576,9.568,21.287,9.067
1780275480899,0.196,0.780,0.072,1.873,0.003,0.014,6.181,6.615,15.734,15.564
1780275480958,2.948,0.554,1.669,1.691,0.003,0.010,5.485,5.930,18.290,17.091
1780275480998,3.371,0.918,2.398,2.150,0.003,0.007,4.184,4.640,17.671,16.800
1780275481039,3.655,1.221,2.416,2.464,0.000,0.000,1.290,1.560,12.606,14.352
1780275481090,0.721,0.284,0.437,0.488,0.007,0.021,8.543,9.043,19.544,9.867
1780275481143,0.069,0.025,0.040,0.032,0.007,0.018,9.834,10.544,20.569,19.855
1780275481227,0.003,0.000,0.003,0.003,0.003,0.003,4.111,4.548,8.674,7.442
1780275481269,0.003,0.000,0.000,0.003,0.003,0.014,6.101,6.579,12.703,5.600
1780275481312,0.000,0.000,0.000,0.000,0.003,0.010,6.400,6.925,13.338,13.212
1780275481371,0.003,0.000,0.000,0.003,0.003,0.010,6.342,6.827,13.188,12.945
1780275481405,0.000,0.000,0.000,0.003,0.007,0.014,6.258,6.688,12.970,12.873
1780275481467,0.003,0.000,0.003,0.003,3.805,0.003,2.883,3.273,9.973,14.836
1780275481527,0.003,0.000,0.000,0.003,4.352,0.000,0.291,0.368,5.017,7.055
1780275481588,0.000,0.000,0.000,0.003,4.053,3.619,8.150,8.478,24.303,23.224
1780275481621,0.000,0.000,0.000,0.003,3.065,2.970,9.006,9.542,24.586,25.552
1780275481682,0.000,0.003,0.000,0.003,3.225,2.937,2.967,2.788,11.923,20.703
1780275481739,0.003,0.000,0.000,0.000,1.818,1.840,6.254,6.590,16.505,14.400
1780275481770,0.000,0.000,0.000,0.003,1.713,1.851,6.458,6.786,16.811,16.509
1780275481809,0.000,0.000,0.000,0.003,1.749,1.570,6.338,6.841,16.501,16.509
1780275481842,0.000,0.000,0.000,0.003,1.541,1.341,6.305,6.648,15.838,16.145
1780275481877,0.003,0.000,0.000,0.003,1.334,1.425,6.178,6.601,15.544,16.945
1780275481916,0.000,0.000,0.003,0.003,1.330,1.337,6.057,6.484,15.214,17.333
1780275481984,0.000,0.000,0.000,0.003,1.370,1.341,6.149,6.626,15.489,16.242
1780275482021,0.003,0.000,0.000,0.003,1.687,1.676,3.969,4.570,11.908,14.691
1780275482058,0.000,0.000,0.000,0.003,1.250,1.275,5.620,5.981,14.129,8.194
1780275482112,0.003,0.000,0.000,0.000,1.224,1.286,6.087,6.444,15.044,14.764
1780275482150,0.000,0.000,0.000,0.003,1.654,1.625,3.473,3.856,10.611,11.685
1780275482216,0.302,0.229,0.164,0.280,0.393,0.470,2.048,2.150,6.036,5.697
1780275482292,4.414,3.244,4.782,4.720,0.010,0.010,0.200,0.182,17.562,10.885
1780275482342,3.983,2.423,6.772,6.918,0.000,0.003,0.080,0.087,20.266,16.364
1780275482387,4.552,2.850,6.448,7.107,0.003,0.000,0.080,0.091,21.131,18.158
1780275482433,3.677,2.372,6.068,6.641,0.000,0.000,0.178,0.229,19.165,16.242
1780275482468,4.045,2.420,5.354,6.065,0.000,0.000,0.167,0.196,18.247,15.612
1780275482520,3.889,2.504,4.694,5.503,0.000,0.000,0.426,0.495,17.511,14.739
1780275482574,3.346,2.566,4.206,5.004,0.000,0.003,2.026,2.201,19.352,14.521
1780275482615,3.346,3.050,3.623,4.235,0.003,0.003,2.897,3.149,20.306,15.345
1780275482653,1.242,3.535,1.618,4.027,0.003,0.003,2.846,3.123,16.397,15.152
1780275482693,0.258,3.685,0.277,3.761,0.000,0.003,2.361,2.580,12.925,10.255
1780275482764,0.018,2.518,0.014,2.252,4.406,3.641,1.800,2.019,16.668,16.267
1780275482829,0.080,2.281,0.032,1.629,2.052,2.263,0.280,0.331,8.948,9.164
1780275482880,3.280,2.088,4.111,1.381,1.319,1.308,1.421,1.556,16.464,13.091
1780275482916,2.741,2.248,5.267,1.279,1.184,1.232,2.329,2.569,18.849,15.321
1780275482976,2.515,2.321,4.866,1.476,1.268,1.312,2.591,2.883,19.232,16.970
1780275483041,2.617,2.569,3.845,1.691,1.414,1.403,2.500,2.766,18.805,15.758
1780275483097,0.510,2.620,0.820,0.900,1.516,1.592,3.324,3.597,14.879,12.000
1780275483160,3.637,2.602,0.065,0.284,1.450,1.432,3.036,3.349,15.855,11.321
1780275483205,1.137,2.092,1.261,0.149,1.374,1.439,2.981,3.298,13.731,10.085
1780275483290,0.131,2.227,4.333,0.091,1.352,1.392,2.190,2.460,14.176,12.000
1780275483370,0.171,2.496,3.327,0.127,1.323,1.385,2.617,2.890,14.336,11.467
1780275483422,1.013,2.299,3.371,0.532,1.341,1.363,2.303,2.533,14.755,11.685
1780275483480,2.522,2.070,2.864,1.632,1.224,1.272,2.453,2.675,16.712,14.376
1780275483538,2.507,0.437,2.624,0.295,1.363,1.388,3.437,3.728,15.779,13.091
1780275483599,2.037,0.065,1.760,0.076,1.217,1.221,5.095,5.474,16.945,15.709
1780275483653,0.816,0.051,1.775,3.196,1.523,1.509,3.809,4.162,16.841,14.788
1780275483711,0.313,0.069,1.199,2.875,1.479,1.505,3.295,3.612,14.347,11.030
1780275483795,0.193,0.091,0.699,3.058,1.366,1.439,2.697,3.010,12.553,8.945
1780275483870,0.200,0.105,0.594,2.547,1.534,1.570,0.739,0.889,8.178,6.376
1780275483916,0.236,0.123,0.524,1.815,1.447,1.447,0.776,0.922,7.290,5.552
1780275483988,1.756,0.112,0.729,0.284,1.188,1.221,2.642,2.832,10.764,7.903
1780275484036,3.936,0.973,0.342,1.399,1.261,1.279,2.518,2.773,14.481,10.933
1780275484079,4.454,1.447,0.193,2.026,1.239,1.323,2.854,3.149,16.685,10.933
1780275484127,4.643,2.026,0.080,2.511,1.483,1.476,1.490,1.713,15.422,11.127
1780275484171,4.519,2.580,0.065,2.336,1.323,1.355,2.332,2.704,17.214,10.933
1780275484219,4.352,1.683,0.029,4.093,1.385,1.414,1.290,1.578,15.824,12.121
1780275484304,3.736,1.833,0.072,5.879,1.323,1.348,0.951,1.122,16.264,13.333
1780275484371,3.513,4.035,2.686,5.966,1.089,1.089,2.285,2.515,23.178,18.958
1780275484408,3.637,4.071,3.397,5.070,1.046,1.089,3.149,3.422,24.881,21.430
1780275484459,0.794,2.518,0.831,3.127,1.786,1.804,2.489,2.810,16.159,17.309
1780275484520,0.051,0.324,0.051,0.360,1.574,1.556,2.974,3.273,10.163,8.000
1780275484565,0.010,0.025,0.007,0.029,1.563,1.607,1.297,1.552,6.090,7.830
1780275484607,0.007,0.003,0.003,0.007,1.501,1.516,0.437,0.543,4.017,4.630
1780275484651,0.069,0.014,0.003,0.003,1.374,1.487,0.251,0.295,3.496,3.782
1780275484700,2.227,2.176,2.274,2.383,1.097,1.129,0.193,0.218,11.697,6.618
1780275484763,6.816,3.703,5.321,2.416,1.020,1.064,0.284,0.357,20.981,16.073
1780275484844,5.420,0.153,5.318,0.094,1.345,1.385,1.399,1.581,16.695,13.721
1780275484910,3.932,0.007,4.002,0.014,1.304,1.330,2.766,3.105,16.460,13.867
1780275484947,3.506,0.003,3.870,0.010,1.275,1.355,3.069,3.415,16.503,13.770
1780275484985,3.010,0.003,3.903,0.010,1.458,1.494,1.683,1.953,13.514,13.673
1780275485045,2.999,0.003,3.601,0.007,1.428,1.468,1.046,1.224,11.776,10.012
1780275485104,2.289,0.127,2.135,0.080,1.458,1.479,1.108,1.268,9.944,8.461
1780275485157,2.263,0.849,0.714,0.324,1.443,1.483,0.368,0.444,7.888,7.467
1780275485219,1.880,2.081,0.178,0.145,1.345,1.432,0.601,0.707,8.369,7.030
1780275485279,1.640,3.958,0.021,0.021,1.323,1.330,0.590,0.710,9.593,8.727
1780275485382,0.841,2.963,7.253,6.531,1.144,1.155,0.309,0.390,20.586,18.376
1780275485443,1.592,2.773,6.819,5.070,0.998,1.020,3.539,3.830,25.641,22.545
1780275485483,1.764,2.569,5.558,4.479,1.151,1.137,4.027,4.443,25.128,22.812
1780275485539,2.110,2.832,4.997,4.312,1.261,1.261,3.863,4.224,24.860,24.024
1780275485594,1.264,2.937,4.428,2.577,1.735,1.691,2.030,2.343,19.005,20.242
1780275485654,0.572,3.069,4.603,1.334,1.589,1.600,0.776,0.929,14.472,12.364
1780275485719,0.174,2.197,3.167,0.156,0.714,0.809,9.436,10.100,26.753,23.273
1780275485767,4.676,2.402,3.561,4.669,1.516,1.563,2.657,3.203,24.247,22.667
1780275485830,5.412,1.100,3.182,6.280,1.133,1.217,4.129,4.494,26.947,22.788
1780275485918,5.380,1.111,2.536,4.917,1.348,1.323,4.322,4.742,25.679,22.861
1780275485973,4.476,2.489,1.519,5.004,1.709,1.519,4.403,4.756,25.875,20.800
1780275486012,6.513,3.141,3.313,3.674,2.351,1.818,4.173,4.505,29.488,22.036
1780275486090,6.648,3.236,3.440,2.471,1.676,1.971,4.111,4.450,28.003,21.842
1780275486144,5.380,4.457,3.929,3.776,1.742,1.709,3.922,4.242,29.157,22.909
1780275486196,5.084,5.489,4.778,2.638,2.314,2.241,3.590,3.896,30.030,25.236
1780275486249,4.151,4.920,5.310,3.976,2.580,2.970,2.165,2.438,28.510,25.188
1780275486308,1.261,0.958,1.968,2.150,3.495,3.499,2.103,2.391,17.825,13.624
1780275486375,0.109,0.069,0.207,0.185,2.653,2.737,0.761,0.911,7.632,7.442
1780275486457,0.007,0.003,0.007,0.003,2.372,2.544,0.328,0.408,5.672,5.600
1780275486508,0.003,0.003,0.003,0.003,2.580,2.474,0.185,0.211,5.462,5.673
1780275486544,0.003,0.003,0.003,0.007,2.464,2.551,0.277,0.342,5.650,5.867
1780275486610,0.003,0.003,0.003,0.003,2.387,2.449,0.422,0.524,5.794,5.867
1780275486658,0.007,0.000,0.000,0.003,2.391,2.409,0.696,0.809,6.315,6.036
1780275486707,0.000,0.000,0.003,0.003,2.321,2.296,1.895,2.092,8.610,6.255
1780275486764,3.072,3.178,4.235,3.834,2.252,2.238,1.811,2.066,22.686,13.139
1780275486818,3.907,5.689,6.185,6.655,1.880,1.950,2.059,2.289,30.614,23.321
1780275486858,3.429,5.784,5.883,6.415,1.990,2.004,3.127,3.426,32.058,27.661
1780275486906,3.280,5.318,5.318,5.879,2.135,2.208,2.212,2.504,28.854,27.394
1780275486981,3.284,5.019,4.909,5.398,2.019,2.041,1.651,1.873,26.194,23.200
1780275487040,3.415,4.745,4.421,4.811,1.964,2.015,1.097,1.286,23.754,20.291
1780275487083,3.182,4.494,4.312,4.833,1.939,1.928,1.082,1.261,23.031,19.636
1780275487139,3.586,4.228,4.191,4.432,1.957,1.961,0.612,0.776,21.743,19.345
1780275487184,3.247,3.812,4.089,4.220,1.909,1.968,1.006,1.148,21.399,18.182
1780275487228,3.342,3.626,3.987,4.148,0.353,0.430,2.489,2.704,21.079,17.188
1780275487279,1.166,1.417,1.771,1.877,0.029,0.040,1.961,2.263,10.524,13.285
1780275487333,0.153,0.207,0.277,0.255,0.007,0.007,0.984,1.126,3.016,2.327
1780275487375,0.032,0.029,0.025,0.021,0.003,0.003,0.492,0.626,1.231,1.479
1780275487414,0.007,0.010,0.007,0.007,0.003,0.000,0.568,0.685,1.287,1.164
1780275487457,0.003,0.003,0.003,0.003,0.003,0.003,1.793,1.990,3.801,2.642
1780275487516,0.003,0.000,0.003,0.003,0.003,0.003,2.176,2.420,4.611,3.321
1780275487567,0.003,0.000,0.003,0.003,0.003,0.003,2.063,2.303,4.381,3.394
1780275487629,0.000,0.000,0.003,0.003,4.428,0.003,2.103,2.394,8.934,6.618
1780275487692,0.000,0.000,0.000,0.003,4.224,4.261,0.827,0.922,10.237,15.467
1780275487733,0.000,0.000,0.000,0.003,3.141,3.320,1.020,1.188,8.672,10.739
1780275487770,0.003,0.000,0.003,0.003,2.467,2.420,0.998,1.162,7.056,8.873
1780275487811,0.003,0.000,0.000,0.000,2.088,2.190,0.933,1.144,6.358,7.588
1780275487862,0.003,0.000,0.003,0.003,1.851,1.815,1.232,1.465,6.372,6.327
1780275487913,0.003,0.000,0.000,0.003,1.162,1.049,4.625,5.000,11.842,11.685
1780275487950,0.000,0.000,0.000,0.003,1.082,1.195,4.866,5.277,12.423,14.933
1780275487982,0.003,0.000,0.000,0.003,1.202,1.184,4.851,5.237,12.480,15.467
1780275488021,0.000,0.003,0.000,0.003,1.279,1.235,4.745,5.208,12.473,15.224
1780275488061,0.003,0.000,0.000,0.003,1.297,1.366,4.774,5.183,12.626,14.958
1780275488099,0.000,0.000,0.000,0.000,1.352,1.341,4.785,5.263,12.741,13.939
1780275488163,3.688,3.542,3.750,3.491,1.213,1.195,3.429,3.856,24.164,18.279
1780275488239,6.444,5.952,4.709,4.928,0.969,0.995,3.524,3.867,31.388,27.394
1780275488292,5.722,5.310,4.731,4.756,0.244,0.291,3.677,4.151,28.882,26.788
1780275488324,5.321,5.033,4.548,4.723,0.054,0.072,3.819,4.231,27.801,24.921
1780275488361,4.935,4.716,4.333,4.581,0.010,0.018,3.841,4.297,26.731,23.758
1780275488412,2.821,4.479,2.464,4.220,0.003,0.014,4.137,4.614,22.752,20.945
1780275488467,4.866,3.790,4.585,3.812,0.003,0.000,1.403,1.724,20.183,17.479
1780275488508,4.184,2.187,7.111,2.427,0.007,0.021,7.359,7.585,30.881,19.079
1780275488551,1.727,1.067,7.727,1.632,0.007,0.021,9.553,10.486,32.220,29.939
1780275488593,3.513,1.031,7.902,1.964,0.003,0.003,3.065,3.532,21.013,24.291
1780275488630,3.586,0.794,7.089,2.146,0.003,0.010,4.133,4.435,22.196,16.485
1780275488685,2.507,0.422,6.389,2.121,0.003,0.007,4.530,4.924,20.903,18.836
1780275488745,1.924,0.047,5.062,0.258,4.199,3.557,4.126,4.486,23.659,23.636
1780275488821,0.863,4.618,4.753,7.395,1.771,1.953,2.905,3.214,27.472,26.594
1780275488889,0.984,1.662,5.212,7.957,1.596,1.538,1.348,1.570,21.867,21.503
1780275488935,0.758,2.999,3.623,6.834,0.710,0.794,8.365,8.933,33.016,27.200
1780275489002,1.355,4.195,3.914,6.345,1.669,1.603,2.649,2.824,24.554,24.315
1780275489063,1.848,3.371,3.422,5.219,1.293,1.392,4.093,4.446,25.084,22.133
1780275489105,1.472,3.488,2.267,4.771,1.385,1.363,4.253,4.676,23.675,21.867
1780275489159,0.178,3.849,0.309,4.104,1.439,1.479,4.465,4.804,20.627,19.224
1780275489209,0.091,3.342,0.054,3.112,1.560,1.585,3.630,3.969,17.343,15.612
1780275489281,2.070,1.920,3.480,2.022,0.681,0.776,9.170,10.056,30.175,25.673
1780275489360,2.770,2.074,3.881,1.465,1.173,1.122,9.422,10.096,32.003,28.873
1780275489428,2.398,2.285,3.258,2.325,1.829,1.534,5.081,5.558,24.268,22.448
1780275489468,1.673,2.569,3.211,1.191,1.600,1.691,4.938,5.354,22.227,20.727
1780275489514,0.524,2.431,2.901,0.397,1.640,1.709,5.048,5.398,20.048,19.297
1780275489565,0.142,2.420,2.846,0.120,1.760,1.822,4.946,5.318,19.374,17.842
1780275489607,0.098,2.321,2.711,0.102,1.756,1.997,4.909,5.259,19.153,17.721
1780275489645,0.094,2.154,2.402,0.102,2.146,2.259,4.778,5.208,19.143,18.158
1780275489703,0.076,2.289,2.431,0.091,2.012,2.055,4.778,5.132,18.864,17.842
1780275489759,2.536,2.227,2.274,2.777,1.971,1.899,3.907,4.261,21.852,16.533
1780275489836,5.631,2.602,2.059,4.873,1.596,1.837,0.951,1.144,20.693,14.545
1780275489918,0.269,0.171,0.061,0.225,2.453,2.026,1.057,1.206,7.468,6.303
1780275489976,0.021,0.010,0.007,0.014,4.366,4.665,0.244,0.295,9.622,8.945
1780275490021,0.003,0.003,0.003,0.003,7.319,7.009,0.284,0.346,14.970,13.285
1780275490078,0.003,0.000,0.000,0.007,8.379,8.664,0.513,0.616,18.182,16.412
1780275490138,1.348,0.608,0.896,0.863,8.824,8.762,0.721,0.852,22.874,19.491
1780275490197,5.113,1.366,1.552,4.855,6.765,6.477,2.259,2.500,30.887,25.648
1780275490248,4.716,1.108,1.275,5.325,5.409,5.281,3.539,3.900,30.553,26.861
1780275490313,4.508,3.240,3.382,4.490,3.805,3.976,3.637,4.020,31.058,27.127
1780275490393,4.333,4.126,4.126,3.717,2.741,3.069,2.110,2.354,26.576,24.000
1780275490461,3.426,3.152,3.094,2.926,1.388,1.673,8.277,9.385,33.321,28.630
1780275490506,3.400,3.163,3.189,3.167,2.161,2.179,2.894,3.269,23.422,30.158
1780275490541,3.306,3.047,2.981,2.999,2.197,2.110,3.353,3.809,23.802,18.836
1780275490601,2.945,2.788,2.646,2.715,2.270,2.314,4.220,4.538,24.436,21.770
1780275490643,2.649,2.416,2.420,2.376,2.547,2.449,4.220,4.636,23.713,22.255
1780275490689,2.711,2.372,2.230,2.230,0.572,0.688,4.527,4.931,20.261,21.600
1780275490753,2.635,2.361,2.423,2.383,0.032,0.047,3.411,3.739,17.031,15.030
1780275490806,2.711,2.467,2.347,2.354,0.007,0.010,1.071,1.286,12.253,11.006
1780275490845,2.704,2.573,2.449,2.361,0.003,0.003,0.451,0.554,11.098,10.085
1780275490908,2.365,2.150,2.128,2.004,0.003,0.003,0.357,0.451,9.461,8.630
1780275490970,2.416,2.114,1.971,2.121,0.003,0.000,0.382,0.481,9.488,8.461
1780275491007,2.139,2.004,1.957,1.942,0.003,0.003,0.834,0.944,9.826,8.267
1780275491053,0.601,0.586,0.532,0.554,0.003,0.003,2.241,2.704,7.224,5.358
1780275491113,0.032,0.032,0.029,0.021,0.003,0.003,2.423,2.668,5.211,4.121
1780275491174,0.003,0.007,0.007,0.003,0.003,0.003,2.412,2.624,5.062,3.709
1780275491239,0.000,0.000,0.003,0.003,0.000,0.003,2.456,2.737,5.202,3.855
1780275491283,0.000,0.000,0.003,0.003,0.000,0.003,2.434,2.751,5.194,4.048
1780275491327,0.000,0.003,0.003,0.007,0.000,0.003,2.216,2.434,4.666,3.564
1780275491375,0.003,0.000,0.003,0.007,0.000,0.003,2.179,2.380,4.575,3.394
1780275491437,0.003,0.000,0.003,0.000,0.000,0.003,1.046,1.235,2.290,2.182
1780275491501,0.000,0.000,0.000,0.003,4.326,0.007,1.545,1.826,7.707,6.206
1780275491543,0.000,0.000,0.000,0.007,5.551,4.767,0.761,0.925,12.011,10.715
1780275491577,0.000,0.003,0.000,0.003,3.630,3.546,1.202,1.370,9.754,12.121
1780275491645,0.000,0.000,0.000,0.003,2.310,2.471,2.693,2.977,10.454,10.400
1780275491685,0.000,0.000,0.000,0.003,1.975,2.146,2.926,3.269,10.319,9.382
1780275491720,0.000,0.000,0.000,0.003,1.738,1.345,4.497,4.785,12.368,9.527
1780275491760,0.000,0.000,0.003,0.000,1.304,1.293,4.928,5.332,12.860,14.352
1780275491793,0.000,0.003,0.000,0.003,1.210,1.403,4.898,5.350,12.867,14.764
1780275491832,0.000,0.000,0.000,0.003,1.359,1.301,4.873,5.307,12.843,14.473
1780275491861,0.000,0.000,0.000,0.000,1.359,1.286,4.982,5.507,13.134,13.891
1780275491917,0.000,0.000,0.000,0.003,1.392,1.447,4.162,4.505,11.509,11.176
1780275491977,0.003,0.003,0.000,0.003,1.242,1.224,5.015,5.365,12.855,12.218
1780275492037,0.000,0.000,0.000,0.003,1.290,1.301,4.917,5.405,12.916,12.873
1780275492079,0.003,0.000,0.000,0.003,1.304,1.312,4.938,5.296,12.856,12.824
1780275492118,0.000,0.000,0.000,0.003,1.534,1.541,3.408,3.849,10.335,12.558
1780275492185,0.003,0.000,0.000,0.003,1.585,1.534,1.046,1.210,5.381,5.188
1780275492230,3.167,1.990,2.766,1.993,1.228,1.283,0.353,0.430,13.210,7.927
1780275492275,5.503,4.789,5.616,5.511,0.718,0.852,0.164,0.185,23.338,16.436
1780275492365,3.812,3.914,4.847,4.454,0.051,0.040,1.337,1.519,19.974,18.642
1780275492408,3.327,0.790,4.399,0.954,0.007,0.010,1.348,1.527,12.362,13.745
1780275492446,2.999,0.094,4.687,0.105,0.007,0.007,2.197,2.423,12.519,9.673
1780275492500,2.427,0.010,4.917,0.010,0.003,0.003,0.871,1.151,9.392,9.382
1780275492535,2.999,0.003,4.290,0.010,0.000,0.003,1.869,2.063,11.237,9.042
1780275492575,2.052,0.003,3.816,0.003,4.377,4.209,0.787,0.976,16.223,11.685
1780275492642,2.212,1.064,3.440,0.010,2.409,2.577,1.385,1.607,14.704,12.242
1780275492719,1.352,2.252,3.214,0.109,1.450,1.421,2.638,2.886,15.322,12.000
1780275492778,2.748,5.500,2.668,0.061,1.392,1.421,0.995,1.173,15.958,13.285
1780275492846,4.435,5.011,2.963,3.849,1.286,1.315,0.360,0.459,19.678,14.667
1780275492889,6.006,4.126,2.795,5.715,1.016,1.082,0.211,0.240,21.191,17.842
1780275492935,5.974,3.382,2.507,5.744,1.119,1.162,0.685,0.823,21.396,21.358
1780275492970,5.296,3.039,2.733,5.675,1.293,1.293,0.739,0.885,20.953,20.291
1780275493024,3.200,3.196,3.313,3.597,1.545,1.505,0.831,0.991,18.178,15.539
1780275493071,1.694,2.084,3.645,0.841,1.570,1.611,0.776,0.922,13.143,11.176
1780275493114,5.471,0.725,3.561,0.379,1.348,1.370,0.397,0.506,13.757,12.121
1780275493173,5.671,0.040,3.276,0.080,1.330,1.366,0.218,0.262,12.243,11.758
1780275493245,5.303,0.003,2.409,0.010,1.450,1.494,0.182,0.204,11.055,11.491
1780275493297,5.084,0.805,1.968,0.998,1.396,1.436,0.247,0.313,12.247,10.255
1780275493372,4.209,0.739,1.654,1.217,1.410,1.432,0.295,0.379,11.335,9.333
1780275493418,3.896,0.513,1.920,1.133,1.403,1.425,0.320,0.422,11.032,9.285
1780275493458,3.645,0.470,1.815,1.031,1.297,1.308,1.647,1.851,13.064,8.994
1780275493507,3.225,0.495,1.731,0.900,1.414,1.436,0.623,0.780,10.604,9.333
1780275493568,2.755,2.926,0.725,6.961,1.355,1.155,1.421,1.534,18.832,14.279
1780275493603,2.660,2.172,0.936,6.728,1.348,1.355,2.106,2.314,19.619,15.903
1780275493650,3.269,2.281,1.290,6.028,1.501,1.519,2.161,2.478,20.527,16.218
1780275493709,3.101,2.409,1.436,5.237,1.909,1.815,1.075,1.319,18.301,16.121
1780275493783,3.076,2.529,1.326,4.261,2.296,2.274,0.320,0.408,16.490,15.491
1780275493823,2.912,2.278,1.352,3.845,2.074,2.132,0.517,0.619,15.729,14.788
1780275493875,2.813,1.880,1.304,3.422,2.507,2.256,0.495,0.623,15.300,13.721
1780275493951,2.773,2.431,2.365,3.211,1.720,2.340,1.837,2.103,18.780,14.885
1780275494007,0.619,2.595,0.284,2.555,2.668,2.511,2.584,2.861,16.677,13.721
1780275494049,0.109,2.197,0.043,2.398,2.824,2.628,2.438,2.733,15.370,13.552
1780275494122,0.007,1.855,0.003,1.406,3.127,2.956,0.608,0.699,10.661,11.297
1780275494176,0.003,1.654,0.003,1.042,2.730,2.875,0.247,0.262,8.816,8.873
1780275494231,0.003,2.219,0.003,0.922,2.660,2.821,0.269,0.317,9.214,9.309
1780275494300,0.003,2.270,0.003,0.433,2.810,2.886,1.585,1.745,11.735,9.333
1780275494340,0.003,2.591,0.003,0.430,2.679,2.660,2.135,2.369,12.870,10.909
1780275494404,0.003,2.700,0.003,0.433,2.562,2.617,2.256,2.533,13.107,12.194
1780275494484,1.213,3.203,1.581,0.189,2.489,2.515,2.307,2.609,16.106,12.145
1780275494546,1.928,3.386,1.971,0.142,2.748,2.715,0.677,0.845,14.412,11.855
1780275494603,2.015,3.575,1.764,0.164,2.726,2.609,0.448,0.535,13.836,11.176
1780275494669,1.775,3.247,2.270,0.145,2.504,2.485,2.077,2.256,16.759,12.485
1780275494728,0.503,3.218,5.500,0.120,2.310,2.445,2.318,2.544,18.958,14.691
1780275494802,0.470,3.196,5.890,0.109,2.577,2.595,2.208,2.456,19.501,16.509
1780275494862,1.129,3.473,5.977,0.200,2.788,2.817,0.503,0.503,17.390,15.758
1780275494934,3.779,2.711,4.625,3.295,2.551,2.671,0.185,0.204,20.021,18.133
1780275494966,3.448,2.391,4.224,3.626,2.708,2.657,0.174,0.182,19.410,17.382
1780275495002,3.823,2.821,3.761,3.462,2.464,2.598,0.229,0.309,19.467,17.721
1780275495044,3.244,2.901,3.342,3.211,2.511,2.525,0.164,0.178,18.076,16.364
1780275495089,2.631,2.766,3.211,2.926,2.445,2.566,0.466,0.535,17.546,15.564
1780275495145,2.759,0.564,2.937,0.426,2.412,2.358,0.185,0.207,11.848,14.618
1780275495206,2.525,0.043,2.343,0.029,2.190,2.157,0.109,0.123,9.519,11.127
1780275495262,2.157,0.003,1.436,0.007,0.247,0.306,0.098,0.105,4.359,6.327
1780275495339,1.541,0.000,0.437,0.000,0.014,0.029,9.309,9.947,21.277,19.200
1780275495380,2.259,0.003,0.736,0.010,0.003,0.003,4.082,4.774,11.870,22.158
1780275495431,2.682,0.000,0.287,0.003,0.007,0.014,4.315,5.245,12.553,4.848
1780275495478,2.617,0.000,0.160,0.007,0.003,0.010,5.394,5.966,14.157,16.558
1780275495512,3.007,0.000,0.462,0.007,0.003,0.014,5.328,5.923,14.744,19.612
1780275495562,3.309,0.003,0.743,0.007,0.000,0.007,3.874,4.301,12.244,14.691
1780275495620,3.327,0.000,1.279,0.003,0.003,0.010,5.168,5.719,15.509,16.145
1780275495660,3.473,0.000,1.436,0.003,0.003,0.007,4.035,4.527,13.484,14.255
1780275495718,3.389,2.230,1.913,4.702,0.000,0.003,1.188,1.516,14.941,12.558
1780275495775,3.440,2.824,1.848,6.954,0.000,0.000,0.236,0.284,15.586,13.624
1780275495844,2.351,1.392,1.545,5.328,3.499,3.367,7.906,8.409,33.797,21.576
1780275495880,2.238,2.095,1.049,4.698,2.642,2.660,8.522,9.181,33.085,32.994
1780275495947,2.358,3.247,1.888,4.217,2.598,2.613,3.448,3.892,24.261,32.218
1780275495988,2.868,1.458,2.416,2.474,2.099,2.190,4.891,5.157,23.553,19.927
1780275496021,3.036,0.575,2.347,1.006,2.008,2.022,5.339,5.795,22.128,20.679
1780275496084,2.664,0.025,1.964,0.025,1.939,1.979,5.449,5.868,19.913,18.933
1780275496124,2.427,0.003,1.607,0.007,1.968,1.997,5.409,5.846,19.264,18.085
1780275496156,2.230,0.000,1.246,0.007,1.982,2.001,5.365,5.788,18.619,17.964
1780275496194,2.248,0.000,1.202,0.007,1.931,1.953,5.274,5.678,18.293,17.333
1780275496254,2.624,0.000,1.341,0.003,2.190,2.208,3.043,3.404,14.813,14.739
1780275496292,2.857,0.000,1.279,0.007,2.256,2.263,1.188,1.002,10.852,11.442
1780275496367,2.391,3.167,1.184,6.582,1.837,1.851,0.167,0.193,17.372,14.739
1780275496416,2.952,1.556,1.855,6.076,1.877,1.913,0.255,0.313,16.797,15.152
1780275496485,2.846,3.532,1.658,5.128,1.899,1.928,0.575,0.699,18.265,16.655
1780275496536,0.535,0.517,0.375,1.498,2.074,2.121,3.018,3.258,13.396,12.291
1780275496600,0.036,0.032,0.021,0.105,1.833,1.793,5.103,5.693,14.616,15.176
1780275496648,0.007,0.003,0.000,0.010,2.128,2.179,3.881,4.363,12.571,14.958
1780275496691,0.003,0.000,0.003,0.007,0.415,0.513,3.247,3.491,7.679,10.788
1780275496748,0.003,0.000,0.000,0.007,0.025,0.047,9.600,10.391,20.073,17.479
1780275496799,0.000,0.000,0.000,0.003,0.010,0.025,10.016,10.672,20.726,20.048
1780275496848,0.003,0.003,0.000,0.007,0.007,0.010,5.183,5.726,10.939,12.364
1780275496909,0.003,0.003,0.000,0.003,0.007,0.014,6.036,6.488,12.554,11.467
1780275496947,0.000,0.000,0.000,0.003,0.007,0.014,6.043,6.473,12.540,12.485
1780275497008,0.000,0.000,0.000,0.003,0.007,0.014,5.901,6.378,12.303,12.145
1780275497059,0.000,0.000,0.000,0.000,0.003,0.010,5.810,6.240,12.063,11.952
1780275497114,0.007,0.000,0.000,0.003,0.003,0.003,3.141,3.466,6.623,7.248
1780275497170,0.003,0.000,0.000,0.003,0.000,0.000,0.714,0.841,1.561,3.273
1780275497239,0.000,0.000,0.000,0.000,0.007,0.021,9.294,9.870,19.192,15.539
1780275497277,0.003,0.000,0.003,0.003,0.000,0.003,2.664,3.145,5.821,8.461
1780275497316,0.000,0.000,0.000,0.003,0.003,0.010,5.168,5.263,10.447,1.648
1780275497345,0.003,0.000,0.000,0.003,0.003,0.014,5.784,6.262,12.069,12.024
1780275497387,0.000,0.000,0.000,0.000,0.003,0.010,5.886,6.309,12.208,12.145
1780275497423,0.000,0.000,0.000,0.000,0.003,0.010,5.828,6.225,12.066,11.927
1780275497466,0.000,0.003,0.000,0.003,0.003,0.003,3.470,4.005,7.487,11.127
1780275497543,0.000,0.003,0.000,0.000,0.000,0.000,0.605,0.761,1.369,1.818
1780275497580,0.000,0.000,0.000,0.000,0.007,0.021,7.577,9.123,16.728,5.818
1780275497628,0.000,0.000,0.000,0.003,0.000,0.000,3.378,3.925,7.306,16.073
1780275497705,0.000,0.000,0.000,0.000,0.003,0.003,2.926,3.265,6.197,3.855
1780275497766,0.000,0.000,0.000,0.003,0.003,0.010,5.558,5.992,11.566,8.921
1780275497798,0.000,0.000,0.000,0.000,0.003,0.010,5.788,6.236,12.037,11.830
1780275497847,0.000,0.000,0.000,0.003,0.003,0.003,3.240,3.637,6.886,9.139
1780275497883,0.003,0.000,0.000,0.003,0.000,0.000,1.184,1.428,2.618,4.364
1780275497920,0.003,0.000,0.000,0.003,0.000,0.003,0.309,0.382,0.700,1.139
1780275497997,1.764,1.465,1.552,1.629,0.000,0.000,0.156,0.174,6.740,1.818
1780275498071,6.006,5.569,5.449,5.092,0.000,0.000,0.153,0.164,22.433,16.485
1780275498120,6.422,6.189,4.658,3.539,0.000,0.000,0.732,0.929,22.469,17.867
1780275498159,5.828,5.394,4.680,4.494,0.003,0.007,3.706,3.973,28.085,21.333
1780275498201,4.712,4.632,4.075,4.672,0.003,0.010,4.559,5.008,27.671,24.315
1780275498272,4.184,4.078,3.652,4.089,0.000,0.010,4.250,4.651,24.914,21.600
1780275498336,2.930,2.875,2.391,2.711,0.007,0.021,8.707,9.320,28.962,19.103
1780275498409,1.366,1.345,1.166,1.359,0.007,0.021,9.651,10.348,25.263,22.739
1780275498451,5.985,1.782,4.705,1.844,0.003,0.014,8.806,9.364,32.503,25.721
1780275498499,4.603,2.197,8.314,2.536,0.003,0.003,4.866,5.467,27.989,31.079
1780275498536,1.975,1.833,9.425,2.252,0.003,0.007,4.067,4.465,24.027,20.170
1780275498593,0.357,0.317,3.863,0.273,0.003,0.010,5.493,6.222,16.538,10.182
1780275498631,0.277,0.047,1.173,0.051,0.003,0.010,6.130,6.633,14.324,13.479
1780275498671,0.032,0.007,0.153,0.010,0.003,0.003,3.903,4.476,8.587,10.182
1780275498709,0.007,0.000,0.021,0.003,0.000,0.003,2.270,2.653,4.957,5.115
1780275498765,0.003,0.003,0.007,0.003,0.000,0.000,0.466,0.561,1.043,3.855
1780275498824,0.003,0.007,0.003,0.003,0.000,0.003,1.428,1.683,3.130,3.127
1780275498876,0.003,0.003,0.003,0.003,0.003,0.003,1.669,1.888,3.575,2.230
1780275498919,0.003,0.000,0.000,0.003,0.003,0.010,5.245,5.387,10.651,6.448
1780275498960,0.003,0.000,0.003,0.003,0.003,0.007,3.550,3.918,7.487,12.412
1780275499029,1.304,0.145,1.206,0.207,0.000,0.000,0.481,0.619,3.962,2.764
1780275499082,4.446,2.135,4.607,2.044,0.000,0.000,1.148,1.286,15.666,5.455
1780275499167,2.216,0.863,2.580,1.268,0.000,0.003,3.306,3.659,13.895,7.200
1780275499221,0.404,0.860,0.524,0.761,0.003,0.003,3.313,3.648,9.516,6.376
1780275499281,0.127,0.936,0.123,0.787,0.003,0.010,5.463,5.959,13.408,7.636
1780275499368,0.324,0.674,0.164,0.543,0.003,0.003,2.883,3.138,7.732,5.818
1780275499433,0.780,0.685,0.433,0.681,0.000,0.003,0.641,0.852,4.075,2.691
1780275499487,0.663,0.524,0.561,0.521,0.007,0.021,9.393,10.027,21.717,15.685
1780275499552,0.630,0.659,0.612,0.637,0.003,0.000,2.063,2.442,7.046,7.248
1780275499587,0.718,0.586,0.608,0.743,0.003,0.010,4.734,5.584,12.986,6.133
1780275499627,0.688,0.597,0.601,0.594,0.003,0.010,5.890,6.335,14.718,12.509
1780275499686,0.572,0.619,0.517,0.586,0.003,0.014,5.926,6.269,14.506,12.461
1780275499720,0.572,0.612,0.488,0.637,0.003,0.010,5.868,6.214,14.404,12.267
1780275499770,0.685,0.677,0.630,0.739,0.003,0.003,3.047,3.357,9.141,8.752
1780275499819,0.721,0.794,0.685,0.718,0.000,0.000,0.841,1.016,4.775,4.291
1780275499878,0.750,0.827,0.681,0.827,0.000,0.000,0.222,0.222,3.529,1.503
1780275499953,0.794,0.747,0.743,0.765,0.000,0.000,0.131,0.142,3.322,1.358
1780275499994,0.849,0.747,0.714,0.747,0.003,0.003,1.596,1.771,6.430,1.770
1780275500054,0.714,0.747,0.626,0.692,3.721,0.000,0.368,0.481,7.349,5.988
1780275500112,0.623,0.685,0.554,0.656,4.669,4.366,0.215,0.277,12.045,13.600
1780275500157,0.663,0.648,0.623,0.685,3.101,3.028,2.248,2.445,13.441,11.394
1780275500208,0.703,0.681,0.601,0.637,1.713,1.793,2.591,2.934,11.653,9.576
1780275500258,0.670,0.718,0.623,0.725,1.647,1.651,3.003,3.276,12.313,7.927
1780275500321,0.623,0.601,0.546,0.634,1.556,1.483,4.964,5.398,15.805,13.188
1780275500361,0.590,0.605,0.583,0.586,1.250,1.403,5.401,5.839,16.257,16.752
1780275500403,0.626,0.510,0.517,0.583,1.315,1.323,5.336,5.799,16.009,17.115
1780275500462,0.670,0.561,0.561,0.586,1.330,1.348,5.292,5.686,16.034,16.412
1780275500500,0.677,0.663,0.630,0.641,1.673,1.632,3.083,3.532,12.531,13.333
1780275500571,0.809,0.718,0.743,0.823,1.585,1.607,0.568,0.517,7.370,5.673
1780275500618,0.769,0.590,0.626,0.659,1.319,1.352,2.201,2.409,9.925,4.558
1780275500664,0.667,0.623,0.626,0.601,0.987,1.009,4.800,5.445,14.758,8.412
1780275500714,0.656,0.601,0.590,0.572,1.126,1.151,5.445,5.919,16.060,13.867
1780275500754,0.667,0.575,0.561,0.729,1.476,1.479,3.841,4.264,13.592,12.994
1780275500804,0.736,0.641,0.616,0.605,0.925,0.984,2.711,3.032,10.250,9.067
1780275500856,0.761,0.729,0.710,0.729,1.217,1.308,0.725,0.860,7.039,4.727
1780275500916,0.769,0.718,0.670,0.772,1.848,1.782,0.204,0.215,6.978,5.115
1780275500981,0.707,0.667,0.648,0.761,1.385,1.472,0.164,0.178,5.982,4.582
1780275501018,0.750,0.729,0.637,0.729,1.432,1.432,0.353,0.426,6.488,4.291
1780275501080,0.729,0.761,0.692,0.754,1.286,1.334,1.600,1.713,8.869,4.897
1780275501124,0.714,0.681,0.641,0.663,1.268,1.297,2.292,2.617,10.173,5.964
1780275501167,0.750,0.659,0.605,0.718,0.721,0.805,2.577,2.861,9.696,6.570
1780275501210,0.714,0.688,0.645,0.703,0.878,1.009,2.467,2.730,9.834,5.794
1780275501262,0.721,0.667,0.670,0.626,1.844,1.745,1.796,2.052,10.121,6.642
1780275501300,0.718,0.656,0.597,0.729,1.658,1.647,0.863,1.024,7.892,5.818
1780275501334,0.696,0.634,0.626,0.634,1.479,1.538,0.484,0.532,6.623,4.727
1780275501391,0.750,0.659,0.670,0.750,1.370,1.428,0.503,0.619,6.749,4.315
1780275501449,0.736,0.696,0.645,0.729,1.261,1.286,1.931,2.168,9.452,5.042
1780275501536,0.692,0.623,0.623,0.769,1.279,1.315,2.766,3.050,11.117,7.103
1780275501625,0.583,0.564,0.539,0.583,0.277,0.379,9.597,10.439,22.961,15.539
1780275501677,0.546,0.506,0.444,0.528,0.867,0.867,9.739,10.359,23.856,21.333
1780275501710,0.616,0.616,0.554,0.674,1.443,1.570,4.949,5.449,15.871,20.388
1780275501754,0.674,0.652,0.630,0.605,1.811,1.782,5.441,5.744,17.339,9.406
1780275501796,0.685,0.648,0.641,0.637,1.560,1.512,5.751,6.196,17.630,15.224
1780275501829,0.703,0.645,0.597,0.645,1.388,1.417,5.780,6.196,17.371,15.006
1780275501864,0.688,0.652,0.590,0.707,1.272,1.377,5.697,6.130,17.113,14.812
1780275501900,0.681,0.710,0.630,0.714,1.589,1.625,3.787,4.202,13.938,13.503
1780275501968,0.736,0.677,0.670,0.710,1.928,1.877,2.569,2.861,12.028,7.927
1780275502031,0.896,0.772,0.776,0.772,1.731,2.004,0.390,0.503,7.844,5.842
1780275502080,0.845,0.761,0.732,0.721,1.636,1.884,0.215,0.262,7.056,4.606
1780275502165,0.754,0.721,0.703,0.754,2.026,2.132,1.691,1.851,10.632,6.497
1780275502217,0.761,0.710,0.710,0.714,1.895,1.935,1.906,2.172,10.803,6.933
1780275502271,0.776,0.688,0.699,0.674,1.720,1.713,2.092,2.329,10.691,7.006
1780275502334,0.703,0.663,0.641,0.721,1.363,1.385,2.070,2.289,9.835,7.103
1780275502390,0.692,0.685,0.667,0.772,1.381,1.428,0.652,0.787,7.064,6.715
1780275502428,0.794,0.710,0.692,0.699,1.330,1.345,1.665,2.135,9.370,6.255
1780275502484,0.750,0.681,0.681,0.663,0.765,0.820,2.168,2.409,8.937,5.285
1780275502543,0.597,0.564,0.572,0.652,0.732,0.849,5.507,5.893,15.366,12.752
1780275502583,0.626,0.605,0.528,0.616,1.669,1.592,5.613,6.043,17.292,14.400
1780275502616,0.634,0.546,0.568,0.619,1.786,1.538,5.522,5.948,17.161,15.030
1780275502681,0.634,0.543,0.575,0.528,1.585,1.698,5.431,5.857,16.851,14.739
1780275502737,0.681,0.688,0.630,0.707,2.573,2.190,2.926,3.149,13.544,11.806
1780275502801,0.729,0.623,0.583,0.619,1.221,1.567,9.305,10.078,24.725,16.630
1780275502861,0.805,0.634,0.725,0.637,3.429,3.663,3.819,4.242,17.954,18.279
1780275502926,0.809,0.736,0.692,0.761,2.781,2.992,3.258,3.528,15.557,11.564
1780275502980,0.710,0.739,0.623,0.714,1.946,2.117,5.299,5.806,17.954,13.721
1780275503049,0.780,0.688,0.659,0.670,2.022,1.939,5.343,5.755,17.856,15.588
1780275503107,0.889,0.688,0.772,0.834,2.628,2.555,2.587,2.759,13.712,11.418
1780275503144,0.856,0.820,0.769,0.718,2.518,2.478,0.776,0.940,9.875,10.812
1780275503204,0.925,0.845,0.831,0.903,1.986,2.227,0.153,0.182,8.052,6.788
1780275503265,0.772,0.714,0.667,0.721,1.111,0.991,8.591,8.886,22.453,17.503
1780275503306,0.798,0.656,0.729,0.805,1.447,1.293,6.393,6.601,18.722,21.673
1780275503336,0.860,0.772,0.761,0.838,1.315,1.425,5.948,6.316,18.235,17.115
1780275503396,0.874,0.841,0.780,0.776,1.341,1.359,5.883,6.433,18.287,16.242
1780275503439,0.528,0.499,0.532,0.528,1.355,1.363,5.890,6.491,17.186,15.467
1780275503476,0.244,0.153,0.131,0.200,1.293,1.348,5.966,6.429,15.764,15.176
1780275503566,0.003,0.003,0.003,0.003,0.061,0.083,5.996,6.393,12.545,12.921
1780275503602,0.003,0.000,0.003,0.003,0.014,0.025,5.923,6.382,12.353,12.097
1780275503635,0.003,0.000,0.003,0.003,0.010,0.018,5.853,6.342,12.232,11.976
1780275503669,0.003,0.000,0.000,0.003,0.007,0.014,5.791,6.218,12.036,11.806
1780275503720,1.162,0.933,0.783,1.038,0.003,0.003,2.992,3.364,10.278,12.097
1780275503786,5.423,4.877,4.789,4.793,0.000,0.003,0.441,0.539,20.865,12.121
1780275503836,6.006,5.598,4.866,4.209,0.007,0.021,7.249,8.241,36.197,22.739
1780275503875,5.828,5.606,5.092,5.019,0.000,0.000,2.580,3.025,27.150,24.412
1780275503915,5.616,5.321,4.461,4.891,0.003,0.007,3.131,3.335,26.765,20.121
1780275503948,5.062,4.884,4.140,4.282,0.003,0.010,4.392,4.745,27.518,22.545
1780275503992,4.527,4.162,4.027,4.075,0.003,0.007,4.439,4.877,26.117,23.491
1780275504092,3.951,2.055,3.626,1.895,0.003,0.003,3.448,3.845,18.826,15.612
1780275504142,3.021,0.572,3.105,0.451,0.007,0.021,9.003,9.458,25.638,14.739
1780275504183,2.883,0.207,2.937,0.149,0.003,0.007,4.658,5.215,16.059,18.352
1780275504241,2.336,0.076,0.390,3.109,0.003,0.010,5.292,5.671,16.887,12.824
1780275504286,1.961,4.184,5.183,3.674,0.003,0.010,4.946,5.314,25.275,17.309
1780275504357,0.590,5.128,8.503,3.160,0.000,0.007,3.083,3.382,23.853,21.745
1780275504410,3.335,1.159,9.444,3.214,0.000,0.003,0.506,0.612,18.273,15.758
1780275504451,5.194,2.117,7.669,2.361,0.007,0.021,7.191,7.297,31.857,18.424
1780275504491,3.940,2.999,6.229,1.341,0.007,0.021,8.886,9.473,32.896,30.158
1780275504522,4.133,2.937,5.799,1.060,0.010,0.018,8.922,9.498,32.377,29.406
1780275504608,3.867,1.658,5.307,1.483,0.003,0.007,5.267,5.748,23.340,22.206
1780275504666,3.437,0.995,4.909,1.909,0.003,0.010,5.474,5.832,22.569,20.582
1780275504699,2.792,0.769,4.683,1.880,0.003,0.010,5.500,5.828,21.465,19.636
1780275504733,2.493,0.707,4.268,1.953,0.003,0.010,5.376,5.835,20.645,19.321
1780275504764,1.986,0.605,3.852,2.008,0.003,0.010,5.285,5.708,19.457,20.242
1780275504802,1.439,0.510,3.630,2.044,0.003,0.010,5.219,5.686,18.541,20.291
1780275504867,1.283,0.462,3.338,2.281,0.003,0.007,4.363,4.676,16.413,15.200
1780275504911,1.323,4.384,3.645,3.728,0.003,0.003,3.090,3.433,19.609,12.897
1780275504956,0.871,5.824,3.116,7.333,0.000,0.000,0.889,1.067,19.100,13.939
1780275505016,1.016,1.662,4.253,7.592,0.000,0.003,1.078,1.272,16.876,15.200
1780275505071,1.713,4.104,3.630,7.880,0.000,0.000,0.710,0.823,18.860,16.412
1780275505151,0.586,3.163,4.209,4.629,0.000,0.003,1.093,1.250,14.933,11.176
1780275505206,3.440,4.789,0.554,2.708,0.000,0.000,1.016,1.180,13.687,10.012
1780275505258,4.133,4.625,0.116,1.622,0.000,0.000,0.390,0.368,11.254,7.952
1780275505299,4.330,3.761,0.102,0.524,0.000,0.000,0.193,0.196,9.106,5.818
1780275505367,4.913,2.649,0.677,0.116,0.000,0.000,0.185,0.211,8.751,10.206
1780275505401,4.516,2.402,0.783,0.098,0.000,0.000,0.164,0.189,8.152,7.661
1780275505450,4.676,2.296,1.020,0.083,0.003,0.000,0.178,0.189,8.445,7.297
1780275505512,4.024,2.248,1.516,0.087,0.000,0.003,0.131,0.142,8.151,6.230
1780275505575,2.711,1.530,2.806,0.065,0.007,0.018,8.449,8.864,24.450,11.055
1780275505677,0.903,1.592,4.815,0.065,0.007,0.014,8.401,8.992,24.789,25.018
1780275505737,1.228,2.606,5.310,0.233,0.003,0.010,6.039,6.553,21.982,23.321
1780275505794,1.702,2.737,4.603,0.382,0.003,0.010,5.970,6.389,21.796,21.479
1780275505855,3.448,2.817,3.637,2.755,0.003,0.010,5.675,6.072,24.417,22.570
1780275505916,3.444,2.376,3.320,3.302,0.003,0.010,5.587,6.072,24.114,21.745
1780275505956,3.634,2.325,3.101,2.799,0.003,0.010,5.452,5.966,23.290,22.255
1780275506023,1.078,2.620,1.381,2.208,0.003,0.007,3.936,4.337,15.570,14.206
1780275506094,2.690,2.872,0.306,0.499,0.000,0.003,0.747,0.889,8.006,8.630
1780275506188,4.599,1.275,0.091,0.094,0.007,0.021,8.609,9.232,23.928,18.133
1780275506244,2.726,1.067,3.098,3.768,0.007,0.018,8.850,9.400,28.934,21.745
1780275506297,2.077,2.515,4.195,4.895,0.003,0.007,4.822,5.256,23.770,18.376
1780275506365,0.357,2.642,4.304,0.422,0.003,0.010,6.032,6.488,20.258,16.703
1780275506439,0.229,2.281,3.852,0.156,3.925,3.499,5.365,5.868,25.175,25.091
1780275506489,0.685,2.485,3.462,0.222,2.285,2.456,5.503,5.981,23.079,22.036
1780275506529,1.016,2.562,3.440,0.623,1.735,1.782,5.503,5.955,22.616,20.291
1780275506568,2.048,2.536,3.127,1.293,1.498,1.487,5.427,5.846,23.262,20.267
1780275506628,2.981,0.652,2.850,0.896,1.509,1.465,5.445,5.813,21.611,19.636
1780275506704,3.222,0.032,2.296,0.025,2.263,2.052,3.911,4.268,18.069,16.218
1780275506769,2.511,0.003,1.614,0.007,2.157,2.394,0.754,0.889,10.329,9.697
1780275506827,2.515,0.003,1.385,0.010,2.205,2.245,1.735,2.012,12.110,9.067
1780275506888,2.657,0.003,0.925,0.007,1.975,2.183,2.412,2.700,12.862,10.352
1780275506973,2.803,0.003,0.925,0.003,1.651,1.680,3.069,3.360,13.494,10.667
1780275507010,3.061,0.000,1.006,0.003,1.509,1.895,3.032,3.342,13.848,11.855
1780275507045,3.116,0.000,0.743,0.003,1.884,1.909,2.832,3.131,13.618,12.218
1780275507084,2.711,0.000,0.729,0.007,1.643,1.545,4.705,5.019,16.359,11.612
1780275507141,3.218,0.878,0.750,2.937,1.818,1.771,3.677,4.016,19.065,16.412
1780275507237,2.835,3.076,1.735,5.861,0.109,0.091,2.711,3.018,19.436,15.006
1780275507310,2.048,3.131,2.715,1.206,0.003,0.007,0.404,0.495,10.009,7.030
1780275507380,3.593,3.670,2.445,3.247,0.003,0.003,2.037,2.267,17.265,10.861
1780275507444,3.849,2.525,1.592,3.499,3.601,3.058,8.237,8.635,34.996,24.218
1780275507511,4.804,2.125,1.261,4.344,3.747,2.868,8.314,8.784,36.247,31.442
1780275507569,2.620,1.665,2.453,2.048,5.664,5.518,5.022,5.245,30.235,28.606
1780275507612,3.174,2.063,2.744,1.917,4.242,4.829,4.887,5.321,29.177,26.594
1780275507650,3.036,3.331,2.711,2.442,2.872,3.378,4.975,5.372,28.117,23.248
1780275507725,3.932,4.800,3.590,1.982,1.727,1.705,4.800,5.183,27.719,24.703
1780275507774,0.816,1.414,0.845,0.353,1.920,1.968,5.343,5.835,18.494,18.570
1780275507828,0.058,0.054,0.036,0.021,1.683,1.702,5.449,5.824,14.827,15.176
1780275507877,0.010,0.007,0.003,0.003,1.614,1.643,5.350,5.817,14.447,14.812
1780275507917,0.182,0.277,0.787,0.954,1.578,1.629,5.215,5.748,16.370,14.400
1780275507968,4.363,5.132,0.131,0.178,1.505,1.570,3.039,3.193,19.111,18.497
1780275508039,3.269,5.168,0.648,0.863,1.997,1.676,1.436,1.629,16.686,13.285
1780275508083,2.956,4.960,5.660,5.099,1.556,1.479,0.561,0.707,22.978,15.733
1780275508128,1.162,3.094,4.928,5.310,1.884,1.920,0.747,0.925,19.970,17.285
1780275508189,0.145,0.535,0.499,0.543,2.187,2.074,0.586,0.696,7.265,6.885
1780275508260,0.007,0.010,0.018,0.010,2.176,2.135,1.519,1.687,7.562,6.109
1780275508309,0.003,0.003,0.007,0.007,2.577,2.682,0.528,0.546,6.353,6.642
1780275508371,0.003,0.003,0.003,0.003,2.278,2.365,2.485,2.730,9.870,7.976
1780275508454,0.003,0.003,0.003,0.003,2.595,2.682,0.492,0.605,6.386,6.473
1780275508514,3.491,3.320,4.031,3.466,2.649,2.380,1.899,2.055,23.291,13.673
1780275508583,0.430,0.390,0.780,0.594,2.992,2.861,3.061,3.316,14.424,10.933
1780275508636,0.047,0.021,0.051,0.029,2.985,2.970,2.318,2.653,11.074,10.400
1780275508677,0.007,0.007,0.010,0.003,3.167,3.101,0.860,0.816,7.971,8.921
1780275508724,0.065,0.029,0.021,0.007,3.196,3.047,0.244,0.298,6.907,7.055
1780275508797,3.801,4.005,3.353,3.969,2.762,2.693,0.247,0.306,21.136,13.309
1780275508856,6.010,5.784,5.288,4.308,2.759,2.974,0.277,0.349,27.749,22.715
1780275508907,5.551,5.390,4.756,5.088,3.437,3.517,1.126,1.261,30.126,26.036
1780275508960,4.815,4.705,3.991,4.406,3.444,3.473,3.426,3.666,31.926,26.327
1780275508996,4.199,4.067,3.801,4.115,3.455,3.495,3.805,4.096,31.033,28.364
1780275509038,3.852,3.652,3.320,3.728,3.586,3.586,3.634,3.969,29.327,27.127
1780275509102,3.502,3.495,3.262,3.178,3.830,3.794,1.786,2.084,24.931,24.121
1780275509154,3.273,3.152,2.992,3.069,4.056,3.951,0.459,0.572,21.524,19.830
1780275509193,3.072,2.912,2.748,2.908,4.020,4.049,0.809,0.933,21.451,18.812
1780275509228,2.872,2.744,2.766,2.675,4.078,4.166,0.590,0.645,20.536,18.909
1780275509268,2.748,2.598,2.525,2.464,3.725,4.107,0.645,0.747,19.559,17.479
1780275509335,2.511,2.125,2.201,1.997,3.666,3.721,2.139,2.332,20.692,16.800
1780275509416,1.928,1.658,1.709,1.742,3.488,3.652,3.499,3.823,21.499,19.030
1780275509477,2.066,1.724,1.855,1.654,3.688,3.768,1.611,1.658,18.024,17.964
1780275509532,2.179,3.579,1.476,0.328,0.750,0.583,3.612,3.914,16.421,10.473
1780275509593,1.494,2.270,0.914,0.018,0.040,0.040,3.284,3.623,11.683,8.388
1780275509669,1.144,3.393,0.065,0.131,0.003,0.003,0.987,1.202,6.928,4.461
1780275509723,0.616,1.917,3.703,2.412,0.000,0.000,0.645,0.776,10.069,5.236
1780275509763,0.484,1.971,4.640,3.134,0.000,0.003,0.594,0.699,11.525,6.352
1780275509803,0.590,1.931,3.787,2.879,0.003,0.003,1.950,2.132,13.275,6.133
1780275509867,1.239,2.001,3.028,2.391,0.003,0.003,2.376,2.653,13.694,8.121
1780275509935,1.581,2.008,2.464,2.332,0.000,0.003,1.104,1.293,10.785,6.715
1780275509990,0.262,0.360,0.426,0.400,0.003,0.003,2.999,3.229,7.682,4.388
1780275510046,0.014,0.018,0.021,0.014,0.000,0.000,2.544,2.792,5.403,5.236
1780275510095,0.003,0.003,0.007,0.003,0.000,0.003,3.039,3.404,6.462,5.091
1780275510139,0.003,0.000,0.003,0.003,0.003,0.003,3.087,3.386,6.488,5.139
1780275510184,0.010,0.000,0.003,0.003,0.000,0.003,1.611,1.880,3.510,5.042
1780275510250,0.000,0.000,0.000,0.003,4.370,0.007,2.380,2.697,9.457,7.103
1780275510295,0.000,0.000,0.000,0.000,5.110,4.712,2.168,2.427,14.417,15.830
1780275510333,0.000,0.000,0.003,0.003,3.532,3.357,3.251,3.579,13.725,14.133
1780275510397,0.003,0.000,0.000,0.003,2.861,3.087,1.498,1.636,9.088,13.261
1780275510450,0.003,0.000,0.000,0.003,2.434,2.307,1.115,1.301,7.163,9.067
1780275510517,0.000,0.000,0.000,0.000,2.438,2.420,1.301,1.501,7.660,7.127
1780275510569,0.003,0.000,0.000,0.000,2.631,2.285,3.050,3.459,11.428,8.509
1780275510622,0.000,0.003,0.000,0.003,1.997,2.019,4.698,5.041,13.761,13.188
1780275510658,0.000,0.000,0.000,0.003,1.888,1.928,4.771,5.223,13.813,15.564
1780275510699,0.000,0.000,0.000,0.003,1.858,2.070,4.887,5.325,14.143,14.812
1780275510769,0.000,0.003,0.000,0.003,1.687,1.432,5.026,5.485,13.636,13.964
1780275510817,0.000,0.000,0.000,0.000,1.301,1.406,4.913,5.339,12.959,14.570
1780275510869,0.003,0.000,0.000,0.003,1.315,1.363,4.844,5.212,12.740,15.176
1780275510907,0.000,0.003,0.000,0.003,1.323,1.326,4.785,5.201,12.641,14.642
1780275510943,0.000,0.000,0.003,0.003,1.447,1.498,4.086,4.603,11.640,13.891
1780275510996,0.000,0.000,0.000,0.000,1.483,1.490,3.247,3.583,9.803,9.115
1780275511054,0.000,0.000,0.000,0.003,1.126,1.177,4.742,5.124,12.172,10.061
1780275511085,0.003,0.000,0.000,0.003,1.232,1.246,4.880,5.383,12.747,12.727
1780275511115,0.000,0.000,0.000,0.000,1.235,1.268,4.858,5.390,12.751,12.800
1780275511156,0.003,0.000,0.003,0.003,1.272,1.304,4.902,5.307,12.794,12.776
1780275511193,0.003,0.000,0.000,0.003,1.421,1.523,3.517,4.049,10.516,12.412
1780275511235,0.000,0.000,0.000,0.003,1.479,1.509,2.792,3.098,8.881,8.533
1780275511309,0.000,0.000,0.000,0.000,1.414,1.439,2.245,2.449,7.547,6.836
1780275511380,0.003,0.000,0.000,0.003,0.120,0.164,0.357,0.411,1.058,2.982
1780275511436,0.000,0.000,0.003,0.003,0.010,0.014,0.211,0.222,0.463,0.897
1780275511472,0.000,0.003,0.003,0.003,0.003,0.003,0.171,0.185,0.371,0.873
1780275511511,0.003,0.000,0.000,0.003,0.003,0.003,1.392,1.527,2.931,0.848
1780275511589,0.000,0.000,0.000,0.003,0.003,0.003,0.280,0.273,0.562,1.018
1780275511641,0.003,0.000,0.000,0.003,0.000,0.000,0.513,0.608,1.127,1.042
1780275511685,0.000,0.000,0.000,0.003,0.003,0.003,1.483,1.687,3.179,1.818
1780275511727,0.000,0.000,0.000,0.000,0.000,0.000,0.754,0.831,1.585,1.673
1780275511766,0.000,0.003,0.000,0.003,0.003,0.003,1.552,1.946,3.510,1.261
1780275511826,0.000,0.000,0.000,0.003,0.003,0.003,2.598,2.864,5.471,3.903
1780275511911,0.003,0.000,0.000,0.003,0.003,0.003,2.223,2.555,4.790,3.758
1780275511952,0.003,0.000,0.000,0.000,0.003,0.000,0.936,1.144,2.086,3.127
1780275511995,0.000,0.000,0.000,0.003,0.000,0.003,1.822,2.044,3.872,1.697
1780275512057,0.000,0.000,0.000,0.003,0.000,0.000,0.608,0.685,1.296,1.406
1780275512129,0.003,0.000,0.000,0.003,0.000,0.000,0.218,0.247,0.471,0.945
1780275512195,4.534,4.118,4.745,5.062,0.000,0.000,0.204,0.233,18.896,8.655
1780275512238,6.626,5.361,4.213,3.783,0.003,0.007,2.230,2.372,24.595,15.976
1780275512288,6.320,5.252,2.117,2.835,0.003,0.007,3.207,3.692,23.433,16.970
1780275512359,5.055,1.458,3.098,6.706,0.000,0.003,1.283,1.490,19.093,14.206
1780275512434,4.133,0.182,1.283,6.619,0.000,0.003,2.500,2.803,17.523,12.655
1780275512480,3.798,1.020,0.681,6.061,0.000,0.000,1.465,1.691,14.716,11.952
1780275512519,3.346,1.833,0.681,6.192,0.000,0.000,0.437,0.554,13.043,10.376
1780275512560,3.047,2.405,2.008,5.511,0.000,0.000,0.346,0.444,13.761,9.333
1780275512600,3.123,2.730,2.500,5.332,0.000,0.000,0.357,0.448,14.490,9.867
1780275512674,2.635,2.817,3.032,4.902,0.000,0.000,0.718,0.885,14.989,10.327
1780275512722,2.445,4.191,4.815,4.388,0.000,0.003,0.328,0.411,16.581,11.297
1780275512766,2.008,4.231,5.128,4.148,0.000,0.000,0.801,0.903,17.219,14.400
1780275512814,2.176,4.089,4.742,3.845,0.000,0.000,0.353,0.437,15.642,13.576
1780275512870,2.606,3.415,4.096,3.692,0.000,0.000,0.484,0.586,14.879,12.558
1780275512958,2.584,3.047,3.437,3.127,0.000,0.000,0.462,0.568,13.225,11.200
1780275513014,0.473,2.649,0.586,2.587,4.599,4.042,0.273,0.338,15.547,16.000
1780275513062,0.047,2.595,0.043,2.358,2.770,2.693,0.838,0.951,12.295,11.467
1780275513119,2.868,1.745,2.230,1.297,1.647,1.676,0.408,0.503,12.374,12.145
1780275513187,1.997,1.924,4.421,1.713,1.388,1.483,0.222,0.277,13.425,12.121
1780275513253,2.839,2.270,3.768,1.549,1.323,1.381,0.189,0.215,13.534,12.194
1780275513306,1.822,1.997,2.908,1.848,1.261,1.272,2.132,2.289,15.529,12.485
1780275513396,2.555,0.211,0.233,2.033,1.516,1.530,0.772,0.947,9.797,8.630
1780275513476,2.613,3.615,4.643,1.724,1.374,1.465,0.338,0.408,16.180,9.333
1780275513544,1.512,7.705,7.461,1.057,1.009,1.038,1.647,1.906,23.335,17.576
1780275513590,1.406,7.074,7.957,0.820,1.301,0.969,3.499,4.060,27.086,22.424
1780275513649,0.481,5.441,5.821,0.266,1.968,2.092,3.903,4.355,24.327,21.479
1780275513726,0.021,0.255,0.251,0.014,2.365,2.376,1.396,1.611,8.289,7.661
1780275513758,0.007,0.058,0.058,0.003,2.197,2.329,0.608,0.517,5.777,6.376
1780275513804,0.003,0.010,0.010,0.007,2.471,2.595,0.153,0.174,5.423,5.721
1780275513869,0.000,0.003,0.003,0.003,1.221,1.483,9.589,10.191,22.493,19.709
1780275513941,0.065,0.014,0.112,0.003,2.478,2.030,2.387,2.704,9.793,15.467
1780275514023,3.488,1.858,1.800,3.167,1.552,1.731,4.705,5.183,23.484,17.309
1780275514084,5.649,3.615,3.076,5.616,0.178,0.233,4.643,5.088,28.098,22.182
1780275514125,3.265,5.259,5.095,5.861,0.040,0.043,4.483,4.917,28.963,22.521
1780275514174,1.519,5.620,6.892,4.742,0.007,0.014,4.297,4.680,27.771,24.388
1780275514227,3.058,6.105,5.795,4.720,0.003,0.010,4.188,4.603,28.482,25.503
1780275514260,2.383,5.183,5.857,4.614,0.003,0.010,4.228,4.614,26.892,23.903
1780275514303,3.138,5.146,5.693,4.257,0.003,0.010,3.987,4.384,26.618,23.515
1780275514353,3.612,4.887,4.924,4.607,0.003,0.003,1.895,2.281,22.212,19.370
1780275514393,2.748,4.738,5.299,3.717,0.000,0.003,1.155,1.355,19.015,17.115
1780275514448,0.885,4.716,5.441,1.476,0.000,0.000,0.546,0.616,13.680,11.612
1780275514521,0.218,3.666,5.285,0.277,0.003,0.003,2.066,2.347,13.865,9.333
1780275514589,0.156,3.090,4.610,0.164,4.137,3.998,0.878,1.035,18.068,18.788
1780275514654,1.534,0.561,4.698,1.778,2.248,2.467,1.042,1.206,15.534,12.485
1780275514719,3.167,0.134,3.670,1.505,2.001,1.982,0.841,1.016,14.316,10.497
1780275514781,5.675,0.018,3.382,0.127,1.971,1.884,0.736,0.900,14.693,12.994
1780275514824,5.689,2.631,0.761,2.095,2.482,2.066,2.059,2.223,20.006,12.727
1780275514881,5.485,2.795,0.120,2.358,2.088,2.533,2.573,2.883,20.835,15.030
1780275514931,8.467,3.757,0.885,1.337,1.789,1.924,3.203,3.510,24.872,16.703
1780275514987,6.790,3.185,1.735,2.307,2.084,2.059,3.400,3.860,25.420,18.861
1780275515072,4.738,3.444,1.454,2.281,2.598,2.511,1.100,1.286,19.412,14.303
1780275515128,3.601,2.941,0.692,5.226,2.642,2.766,0.499,0.590,18.957,14.109
1780275515185,5.106,2.522,3.371,6.808,2.420,2.577,0.174,0.204,23.182,18.012
1780275515239,4.519,3.313,4.596,5.751,2.577,2.635,0.554,0.663,24.608,19.636
1780275515316,3.590,4.567,5.893,3.604,2.569,2.613,1.239,1.468,25.543,20.824
1780275515378,0.426,4.366,5.409,0.411,2.478,2.544,3.021,3.455,22.110,19.297
1780275515442,0.083,4.851,4.720,0.098,0.244,0.309,1.425,1.687,13.417,12.921
1780275515495,0.790,4.363,5.106,1.129,0.014,0.018,0.838,1.009,13.267,10.497
1780275515575,5.092,3.069,3.969,5.503,0.003,0.003,0.207,0.244,18.090,15.588
1780275515625,5.212,0.838,1.848,5.806,0.000,0.000,0.554,0.645,14.903,12.606
1780275515688,3.725,0.211,0.371,5.208,4.567,4.173,0.233,0.247,18.735,18.667
1780275515735,3.564,0.112,0.167,5.033,3.214,3.360,0.269,0.346,16.065,15.345
1780275515780,3.480,0.054,0.069,4.720,2.832,2.897,0.659,0.761,15.472,13.988
1780275515832,2.354,4.344,2.963,4.337,2.423,2.285,1.756,1.957,22.419,15.006
1780275515884,0.546,5.190,1.683,4.764,2.106,2.150,2.810,3.101,22.350,17.600
1780275515947,0.080,6.407,0.637,3.976,2.172,2.227,2.529,2.781,20.809,17.455
1780275516006,0.065,5.081,0.317,3.590,2.478,2.474,2.489,2.788,19.282,17.042
1780275516087,1.283,4.508,3.240,3.189,2.474,2.558,0.590,0.623,18.465,15.491
1780275516128,3.473,3.612,5.704,3.043,2.216,2.223,0.225,0.222,20.718,17.382
1780275516185,1.862,3.834,6.484,1.308,2.434,2.449,0.171,0.196,18.738,17.018
1780275516249,1.775,3.229,7.515,0.189,2.212,2.347,0.182,0.215,17.664,15.030
1780275516292,1.589,3.470,6.885,2.201,2.256,2.176,0.160,0.171,18.908,14.667
1780275516356,5.252,4.053,4.887,6.021,1.997,2.238,0.200,0.266,24.914,18.909
1780275516427,4.727,3.265,1.432,3.444,2.394,2.467,0.667,0.816,19.212,12.679
1780275516502,0.368,0.400,0.178,0.262,2.624,2.854,1.913,2.128,10.727,8.412
1780275516578,0.014,0.014,0.010,0.003,2.376,2.569,2.332,2.682,10.000,8.606
1780275516618,0.003,0.003,0.003,0.007,2.474,2.507,2.154,2.376,9.527,8.364
1780275516673,0.204,0.240,0.116,0.171,2.529,2.555,2.015,2.256,10.086,7.952
1780275516732,2.649,4.742,1.964,5.540,1.895,1.913,1.268,1.443,21.414,15.830
1780275516792,0.852,6.885,0.699,3.976,0.302,0.240,2.664,2.916,18.534,14.497
1780275516837,0.171,6.021,0.142,5.580,0.040,0.032,1.119,1.129,14.234,13.067
1780275516876,0.029,4.651,0.018,4.716,0.007,0.010,1.942,2.321,13.694,10.327
1780275516928,0.014,4.538,0.010,4.111,0.003,0.003,0.499,0.605,9.783,8.461
1780275516984,0.010,3.510,0.007,4.235,0.003,0.003,0.575,0.677,9.020,7.927
1780275517068,5.019,2.434,3.870,3.422,0.003,0.000,1.432,1.611,17.791,12.824
1780275517139,5.839,2.580,4.490,3.233,0.003,0.003,1.982,2.223,20.353,16.703
1780275517207,4.931,2.573,3.645,3.105,0.003,0.007,3.032,3.426,20.722,18.133
1780275517260,4.148,2.777,3.203,3.240,0.003,0.003,3.203,3.575,20.152,17.430
1780275517340,3.466,0.433,2.861,0.550,0.003,0.003,3.047,3.397,13.760,11.685
1780275517405,3.090,0.047,2.770,0.061,0.000,0.000,0.677,0.838,7.483,8.873
1780275517470,1.341,0.007,1.683,0.003,0.007,0.018,9.342,9.928,22.329,21.042
1780275517509,1.064,0.240,1.753,0.025,0.003,0.007,6.109,5.806,15.007,20.994
1780275517553,0.532,3.050,1.709,1.906,0.003,0.010,4.840,5.194,17.244,12.606
1780275517592,0.594,4.993,1.694,2.788,0.003,0.007,4.782,5.226,20.087,18.642
1780275517656,0.856,4.359,2.562,2.438,0.003,0.010,4.712,5.088,20.028,18.279
1780275517714,1.538,3.659,2.464,2.179,0.003,0.003,3.670,4.031,17.547,15.636
1780275517773,1.829,3.298,2.762,2.150,0.000,0.007,2.886,3.222,16.154,14.836
1780275517841,1.917,2.777,2.372,2.012,0.000,0.003,2.930,3.320,15.331,13.091
1780275517913,1.629,1.352,1.166,1.443,0.000,0.003,1.122,1.213,7.928,6.715
1780275517991,0.065,0.058,0.051,0.065,0.000,0.003,0.503,0.619,1.364,1.430
1780275518044,0.007,0.007,0.007,0.003,0.000,0.003,1.647,1.851,3.525,2.424
1780275518099,0.000,0.003,0.003,0.003,0.000,0.003,2.697,2.988,5.697,3.903
1780275518146,0.003,0.000,0.003,0.003,0.003,0.003,2.872,3.160,6.047,4.630
1780275518223,0.000,0.003,0.003,0.003,0.003,0.003,3.101,3.378,6.494,4.970
1780275518258,0.003,0.000,0.003,0.003,0.003,0.003,2.828,3.178,6.021,5.139
1780275518316,0.003,0.000,0.000,0.003,4.392,0.003,1.195,1.428,7.024,5.964
1780275518373,0.000,0.000,0.003,0.003,4.224,0.003,1.939,2.208,8.380,8.097
1780275518417,0.000,0.000,0.003,0.000,4.942,4.902,0.889,0.911,11.647,15.685
1780275518474,0.003,0.000,0.000,0.000,2.795,2.751,2.511,2.795,10.855,10.788
1780275518516,0.000,0.000,0.003,0.003,2.544,2.638,1.308,1.403,7.899,10.715
1780275518551,0.000,0.000,0.000,0.000,2.176,2.216,2.336,2.617,9.345,8.655
1780275518590,0.000,0.000,0.000,0.003,1.957,2.205,1.337,1.629,7.131,8.630
1780275518624,0.000,0.000,0.003,0.003,1.909,2.030,1.202,1.410,6.557,6.473
1780275518667,0.000,0.000,0.000,0.003,1.374,1.199,4.056,4.829,11.461,10.327
1780275518703,0.000,0.000,0.000,0.000,1.180,1.257,4.851,5.252,12.540,14.158
1780275518746,0.000,0.000,0.000,0.003,1.366,1.388,4.771,5.256,12.784,14.691
1780275518782,0.000,0.000,0.000,0.003,1.523,1.494,4.928,5.405,13.353,14.279
1780275518847,0.000,0.000,0.000,0.000,1.589,1.756,5.110,5.525,13.980,13.867
1780275518886,0.000,0.000,0.000,0.003,1.880,1.724,4.931,5.445,13.983,13.842
1780275518936,0.000,0.000,0.000,0.003,2.128,2.103,4.869,5.307,14.410,14.133
1780275519018,0.000,0.000,0.000,0.000,1.818,2.114,4.760,5.208,13.900,13.624
1780275519059,0.003,0.000,0.000,0.003,2.041,2.055,3.805,4.220,12.127,11.927
1780275519098,0.000,0.003,0.003,0.003,1.877,1.570,2.897,3.244,9.597,9.794
1780275519151,0.000,0.000,0.003,0.003,1.472,1.592,1.159,1.359,5.588,7.321
1780275519203,0.000,0.000,0.000,0.003,1.421,1.458,0.408,0.503,3.793,6.448
1780275519259,0.000,0.000,0.000,0.003,1.370,1.406,0.411,0.513,3.703,6.182
1780275519311,0.000,0.000,0.003,0.003,1.392,1.396,0.284,0.346,3.424,5.455
1780275519387,0.000,0.000,0.000,0.000,1.228,1.323,2.052,2.387,6.990,5.842
1780275519453,0.000,0.000,0.000,0.003,1.016,1.060,4.971,5.318,12.368,11.200
1780275519542,0.000,0.000,0.000,0.003,1.272,1.308,4.917,5.394,12.894,12.824
1780275519596,0.000,0.000,0.000,0.003,1.330,1.370,4.818,5.270,12.791,12.727
1780275519646,0.000,0.000,0.000,0.003,1.454,1.468,3.849,4.209,10.983,11.321
1780275519686,0.000,0.000,0.000,0.000,1.611,1.614,1.669,1.982,6.876,6.764
1780275519755,0.000,0.000,0.003,0.003,0.131,0.182,9.611,10.257,20.187,9.067
1780275519808,0.003,0.000,0.000,0.000,0.014,0.021,2.817,3.185,6.040,12.267
1780275519849,0.000,0.000,0.000,0.003,0.007,0.018,4.866,5.252,10.146,6.618
1780275519883,0.003,0.000,0.000,0.003,0.007,0.010,5.143,5.620,10.786,10.739
1780275519913,0.000,0.000,0.000,0.003,0.007,0.014,5.132,5.653,10.809,10.788
1780275519955,0.003,0.000,0.000,0.000,0.007,0.010,5.157,5.576,10.753,10.715
1780275519996,0.000,0.000,0.000,0.003,0.003,0.010,4.990,5.525,10.531,10.497
1780275520058,0.000,0.000,0.000,0.003,0.003,0.003,3.014,3.389,6.412,10.448
1780275520100,0.003,0.000,0.000,0.003,0.000,0.000,0.856,1.031,1.893,2.764
1780275520142,0.000,0.000,0.000,0.003,0.003,0.000,0.273,0.328,0.607,1.042
1780275520206,0.003,0.000,0.000,0.003,0.000,0.000,0.178,0.193,0.377,0.873
1780275520282,0.000,0.000,0.000,0.003,0.003,0.000,0.189,0.204,0.399,0.873
1780275520341,0.003,0.000,0.003,0.003,0.000,0.000,0.466,0.583,1.058,1.139
1780275520394,0.000,0.000,0.000,0.003,0.000,0.000,0.513,0.626,1.142,1.164
1780275520438,0.000,0.000,0.000,0.003,0.003,0.003,1.924,2.135,4.068,2.642
1780275520492,0.000,0.000,0.000,0.003,0.000,0.003,2.234,2.504,4.744,3.394
1780275520536,0.003,0.000,0.000,0.003,0.000,0.003,2.460,2.755,5.224,3.806
1780275520603,0.000,0.000,0.003,0.003,0.003,0.003,2.070,2.412,4.494,4.024
1780275520671,0.000,0.000,0.000,0.003,0.000,0.003,1.913,2.139,4.058,3.030
1780275520716,0.000,0.000,0.000,0.003,0.000,0.000,0.634,0.750,1.387,2.376
1780275520802,0.003,0.000,0.000,0.003,0.000,0.000,0.273,0.335,0.614,1.018
1780275520848,0.000,0.000,0.000,0.003,0.000,0.000,0.448,0.583,1.034,0.994
1780275520886,0.003,0.000,0.000,0.003,0.000,0.003,1.669,1.986,3.664,1.964
1780275520925,0.000,0.000,0.000,0.003,0.003,0.003,2.172,2.427,4.608,3.297
1780275520960,0.000,0.000,0.000,0.003,0.000,0.003,2.183,2.515,4.704,3.539
1780275521013,0.000,0.000,0.000,0.003,0.003,0.003,2.157,2.515,4.681,3.515
1780275521072,0.000,0.003,0.000,0.003,0.000,0.000,1.964,2.172,4.142,3.176
1780275521147,0.000,0.000,0.000,0.003,0.000,0.000,0.754,0.849,1.606,1.939
1780275521201,0.000,0.000,0.003,0.003,0.000,0.000,0.481,0.605,1.092,1.164
1780275521238,0.003,0.000,0.000,0.003,0.000,0.000,0.484,0.605,1.095,1.212
1780275521312,0.000,0.000,0.000,0.003,0.000,0.003,1.527,1.702,3.235,1.309
1780275521379,0.000,0.000,0.000,0.003,0.000,0.003,2.070,2.336,4.412,3.248
1780275521430,0.000,0.003,0.000,0.003,0.000,0.003,1.946,2.208,4.163,3.127
1780275521469,0.003,0.000,0.000,0.003,0.000,0.003,1.866,2.190,4.065,3.006
1780275521524,0.000,0.000,0.000,0.003,0.000,0.003,1.873,2.168,4.047,3.006
1780275521561,0.000,0.000,0.000,0.003,0.000,0.003,1.884,2.146,4.036,3.006
1780275521599,0.003,0.000,0.000,0.003,0.000,0.000,0.597,0.743,1.346,3.006
1780275521671,0.003,0.000,0.003,0.003,0.003,0.003,0.473,0.590,1.078,1.115
1780275521728,0.003,0.000,0.000,0.003,0.000,0.000,0.492,0.619,1.117,1.164
1780275521781,0.000,0.000,0.000,0.000,0.000,0.003,1.691,1.928,3.622,2.085
1780275521865,0.003,0.000,0.000,0.003,0.003,0.003,2.092,2.321,4.425,3.055
1780275521914,0.000,0.000,0.000,0.003,0.000,0.000,2.190,2.478,4.671,3.418
1780275521953,0.000,0.000,0.000,0.003,0.000,0.000,0.969,1.180,2.152,2.061
1780275521998,0.000,0.000,0.000,0.007,0.000,0.000,0.550,0.634,1.191,1.309
1780275522053,0.000,0.000,0.003,0.003,0.003,0.003,1.662,1.880,3.554,1.648
1780275522089,0.003,0.000,0.000,0.000,0.000,0.000,0.882,1.057,1.942,2.764
1780275522135,0.000,0.000,0.000,0.003,0.003,0.003,1.636,1.858,3.503,2.036
1780275522197,0.000,0.000,0.000,0.000,0.000,0.003,0.805,0.878,1.686,2.182
1780275522261,0.000,0.000,0.000,0.003,0.000,0.003,1.742,1.990,3.738,2.642
1780275522301,0.000,0.000,0.003,0.003,0.003,0.003,1.920,2.154,4.086,2.885
1780275522385,0.000,0.000,0.000,0.003,0.000,0.000,0.743,0.903,1.649,2.473
1780275522442,0.000,0.000,0.000,0.003,0.000,0.000,0.503,0.641,1.147,1.261
1780275522478,0.000,0.000,0.000,0.003,0.000,0.000,0.510,0.630,1.143,1.212
1780275522517,0.000,0.000,0.000,0.003,0.000,0.003,1.614,2.004,3.624,1.164
1780275522573,0.000,0.000,0.000,0.003,0.000,0.000,2.048,2.354,4.405,3.273
1780275522613,0.000,0.000,0.000,0.000,0.000,0.003,2.212,2.478,4.693,3.321
1780275522654,0.003,0.000,0.000,0.003,0.000,0.003,1.942,2.292,4.243,3.515
1780275522718,0.000,0.000,0.000,0.000,0.000,0.000,0.732,0.878,1.610,2.012
1780275522777,0.003,0.000,0.000,0.003,0.000,0.003,1.691,1.964,3.664,2.618
1780275522814,0.000,0.000,0.000,0.007,0.000,0.000,0.922,1.086,2.015,1.964
1780275522888,0.000,0.000,0.000,0.003,0.000,0.003,1.658,1.877,3.541,1.382
1780275522942,0.000,0.000,0.000,0.000,0.000,0.003,1.924,2.157,4.084,3.006
1780275522979,0.000,0.000,0.000,0.003,0.000,0.000,0.827,1.064,1.894,2.618
1780275523024,0.000,0.000,0.000,0.007,0.003,0.000,0.360,0.444,0.814,1.236
1780275523063,0.000,0.000,0.000,0.003,0.000,0.000,0.459,0.575,1.037,1.164
1780275523104,0.000,0.000,0.003,0.003,0.003,0.000,1.458,1.618,3.085,1.503
1780275523158,0.003,0.000,0.000,0.003,0.000,0.003,2.030,2.354,4.393,3.103
1780275523221,0.000,0.000,0.000,0.003,0.003,0.003,2.248,2.496,4.753,3.297
1780275523273,0.000,0.003,0.000,0.003,0.000,0.003,1.975,2.227,4.211,3.248
1780275523329,0.003,0.000,0.000,0.003,0.003,0.003,1.928,2.168,4.108,3.103
1780275523401,0.003,0.000,0.003,0.003,0.000,0.000,0.630,0.776,1.415,2.352
1780275523444,0.000,0.000,0.000,0.003,0.003,0.000,0.298,0.386,0.690,1.042
1780275523482,0.000,0.000,0.003,0.003,0.000,0.000,0.215,0.240,0.461,0.945
1780275523517,0.000,0.000,0.000,0.003,0.000,0.000,0.400,0.554,0.957,0.970
1780275523555,0.003,0.000,0.000,0.003,0.000,0.000,1.396,1.545,2.947,1.164
1780275523602,0.003,0.000,0.003,0.003,0.003,0.003,1.899,2.161,4.075,2.885
1780275523642,0.000,0.000,0.000,0.000,0.000,0.000,1.957,2.208,4.165,3.127
1780275523688,0.003,0.000,0.000,0.000,0.003,0.000,2.070,2.351,4.427,3.103
1780275523752,0.000,0.003,0.000,0.003,0.000,0.003,2.012,2.358,4.379,3.297
1780275523816,0.000,0.000,0.000,0.003,0.000,0.000,0.692,0.820,1.515,1.503
1780275523868,0.003,0.000,0.000,0.003,0.000,0.000,0.510,0.626,1.142,1.285
1780275523961,0.003,0.000,0.000,0.003,0.000,0.000,0.524,0.637,1.167,1.236
1780275524007,0.000,0.000,0.000,0.003,0.000,0.003,1.603,2.008,3.617,2.327
1780275524049,0.000,0.000,0.000,0.003,0.000,0.003,2.088,2.358,4.452,3.248
1780275524086,0.003,0.000,0.000,0.003,0.000,0.003,1.971,2.259,4.239,3.370
1780275524126,0.000,0.000,0.000,0.003,0.003,0.003,2.081,2.358,4.448,3.224
1780275524164,0.000,0.000,0.003,0.003,0.003,0.003,1.909,2.263,4.184,3.273
1780275524212,0.003,0.000,0.000,0.003,0.003,0.003,1.884,2.219,4.115,3.030
1780275524272,0.000,0.000,0.003,0.003,0.000,0.000,0.845,1.006,1.857,2.230
1780275524328,0.003,0.000,0.000,0.007,0.000,0.000,0.503,0.637,1.150,1.212
1780275524398,0.000,0.000,0.003,0.003,0.000,0.000,1.629,1.866,3.501,2.497
1780275524483,0.000,0.000,0.000,0.000,0.000,0.003,1.771,2.022,3.796,2.691
1780275524537,0.000,0.003,0.000,0.003,0.000,0.003,1.895,2.194,4.098,2.909
1780275524578,0.000,0.000,0.003,0.003,0.000,0.000,0.688,0.860,1.554,2.085
1780275524615,0.000,0.000,0.000,0.000,0.000,0.000,0.528,0.648,1.176,1.236
1780275524673,0.000,0.000,0.000,0.003,0.000,0.000,0.291,0.379,0.673,0.994
1780275524727,0.003,0.000,0.000,0.003,0.000,0.000,1.392,1.738,3.136,1.309
1780275524789,0.003,0.000,0.000,0.000,0.000,0.000,1.815,2.055,3.873,2.715
1780275524851,0.003,0.000,0.000,0.000,0.003,0.000,2.048,2.380,4.434,3.273
1780275524893,0.003,0.000,0.000,0.003,0.000,0.003,1.961,2.241,4.211,3.224
1780275524933,0.000,0.000,0.000,0.003,0.000,0.000,0.769,0.991,1.763,2.788
1780275525016,0.000,0.003,0.003,0.003,0.000,0.000,1.527,1.822,3.358,2.230
1780275525069,0.000,0.000,0.000,0.003,0.000,0.003,1.749,2.030,3.785,2.691
1780275525110,0.000,0.000,0.000,0.003,0.003,0.003,1.880,2.190,4.079,2.909
1780275525153,0.000,0.000,0.000,0.003,0.000,0.000,0.841,1.035,1.879,2.376
1780275525194,0.000,0.000,0.000,0.003,0.000,0.003,1.829,1.971,3.806,2.594
1780275525242,0.003,0.000,0.003,0.003,0.000,0.003,0.554,0.685,1.251,3.248
1780275525303,0.000,0.000,0.000,0.000,0.000,0.000,0.495,0.601,1.096,1.091
1780275525366,0.000,0.000,0.000,0.003,0.000,0.000,1.592,1.877,3.472,2.303
1780275525406,0.000,0.000,0.000,0.003,0.000,0.003,2.015,2.340,4.361,2.642
1780275525456,0.000,0.003,0.000,0.003,0.000,0.003,1.997,2.238,4.244,3.152
1780275525527,0.000,0.000,0.000,0.003,0.000,0.003,1.902,2.216,4.124,3.055
1780275525582,0.000,0.003,0.003,0.003,0.000,0.000,0.765,0.951,1.725,1.770
1780275525624,0.000,0.003,0.000,0.000,0.000,0.000,0.517,0.674,1.194,1.309
1780275525659,0.000,0.000,0.003,0.003,0.000,0.000,0.506,0.637,1.149,1.212
1780275525712,0.003,0.000,0.000,0.003,0.000,0.000,0.524,0.637,1.167,1.236
1780275525756,0.003,0.000,0.000,0.003,0.000,0.003,1.563,2.001,3.573,2.182
1780275525812,0.000,0.000,0.000,0.003,0.003,0.003,2.103,2.383,4.495,3.103
1780275525873,0.000,0.000,0.000,0.003,0.000,0.003,2.128,2.391,4.525,3.370
1780275525908,0.003,0.000,0.003,0.003,0.000,0.000,0.936,1.126,2.071,2.982
1780275525945,0.000,0.000,0.000,0.003,0.003,0.003,1.570,1.767,3.346,1.382
1780275525981,0.000,0.000,0.000,0.003,0.003,0.003,1.848,2.168,4.025,2.788
1780275526058,0.000,0.000,0.000,0.003,0.000,0.000,0.845,0.918,1.766,2.424
1780275526107,0.000,0.000,0.000,0.003,0.000,0.000,0.546,0.667,1.216,1.358
1780275526143,0.000,0.003,0.003,0.003,0.000,0.000,1.388,1.549,2.946,2.012
1780275526185,0.003,0.000,0.000,0.000,0.000,0.003,1.756,2.030,3.792,2.618
1780275526227,0.000,0.000,0.003,0.003,0.000,0.003,1.924,2.201,4.134,2.982
1780275526269,0.000,0.000,0.003,0.007,0.000,0.000,0.918,1.093,2.021,2.885
1780275526338,0.007,0.000,0.000,0.003,0.003,0.000,0.510,0.659,1.182,1.236
1780275526402,0.000,0.000,0.000,0.003,0.000,0.003,1.636,1.855,3.497,2.424
1780275526449,0.003,0.000,0.000,0.003,0.000,0.000,1.833,2.059,3.898,2.691
1780275526500,0.000,0.000,0.000,0.000,0.003,0.003,2.103,2.343,4.452,3.030
1780275526586,0.000,0.000,0.000,0.003,0.000,0.003,1.939,2.212,4.157,3.224
1780275526639,0.000,0.000,0.000,0.003,0.000,0.000,0.754,0.929,1.686,1.673
1780275526691,0.000,0.000,0.000,0.003,0.000,0.000,0.309,0.390,0.702,1.139
1780275526744,0.000,0.000,0.000,0.003,0.000,0.000,0.495,0.590,1.088,1.164
1780275526798,0.000,0.000,0.000,0.003,0.003,0.003,1.505,1.815,3.329,1.891
1780275526852,0.003,0.000,0.000,0.003,0.000,0.003,1.756,2.059,3.824,2.642
1780275526906,0.000,0.000,0.000,0.003,0.000,0.000,1.786,2.077,3.866,2.788
1780275526955,0.000,0.000,0.000,0.003,0.000,0.003,1.909,2.208,4.123,2.982
1780275526994,0.000,0.000,0.000,0.003,0.003,0.000,1.939,2.223,4.168,3.055
1780275527043,0.003,0.000,0.000,0.003,0.000,0.003,1.946,2.205,4.160,3.006
1780275527128,0.000,0.000,0.000,0.003,0.000,0.003,0.674,0.732,1.412,1.964
1780275527179,0.007,0.000,0.000,0.000,0.000,0.000,0.495,0.623,1.125,1.164
1780275527220,0.000,0.003,0.000,0.003,0.003,0.000,0.313,0.386,0.708,1.115
1780275527270,0.003,0.000,0.000,0.003,0.000,0.003,0.503,0.616,1.128,1.018
1780275527322,0.000,0.000,0.000,0.003,0.000,0.003,1.523,1.731,3.260,1.939
1780275527383,0.000,0.000,0.000,0.003,0.000,0.003,1.826,2.055,3.887,2.788
1780275527441,0.000,0.000,0.000,0.003,0.000,0.003,2.048,2.387,4.441,3.297
1780275527486,0.072,0.032,0.025,0.003,0.000,0.003,1.997,2.263,4.395,3.176
1780275527538,3.539,2.730,3.152,3.645,0.000,0.000,1.516,1.669,16.251,2.618
1780275527600,4.895,4.928,6.079,5.642,0.000,0.003,1.815,2.001,25.363,20.800
1780275527685,3.364,3.470,4.603,4.129,0.000,0.000,1.691,1.950,19.207,16.752
1780275527751,1.468,6.025,2.263,7.231,0.000,0.000,1.406,1.614,20.007,14.036
1780275527817,1.979,2.041,4.774,7.067,0.000,0.000,0.827,0.936,17.624,16.024
1780275527864,2.511,4.355,4.348,7.490,0.000,0.003,2.208,2.438,23.353,18.400
1780275527920,1.439,2.351,4.432,5.992,0.003,0.007,3.389,3.860,21.473,19.030
1780275527971,2.135,4.191,4.235,5.205,0.000,0.000,1.129,1.421,18.316,16.800
1780275528030,2.296,3.557,4.107,5.226,0.000,0.000,0.645,0.787,16.618,14.958
1780275528109,0.153,3.309,0.291,1.902,3.331,3.036,9.575,10.147,31.744,25.745
1780275528172,3.801,3.167,0.047,0.557,2.518,2.544,3.626,4.126,20.386,21.939
1780275528237,2.974,2.646,0.072,0.236,1.512,1.585,4.913,5.332,19.270,14.642
1780275528291,2.453,1.807,3.863,0.277,1.108,1.235,4.454,4.898,20.095,21.091
1780275528366,3.116,2.012,4.840,2.431,1.264,1.275,4.151,4.578,23.667,23.661
1780275528414,3.983,2.030,3.867,2.555,1.352,1.406,3.838,4.261,23.292,22.788
1780275528497,3.039,2.795,3.244,2.784,1.538,1.530,0.521,0.561,16.012,19.564
1780275528535,2.416,2.248,2.365,2.449,0.718,0.852,7.359,7.450,25.857,24.994
1780275528569,2.026,2.205,1.840,2.117,0.922,0.951,9.371,10.173,29.605,29.479
1780275528631,2.351,2.482,2.358,2.566,1.935,1.957,1.811,2.128,17.588,19.564
1780275528690,2.259,2.216,2.485,2.241,1.246,1.326,4.319,4.625,20.717,16.752
1780275528728,2.161,1.793,2.168,1.738,1.410,1.246,4.720,5.132,20.368,19.103
1780275528765,1.953,1.782,1.913,1.877,1.855,1.669,4.709,5.113,20.871,19.855
1780275528818,1.851,1.884,1.935,1.673,1.793,2.008,4.647,5.099,20.890,19.709
1780275528882,1.891,1.683,1.786,1.906,2.022,2.070,3.488,3.856,18.702,17.091
1780275528938,0.338,1.458,0.375,1.268,1.804,1.848,9.396,9.976,26.463,19.079
1780275528996,0.058,1.093,0.021,1.228,1.950,1.899,9.589,10.340,26.178,24.848
1780275529045,0.018,1.567,0.003,1.334,2.551,2.682,3.233,3.776,15.164,17.503
1780275529088,0.003,1.385,0.003,1.162,1.786,2.103,4.909,5.518,16.869,11.055
1780275529125,0.003,1.020,0.000,0.681,1.735,1.436,5.463,5.853,16.191,15.733
1780275529152,0.003,0.911,0.000,0.462,1.680,1.647,5.441,5.842,15.986,15.442
1780275529223,0.003,1.778,0.003,0.189,2.409,2.365,3.728,4.020,14.495,13.503
1780275529291,4.406,0.247,1.796,0.240,2.004,2.267,0.517,0.619,12.096,11.297
1780275529387,2.846,5.336,3.652,0.134,1.669,1.745,8.638,9.364,33.384,27.127
1780275529452,4.957,5.952,3.375,5.977,3.039,2.934,4.643,5.041,35.918,35.297
1780275529508,6.721,6.386,1.982,5.030,3.047,3.269,4.151,4.625,35.211,34.521
1780275529541,4.392,5.478,1.370,3.787,2.744,2.861,4.439,4.815,29.886,27.345
1780275529585,5.638,4.552,3.805,6.116,2.456,2.369,3.382,3.765,32.083,28.097
1780275529622,5.143,4.479,3.918,5.190,2.438,2.737,1.942,2.212,28.059,26.861
1780275529661,5.587,4.804,3.302,4.363,2.657,2.606,0.637,0.790,24.746,22.206
1780275529730,4.844,4.319,3.929,4.461,2.529,2.606,0.160,0.182,23.030,20.655
1780275529788,4.527,4.144,3.721,3.954,0.309,0.379,0.145,0.156,17.335,16.000
1780275529847,4.129,3.911,3.557,3.772,0.021,0.021,0.346,0.459,16.216,14.036
1780275529906,3.451,3.233,3.116,3.193,0.003,0.007,0.772,0.933,14.708,12.194
1780275529966,3.280,0.400,3.039,0.408,0.003,0.003,2.270,2.671,12.074,8.630
1780275530010,2.722,0.677,2.711,0.586,0.003,0.003,2.679,2.974,12.355,9.430
1780275530052,1.024,0.539,0.630,0.204,0.000,0.003,2.562,2.824,7.786,5.503
1780275530090,0.236,0.185,0.193,0.102,0.003,0.003,2.150,2.420,5.292,3.539
1780275530135,0.065,0.040,0.032,0.018,0.000,0.003,1.837,2.059,4.054,2.982
1780275530178,0.007,0.007,0.010,0.007,0.003,0.003,1.742,1.928,3.707,2.448
1780275530231,0.003,0.000,0.003,0.007,0.003,0.000,0.783,0.947,1.746,2.376
1780275530277,0.003,0.000,0.003,0.003,0.003,0.003,1.570,2.022,3.607,1.261
1780275530317,0.003,0.000,0.003,0.003,0.003,0.003,2.095,2.380,4.490,3.006
1780275530367,0.003,0.000,0.003,0.003,0.000,0.000,2.391,2.668,5.068,3.176
1780275530408,0.000,0.000,0.003,0.003,0.003,0.003,2.427,2.679,5.118,3.442
1780275530448,0.000,0.000,0.007,0.003,0.003,0.003,2.187,2.394,4.597,3.248
1780275530499,0.000,0.000,0.003,0.003,0.003,0.000,0.933,1.180,2.122,2.861
1780275530565,0.000,0.000,0.000,0.003,4.348,0.003,1.676,1.880,7.910,5.115
1780275530629,0.000,0.000,0.003,0.000,4.756,4.629,1.844,2.048,13.280,15.152
1780275530679,0.000,0.000,0.000,0.003,3.189,3.200,2.402,2.613,11.407,11.345
1780275530719,0.000,0.000,0.000,0.003,3.167,3.163,1.188,1.406,8.927,11.006
1780275530764,0.000,0.000,0.000,0.003,2.449,2.690,2.329,2.573,10.044,8.242
1780275530801,0.003,0.000,0.000,0.003,2.427,2.434,4.632,4.887,14.386,12.606
1780275530839,0.003,0.000,0.000,0.003,2.380,2.354,5.358,5.762,15.860,16.509
1780275530875,0.000,0.000,0.000,0.003,2.081,2.241,5.354,5.795,15.474,17.042
1780275530918,0.000,0.000,0.000,0.003,1.924,1.986,5.591,6.014,15.518,16.170
1780275530951,0.000,0.000,0.000,0.003,2.022,2.285,4.166,4.548,13.024,15.855
1780275530991,0.000,0.000,0.000,0.007,1.716,1.505,5.343,5.693,14.264,10.473
1780275531046,0.000,0.000,0.000,0.003,1.334,1.330,5.420,5.799,13.886,15.321
1780275531127,0.003,0.000,0.000,0.003,1.574,1.589,3.677,3.983,10.829,11.006
1780275531187,0.000,0.000,0.000,0.003,1.622,1.676,0.885,0.860,5.046,6.885
1780275531241,0.000,0.000,0.000,0.003,1.257,1.345,2.591,2.832,8.028,5.455
1780275531275,0.003,0.000,0.000,0.003,1.027,1.053,4.767,5.522,12.375,9.188
1780275531320,0.215,0.718,0.637,0.240,1.057,1.170,5.576,5.974,15.587,14.012
1780275531392,2.183,6.262,6.867,2.176,1.122,1.206,2.959,3.225,26.000,18.642
1780275531468,4.534,5.048,6.386,3.721,0.120,0.182,2.992,3.295,26.278,19.491
1780275531519,6.695,4.403,1.170,1.009,0.014,0.018,0.976,1.155,15.440,16.242
1780275531574,5.099,3.681,2.059,0.809,0.007,0.025,8.008,8.070,27.758,18.448
1780275531636,2.642,0.776,6.466,3.725,0.003,0.000,1.381,1.166,16.159,12.655
1780275531679,0.889,2.445,6.211,4.599,0.003,0.007,2.788,2.963,19.905,12.630
1780275531719,0.160,2.602,4.917,4.472,0.003,0.010,4.822,5.128,22.114,13.212
1780275531757,0.072,2.733,4.384,4.446,0.003,0.010,5.161,5.580,22.389,18.036
1780275531791,0.065,2.453,4.275,4.359,0.003,0.007,4.064,4.439,19.665,18.085
1780275531837,0.061,1.961,3.546,3.823,4.275,3.991,3.152,3.386,24.195,20.533
1780275531898,0.083,1.691,3.714,3.320,2.551,2.748,1.035,1.210,16.352,15.297
1780275531965,0.091,1.614,3.510,2.988,1.705,1.705,0.608,0.688,12.909,10.206
1780275532040,0.091,1.399,3.615,2.883,1.425,1.494,0.247,0.309,11.463,9.261
1780275532100,1.848,4.268,3.378,1.957,1.301,1.410,0.510,0.601,15.273,10.279
1780275532176,3.123,5.966,3.426,1.013,1.191,1.232,1.880,2.157,19.988,15.297
1780275532233,2.340,5.237,3.681,1.264,1.228,1.286,2.948,3.200,21.184,16.291
1780275532288,2.453,4.731,1.844,0.225,1.374,1.439,2.460,2.708,17.234,14.812
1780275532369,0.962,3.448,0.233,3.590,1.581,1.581,0.958,1.129,13.482,11.976
1780275532428,0.098,2.504,0.032,5.886,1.366,1.458,0.185,0.211,11.740,11.273
1780275532511,0.007,1.833,0.007,4.731,1.406,1.458,0.116,0.127,9.685,9.527
1780275532567,3.218,2.241,1.137,3.776,1.334,1.374,0.127,0.142,13.349,10.885
1780275532627,5.405,2.081,6.382,3.069,1.097,1.170,0.120,0.134,19.458,17.236
1780275532703,4.374,0.400,2.314,3.306,1.439,1.479,0.131,0.142,13.585,11.879
1780275532770,3.233,0.112,0.269,2.744,0.699,1.027,8.857,9.367,26.308,18.982
1780275532833,3.823,2.959,3.160,2.810,2.074,1.990,0.944,1.111,18.871,15.297
1780275532887,3.364,3.550,4.574,1.815,1.855,1.928,3.739,4.530,25.355,21.648
1780275532922,2.638,3.564,4.096,2.223,2.106,2.106,4.964,5.303,27.000,24.533
1780275532967,1.086,1.614,4.224,2.715,1.997,2.168,5.245,5.649,24.698,24.048
1780275533036,0.185,0.667,3.637,3.160,2.154,2.336,3.258,3.313,18.710,18.788
1780275533097,0.116,2.187,1.334,2.496,1.035,1.221,8.372,9.360,26.121,20.800
1780275533158,0.091,3.058,0.408,2.128,1.574,1.490,8.853,9.484,27.086,25.333
1780275533237,0.575,4.709,0.317,2.310,3.546,2.653,1.166,1.104,16.380,14.497
1780275533290,2.912,5.055,2.092,0.513,3.437,3.400,5.000,5.168,27.577,17.115
1780275533327,3.338,5.467,2.930,1.403,4.723,4.669,5.077,5.503,33.110,24.994
1780275533375,3.375,6.112,5.066,4.202,4.873,4.895,4.439,4.877,37.839,28.873
1780275533438,2.970,7.333,5.904,5.019,4.599,4.665,4.169,4.581,39.240,35.733
1780275533512,3.648,5.627,6.969,4.964,4.636,4.661,0.739,0.856,32.100,30.691
1780275533602,3.776,1.177,1.268,5.175,3.881,3.732,0.171,0.204,19.384,17.067
1780275533680,4.301,3.615,3.838,4.206,2.901,3.156,0.083,0.098,22.198,18.036
1780275533744,4.538,4.833,5.456,2.679,2.482,2.584,0.295,0.349,23.216,20.824
1780275533810,0.648,4.917,1.210,3.878,0.229,0.225,3.612,3.845,18.564,14.133
1780275533849,0.258,3.714,0.298,3.265,0.036,0.065,5.434,5.704,18.774,15.030
1780275533895,0.040,3.327,0.047,3.269,0.007,0.010,3.448,3.816,13.964,17.236
1780275533945,0.014,2.788,0.014,3.152,0.003,0.007,2.507,2.675,11.160,8.509
1780275533991,3.324,1.822,2.675,2.649,0.003,0.003,1.848,2.074,14.398,12.897
1780275534032,5.762,1.771,3.542,2.595,0.000,0.000,0.874,1.053,15.597,13.721
1780275534115,5.077,2.121,3.696,3.120,0.003,0.007,2.092,2.445,18.561,14.764
1780275534180,0.634,0.240,0.306,0.284,0.003,0.010,5.635,5.901,13.013,7.539
1780275534212,0.076,0.051,0.058,0.047,0.007,0.010,5.981,6.444,12.674,12.800
1780275534255,0.010,0.010,0.010,0.010,0.003,0.003,3.790,3.889,7.725,11.709
1780275534317,0.003,0.003,0.003,0.003,0.003,0.003,2.726,2.952,5.696,4.073
1780275534372,0.003,0.003,0.003,0.003,0.003,0.003,2.453,2.708,5.179,3.515
1780275534423,0.003,0.000,0.003,0.000,0.003,0.003,2.536,2.792,5.340,3.515
1780275534461,0.000,0.000,0.003,0.003,0.003,0.003,2.296,2.558,4.866,3.539
1780275534501,0.000,0.003,0.003,0.003,0.003,0.003,2.456,2.675,5.146,3.127
1780275534542,0.003,0.000,0.003,0.003,0.003,0.003,2.241,2.496,4.752,3.370
1780275534604,0.003,0.003,0.000,0.003,0.003,0.003,2.157,2.394,4.566,3.055
1780275534645,0.003,0.000,0.000,0.003,0.000,0.000,1.086,1.279,2.371,2.594
1780275534710,0.000,0.000,0.000,0.003,0.003,0.003,1.789,1.942,3.740,1.406
1780275534748,0.007,0.000,0.003,0.003,0.000,0.000,0.933,1.122,2.068,2.230
1780275534789,0.000,0.000,0.000,0.003,0.000,0.000,0.696,0.820,1.519,1.358
1780275534861,0.003,0.000,0.000,0.003,0.000,0.000,0.692,0.805,1.503,1.309
1780275534914,0.003,0.000,0.000,0.000,0.000,0.003,1.848,2.033,3.887,1.745
1780275534949,0.000,0.003,0.000,0.003,0.000,0.000,1.013,1.191,2.210,2.497
1780275534992,0.003,0.000,0.000,0.003,0.003,0.000,1.789,1.990,3.788,1.358
1780275535028,0.000,0.000,0.000,0.003,0.000,0.000,0.947,1.137,2.087,2.182
1780275535065,0.003,0.000,0.000,0.003,0.003,0.000,0.710,0.852,1.571,1.358
1780275535146,0.000,0.000,0.000,0.007,0.000,0.003,2.103,2.456,4.569,2.909
1780275535212,0.003,0.000,0.000,0.003,0.003,0.003,2.179,2.423,4.614,3.103
1780275535255,0.003,0.000,0.000,0.003,0.003,0.000,1.162,1.195,2.366,2.691
1780275535296,0.003,0.000,0.000,0.003,0.003,0.000,0.729,0.827,1.565,1.406
1780275535368,0.003,0.000,0.000,0.003,0.000,0.003,0.670,0.783,1.462,1.261
1780275535421,0.000,0.003,0.000,0.003,0.000,0.000,0.692,0.801,1.499,1.285
1780275535460,0.000,0.000,0.000,0.007,0.003,0.000,1.767,1.924,3.701,2.109
1780275535494,0.000,0.000,0.000,0.003,0.000,0.003,2.256,2.496,4.758,2.836
1780275535536,0.003,0.000,0.003,0.003,0.000,0.003,2.238,2.449,4.699,3.394
1780275535576,0.000,0.000,0.003,0.000,0.000,0.000,1.213,1.202,2.418,2.909
1780275535657,0.003,0.000,0.003,0.003,0.000,0.000,0.696,0.816,1.521,1.285
1780275535729,0.003,0.000,0.000,0.003,0.000,0.000,0.688,0.816,1.510,1.309
1780275535771,0.000,0.000,0.000,0.003,0.000,0.000,1.767,1.880,3.650,1.964
1780275535806,0.000,0.000,0.000,0.003,0.000,0.003,2.059,2.340,4.405,2.861
1780275535871,0.003,0.000,0.000,0.000,0.000,0.003,2.154,2.434,4.594,3.103
1780275535929,0.484,0.532,0.411,0.685,0.003,0.000,0.637,0.776,3.528,2.764
1780275535981,4.344,4.158,3.783,4.118,0.000,0.000,0.255,0.306,16.964,10.400
1780275536038,3.860,3.787,4.228,4.027,0.000,0.003,2.566,2.799,21.270,12.679
1780275536094,0.426,0.448,0.506,0.557,0.000,0.003,1.614,1.866,5.420,3.297
1780275536170,0.018,0.014,0.014,0.014,0.000,0.000,0.579,0.597,1.236,2.012
1780275536224,0.003,0.000,0.003,0.007,0.000,0.000,0.503,0.594,1.110,1.212
1780275536284,0.003,0.000,0.003,0.003,0.000,0.000,0.521,0.626,1.156,1.673
1780275536325,0.003,0.003,0.000,0.003,0.003,0.000,1.578,1.735,3.325,1.794
1780275536395,0.003,0.000,0.000,0.000,0.000,0.000,1.866,2.128,3.997,2.691
1780275536462,0.003,0.000,0.000,0.003,0.003,0.000,1.829,2.092,3.930,2.642
1780275536502,0.003,0.000,0.003,0.007,0.000,0.000,0.841,1.013,1.867,1.891
1780275536545,0.003,0.000,0.000,0.003,0.000,0.000,0.357,0.444,0.807,1.042
1780275536598,0.000,0.000,0.000,0.000,0.000,0.000,1.483,1.643,3.126,1.358
1780275536680,0.000,0.000,0.000,0.000,4.534,0.003,1.578,1.822,7.937,6.642
1780275536728,0.000,0.000,0.000,0.003,5.584,5.103,0.630,0.769,12.089,13.188
1780275536764,0.000,0.000,0.003,0.003,3.251,3.437,1.866,2.012,10.572,10.352
1780275536817,0.007,0.000,0.000,0.003,2.121,2.077,0.973,1.184,6.365,8.848
1780275536869,0.000,0.000,0.000,0.003,1.906,1.811,0.546,0.656,4.922,7.176
1780275536927,0.000,0.000,0.000,0.003,1.869,1.782,1.782,2.037,7.473,7.709
1780275536982,0.000,0.000,0.000,0.000,2.259,2.161,0.743,0.874,6.037,7.636
1780275537021,0.000,0.000,0.000,0.003,2.125,2.230,0.769,0.896,6.023,6.230
1780275537056,0.000,0.000,0.003,0.003,2.059,2.004,1.687,2.088,7.844,5.794
1780275537115,0.000,0.003,0.000,0.000,1.396,1.436,5.365,5.893,14.093,10.788
1780275537180,0.003,0.000,0.003,0.003,1.334,1.275,5.642,6.057,14.317,15.709
1780275537211,0.000,0.000,0.000,0.000,1.264,1.341,5.554,6.010,14.169,15.976
1780275537265,0.000,0.000,0.000,0.003,1.643,1.581,3.878,4.053,11.158,12.267
1780275537303,0.000,0.000,0.000,0.000,1.643,1.629,2.449,2.744,8.465,7.370
1780275537371,0.003,0.000,0.000,0.003,1.042,1.089,5.613,5.901,13.651,5.867
1780275537421,0.000,0.000,0.000,0.003,1.213,1.202,5.693,6.123,14.234,14.158
1780275537476,0.000,0.000,0.000,0.003,1.581,1.600,3.386,3.604,10.174,10.133
1780275537531,0.003,0.000,0.000,0.003,1.603,1.560,0.546,0.659,4.374,4.727
1780275537581,0.000,0.000,0.000,0.003,1.443,1.450,0.153,0.174,3.223,3.782
1780275537641,0.000,0.000,0.000,0.003,1.385,1.359,0.142,0.149,3.038,3.491
1780275537725,0.003,0.000,0.000,0.003,1.352,1.370,0.112,0.123,2.963,3.442
1780275537784,0.360,0.400,0.225,0.419,1.341,1.341,0.215,0.258,4.559,3.709
1780275537873,5.580,5.041,5.704,5.759,0.040,0.051,0.984,1.151,24.310,22.739
1780275537936,4.118,3.801,4.607,4.607,0.007,0.010,3.382,3.608,24.140,18.788
1780275537998,3.054,2.704,3.655,3.870,0.003,0.007,3.262,3.583,20.138,16.388
1780275538054,2.839,2.230,3.254,3.528,0.000,0.000,1.100,1.290,14.241,12.509
1780275538097,0.801,2.117,0.969,3.473,0.000,0.000,0.280,0.335,7.975,7.782
1780275538147,7.319,1.155,7.249,2.660,0.000,0.000,0.112,0.116,18.611,12.267
1780275538205,2.748,1.159,9.057,3.655,0.000,0.000,0.411,0.532,17.562,16.388
1780275538257,2.547,1.155,8.037,2.697,0.007,0.018,7.760,8.547,30.768,19.709
1780275538309,2.529,1.549,7.377,3.696,0.003,0.000,2.467,2.821,20.442,19.636
1780275538391,3.280,1.257,6.083,2.471,0.003,0.007,3.462,3.736,20.299,16.848
1780275538459,3.572,0.098,4.709,0.189,0.003,0.010,5.383,5.729,19.693,18.545
1780275538497,3.856,0.014,3.448,0.029,0.003,0.010,5.529,5.930,18.819,18.570
1780275538533,2.956,2.467,2.409,2.762,0.003,0.010,5.215,5.569,21.391,16.630
1780275538592,2.609,2.686,2.719,5.215,0.000,0.007,4.035,4.476,21.747,19.442
1780275538627,3.054,2.912,2.628,5.048,0.000,0.003,3.065,3.364,20.074,17.721
1780275538665,2.974,3.856,2.551,4.621,0.000,0.000,1.512,1.793,17.307,16.121
1780275538734,2.755,0.408,3.120,0.729,0.003,0.003,1.082,1.224,9.324,7.976
1780275538777,2.894,0.109,2.795,0.178,0.000,0.003,2.208,2.361,10.548,7.297
1780275538818,2.897,0.171,2.048,0.306,0.000,0.003,2.485,2.766,10.676,8.145
1780275538899,2.766,0.218,1.829,0.758,0.000,0.003,2.977,3.258,11.809,8.752
1780275538963,1.738,2.179,0.470,3.940,0.007,0.018,8.868,9.305,26.525,14.255
1780275539025,3.028,1.858,1.512,3.732,0.000,0.000,1.111,0.900,12.141,18.279
1780275539084,2.052,1.997,1.162,2.905,3.889,3.451,4.330,4.621,24.407,23.345
1780275539133,2.296,1.556,1.129,2.901,2.135,2.369,4.902,5.347,22.635,21.939
1780275539171,2.460,1.694,1.027,2.609,1.745,1.767,5.000,5.398,21.700,20.121
1780275539227,0.404,1.782,0.233,2.493,1.581,1.592,5.084,5.529,18.698,17.988
1780275539264,0.080,1.724,0.043,2.332,1.443,1.483,5.106,5.587,17.798,16.897
1780275539306,0.010,1.596,0.007,1.771,1.603,1.589,4.111,4.439,15.126,14.618
1780275539359,0.007,1.115,0.003,1.027,1.323,1.396,5.066,5.482,15.419,13.430
1780275539438,0.127,1.669,0.127,0.630,1.961,1.928,2.730,3.076,12.248,14.788
1780275539517,2.547,2.063,5.791,0.229,2.168,2.004,0.346,0.466,15.614,14.400
1780275539579,0.462,2.741,5.642,0.189,2.671,2.547,0.317,0.411,14.980,13.042
1780275539650,0.477,2.580,4.341,0.153,2.511,2.536,2.066,2.299,16.963,15.758
1780275539693,0.189,2.493,4.009,0.094,2.551,2.646,1.323,1.552,14.857,15.806
1780275539745,3.608,0.696,0.845,4.250,2.810,3.039,1.053,1.206,17.507,12.145
1780275539797,0.521,0.058,0.083,0.798,2.926,2.828,0.991,1.151,9.356,7.564
1780275539837,0.058,0.010,0.010,0.076,2.485,2.624,2.055,2.270,9.588,7.564
1780275539879,0.014,0.003,0.007,0.010,2.602,2.485,2.547,2.813,10.481,8.315
1780275539952,0.003,0.000,0.003,0.007,2.675,2.631,2.657,3.018,10.994,9.479
1780275540012,0.003,0.000,0.000,0.003,2.624,2.558,2.784,3.105,11.077,9.479
1780275540071,0.058,0.047,0.000,0.076,2.474,2.573,2.577,2.839,10.644,9.309
1780275540148,4.960,1.104,6.211,1.104,2.059,2.154,1.899,2.117,21.608,16.630
1780275540189,3.480,0.397,6.542,0.244,2.456,2.434,1.589,1.800,18.942,15.830
1780275540234,4.483,2.274,5.270,2.343,2.471,2.474,1.035,1.188,21.538,16.533
1780275540289,0.841,1.727,1.290,2.019,2.803,2.755,1.727,1.931,15.093,10.715
1780275540358,0.054,0.215,0.087,0.127,2.730,2.744,1.082,1.293,8.332,8.145
1780275540407,0.007,0.007,0.007,0.007,2.431,2.416,2.114,2.369,9.358,7.273
1780275540476,0.003,0.000,0.003,0.003,2.303,2.347,2.409,2.704,9.772,8.461
1780275540537,0.003,0.000,0.003,0.003,2.420,2.719,2.420,2.697,10.265,9.479
1780275540588,0.000,0.003,0.003,0.003,2.660,2.646,2.157,2.391,9.863,8.655
1780275540661,0.000,0.000,0.000,0.003,2.631,2.682,2.227,2.467,10.010,8.606
1780275540700,0.003,0.000,0.000,0.003,2.773,2.817,0.863,1.082,7.541,7.830
1780275540741,0.003,0.000,0.000,0.003,2.773,2.682,0.495,0.605,6.561,6.376
1780275540806,0.153,0.102,0.091,0.065,2.762,2.846,0.462,0.572,7.053,6.667
1780275540870,0.732,5.562,0.652,5.544,2.110,2.128,1.490,1.694,19.912,14.133
1780275540931,0.171,6.812,0.138,4.694,0.247,0.196,3.010,3.309,18.577,15.564
1780275541012,0.010,4.957,0.007,4.917,0.007,0.010,1.425,1.662,12.995,11.612
1780275541057,3.619,4.476,3.021,4.435,0.003,0.003,0.404,0.503,16.464,12.412
1780275541095,6.265,3.787,5.354,3.932,0.003,0.000,0.240,0.266,19.847,15.612
1780275541162,6.014,3.954,4.774,3.717,0.000,0.000,0.601,0.718,19.778,16.655
1780275541204,5.423,3.870,4.589,3.860,0.003,0.000,0.320,0.404,18.469,16.242
1780275541244,4.610,3.583,4.060,3.659,0.000,0.000,0.860,0.980,17.752,15.467
1780275541297,4.140,3.408,3.593,3.495,0.000,0.000,0.619,0.739,15.994,13.939
1780275541343,3.827,3.254,3.258,3.320,0.000,0.000,0.258,0.302,14.219,12.776
1780275541396,3.459,3.109,2.901,2.967,0.003,0.000,0.222,0.277,12.938,11.394
1780275541469,3.149,0.313,2.864,0.273,0.000,0.000,0.608,0.721,7.928,6.836
1780275541545,2.212,0.153,2.416,0.087,0.000,0.000,0.251,0.255,5.374,5.091
1780275541604,1.654,3.298,2.052,2.423,0.000,0.000,0.167,0.182,9.776,8.339
1780275541664,1.629,3.557,2.420,2.544,0.000,0.000,0.174,0.193,10.517,9.430
1780275541697,1.687,3.316,2.354,2.391,0.000,0.003,0.255,0.302,10.308,9.212
1780275541744,1.873,2.937,2.336,2.143,0.000,0.003,0.492,0.586,10.370,8.945
1780275541788,1.727,2.708,2.121,1.724,0.000,0.003,1.986,2.438,12.707,9.867
1780275541823,1.567,2.380,1.982,1.567,0.000,0.003,2.518,2.799,12.816,10.545
1780275541881,1.833,2.227,1.990,1.658,0.000,0.000,0.750,0.903,9.361,8.776
1780275541922,1.720,2.157,1.942,1.476,0.000,0.000,0.258,0.298,7.851,7.588
1780275541970,1.840,1.997,1.815,1.512,0.000,0.000,0.156,0.171,7.491,7.006
1780275542031,1.782,1.778,1.800,1.556,0.000,0.000,0.120,0.134,7.170,6.594
1780275542097,1.035,1.133,1.151,0.608,0.007,0.021,8.131,9.451,21.537,8.655
1780275542154,1.476,1.308,1.199,1.264,0.000,0.000,2.114,1.622,8.983,18.182
1780275542212,0.298,0.266,0.244,0.193,0.000,0.000,1.724,1.899,4.624,3.030
1780275542258,0.061,0.051,0.054,0.032,0.003,0.010,5.135,5.496,10.842,6.376
1780275542294,0.007,0.010,0.010,0.007,0.003,0.010,5.664,6.090,11.801,11.709
1780275542332,0.003,0.007,0.003,0.003,0.000,0.000,1.366,1.618,3.000,11.588
1780275542383,0.003,0.000,0.003,0.003,0.000,0.000,0.189,0.218,0.416,1.139
1780275542431,0.000,0.003,0.003,0.003,0.000,0.000,1.560,1.698,3.267,1.842
1780275542485,0.003,0.000,0.000,0.000,0.000,0.003,1.844,2.052,3.902,2.570
1780275542537,0.000,0.003,0.003,0.003,0.000,0.000,1.454,1.618,3.081,2.618
1780275542601,0.003,0.003,0.003,0.003,0.003,0.000,0.320,0.375,0.710,1.479
1780275542658,0.003,0.000,0.003,0.003,3.911,0.003,0.142,0.156,4.221,3.806
1780275542701,0.000,0.000,0.000,0.003,5.649,4.658,0.098,0.112,10.520,12.752
1780275542754,0.000,0.000,0.000,0.003,3.193,3.131,0.251,0.295,6.873,9.600
1780275542818,0.000,0.000,0.003,0.003,2.442,2.522,0.473,0.564,6.007,6.667
1780275542855,0.000,0.000,0.000,0.003,2.361,2.263,1.527,1.913,8.067,6.230
1780275542903,0.003,0.000,0.000,0.003,1.552,1.563,4.917,5.106,13.144,7.321
1780275542939,0.000,0.000,0.000,0.003,1.530,1.567,5.507,5.886,14.493,16.291
1780275542973,0.000,0.000,0.000,0.003,1.950,2.008,5.460,5.857,15.278,17.091
1780275543011,0.003,0.000,0.000,0.003,1.971,2.041,5.380,5.770,15.168,17.624
1780275543066,0.003,0.000,0.000,0.003,2.157,2.223,3.958,4.271,12.615,14.618
1780275543111,0.000,0.000,0.000,0.000,2.048,2.252,2.854,3.189,10.343,10.642
1780275543164,0.003,0.000,0.000,0.003,2.001,1.804,1.097,1.359,6.267,8.533
1780275543234,0.000,0.000,0.000,0.003,1.312,1.392,2.697,2.988,8.392,6.715
1780275543291,0.000,0.000,0.000,0.000,1.006,1.024,5.285,5.554,12.869,13.576
1780275543371,0.000,0.000,0.000,0.003,1.304,1.290,5.328,5.824,13.749,15.758
1780275543427,0.003,0.000,0.000,0.000,1.665,1.651,3.364,3.564,10.247,11.733
1780275543495,4.027,3.648,3.790,3.772,1.224,1.275,0.823,0.889,19.448,10.764
1780275543553,6.528,6.094,5.365,5.157,0.761,0.801,2.340,2.533,29.579,21.673
1780275543628,5.759,5.507,4.665,4.126,0.072,0.094,4.104,4.432,28.759,25.479
1780275543681,2.485,2.168,2.168,1.862,0.010,0.014,4.585,5.041,18.333,14.109
1780275543735,3.032,4.315,3.539,7.483,0.003,0.003,1.071,0.929,20.375,18.158
1780275543794,2.230,4.384,2.682,6.455,0.007,0.021,8.008,8.099,31.886,22.642
1780275543836,3.480,1.625,2.595,3.331,0.010,0.021,9.487,10.318,30.867,26.012
1780275543888,4.042,2.183,6.517,4.647,3.852,3.539,3.889,4.374,33.043,33.552
1780275543953,1.366,2.022,7.989,6.345,1.931,2.044,4.654,4.997,31.348,27.903
1780275543989,1.221,1.713,7.880,5.941,1.607,1.614,4.807,5.164,29.947,27.103
1780275544022,2.529,1.942,7.501,5.197,1.436,1.406,4.698,5.048,29.757,26.400
1780275544058,4.753,1.067,6.262,3.014,1.461,1.461,4.847,5.270,28.135,28.218
1780275544123,4.596,2.041,5.642,0.174,1.425,1.479,4.917,5.332,25.606,21.915
1780275544156,5.084,1.651,4.789,0.102,1.436,1.436,4.887,5.380,24.765,21.576
1780275544197,4.290,1.210,3.958,0.091,1.603,1.592,3.932,4.337,21.013,18.982
1780275544253,3.557,0.608,3.666,0.102,1.574,1.614,2.777,3.123,17.021,14.303
1780275544328,3.021,0.761,2.846,1.447,1.702,1.811,1.042,1.232,13.862,11.442
1780275544387,2.642,4.581,2.117,5.708,1.611,1.622,0.328,0.375,18.984,16.073
1780275544433,2.580,3.346,2.019,5.667,1.888,1.931,2.289,2.420,22.140,17.697
1780275544486,3.087,2.773,1.971,4.957,2.012,2.008,3.178,3.553,23.539,20.121
1780275544568,0.244,2.715,0.138,4.049,1.833,2.074,3.564,3.881,18.498,16.267
1780275544638,0.061,2.591,2.671,2.766,1.680,1.713,3.291,3.637,18.410,14.739
1780275544698,0.051,1.603,2.187,1.560,1.170,1.235,9.415,9.936,27.157,21.503
1780275544734,0.051,1.793,1.461,1.016,1.465,1.494,9.513,10.118,26.911,24.024
1780275544789,0.051,2.420,0.849,1.067,2.179,2.019,4.290,4.804,17.679,17.600
1780275544853,0.007,2.631,0.051,1.097,1.468,1.603,5.343,5.740,17.940,16.073
1780275544892,0.513,2.631,0.969,0.750,1.516,1.505,5.369,5.780,19.033,17.091
1780275544932,2.555,2.125,5.270,0.411,1.261,1.250,4.840,5.161,22.873,17.867
1780275544968,2.733,2.252,6.043,0.670,1.443,1.454,4.778,5.157,24.530,23.927
1780275545026,1.636,2.737,5.474,0.954,1.490,1.501,4.702,4.997,23.491,21.164
1780275545089,1.334,2.923,4.844,1.490,1.592,1.596,4.636,5.011,23.426,22.182
1780275545159,1.494,2.810,4.523,2.066,1.585,1.596,4.133,4.446,22.653,20.315
1780275545195,2.540,2.770,3.830,1.982,1.647,1.665,3.415,3.579,21.428,19.515
1780275545234,2.398,2.646,3.615,2.391,1.811,1.738,1.603,1.891,18.093,18.279
1780275545293,1.935,2.697,3.335,2.161,1.957,1.632,2.555,2.828,19.100,15.636
1780275545368,0.251,0.277,0.317,0.277,1.782,2.259,4.793,5.128,15.084,12.291
1780275545436,0.021,0.021,0.014,0.018,2.598,2.263,1.436,1.447,7.818,8.533
1780275545508,5.802,8.492,3.065,3.674,2.412,2.245,0.266,0.247,26.203,20.824
1780275545571,0.707,9.484,0.328,2.460,2.606,2.631,0.546,0.656,19.418,17.552
1780275545619,0.061,8.142,0.047,2.660,2.405,2.380,1.089,1.257,18.041,14.642
1780275545689,6.338,6.254,3.852,4.975,0.320,0.236,2.602,2.872,27.449,24.873
1780275545740,7.392,6.506,4.443,3.881,0.029,0.029,3.696,4.071,30.047,25.503
1780275545778,6.269,5.886,5.336,4.479,0.007,0.014,3.816,4.133,29.940,26.327
1780275545811,5.908,5.485,5.044,4.319,0.007,0.010,3.892,4.213,28.878,25.552
1780275545863,5.328,5.234,4.738,3.983,0.003,0.003,2.008,2.299,23.596,21.770
1780275545924,0.659,5.110,0.605,4.709,0.003,0.000,0.641,0.801,12.528,12.242
1780275545976,0.061,3.367,0.051,3.408,0.007,0.025,8.099,9.334,24.352,9.842
1780275546038,0.014,1.873,0.010,2.697,0.007,0.021,9.812,10.515,24.949,23.709
1780275546089,0.222,1.909,0.021,3.120,0.003,0.014,5.806,6.287,17.382,17.236
1780275546132,3.790,1.414,2.216,2.795,0.003,0.007,5.033,5.420,20.678,17.964
1780275546194,5.522,1.986,3.455,2.930,0.003,0.007,4.687,5.066,23.656,21.770
1780275546224,4.665,1.982,3.728,3.287,0.003,0.007,4.661,5.055,23.388,21.164
1780275546257,4.702,2.041,3.480,3.229,0.003,0.010,4.614,4.979,23.058,21.188
1780275546293,4.133,2.354,3.193,2.905,0.003,0.010,4.629,5.008,22.235,20.558
1780275546326,3.564,2.566,2.803,2.872,0.003,0.007,4.599,4.979,21.393,19.733
1780275546389,3.273,2.442,2.821,2.431,0.000,0.007,4.297,4.683,19.954,18.642
1780275546432,3.196,2.562,2.580,2.846,0.000,0.000,1.541,2.008,14.733,13.358
1780275546484,1.851,1.392,1.246,1.217,0.000,0.000,0.393,0.484,6.583,6.788
1780275546548,0.109,0.112,0.098,0.109,0.007,0.021,9.622,10.158,20.236,2.230
1780275546589,0.018,0.018,0.014,0.010,0.007,0.021,9.965,10.705,20.758,19.903
1780275546633,0.000,0.007,0.007,0.007,0.003,0.007,4.906,5.420,10.357,15.612
1780275546688,0.000,0.000,0.003,0.000,0.003,0.010,5.689,6.057,11.762,10.085
1780275546759,0.000,0.003,0.000,0.003,0.003,0.010,5.649,6.036,11.704,11.588
1780275546800,0.003,0.000,0.003,0.003,0.003,0.000,1.625,1.884,3.521,7.830
1780275546849,0.003,0.003,0.003,0.003,3.488,0.000,0.328,0.404,4.232,3.564
1780275546906,0.003,0.000,0.000,0.003,3.619,0.021,7.953,8.879,20.478,18.570
1780275546962,0.003,0.000,0.000,0.003,4.093,4.184,1.498,1.873,11.654,19.491
1780275547001,0.000,0.000,0.000,0.003,2.948,2.617,2.781,2.996,11.345,9.552
1780275547063,0.000,0.003,0.000,0.000,1.833,1.877,5.503,5.810,15.026,11.030
1780275547118,0.000,0.000,0.000,0.003,1.742,1.877,5.671,6.094,15.387,15.442
1780275547153,0.000,0.003,0.000,0.003,1.709,1.348,5.649,6.003,14.715,14.958
1780275547187,0.003,0.000,0.000,0.003,1.381,1.414,5.474,5.846,14.121,15.564
1780275547227,0.000,0.000,0.000,0.000,1.268,1.345,5.361,5.722,13.696,16.242
1780275547265,0.000,0.000,0.000,0.003,1.570,1.538,3.907,4.027,11.045,16.364
1780275547315,0.003,0.000,0.000,0.003,1.600,1.596,2.587,2.806,8.595,9.552
1780275547391,0.000,0.000,0.000,0.003,1.509,1.516,0.911,1.122,5.061,6.861
1780275547456,0.000,0.000,0.000,0.000,0.951,1.006,5.121,5.576,12.654,9.067
1780275547507,0.000,0.000,0.000,0.003,1.184,1.151,5.522,5.959,13.819,13.721
1780275547595,0.003,0.000,0.000,0.000,0.102,0.131,5.631,5.970,11.837,12.461
1780275547646,0.000,0.000,0.003,0.003,0.010,0.014,1.348,1.075,2.453,9.964
1780275547686,0.000,0.000,0.000,0.003,0.010,0.025,7.712,9.079,16.829,9.430
1780275547729,0.000,0.000,0.000,0.003,0.010,0.021,9.768,10.348,20.150,19.370
1780275547781,0.000,0.000,0.000,0.003,0.000,0.003,1.993,2.252,4.251,5.115
1780275547825,0.000,0.000,0.000,0.003,0.003,0.014,5.175,5.806,11.001,9.139
1780275547871,0.000,0.000,0.000,0.000,0.007,0.014,5.919,6.276,12.216,11.976
1780275547907,0.000,0.000,0.000,0.003,0.007,0.010,5.846,6.251,12.117,11.855
1780275547955,0.003,0.000,0.000,0.003,0.007,0.014,5.788,6.127,11.942,11.661
1780275548006,0.000,0.000,0.000,0.003,0.003,0.003,2.988,3.149,6.146,7.636
1780275548047,0.003,0.000,0.000,0.003,0.000,0.000,0.823,1.049,1.878,3.127
1780275548122,0.003,0.000,0.000,0.003,0.000,0.000,0.215,0.255,0.476,0.970
1780275548180,0.000,0.000,0.003,0.003,0.000,0.007,0.123,0.127,0.263,0.776
1780275548216,0.000,0.000,0.000,0.003,0.000,0.000,0.185,0.233,0.421,0.776
1780275548253,0.000,0.000,0.003,0.003,0.000,0.000,0.215,0.258,0.479,0.824
1780275548310,0.003,0.000,0.000,0.003,0.003,0.000,0.233,0.291,0.533,0.873
1780275548347,0.003,0.000,0.000,0.003,0.003,0.000,1.257,1.662,2.928,1.139
1780275548383,0.000,0.000,0.000,0.003,0.000,0.003,1.589,1.833,3.428,2.473
1780275548426,0.000,0.000,0.000,0.003,0.003,0.003,1.840,2.117,3.966,2.497
1780275548475,0.000,0.000,0.003,0.003,0.003,0.003,1.899,2.157,4.068,2.715
1780275548515,0.000,0.000,0.000,0.003,0.000,0.003,1.895,2.135,4.036,2.691
1780275548565,0.000,0.000,0.000,0.000,0.003,0.000,0.499,0.488,0.990,2.303
1780275548655,0.000,0.000,0.000,0.003,0.000,0.003,0.244,0.302,0.552,0.848
1780275548708,0.003,0.000,0.000,0.003,0.003,0.003,1.636,1.844,3.492,2.109
1780275548743,0.003,0.000,0.000,0.003,0.000,0.003,1.990,2.216,4.215,2.691
1780275548780,0.000,0.000,0.000,0.003,0.000,0.000,1.953,2.219,4.175,2.885
1780275548839,0.000,0.000,0.007,0.003,0.000,0.000,0.218,0.277,0.505,2.594
1780275548862,0.000,0.000,0.003,0.000,0.003,0.000,0.072,0.094,0.172,0.994
1780275548893,0.003,0.000,0.000,0.000,0.000,0.003,0.021,0.021,0.048,0.970
1780275548926,0.003,0.000,0.000,0.003,0.000,0.000,0.007,0.007,0.020,0.752
1780275548965,0.000,0.000,0.000,0.000,0.000,0.000,0.003,0.003,0.006,0.727
1780275548997,0.000,0.000,0.000,0.003,0.000,0.000,0.003,0.003,0.009,0.703
1780275549035,0.317,0.215,0.335,0.433,0.000,0.000,0.003,0.003,1.306,0.679
1780275549073,4.326,3.473,3.203,3.397,0.000,0.000,0.003,0.003,14.405,5.503
1780275549142,7.074,3.025,7.300,4.785,0.003,0.000,0.003,0.000,22.190,20.461
1780275549173,7.078,3.156,7.122,5.449,0.000,0.000,0.003,0.000,22.808,18.691
1780275549211,6.477,4.104,6.407,5.307,0.000,0.000,0.003,0.000,22.298,20.000
1780275549245,6.083,3.284,6.265,5.051,0.000,0.000,0.003,0.000,20.686,18.133
1780275549282,5.824,3.645,5.828,4.917,0.000,0.000,0.000,0.000,20.214,17.236
1780275549338,5.117,3.459,5.445,4.552,0.000,0.000,0.000,0.000,18.573,16.024
1780275549370,4.559,3.437,5.245,4.479,0.000,0.003,0.003,0.000,17.726,15.418
1780275549399,4.308,3.630,5.164,4.173,0.000,0.000,0.003,0.003,17.281,15.030
1780275549431,4.388,3.918,4.917,3.772,0.000,0.000,0.003,0.000,16.998,14.812
1780275549460,4.111,3.889,4.658,3.809,0.000,0.003,0.003,0.000,16.473,14.400
1780275549486,3.586,3.725,4.723,3.557,0.000,0.000,0.003,0.000,15.594,13.988
1780275549522,3.185,3.477,4.552,3.258,0.003,0.000,0.003,0.000,14.478,12.339
1780275549558,1.512,3.816,3.484,2.019,0.000,0.000,0.003,0.003,10.837,11.345
1780275549601,0.375,4.242,1.450,3.018,0.000,0.000,0.003,0.000,9.088,6.036
1780275549663,2.945,3.776,2.697,4.133,0.000,0.003,0.003,0.003,13.560,8.242
1780275549699,4.115,3.790,3.127,4.027,0.000,0.000,0.003,0.003,15.065,7.903
1780275549734,5.175,4.075,3.167,4.599,0.000,0.000,0.003,0.003,17.022,10.667
1780275549756,4.869,4.045,3.382,4.698,0.000,0.003,0.003,0.003,17.003,11.297
1780275549791,4.938,3.922,3.495,4.538,0.000,0.000,0.003,0.000,16.896,11.055
1780275549855,4.825,4.122,3.098,4.559,0.000,0.000,0.003,0.000,16.607,12.873
1780275549881,4.589,4.009,3.123,5.219,0.000,0.000,0.003,0.000,16.943,12.267
1780275549920,4.005,4.082,1.775,5.438,0.000,0.000,0.003,0.003,15.306,14.570
1780275549951,3.451,4.086,2.485,5.307,0.000,0.000,0.003,0.000,15.332,11.273
1780275549990,3.546,1.895,4.610,1.942,0.000,0.000,0.003,0.003,11.999,9.939
1780275550021,1.906,0.280,2.012,0.532,0.000,0.000,0.003,0.000,4.733,3.248
1780275550058,0.215,0.054,0.375,0.098,0.000,0.000,0.003,0.000,0.745,0.945
1780275550087,0.051,0.014,0.083,0.021,0.000,0.000,0.003,0.000,0.172,0.679
1780275550126,0.007,0.003,0.014,0.003,0.000,0.000,0.003,0.003,0.033,0.679
1780275550185,0.007,0.003,0.007,0.003,0.000,0.000,0.003,0.000,0.023,0.630
1780275550213,0.003,0.000,0.007,0.007,0.000,0.000,0.003,0.000,0.020,0.679
1780275550256,0.003,0.000,0.003,0.003,0.000,0.000,0.003,0.000,0.012,0.630
1780275550281,0.003,0.000,0.003,0.003,0.000,0.000,0.003,0.000,0.012,0.679
1780275550316,0.003,0.003,0.000,0.003,0.003,0.000,0.003,0.000,0.015,0.630
1780275550390,0.000,0.003,0.000,0.000,0.000,0.000,0.003,0.003,0.009,0.679
1780275550414,0.003,0.000,0.000,0.003,0.000,0.000,0.003,0.000,0.009,0.679
1780275550449,0.003,0.000,0.003,0.003,0.000,0.000,0.003,0.000,0.012,0.703
1780275550474,0.007,0.003,0.003,0.003,0.000,0.003,0.003,0.000,0.022,0.727
1780275550505,0.003,0.000,0.000,0.003,0.000,0.000,0.003,0.003,0.012,0.679
1780275550569,0.000,0.000,0.000,0.003,0.000,0.000,0.003,0.000,0.006,0.703
1780275550606,0.000,0.000,0.000,0.007,0.000,0.000,0.003,0.003,0.013,0.679
1780275550651,0.003,0.000,0.003,0.003,0.000,0.000,0.003,0.000,0.012,0.630
1780275550713,0.003,0.000,0.000,0.003,0.000,0.000,0.003,0.003,0.012,0.679
1780275550740,0.003,0.003,0.003,0.003,0.000,0.000,0.003,0.000,0.015,0.679
1780275550779,0.000,0.000,0.000,0.003,0.000,0.000,0.003,0.000,0.006,0.630
1780275550804,0.000,0.000,0.000,0.003,0.000,0.000,0.003,0.003,0.009,0.679
1780275550844,0.000,0.000,0.000,0.003,0.000,0.000,0.003,0.000,0.006,0.679
1780275550904,0.003,0.000,0.000,0.003,0.003,0.000,0.003,0.000,0.012,0.679
1780275550971,0.007,0.000,0.000,0.003,0.003,0.010,6.440,6.768,13.231,11.758
1780275551008,0.000,0.000,0.003,0.003,0.003,0.010,6.794,7.213,14.026,14.133
1780275551048,0.000,0.000,0.003,0.000,0.003,0.014,6.783,7.206,14.009,14.642
1780275551109,0.000,0.000,0.000,0.003,0.007,0.014,6.612,7.060,13.696,13.576
1780275551142,0.000,0.000,0.003,0.000,0.007,0.014,6.604,7.002,13.630,13.285
1780275551176,0.003,0.000,0.000,0.003,0.003,0.014,6.550,6.932,13.505,13.139
1780275551257,0.000,0.000,0.000,0.003,0.003,0.010,6.342,6.717,13.075,12.776
1780275551297,0.000,0.000,0.000,0.000,0.003,0.010,6.232,6.615,12.860,12.509
1780275551333,0.000,0.000,0.000,0.003,0.003,0.010,6.152,6.593,12.761,12.412
1780275551381,0.000,0.000,0.000,0.000,0.003,0.010,6.050,6.426,12.489,12.267
1780275551435,2.387,2.416,2.515,2.179,0.003,0.010,5.646,5.955,21.111,14.642
1780275551493,4.625,4.687,5.525,5.482,0.003,0.010,4.643,4.979,29.954,24.873
1780275551557,3.885,4.264,4.811,4.760,0.000,0.003,3.776,4.078,25.577,22.570
1780275551613,3.400,1.822,4.694,2.176,0.000,0.000,0.823,0.969,13.884,12.945
1780275551659,2.402,0.313,3.954,0.302,0.007,0.021,8.241,8.511,23.751,13.721
1780275551699,2.146,0.040,3.193,0.036,0.007,0.018,9.334,9.983,24.757,23.442
1780275551765,2.329,0.003,3.889,0.003,0.003,0.007,5.019,4.931,16.184,24.000
1780275551811,2.606,2.230,3.579,2.464,0.003,0.010,5.383,5.664,21.939,12.824
1780275551849,2.190,4.789,3.116,6.130,0.003,0.010,5.113,5.420,26.771,19.661
1780275551884,2.132,2.620,3.346,6.746,0.003,0.010,5.128,5.434,25.419,23.321
1780275551918,2.197,1.654,3.480,6.677,0.003,0.010,5.103,5.449,24.573,22.376
1780275551968,0.616,3.203,3.473,2.668,0.003,0.010,5.175,5.573,20.721,21.115
1780275552008,0.218,4.038,3.542,1.286,0.003,0.010,5.194,5.569,19.860,19.733
1780275552065,0.105,4.774,3.426,0.258,0.003,0.007,4.450,4.665,17.688,17.697
1780275552113,0.174,2.628,3.750,1.826,0.000,0.003,2.974,3.291,14.646,10.133
1780275552158,1.137,0.583,3.575,2.474,0.000,0.003,0.659,0.772,9.203,8.000
1780275552201,1.607,0.142,3.036,1.880,0.000,0.003,0.236,0.269,7.173,5.042
1780275552280,1.337,0.142,2.289,1.578,0.000,0.000,0.142,0.156,5.644,4.048
1780275552337,0.222,2.959,2.179,1.396,0.000,0.000,0.309,0.386,7.451,4.824
1780275552401,2.817,4.381,1.534,1.129,4.501,4.133,0.142,0.164,18.801,14.352
1780275552453,5.339,4.100,1.647,3.583,2.420,2.617,0.368,0.441,20.515,16.073
1780275552512,5.055,3.408,1.844,4.158,1.476,1.538,2.431,2.649,22.559,18.036
1780275552568,2.638,1.683,2.296,4.264,1.556,1.552,2.890,3.171,20.050,15.321
1780275552642,1.745,0.743,2.398,3.236,1.450,1.450,3.236,3.521,17.779,13.018
1780275552686,3.499,3.163,2.343,2.617,1.345,1.345,2.394,2.496,19.202,14.376
1780275552735,3.069,3.612,2.726,2.292,1.465,1.461,0.951,0.965,16.541,14.206
1780275552808,1.837,1.348,0.790,1.035,1.592,1.622,1.013,1.155,10.392,6.861
1780275552867,0.215,0.196,0.123,0.149,1.443,1.516,1.909,2.110,7.661,5.697
1780275552925,0.758,1.202,0.007,0.007,1.388,1.377,2.631,2.959,10.329,6.109
1780275552987,0.058,0.109,0.003,0.003,1.443,1.436,2.886,3.163,9.101,7.030
1780275553040,0.007,0.010,0.003,0.003,1.447,1.505,2.485,2.730,8.190,6.594
1780275553084,0.003,0.003,0.000,0.007,1.465,1.509,2.314,2.544,7.845,6.327
1780275553139,0.000,0.003,0.003,0.003,1.410,1.447,2.026,2.248,7.140,5.939
1780275553174,0.000,0.000,0.003,0.003,1.468,1.527,1.111,1.293,5.405,5.285
1780275553223,4.476,3.211,3.980,3.834,0.874,0.907,0.277,0.313,17.872,12.533
1780275553281,4.129,4.647,5.635,4.636,1.221,1.195,0.805,0.922,23.190,18.352
1780275553357,0.185,0.200,0.258,0.211,1.687,1.705,1.636,1.862,7.744,6.327
1780275553416,0.007,0.010,0.014,0.010,1.447,1.512,1.997,2.307,7.304,5.721
1780275553473,0.003,0.000,0.003,0.003,1.399,1.425,1.935,2.208,6.976,5.842
1780275553520,0.003,0.000,0.000,0.003,1.355,1.396,1.920,2.168,6.845,6.206
1780275553580,0.000,0.000,0.003,0.003,1.374,1.436,1.917,2.168,6.901,5.964
1780275553618,0.003,0.003,0.003,0.003,1.625,1.519,0.557,0.688,4.401,5.261
1780275553668,0.000,0.003,0.003,0.003,2.241,1.698,0.280,0.349,4.577,4.291
1780275553721,0.000,0.000,0.000,0.003,1.855,2.394,0.280,0.346,4.878,5.139
1780275553787,1.964,1.909,1.275,2.001,1.636,1.680,1.705,1.848,14.018,6.933
1780275553858,3.346,4.118,4.483,4.804,1.793,1.895,1.807,2.052,24.298,15.467
1780275553904,2.092,3.564,7.100,6.138,1.567,1.683,2.216,2.489,26.849,17.648
1780275553978,0.102,0.277,0.521,0.291,2.172,1.745,3.717,4.089,12.914,11.297
1780275554035,0.003,0.010,0.025,0.018,1.957,2.033,0.991,0.914,5.951,8.582
1780275554101,2.285,1.716,0.699,2.329,1.935,2.307,0.171,0.207,11.649,6.521
1780275554153,5.485,4.209,4.898,5.033,0.896,0.747,6.961,7.213,35.442,18.448
1780275554221,5.893,4.293,5.802,5.208,1.775,1.713,2.773,3.163,30.620,27.370
1780275554262,5.635,3.316,4.771,5.157,1.403,1.461,4.093,4.337,30.173,24.024
1780275554310,4.964,1.935,2.824,5.380,1.443,1.465,4.545,4.964,27.520,23.709
1780275554401,3.681,0.120,0.204,5.398,1.421,1.432,4.683,5.037,21.976,20.315
1780275554447,2.956,4.603,4.592,4.796,1.264,1.315,3.080,3.152,25.758,21.721
1780275554529,0.204,5.708,3.014,3.962,1.651,1.665,0.761,0.911,17.876,15.030
1780275554593,2.839,5.026,1.217,0.838,1.622,0.718,8.438,8.773,29.471,19.879
1780275554651,2.201,3.364,1.126,0.174,3.528,3.637,8.944,9.495,32.469,28.630
1780275554690,1.366,1.589,1.483,0.980,4.275,4.428,5.704,6.160,25.985,23.176
1780275554753,0.783,0.579,4.552,0.623,4.935,4.840,4.895,5.186,26.393,21.067
1780275554792,0.929,0.561,6.163,3.510,6.189,6.141,4.184,4.465,32.142,28.170
1780275554830,1.286,2.212,5.988,4.815,5.875,5.832,3.889,4.202,34.099,31.394
1780275554886,2.055,6.790,5.635,5.292,2.708,2.748,4.053,4.330,33.611,30.182
1780275554925,2.157,6.455,5.350,5.267,1.833,1.869,4.144,4.454,31.529,28.170
1780275554963,1.731,4.938,3.983,4.439,1.731,1.826,4.494,4.836,27.978,27.418
1780275555033,0.776,0.379,0.357,0.535,1.775,1.833,4.403,4.767,14.825,14.570
1780275555101,1.487,1.775,1.928,1.348,1.822,1.826,0.954,1.148,12.288,8.194
1780275555160,4.067,5.332,5.536,6.127,0.867,1.035,0.167,0.189,23.320,20.315
1780275555196,3.131,4.450,4.556,5.299,0.575,0.652,6.112,7.603,32.378,22.279
1780275555256,1.264,1.596,1.483,2.044,2.125,2.004,2.905,2.875,16.296,14.206
1780275555298,0.331,0.645,0.419,0.987,1.487,1.549,4.909,5.168,15.495,9.479
1780275555346,0.040,0.072,0.036,0.061,1.315,1.359,5.376,5.755,14.014,13.624
1780275555418,0.003,0.003,0.007,0.003,1.341,1.385,5.263,5.609,13.614,13.503
1780275555457,0.000,0.000,0.003,0.003,1.629,1.625,2.905,3.229,9.394,12.194
1780275555496,0.003,0.003,0.003,0.003,1.640,1.738,0.998,0.805,5.193,8.218
1780275555569,0.003,0.003,0.000,0.003,1.519,1.541,0.178,0.193,3.440,4.024
1780275555630,0.003,0.000,0.000,0.003,1.399,1.454,0.145,0.153,3.157,3.539
1780275555701,3.976,4.122,4.220,4.435,1.042,1.111,0.142,0.153,19.201,10.594
1780275555764,4.815,4.676,5.423,5.296,0.998,1.071,0.550,0.692,23.521,19.394
1780275555808,3.958,3.838,4.563,4.742,1.140,1.210,2.566,2.806,24.823,19.345
1780275555865,3.233,2.872,3.470,3.739,1.366,1.363,3.065,3.411,22.519,19.394
1780275555935,2.383,2.522,2.897,3.721,1.363,1.421,2.846,3.076,20.229,17.333
1780275555983,2.722,0.780,3.003,0.667,1.676,1.716,1.078,1.264,12.906,13.188
1780275556031,2.369,0.069,3.054,0.054,1.574,1.530,0.277,0.328,9.255,9.382
1780275556100,2.434,0.003,2.522,0.010,0.590,0.674,8.044,9.141,23.418,14.739
1780275556166,2.613,0.003,3.327,0.007,1.826,1.840,1.432,1.206,12.254,15.345
1780275556235,2.037,6.269,2.817,3.998,0.105,0.134,4.322,4.796,24.478,24.436
1780275556295,2.500,6.116,2.894,4.344,0.010,0.018,4.661,4.975,25.518,24.824
1780275556337,2.766,5.387,2.916,4.133,0.007,0.014,4.683,5.019,24.925,23.515
1780275556398,0.404,4.949,0.477,3.830,0.003,0.007,4.191,4.559,18.420,18.570
1780275556472,0.025,3.331,0.021,3.674,0.003,0.000,1.275,1.465,9.794,9.576
1780275556513,0.010,2.088,0.007,2.504,0.007,0.021,7.862,7.957,20.456,16.170
1780275556545,0.007,1.614,0.007,2.234,0.007,0.021,9.360,10.027,23.277,21.867
1780275556599,0.007,1.195,0.003,2.263,0.007,0.018,9.247,10.038,22.778,21.794
1780275556640,0.003,1.119,0.003,2.270,0.003,0.010,6.273,6.786,16.467,17.115
1780275556682,0.010,2.095,0.007,3.032,0.003,0.010,5.791,6.181,17.129,15.855
1780275556765,0.007,1.268,0.003,2.741,0.003,0.010,5.686,5.988,15.706,15.297
1780275556816,1.826,1.257,0.422,3.050,0.003,0.010,5.489,5.879,17.936,15.806
1780275556854,5.966,0.911,2.624,2.784,0.003,0.000,3.389,3.360,19.037,18.133
1780275556914,5.974,1.902,3.517,2.988,0.000,0.000,0.568,0.630,15.579,14.933
1780275556973,4.446,1.494,3.480,2.919,0.007,0.018,7.424,7.588,27.376,16.630
1780275557008,4.446,2.026,3.324,3.072,0.000,0.000,2.092,2.412,17.372,26.158
1780275557049,3.969,2.431,3.193,3.331,0.003,0.000,0.954,1.089,14.970,12.630
1780275557094,3.663,2.580,2.875,2.843,0.003,0.003,2.733,2.875,17.575,14.206
1780275557137,3.193,2.332,2.518,2.810,0.000,0.003,3.397,3.634,17.887,14.497
1780275557184,2.675,2.187,2.165,2.453,0.003,0.010,5.026,5.445,19.964,16.315
1780275557228,2.726,2.285,2.088,2.456,0.000,0.003,3.732,4.042,17.332,17.164
1780275557292,0.495,0.309,0.291,0.287,0.000,0.003,1.064,1.268,3.717,6.933
1780275557359,0.029,0.021,0.025,0.007,0.007,0.021,9.039,9.677,18.826,12.000
1780275557409,0.003,0.003,0.003,0.007,0.000,0.003,3.688,4.126,7.833,8.412
1780275557447,0.003,0.003,0.003,0.003,0.003,0.010,5.697,5.850,11.572,5.939
1780275557503,0.000,0.000,0.003,0.003,0.003,0.010,5.966,6.360,12.345,12.388
1780275557539,0.000,0.000,0.003,0.003,0.007,0.014,5.897,6.294,12.218,12.073
1780275557570,0.000,0.000,0.003,0.003,0.003,0.010,5.897,6.287,12.203,12.000
1780275557611,0.000,0.000,0.000,0.003,0.000,0.007,3.940,4.333,8.283,8.048
1780275557674,0.000,0.000,0.003,0.003,4.490,0.003,0.893,0.820,6.212,7.055
1780275557715,0.000,0.000,0.007,0.003,4.042,0.003,0.277,0.280,4.612,6.182
1780275557761,0.000,0.003,0.000,0.000,5.580,5.205,0.120,0.131,11.039,11.830
1780275557831,0.003,0.000,0.000,0.000,2.496,2.252,0.448,0.524,5.723,8.848
1780275557908,0.000,0.000,0.000,0.003,1.509,1.622,0.703,0.816,4.653,5.527
1780275557969,0.000,0.000,0.003,0.000,1.348,1.374,2.059,2.267,7.051,5.406
1780275558010,0.000,0.000,0.003,0.003,0.958,1.013,5.201,5.438,12.616,7.733
1780275558042,0.000,0.000,0.000,0.000,1.075,1.129,5.653,6.043,13.900,13.673
1780275558075,0.000,0.000,0.000,0.003,1.210,1.191,5.697,6.090,14.191,13.988
1780275558122,0.000,0.000,0.000,0.003,1.272,1.312,5.562,5.999,14.148,13.988
1780275558184,0.000,0.000,0.000,0.003,1.301,1.312,5.525,5.875,14.016,13.818
1780275558226,0.000,0.000,0.000,0.003,1.749,1.764,1.687,1.385,6.588,8.606
1780275558287,0.003,0.000,0.000,0.003,1.487,1.552,0.218,0.247,3.510,4.097
1780275558351,0.000,0.000,0.000,0.000,1.345,1.410,0.127,0.142,3.024,3.636
1780275558426,0.000,0.000,0.000,0.007,1.355,1.443,0.109,0.120,3.034,3.418
1780275558497,6.375,6.061,0.189,0.280,0.112,0.153,0.149,0.156,13.475,12.194
1780275558558,4.971,5.463,0.962,0.871,0.007,0.014,2.194,2.398,16.880,11.661
1780275558605,4.038,4.683,3.954,2.879,0.003,0.003,2.227,2.453,20.240,12.097
1780275558659,2.022,4.228,5.974,4.767,0.003,0.003,2.238,2.449,21.684,14.521
1780275558701,1.458,3.870,6.612,3.794,0.003,0.003,2.464,2.682,20.886,14.788
1780275558743,0.703,3.532,6.524,2.216,0.000,0.000,0.998,1.250,15.223,14.036
1780275558779,0.470,3.772,6.130,1.848,0.003,0.000,0.462,0.561,13.246,10.400
1780275558822,0.554,3.604,5.693,1.709,0.000,0.000,0.393,0.477,12.430,9.964
1780275558885,0.798,3.542,5.201,1.833,0.000,0.003,1.756,1.993,15.126,10.545
1780275558943,1.071,3.254,4.654,1.891,0.003,0.007,2.843,3.069,16.792,11.709
1780275559030,1.268,3.141,4.100,1.811,0.003,0.003,3.152,3.440,16.918,11.806
1780275559068,0.656,3.211,3.958,1.180,0.000,0.003,2.453,2.704,14.165,11.418
1780275559110,0.521,3.134,3.991,0.936,0.000,0.003,2.055,2.263,12.903,9.527
1780275559172,0.616,3.101,3.757,0.925,0.003,0.003,2.223,2.434,13.062,8.994
1780275559227,0.947,2.952,3.367,0.841,0.000,0.003,2.205,2.434,12.749,9.188
1780275559269,0.958,2.795,3.193,0.841,0.000,0.003,2.540,2.762,13.092,9.382
1780275559314,0.882,3.120,3.437,0.852,0.000,0.000,1.104,1.275,10.670,9.139
1780275559368,0.838,2.238,2.438,0.575,0.007,0.021,8.952,9.415,24.484,13.576
1780275559419,0.517,2.208,2.325,0.517,0.007,0.021,9.458,10.001,25.054,22.448
1780275559481,0.320,2.598,2.598,0.346,0.003,0.007,5.241,5.529,16.642,14.739
1780275559571,4.024,1.993,2.631,3.623,0.003,0.010,5.259,5.573,23.116,19.321
1780275559623,4.432,1.417,2.063,4.472,3.947,3.466,4.519,4.807,29.123,25.236
1780275559669,4.330,1.837,2.329,3.980,2.671,2.733,4.592,4.928,27.400,25.406
1780275559703,4.086,1.417,2.383,3.670,1.877,2.026,4.683,4.975,25.117,23.661
1780275559760,3.885,0.382,2.547,0.954,1.636,1.632,4.953,5.245,21.234,20.582
1780275559807,3.167,0.131,2.675,0.328,1.519,1.538,4.913,5.288,19.559,18.303
1780275559851,2.956,0.021,2.125,0.043,1.403,1.432,4.949,5.332,18.261,17.697
1780275559898,2.544,0.003,1.614,0.007,1.406,1.428,4.924,5.274,17.200,16.679
1780275559947,2.259,0.000,1.133,0.003,1.957,1.694,3.284,3.575,13.905,14.303
1780275560002,2.507,0.000,1.239,0.007,2.278,2.041,2.289,2.522,12.883,11.127
1780275560064,2.817,0.000,0.736,0.007,2.336,2.471,0.648,0.597,9.612,9.430
1780275560107,2.591,0.000,1.013,0.003,2.394,2.525,0.309,0.382,9.217,8.630
1780275560157,3.200,0.000,0.860,0.003,2.715,2.967,0.277,0.335,10.357,10.012
1780275560223,2.894,1.654,0.685,3.994,2.577,2.744,0.758,0.871,16.177,11.491
1780275560275,2.908,3.542,0.827,6.506,2.474,2.154,1.990,2.372,22.773,19.515
1780275560310,3.094,2.839,0.776,5.981,2.474,2.577,3.163,3.415,24.319,21.527
1780275560350,2.985,2.369,0.896,5.966,2.566,2.438,3.564,3.852,24.636,23.345
1780275560384,3.327,2.033,1.381,5.405,2.686,2.748,3.550,3.819,24.949,23.394
1780275560430,3.386,2.456,1.516,4.756,3.028,3.109,3.123,3.382,24.756,22.861
1780275560488,0.893,2.770,0.393,4.264,3.014,3.156,1.636,1.840,17.966,17.164
1780275560546,0.142,2.679,0.040,3.717,2.755,2.788,0.353,0.411,12.885,12.097
1780275560620,0.014,1.651,0.003,1.749,1.796,1.851,8.729,9.196,24.989,21.430
1780275560694,1.804,1.767,0.003,0.973,2.999,2.959,2.194,2.697,15.396,14.618
1780275560763,1.603,2.059,0.612,0.262,2.205,2.248,4.782,5.059,18.830,15.491
1780275560820,3.331,1.928,1.443,0.094,2.303,2.292,4.851,5.172,21.414,17.576
1780275560862,2.598,1.789,5.638,4.709,2.361,2.299,3.470,3.790,26.654,19.903
1780275560906,2.773,2.766,4.570,6.050,2.507,2.369,3.134,3.389,27.558,19.661
1780275560956,5.627,3.393,1.742,5.409,2.959,2.799,1.097,1.264,24.290,19.782
1780275561002,4.111,1.731,1.563,4.118,3.178,3.375,0.382,0.451,18.909,16.412
1780275561057,1.272,0.386,0.688,0.831,3.152,3.098,0.171,0.189,9.787,8.679
1780275561125,4.661,3.400,5.248,2.540,2.434,2.628,0.167,0.182,21.260,15.418
1780275561202,6.327,5.394,3.809,4.702,2.219,2.201,0.335,0.400,25.387,21.382
1780275561255,5.318,4.443,4.698,3.801,2.128,2.176,2.832,3.364,28.760,22.691
1780275561290,4.764,4.312,4.355,3.473,2.299,2.307,3.612,3.907,29.029,25.261
1780275561334,4.377,3.827,4.089,3.553,2.387,2.427,3.262,3.513,27.435,24.945
1780275561374,4.235,3.739,3.914,3.499,0.714,0.812,1.844,1.742,20.499,20.945
1780275561421,4.177,3.685,3.619,3.736,0.051,0.061,0.630,0.772,16.731,14.909
1780275561475,4.082,0.674,3.765,0.645,0.007,0.007,0.273,0.306,9.759,8.388
1780275561515,3.404,0.131,3.408,0.116,0.003,0.003,0.193,0.196,7.454,7.030
1780275561554,2.741,0.021,3.010,0.018,0.003,0.003,0.240,0.302,6.338,5.988
1780275561606,1.676,0.007,2.504,0.007,0.003,0.003,1.680,1.975,7.855,6.255
1780275561693,1.188,0.003,2.872,0.007,0.000,0.000,0.634,0.736,5.440,5.115
1780275561766,0.528,6.444,2.438,3.590,0.000,0.000,0.218,0.255,13.473,11.491
1780275561821,1.031,5.824,3.247,2.555,0.000,0.000,0.703,0.798,14.158,11.539
1780275561880,1.370,5.361,3.076,3.491,0.000,0.003,2.041,2.263,17.605,15.564
1780275561944,1.556,4.388,3.138,2.682,0.000,0.003,2.598,2.890,17.255,15.758
1780275561981,1.855,4.045,3.101,2.540,0.000,0.000,1.140,1.417,14.098,13.164
1780275562017,2.179,3.834,3.149,2.562,0.000,0.000,0.357,0.441,12.522,11.394
1780275562056,2.380,3.451,3.058,2.438,0.000,0.000,0.233,0.298,11.858,10.594
1780275562104,2.296,3.028,2.686,2.022,0.000,0.000,0.240,0.298,10.570,9.406
1780275562145,2.566,2.843,2.784,2.187,0.000,0.000,0.189,0.204,10.773,9.527
1780275562221,0.780,0.860,0.911,0.513,0.000,0.000,0.222,0.277,3.563,3.418
1780275562294,0.196,0.142,0.149,0.072,0.000,0.000,0.164,0.174,0.897,1.212
1780275562357,0.018,0.014,0.018,0.003,0.000,0.000,0.127,0.138,0.318,0.897
1780275562408,0.003,0.003,0.007,0.003,0.000,0.003,1.600,1.775,3.394,1.673
1780275562479,0.000,0.000,0.003,0.003,0.000,0.000,1.592,1.786,3.384,2.739
1780275562521,0.003,0.000,0.003,0.003,0.000,0.000,1.581,1.767,3.357,2.739
1780275562568,0.000,0.000,0.000,0.003,0.003,0.003,1.552,1.742,3.303,2.642
1780275562620,0.000,0.000,0.003,0.000,0.000,0.003,0.393,0.470,0.869,1.406
1780275562652,0.007,0.000,0.003,0.000,0.000,0.000,0.215,0.247,0.472,0.945
1780275562699,0.003,0.000,0.000,0.000,3.608,0.000,0.145,0.167,3.923,3.030
1780275562751,0.003,0.000,0.000,0.000,4.348,0.003,1.166,1.334,6.854,7.515
1780275562812,0.000,0.003,0.000,0.003,4.282,4.188,1.180,1.304,10.960,15.345
1780275562871,0.003,0.003,0.000,0.007,2.981,2.894,2.212,2.409,10.509,11.927
1780275562912,0.000,0.000,0.000,0.003,2.700,2.777,0.852,1.016,7.348,11.806
1780275562951,0.000,0.003,0.003,0.000,2.569,2.617,1.906,2.074,9.172,9.285
1780275563001,0.003,0.000,0.000,0.003,2.558,2.912,1.939,2.139,9.554,9.818
1780275563038,0.000,0.000,0.000,0.000,2.773,2.500,2.292,2.511,10.076,8.242
1780275563076,0.003,0.000,0.000,0.000,2.135,2.391,4.836,5.128,14.493,9.552
1780275563115,0.003,0.000,0.003,0.003,2.088,2.088,5.296,5.802,15.283,16.630
1780275563157,0.000,0.000,0.000,0.007,1.837,2.019,5.511,5.864,15.238,16.242
1780275563217,0.000,0.000,0.000,0.003,1.778,1.694,5.657,6.054,15.186,15.539
1780275563258,0.000,0.003,0.000,0.000,1.581,1.392,5.551,5.904,14.431,15.055
1780275563315,0.003,0.000,0.000,0.003,1.290,1.385,5.423,5.737,13.841,15.952
1780275563389,0.003,0.000,0.000,0.003,1.567,1.585,3.462,3.809,10.429,10.545
1780275563428,0.000,0.003,0.003,0.003,1.607,1.673,0.867,1.053,5.209,7.733
1780275563474,0.003,0.000,0.000,0.000,1.476,1.527,0.437,0.503,3.946,4.291
1780275563524,0.003,0.000,0.000,0.003,0.907,1.016,4.683,5.398,12.010,5.018
1780275563555,0.003,0.000,0.000,0.003,1.064,1.086,5.507,5.864,13.527,13.358
1780275563585,0.000,0.000,0.000,0.003,1.144,1.159,5.558,5.904,13.768,13.745
1780275563645,0.000,0.000,0.000,0.000,1.498,1.549,3.415,3.710,10.172,9.818
1780275563682,0.000,0.000,0.000,0.003,1.607,1.636,1.108,1.312,5.666,6.085
1780275563742,0.000,0.000,0.000,0.003,1.385,1.487,0.236,0.277,3.388,3.830
1780275563814,2.540,2.241,2.135,2.270,0.131,0.164,0.120,0.123,9.724,3.273
1780275563871,5.409,5.179,6.130,5.835,0.010,0.010,0.134,0.142,22.849,16.170
1780275563968,3.262,2.945,6.517,6.353,0.000,0.003,0.572,0.659,20.311,16.848
1780275564009,3.083,3.280,5.697,5.638,0.003,0.003,2.183,2.387,22.274,17.430
1780275564060,2.890,3.521,5.051,5.022,0.003,0.007,2.912,3.141,22.547,17.891
1780275564116,3.189,3.291,4.301,4.333,0.003,0.007,3.568,3.838,22.530,19.127
1780275564160,2.967,3.211,4.235,4.151,0.000,0.003,3.014,3.287,20.868,17.988
1780275564200,3.411,3.411,3.940,3.626,0.000,0.000,1.140,1.330,16.858,16.024
1780275564258,3.451,2.777,3.524,3.550,0.000,0.000,0.251,0.302,13.855,11.976
1780275564331,3.120,2.890,2.974,3.076,0.000,0.000,0.295,0.360,12.715,11.030
1780275564404,0.448,2.624,0.397,2.879,0.003,0.007,3.032,3.229,12.619,9.067
1780275564480,0.112,2.103,0.061,1.990,0.003,0.003,3.225,3.488,10.985,8.630
1780275564532,2.850,1.902,1.968,1.727,0.000,0.000,2.711,2.956,14.114,11.345
1780275564570,2.741,1.767,2.974,1.414,0.003,0.003,2.861,3.120,14.883,12.606
1780275564604,2.201,1.869,2.974,1.334,0.003,0.003,2.959,3.211,14.554,12.000
1780275564663,1.505,1.279,1.851,0.940,3.583,3.105,8.336,8.656,29.255,26.594
1780275564730,1.753,1.676,1.840,1.523,2.369,2.453,2.172,2.416,16.202,19.224
1780275564780,1.468,1.753,1.884,1.436,1.345,1.403,4.785,5.103,19.177,17.333
1780275564834,1.538,1.447,1.447,1.458,1.301,1.388,5.117,5.449,19.145,18.158
1780275564865,1.519,1.578,1.622,1.396,1.323,1.388,5.081,5.412,19.319,17.988
1780275564910,1.479,1.662,1.425,1.490,1.359,1.392,4.964,5.369,19.140,17.770
1780275564944,1.403,1.512,1.272,1.505,1.352,1.410,4.906,5.336,18.696,17.648
1780275564992,1.523,0.422,1.286,0.488,1.417,1.447,5.019,5.365,16.967,16.921
1780275565068,1.527,0.058,1.396,0.083,1.545,1.560,3.743,4.078,13.990,13.261
1780275565120,0.543,0.051,1.075,3.637,1.549,1.578,2.777,3.080,14.290,10.133
1780275565182,0.269,0.061,0.874,2.985,1.410,1.472,2.369,2.649,12.089,8.267
1780275565256,0.255,0.065,0.495,2.008,1.505,1.534,0.386,0.462,6.710,6.109
1780275565311,0.532,0.072,0.302,1.570,1.436,1.516,0.222,0.251,5.901,4.606
1780275565389,0.823,0.080,0.153,1.257,1.392,1.403,0.481,0.568,6.157,4.752
1780275565460,2.241,2.751,0.087,5.055,1.071,1.170,1.975,2.139,16.489,10.667
1780275565531,3.710,0.317,0.018,5.405,1.093,1.184,3.346,3.608,18.681,16.315
1780275565594,3.477,3.240,6.816,4.042,1.581,1.468,3.991,4.304,28.919,22.448
1780275565648,4.312,2.303,5.482,1.498,1.975,2.099,4.082,4.479,26.230,24.121
1780275565736,3.819,5.008,6.477,2.985,1.782,1.829,3.699,4.126,29.725,25.188
1780275565802,3.674,3.200,3.364,3.189,2.751,2.540,3.922,4.209,26.849,20.800
1780275565851,3.298,1.858,1.235,3.564,2.905,3.178,1.388,1.622,19.048,17.818
1780275565919,4.534,1.530,0.222,3.925,2.263,1.884,8.638,9.017,32.013,17.503
1780275565993,4.250,0.153,0.156,6.028,2.026,2.529,9.145,9.633,33.920,29.673
1780275566053,3.265,0.109,0.619,7.002,2.832,2.668,5.070,5.431,26.996,26.255
1780275566110,4.435,0.098,0.852,6.710,2.850,2.857,4.406,4.702,26.910,24.145
1780275566146,3.105,1.654,1.647,6.509,2.981,2.901,4.293,4.640,27.730,23.345
1780275566193,3.415,3.422,4.410,6.571,2.737,2.788,4.020,4.370,31.733,23.661
1780275566272,0.958,4.261,4.898,7.388,2.835,2.817,3.881,4.224,31.262,25.915
1780275566331,1.006,3.725,0.995,7.581,2.770,3.058,4.064,4.432,27.631,23.321
1780275566382,2.310,5.409,0.510,4.938,2.595,2.584,4.191,4.494,27.031,21.648
1780275566451,3.542,5.223,1.738,2.365,2.555,2.380,4.140,4.483,26.426,20.800
1780275566527,3.947,4.574,1.971,1.337,2.679,2.664,1.760,1.909,20.841,15.758
1780275566591,4.534,4.906,1.323,0.171,2.525,2.387,0.451,0.550,16.847,14.206
1780275566649,4.508,5.857,1.224,0.145,2.278,2.241,0.481,0.557,17.291,14.279
1780275566702,3.207,4.231,1.067,0.134,1.494,1.600,7.822,7.938,27.493,14.255
1780275566766,3.834,0.543,1.778,0.481,2.474,2.307,5.128,5.081,21.626,19.830
1780275566817,3.798,0.098,4.213,0.575,2.227,2.285,4.476,4.742,22.414,19.079
1780275566860,3.309,0.054,4.946,0.411,2.259,2.321,4.341,4.680,22.321,20.679
1780275566900,2.857,0.025,4.709,0.087,2.281,2.256,4.363,4.683,21.261,20.242
1780275566968,3.203,1.636,4.279,0.503,0.601,0.437,4.523,4.902,20.084,17.842
1780275567035,2.959,4.417,4.341,4.180,0.018,0.025,1.206,1.352,18.498,13.939
1780275567092,3.389,6.149,3.743,4.486,0.003,0.003,0.302,0.371,18.446,16.558
1780275567168,3.298,5.409,3.561,4.669,0.000,0.000,0.718,0.831,18.486,16.218
1780275567207,3.524,4.753,3.674,4.013,0.000,0.000,0.783,0.907,17.654,15.224
1780275567265,3.360,4.322,3.550,3.466,0.003,0.003,0.641,0.739,16.084,14.036
1780275567322,3.316,3.590,3.331,2.883,0.000,0.000,0.674,0.787,14.581,12.679
1780275567387,0.583,3.313,0.360,3.185,0.003,0.003,0.860,1.031,9.338,7.636
1780275567450,0.218,2.693,0.167,2.584,0.003,0.000,0.251,0.287,6.203,6.182
1780275567551,3.816,1.815,2.926,2.347,0.000,0.000,0.164,0.178,11.246,9.988
1780275567597,3.309,1.902,2.704,2.387,0.000,0.003,0.521,0.601,11.427,9.576
1780275567633,2.999,1.902,2.354,2.165,0.000,0.003,1.454,1.855,12.732,9.527
1780275567692,2.620,1.705,1.961,2.001,0.000,0.003,2.398,2.668,13.356,11.030
1780275567740,2.431,1.895,1.982,2.044,0.000,0.000,0.681,0.845,9.878,10.133
1780275567780,2.416,1.895,1.899,1.975,0.000,0.000,0.349,0.433,8.967,8.461
1780275567831,2.179,1.796,1.902,1.818,0.000,0.000,0.207,0.233,8.135,7.564
1780275567871,2.234,1.771,1.702,1.778,0.000,0.000,0.164,0.174,7.823,7.127
1780275567911,1.950,1.760,1.676,1.826,0.000,0.003,0.131,0.142,7.488,6.788
1780275567963,1.815,1.716,1.545,1.611,0.000,0.000,0.120,0.134,6.941,6.594
1780275568064,0.991,1.020,0.918,0.838,0.007,0.021,8.729,9.283,21.807,14.085
1780275568125,0.211,0.215,0.145,0.193,0.003,0.007,5.259,5.321,11.354,11.030
1780275568168,0.061,0.054,0.040,0.018,0.003,0.010,5.554,5.835,11.575,9.745
1780275568210,0.007,0.007,0.007,0.003,0.003,0.014,5.689,6.028,11.758,11.539
1780275568271,0.000,0.003,0.003,0.003,0.000,0.003,2.682,2.916,5.610,4.509
1780275568309,0.000,0.003,0.003,0.003,0.003,0.003,2.012,2.208,4.235,3.055
1780275568350,0.000,0.000,0.003,0.003,0.000,0.003,1.560,1.745,3.314,2.691
1780275568404,0.000,0.003,0.003,0.003,0.003,0.000,0.484,0.411,0.907,1.430
1780275568444,0.000,0.000,0.003,0.000,0.000,0.003,0.225,0.236,0.467,1.285
1780275568481,0.000,0.000,0.003,0.003,0.000,0.000,0.171,0.193,0.370,1.115
1780275568558,0.000,0.000,0.003,0.007,4.661,0.000,0.142,0.156,4.969,4.630
1780275568622,0.000,0.000,0.003,0.003,4.534,4.213,0.849,0.940,10.542,12.824
1780275568668,0.003,0.000,0.003,0.003,3.539,2.974,1.735,1.873,10.130,11.055
1780275568727,0.000,0.003,0.000,0.003,2.321,2.321,1.957,2.139,8.744,10.061
1780275568782,0.000,0.003,0.000,0.003,2.059,2.008,2.066,2.289,8.428,7.467
1780275568828,0.000,0.000,0.000,0.000,1.687,1.589,4.931,5.194,13.401,10.352
1780275568867,0.000,0.000,0.000,0.003,1.848,1.895,5.252,5.606,14.604,16.000
1780275568915,0.000,0.000,0.000,0.007,3.783,3.969,4.931,5.310,18.000,18.618
1780275568948,0.000,0.000,0.003,0.003,3.976,3.619,5.015,5.354,17.970,19.636
1780275568987,0.000,0.000,0.000,0.003,3.459,3.280,3.324,3.648,13.714,17.721
1780275569042,0.003,0.000,0.000,0.003,2.693,2.890,2.606,2.861,11.056,9.673
1780275569090,0.000,0.003,0.000,0.000,2.157,2.143,4.938,5.117,14.358,9.406
1780275569142,0.003,0.000,0.000,0.003,2.026,1.873,5.205,5.609,14.719,16.558
1780275569194,0.003,0.000,0.000,0.003,2.438,2.340,3.189,3.280,11.253,11.418
1780275569257,0.000,0.000,0.000,0.000,2.307,2.351,1.140,1.297,7.095,8.509
1780275569322,0.000,0.000,0.000,0.003,1.578,1.800,5.252,5.474,14.107,13.261
1780275569373,0.000,0.000,0.000,0.003,1.581,1.286,5.478,5.813,14.161,14.279
1780275569433,0.007,0.000,0.000,0.007,1.483,1.625,3.655,4.005,10.782,13.600
1780275569475,0.000,0.003,0.003,0.003,1.592,1.611,1.410,1.319,5.941,8.533
1780275569524,0.000,0.000,0.000,0.003,1.538,1.498,0.408,0.426,3.873,6.473
1780275569575,0.000,0.000,0.000,0.000,1.403,1.450,0.182,0.193,3.228,4.970
1780275569638,0.003,0.000,0.000,0.000,1.388,1.403,0.415,0.499,3.708,3.952
1780275569705,0.000,0.000,0.000,0.003,0.907,0.958,5.146,5.708,12.722,10.764
1780275569783,0.000,0.000,0.000,0.003,0.131,0.171,5.708,6.098,12.111,13.503
1780275569827,0.003,0.000,0.000,0.003,0.021,0.036,5.751,6.068,11.882,11.588
1780275569876,3.185,3.757,3.160,2.668,2.992,2.646,2.274,2.551,23.233,20.436
1780275569938,5.121,4.352,7.074,3.892,2.030,1.982,0.769,0.903,26.123,21.042
1780275569982,4.811,5.423,6.743,4.213,1.600,1.636,0.258,0.295,24.979,19.224
1780275570029,4.169,4.793,6.287,3.987,1.509,1.574,0.174,0.185,22.678,18.036
1780275570074,3.932,4.698,5.846,3.816,1.439,1.450,0.182,0.211,21.574,16.752
1780275570130,2.803,4.308,5.179,2.828,1.458,1.541,0.153,0.167,18.437,14.012
1780275570182,0.473,0.699,0.831,0.641,1.800,1.818,0.313,0.375,6.950,7.564
1780275570247,0.178,4.523,6.407,2.715,1.166,1.250,0.123,0.142,16.504,11.345
1780275570360,1.242,2.445,6.859,3.214,1.315,1.341,0.185,0.225,16.826,10.618
1780275570417,2.843,2.402,6.021,1.108,1.264,1.348,1.640,1.829,18.455,11.152
1780275570495,1.928,4.133,5.197,2.194,1.297,1.308,1.760,1.968,19.785,13.503
1780275570540,1.432,4.308,5.037,2.846,1.224,1.297,1.993,2.267,20.404,14.133
1780275570579,1.235,3.634,5.026,2.832,1.370,1.414,0.845,1.024,17.380,14.497
1780275570633,1.199,3.276,4.723,2.416,1.304,1.374,1.888,2.154,18.334,13.406
1780275570672,1.089,3.524,4.384,2.041,1.264,1.312,2.482,2.726,18.822,14.158
1780275570716,0.929,3.331,4.337,1.549,1.334,1.374,2.719,3.007,18.580,14.279
1780275570789,1.100,3.557,4.086,1.377,1.381,1.421,2.103,2.380,17.405,13.455
1780275570881,3.542,0.841,3.637,0.462,1.392,1.443,2.022,2.227,15.566,11.879
1780275570938,4.027,0.167,3.123,1.253,1.479,1.490,0.382,0.444,12.365,10.327
1780275571002,3.608,0.007,2.307,0.102,1.421,1.465,0.441,0.513,9.864,8.848
1780275571059,3.098,0.003,1.764,0.014,1.381,1.417,1.629,1.789,11.095,9.261
1780275571112,2.923,0.000,1.377,0.003,1.308,1.385,1.968,2.172,11.136,9.018
1780275571153,3.054,0.003,1.177,0.003,1.363,1.396,2.227,2.445,11.668,9.067
1780275571194,2.952,0.003,1.170,0.007,1.396,1.425,2.004,2.223,11.180,9.212
1780275571253,3.229,0.087,0.925,1.151,1.334,1.392,2.332,2.562,13.012,9.648
1780275571325,3.163,2.004,0.918,5.434,1.224,1.257,2.212,2.485,18.697,13.818
1780275571418,0.240,3.954,1.494,2.504,1.330,1.392,2.296,2.536,15.746,11.200
1780275571472,3.517,2.937,1.592,2.759,0.656,0.707,7.803,8.102,28.073,14.303
1780275571534,6.728,2.525,0.153,0.714,0.973,0.965,8.973,9.451,30.482,27.612
1780275571594,6.273,2.405,0.018,0.725,1.756,1.756,4.231,4.322,21.486,22.958
1780275571637,5.912,2.234,0.010,0.878,1.374,1.417,5.059,5.412,22.296,18.085
1780275571673,5.310,1.928,0.462,3.265,1.239,1.286,5.190,5.580,24.260,19.830
1780275571715,3.772,1.705,2.770,6.473,2.577,1.129,4.716,4.968,28.110,23.855
1780275571747,2.478,2.310,3.790,6.429,2.110,2.715,4.505,4.862,29.199,26.739
1780275571778,1.818,2.992,4.275,6.032,2.383,2.310,4.435,4.731,28.976,26.158
1780275571822,1.636,3.550,5.303,4.756,3.874,3.732,4.148,4.465,31.464,27.952
1780275571857,2.252,3.426,5.008,4.067,3.725,4.363,4.064,4.355,31.260,29.358
1780275571932,3.003,3.918,4.847,3.973,3.203,3.652,3.696,4.016,30.308,28.097
1780275572012,4.184,4.111,4.045,4.020,1.880,1.895,1.632,1.826,23.593,21.236
1780275572092,3.087,4.075,4.636,3.827,1.461,1.516,0.667,0.820,20.089,17.745
1780275572130,2.999,3.849,4.363,3.703,1.399,1.403,0.765,0.889,19.370,16.533
1780275572171,1.534,3.922,4.417,2.248,1.450,1.519,0.801,0.933,16.824,15.612
1780275572213,1.982,2.770,1.312,0.659,1.614,1.673,2.194,2.347,14.551,9.382
1780275572251,0.816,0.594,0.207,0.098,1.567,1.625,2.445,2.751,10.103,7.733
1780275572293,0.098,0.069,0.029,0.010,1.468,1.512,2.474,2.766,8.426,6.473
1780275572341,0.010,0.010,0.007,0.003,1.432,1.498,2.453,2.704,8.117,6.352
1780275572379,0.003,0.003,0.003,0.007,1.374,1.443,2.281,2.587,7.701,6.182
1780275572460,5.974,0.718,6.524,0.018,1.439,1.264,1.818,2.008,19.763,15.467
1780275572521,2.423,0.918,7.395,1.472,1.986,1.600,2.474,2.693,20.961,15.055
1780275572599,0.145,0.054,0.349,0.032,2.205,2.205,3.316,3.630,11.936,9.648
1780275572635,0.025,0.003,0.051,0.007,2.434,2.281,2.292,2.569,9.662,9.406
1780275572676,0.007,0.003,0.010,0.003,2.052,2.657,0.601,0.743,6.076,7.564
1780275572709,0.003,0.000,0.007,0.003,2.263,2.289,0.320,0.393,5.278,5.164
1780275572762,0.003,0.003,0.003,0.003,2.197,2.507,0.174,0.204,5.094,5.721
1780275572801,0.000,0.003,0.003,0.003,2.449,2.460,0.397,0.477,5.792,5.721
1780275572858,0.626,0.477,0.539,0.637,2.168,2.176,0.488,0.597,7.708,5.915
1780275572927,1.993,1.844,1.975,1.760,2.402,2.179,1.516,1.742,15.411,7.927
1780275573020,3.003,5.328,7.177,6.200,2.081,2.267,1.366,1.578,29.000,21.867
1780275573096,3.061,3.003,2.988,6.345,2.478,2.365,3.353,3.659,27.252,19.976
1780275573161,4.250,1.228,2.351,6.021,2.628,2.587,3.058,3.349,25.472,20.509
1780275573200,3.943,1.046,2.187,6.065,2.759,2.704,1.075,1.308,21.087,16.945
1780275573241,2.835,0.900,2.281,6.393,2.693,2.664,0.309,0.353,18.428,14.570
1780275573289,1.698,0.940,1.552,6.196,2.792,2.886,0.174,0.189,16.427,13.188
1780275573336,0.579,1.250,0.790,5.281,1.866,1.968,7.031,8.383,27.148,20.291
1780275573415,0.852,0.309,4.304,4.523,2.624,2.715,4.104,4.490,23.921,22.036
1780275573455,0.320,1.257,4.753,3.335,2.431,2.511,4.534,4.949,24.090,18.909
1780275573516,2.194,1.745,4.381,0.914,2.292,2.445,4.789,5.139,23.899,20.145
1780275573583,4.694,1.257,3.152,0.127,2.380,2.471,3.903,4.169,22.153,18.036
1780275573648,5.551,0.160,3.561,0.021,0.331,0.269,1.213,1.428,12.534,11.806
1780275573715,3.801,0.007,2.336,0.010,0.018,0.036,8.784,9.225,24.217,21.212
1780275573756,3.528,1.199,2.828,1.250,0.007,0.010,4.643,5.143,18.608,23.442
1780275573796,2.912,4.494,2.606,4.425,0.003,0.010,4.530,4.829,23.809,14.812
1780275573854,3.003,5.606,2.690,4.774,0.003,0.007,4.341,4.705,25.129,23.103
1780275573894,3.003,4.949,3.193,4.290,0.003,0.007,3.634,3.841,22.920,21.842
1780275573936,3.338,4.745,3.222,4.490,0.003,0.000,1.436,1.724,18.958,18.182
1780275574008,3.174,4.078,3.444,3.583,0.000,0.000,0.688,0.798,15.765,13.479
1780275574087,3.189,3.422,3.039,2.912,0.003,0.000,0.510,0.608,13.683,11.806
1780275574135,2.912,3.080,2.952,2.730,0.000,0.000,0.233,0.225,12.132,10.861
1780275574195,2.748,2.679,2.682,2.383,0.000,0.000,0.164,0.178,10.834,9.576
1780275574255,2.296,2.489,2.467,2.019,0.000,0.000,0.174,0.182,9.627,8.655
1780275574304,2.223,1.971,1.920,1.775,0.003,0.010,4.235,4.924,17.061,15.030
1780275574364,1.735,1.549,1.560,1.516,0.003,0.010,5.113,5.503,16.989,16.242
1780275574423,1.982,1.811,1.855,1.687,0.000,0.003,3.349,3.604,14.291,12.921
1780275574482,0.415,0.342,0.317,0.298,0.007,0.021,9.050,8.817,19.267,16.752
1780275574526,0.083,0.069,0.069,0.051,0.000,0.000,2.595,2.977,5.844,9.648
1780275574595,0.003,0.003,0.007,0.003,0.000,0.003,1.738,2.048,3.805,2.061
1780275574638,0.000,0.003,0.003,0.007,0.000,0.007,2.762,2.948,5.730,3.903
1780275574683,0.003,0.000,0.003,0.000,0.003,0.003,2.857,3.094,5.963,4.194
1780275574725,0.003,0.003,0.003,0.003,0.003,0.003,2.544,2.675,5.237,3.830
1780275574770,0.003,0.000,0.003,0.003,0.000,0.003,2.267,2.478,4.757,3.442
1780275574809,0.003,0.000,0.003,0.000,0.000,0.003,1.906,2.103,4.018,2.885
1780275574848,0.003,0.003,0.003,0.003,0.003,0.003,1.895,2.066,3.979,2.594
1780275574885,0.003,0.000,0.000,0.007,0.000,0.003,1.811,1.953,3.777,2.764
1780275574935,0.003,0.000,0.003,0.003,3.579,0.000,0.612,0.729,4.929,4.776
1780275574971,0.000,0.000,0.000,0.003,4.425,0.003,1.250,1.385,7.066,7.103
1780275575020,0.000,0.000,0.000,0.003,4.800,4.669,1.600,1.742,12.814,10.206
1780275575107,0.003,0.000,0.000,0.003,2.613,2.679,1.100,1.257,7.655,9.042
1780275575164,0.000,0.000,0.000,0.003,2.416,2.511,2.201,2.456,9.587,7.515
1780275575206,0.003,0.000,0.000,0.000,2.391,2.212,2.536,2.795,9.937,7.903
1780275575255,0.000,0.000,0.000,0.003,1.796,1.840,4.957,5.540,14.136,11.927
1780275575306,0.000,0.000,0.000,0.003,1.811,1.862,5.380,5.748,14.804,16.218
1780275575344,0.000,0.000,0.000,0.003,1.742,2.139,5.554,5.926,15.364,15.588
1780275575382,0.003,0.000,0.000,0.003,2.157,1.789,3.922,4.282,12.156,15.370
1780275575416,0.003,0.000,0.000,0.003,1.618,1.388,5.201,5.463,13.676,9.794
1780275575464,0.000,0.000,0.000,0.003,1.180,1.381,5.420,5.762,13.746,15.297
1780275575511,0.000,0.000,0.003,0.003,1.541,1.516,4.107,4.330,11.500,12.291
1780275575569,0.000,0.000,0.003,0.000,1.501,1.505,3.043,3.357,9.409,9.067
1780275575646,0.000,0.000,0.000,0.003,1.016,1.104,5.390,5.795,13.308,11.200
1780275575680,0.003,0.000,0.000,0.003,1.202,1.213,5.493,5.908,13.822,13.624
1780275575726,0.003,0.000,0.000,0.003,1.560,1.512,3.386,3.736,10.200,13.164
1780275575794,2.139,0.998,0.787,1.888,0.156,0.200,2.219,2.372,10.759,6.061
1780275575862,6.998,0.455,0.364,7.483,0.007,0.007,0.302,0.349,15.965,13.018
1780275575922,4.767,0.091,0.051,7.654,0.000,0.003,0.167,0.182,12.915,11.200
1780275575970,5.500,2.150,2.569,6.437,0.003,0.000,0.171,0.182,17.012,12.485
1780275576017,6.105,3.426,5.394,4.825,0.000,0.000,0.499,0.586,20.835,15.442
1780275576062,5.416,4.476,6.914,4.694,0.000,0.003,0.575,0.659,22.737,18.788
1780275576112,5.048,4.191,6.404,4.031,0.000,0.000,0.841,0.936,21.451,17.770
1780275576169,4.173,3.422,6.305,3.287,0.000,0.000,0.995,1.122,19.304,15.273
1780275576231,2.525,4.920,5.445,1.713,0.003,0.003,0.758,0.871,16.238,12.776
1780275576310,0.211,4.851,4.523,0.160,3.834,3.182,0.225,0.284,17.270,17.042
1780275576387,2.606,5.303,3.732,2.176,1.716,1.807,0.360,0.437,18.137,12.727
1780275576440,1.782,5.190,0.710,4.665,1.483,1.509,0.153,0.182,15.674,11.273
1780275576477,0.626,4.712,0.295,5.893,1.366,1.388,0.138,0.149,14.567,10.764
1780275576527,0.123,4.129,0.040,6.138,1.319,1.399,0.123,0.138,13.409,11.952
1780275576591,0.076,3.280,0.010,5.482,1.385,1.447,0.105,0.116,11.901,10.861
1780275576643,0.018,2.937,0.010,5.088,1.355,1.388,0.116,0.123,11.035,10.206
1780275576698,0.010,2.777,0.007,4.632,1.359,1.377,0.149,0.164,10.475,9.721
1780275576735,0.007,2.493,0.007,4.359,1.359,1.414,0.236,0.284,10.159,9.382
1780275576806,5.675,1.753,4.060,3.349,1.071,1.447,1.257,1.359,19.971,15.976
1780275576865,6.047,2.438,3.542,3.258,1.479,1.253,2.792,3.025,23.834,19.661
1780275576924,4.836,2.292,3.714,3.120,1.093,1.148,4.519,5.022,25.744,22.594
1780275576958,4.166,2.467,3.306,2.930,1.089,2.270,4.618,5.000,25.846,23.612
1780275576997,3.779,2.380,2.868,2.803,3.623,2.646,3.612,3.983,25.694,25.745
1780275577036,3.524,2.646,2.941,2.722,2.660,2.762,3.440,3.805,24.500,22.279
1780275577092,3.123,2.573,2.660,2.536,2.598,2.365,2.686,2.956,21.497,19.733
1780275577148,2.864,2.668,2.613,2.638,2.001,1.917,2.518,2.741,19.960,16.921
1780275577204,0.470,0.513,0.426,0.513,2.030,2.431,3.327,3.677,13.387,10.885
1780275577270,2.478,0.043,3.517,0.025,2.183,2.405,2.657,2.912,16.220,10.764
1780275577368,2.205,0.040,4.497,0.010,1.749,1.538,2.846,3.138,16.023,9.552
1780275577429,0.185,0.007,0.495,0.003,0.852,1.177,9.017,9.404,21.140,16.776
1780275577486,0.010,0.000,0.021,0.003,2.515,2.544,1.111,1.275,7.479,14.764
1780275577526,0.003,0.007,0.003,0.003,1.979,1.727,4.785,4.953,13.460,10.182
1780275577566,0.000,0.000,0.003,0.000,1.585,1.596,5.390,5.708,14.282,14.764
1780275577621,0.003,0.000,0.003,0.003,1.563,1.625,5.347,5.737,14.281,14.570
1780275577651,0.000,0.000,0.003,0.003,1.589,1.527,5.285,5.686,14.093,14.255
1780275577688,0.003,0.000,0.003,0.003,1.753,1.731,3.761,4.089,11.343,13.842
1780275577730,0.000,0.000,0.000,0.003,1.738,1.705,2.777,3.028,9.251,8.776
1780275577791,0.003,0.000,0.000,0.003,1.563,1.600,0.765,0.918,4.852,5.794
1780275577885,0.087,0.036,0.025,0.007,1.399,1.450,0.309,0.353,3.666,3.903
1780275577964,1.363,1.286,0.648,1.159,1.326,1.534,0.266,0.317,7.899,4.073
1780275578023,1.472,1.257,1.319,1.239,1.913,2.110,1.618,1.760,12.688,5.964
1780275578078,0.196,0.229,0.215,0.218,2.657,2.799,2.307,2.496,11.117,8.509
1780275578136,0.007,0.007,0.007,0.003,2.409,1.957,2.263,2.496,9.149,7.976
1780275578178,0.007,0.000,0.003,0.003,1.756,1.924,0.907,0.893,5.493,6.230
1780275578223,0.000,0.003,0.000,0.000,1.468,1.490,1.826,2.030,6.817,4.388
1780275578282,0.000,0.000,0.000,0.000,3.568,2.536,1.596,1.800,9.500,8.073
1780275578336,0.003,0.000,0.000,0.003,2.274,2.828,1.909,2.081,9.098,7.855
1780275578426,0.000,0.000,0.000,0.003,2.187,2.558,0.386,0.492,5.626,5.673
1780275578512,0.105,0.167,0.112,0.218,2.493,2.511,0.331,0.400,6.337,5.915
1780275578578,4.414,4.734,6.163,5.219,2.099,2.110,0.204,0.240,25.183,19.903
1780275578650,2.799,2.052,2.482,4.107,0.123,0.189,4.024,4.348,20.124,12.412
1780275578712,2.125,4.866,1.140,2.474,0.010,0.018,3.306,3.593,17.532,12.630
1780275578752,3.178,4.137,1.793,4.075,0.003,0.003,1.552,1.425,16.166,11.467
1780275578794,5.132,3.699,5.208,4.100,0.003,0.003,0.331,0.397,18.873,10.715
1780275578849,5.212,2.577,5.726,3.058,0.000,0.000,0.645,0.743,17.961,15.200
1780275578925,3.561,1.793,3.830,2.329,0.000,0.003,0.225,0.269,12.010,10.085
1780275578995,2.912,0.193,3.809,0.233,4.928,4.297,0.164,0.182,16.718,13.091
1780275579084,4.435,2.664,7.020,2.766,2.394,2.394,0.131,0.134,21.938,17.648
1780275579138,2.919,1.807,6.823,3.973,2.248,2.325,2.219,2.394,24.708,22.303
1780275579184,2.292,2.653,6.535,3.597,2.172,2.310,0.790,0.659,21.008,20.024
1780275579221,4.785,2.496,5.441,3.462,2.402,2.241,0.317,0.371,21.515,20.630
1780275579272,2.835,1.654,5.194,3.776,2.274,2.336,2.110,2.270,22.449,19.345
1780275579321,4.129,2.945,4.246,3.302,2.617,2.511,0.772,0.951,21.473,19.636
1780275579379,3.524,1.348,3.856,2.843,2.861,2.766,0.532,0.619,18.349,15.200
1780275579449,3.316,0.524,3.076,0.597,2.577,2.569,0.557,0.652,13.868,12.364
1780275579509,0.517,0.196,0.524,0.211,2.445,2.577,2.387,2.547,11.404,8.267
1780275579600,0.014,0.007,0.014,0.010,2.351,2.347,2.219,2.489,9.451,7.806
1780275579652,0.003,0.000,0.003,0.007,2.402,2.460,0.546,0.670,6.091,6.570
1780275579706,0.003,0.003,0.003,0.003,2.329,2.387,1.352,1.654,7.734,6.133
1780275579763,0.003,0.003,0.003,0.003,0.225,0.295,1.822,2.077,4.431,3.127
1780275579803,0.003,0.003,0.000,0.007,0.032,0.043,1.636,1.869,3.593,2.691
1780275579842,0.003,0.000,0.003,0.003,0.007,0.010,1.614,1.771,3.411,2.376
1780275579908,0.003,0.000,0.000,0.007,0.003,0.003,1.589,1.745,3.350,2.327
1780275579984,0.003,0.000,0.003,0.010,0.003,0.003,1.957,2.128,4.107,2.739
1780275580047,0.003,0.003,0.000,0.003,0.003,0.003,1.990,2.201,4.206,2.909
1780275580139,0.000,0.000,0.000,0.003,0.003,0.003,1.826,2.026,3.861,2.691
1780275580211,0.003,0.000,0.000,0.003,4.643,0.003,0.273,0.324,5.249,4.558
1780275580268,0.000,0.000,0.003,0.003,5.372,4.523,0.160,0.174,10.235,12.121
1780275580314,0.003,0.000,0.000,0.003,3.378,3.225,0.484,0.557,7.650,10.788
1780275580380,0.000,0.000,0.000,0.003,2.387,2.445,1.844,2.033,8.712,10.885
1780275580433,0.000,0.000,0.000,0.003,2.445,2.507,1.935,2.172,9.062,10.642
1780275580486,0.003,0.000,0.003,0.003,2.646,2.569,1.979,2.190,9.393,9.673
1780275580523,0.000,0.000,0.000,0.000,2.489,2.755,0.976,1.166,7.386,8.048
1780275580571,0.000,0.000,0.000,0.003,2.205,1.986,4.851,5.168,14.213,8.315
1780275580654,0.000,0.000,0.000,0.003,1.986,1.971,5.431,5.740,15.131,16.364
1780275580722,0.000,0.003,0.003,0.003,1.709,1.654,5.635,5.996,15.003,15.370
1780275580771,0.000,0.000,0.000,0.003,1.454,1.428,5.511,5.839,14.235,14.933
1780275580805,0.000,0.000,0.000,0.000,1.286,1.352,5.398,5.773,13.809,15.636
1780275580849,0.000,0.000,0.000,0.003,1.545,1.487,3.922,4.206,11.163,13.576
1780275580889,0.000,0.000,0.000,0.003,1.545,1.603,2.817,2.988,8.956,10.230
1780275580930,0.000,0.000,0.000,0.003,1.476,1.487,2.453,2.657,8.076,7.127
1780275580976,0.000,0.000,0.000,0.003,1.334,1.366,2.726,2.988,8.417,6.618
1780275581017,0.000,0.000,0.000,0.003,1.002,1.049,5.113,5.095,12.262,8.412
1780275581049,0.000,0.000,0.003,0.003,1.089,1.111,5.493,5.879,13.578,13.212
1780275581086,0.003,0.000,0.000,0.003,1.217,1.232,5.438,5.842,13.735,13.697
1780275581153,0.000,0.000,0.000,0.003,1.534,1.516,3.451,3.834,10.338,13.309
1780275581195,0.000,0.003,0.000,0.000,1.618,1.625,0.780,0.925,4.951,5.794
1780275581251,0.000,0.003,0.000,0.000,1.454,1.450,0.185,0.182,3.274,3.685
1780275581306,0.000,0.000,0.000,0.003,0.561,0.634,8.354,8.740,18.292,13.745
1780275581371,0.000,0.000,0.000,0.000,0.069,0.094,2.569,2.507,5.239,16.267
1780275581426,0.000,0.003,0.000,0.003,0.010,0.018,5.420,5.657,11.111,9.600
1780275581462,0.000,0.000,0.000,0.003,0.007,0.014,5.719,6.160,11.903,11.879
1780275581496,0.000,0.003,0.000,0.003,0.007,0.014,5.715,6.145,11.887,11.806
1780275581532,0.003,0.000,0.000,0.003,0.003,0.010,5.678,6.105,11.802,11.661
1780275581575,0.003,0.000,0.000,0.003,0.003,0.007,3.608,4.013,7.637,11.442
1780275581635,0.000,0.000,0.000,0.003,0.003,0.003,2.037,2.241,4.287,3.976
1780275581720,0.000,0.000,0.000,0.003,0.010,0.021,9.287,10.103,19.424,17.067
1780275581760,0.000,0.000,0.000,0.003,0.003,0.000,2.730,2.190,4.926,5.842
1780275581801,0.000,0.000,0.003,0.000,0.003,0.003,2.030,2.329,4.368,1.479
1780275581840,0.000,0.000,0.000,0.003,0.003,0.010,4.887,5.110,10.013,3.273
1780275581910,0.000,0.000,0.000,0.003,0.003,0.010,5.726,6.083,11.825,11.709
1780275581952,0.000,0.000,0.000,0.003,0.003,0.003,3.896,3.998,7.903,7.685
1780275581992,0.003,0.000,0.000,0.000,0.000,0.000,1.436,1.326,2.765,4.994
1780275582044,0.003,0.000,0.000,0.003,0.003,0.000,0.277,0.313,0.599,1.091
1780275582096,0.000,0.000,0.000,0.003,0.000,0.000,0.171,0.185,0.359,0.848
1780275582160,0.000,0.000,0.000,0.003,0.000,0.000,0.160,0.174,0.337,0.848
1780275582265,0.000,0.000,0.000,0.003,0.000,0.000,0.462,0.546,1.011,1.018
1780275582311,0.000,0.003,0.003,0.003,0.000,0.003,1.775,2.081,3.868,1.648
1780275582356,0.000,0.000,0.000,0.003,0.003,0.003,2.179,2.412,4.600,2.885
1780275582438,0.000,0.000,0.000,0.003,0.000,0.003,2.471,2.715,5.192,3.394
1780275582476,0.000,0.000,0.000,0.003,0.000,0.003,2.598,2.810,5.414,3.564
1780275582512,0.003,0.000,0.000,0.007,0.000,0.000,0.801,0.969,1.780,3.758
1780275582572,0.000,0.003,0.000,0.003,0.000,0.003,0.561,0.656,1.226,1.091
1780275582620,0.000,0.000,0.000,0.000,0.000,0.000,0.568,0.674,1.242,1.164
1780275582683,0.000,0.000,0.000,0.000,0.000,0.003,1.833,2.030,3.866,2.230
1780275582774,0.003,0.000,0.000,0.003,0.003,0.003,1.880,2.059,3.951,2.715
1780275582821,0.000,0.000,0.000,0.003,0.003,0.003,1.862,2.077,3.948,2.642
1780275582865,0.007,0.000,0.000,0.003,0.000,0.000,0.499,0.601,1.110,1.430
1780275582933,0.003,0.000,0.000,0.000,0.000,0.003,0.229,0.284,0.519,0.970
1780275582969,0.000,0.000,0.000,0.003,0.003,0.003,1.370,1.687,3.066,0.897
1780275583003,0.003,0.000,0.000,0.003,0.000,0.003,1.840,2.012,3.861,2.473
1780275583041,0.000,0.000,0.000,0.003,0.000,0.003,1.902,2.092,4.000,2.691
1780275583091,0.000,0.000,0.003,0.000,0.003,0.003,1.873,2.110,3.992,2.642
1780275583144,0.000,0.000,0.000,0.003,0.003,0.000,1.902,2.074,3.982,2.618
1780275583199,0.000,0.000,0.000,0.003,0.000,0.003,0.550,0.670,1.226,1.842
1780275583300,0.000,0.000,0.000,0.003,0.000,0.007,1.822,2.037,3.869,2.594
1780275583353,0.000,0.000,0.000,0.003,0.003,0.003,1.968,2.227,4.204,2.788
1780275583399,0.000,0.000,0.003,0.003,0.003,0.003,2.015,2.234,4.261,2.861
1780275583481,0.000,0.000,0.000,0.003,0.003,0.000,0.510,0.619,1.135,1.527
1780275583522,0.000,0.000,0.000,0.003,0.003,0.003,1.388,1.498,2.895,1.624
1780275583560,0.000,0.000,0.000,0.000,0.000,0.000,0.667,0.809,1.476,2.206
1780275583613,0.000,0.000,0.000,0.000,0.000,0.003,1.589,1.786,3.378,2.303
1780275583660,0.003,0.000,0.000,0.003,0.000,0.000,1.822,2.037,3.865,2.545
1780275583706,0.003,0.000,0.003,0.003,0.000,0.003,1.844,2.059,3.915,2.594
1780275583786,0.000,0.000,0.000,0.003,0.003,0.000,0.637,0.765,1.408,1.261
1780275583839,0.000,0.000,0.000,0.003,0.003,0.000,0.426,0.510,0.942,1.018
1780275583877,0.003,0.000,0.000,0.003,0.000,0.000,1.385,1.538,2.929,1.091
1780275583926,0.000,0.000,0.003,0.000,0.000,0.003,1.840,2.030,3.876,2.594
1780275583993,0.003,0.000,0.000,0.007,0.000,0.003,1.855,2.052,3.920,2.642
1780275584039,0.003,0.000,0.000,0.003,0.000,0.003,1.851,2.052,3.912,2.594
1780275584076,0.000,0.000,0.000,0.003,0.000,0.003,0.790,0.958,1.754,2.230
1780275584121,0.000,0.000,0.003,0.003,0.000,0.000,1.560,1.906,3.472,1.915
1780275584167,0.000,0.000,0.000,0.003,0.000,0.003,1.840,2.048,3.894,2.836
1780275584217,0.000,0.000,0.003,0.003,0.000,0.000,0.659,0.787,1.452,2.061
1780275584287,0.003,0.000,0.000,0.003,0.000,0.000,0.546,0.645,1.197,1.139
1780275584345,2.952,2.937,2.354,2.952,0.000,0.000,0.320,0.400,11.915,4.703
1780275584404,4.235,5.117,6.823,6.269,0.000,0.000,1.202,1.355,25.001,17.042
1780275584441,3.178,3.809,6.976,6.535,0.003,0.003,2.868,3.415,26.787,21.891
1780275584510,3.028,3.116,6.316,5.726,0.003,0.007,3.790,4.137,26.123,21.915
1780275584555,3.612,2.941,5.715,5.489,0.000,0.000,1.920,2.234,21.911,19.370
1780275584595,3.116,3.218,5.358,5.314,0.000,0.000,1.304,1.494,19.804,16.509
1780275584655,2.125,4.005,5.015,4.377,0.000,0.000,0.564,0.670,16.756,14.667
1780275584712,1.622,3.532,4.760,3.943,0.000,0.000,0.809,0.918,15.584,12.824
1780275584761,1.767,3.094,4.465,3.349,0.000,0.003,0.845,0.984,14.507,12.461
1780275584817,2.741,2.784,3.998,3.254,0.000,0.003,2.179,2.376,17.335,13.503
1780275584857,2.686,2.646,3.448,2.591,0.000,0.003,2.704,2.970,17.048,13.939
1780275584906,3.010,2.383,3.058,2.690,0.000,0.003,2.726,2.956,16.826,13.745
1780275584949,2.854,2.515,2.956,2.591,0.000,0.000,1.388,1.589,13.893,12.145
1780275585007,2.343,1.855,2.088,2.048,4.479,3.925,0.685,0.805,18.228,18.133
1780275585050,1.844,1.997,2.033,1.942,2.409,2.536,3.098,3.732,19.591,14.667
1780275585104,0.473,1.935,0.309,2.001,1.782,1.826,3.491,3.827,15.644,14.473
1780275585163,0.036,1.643,0.018,1.534,1.337,1.352,4.858,5.230,16.008,13.891
1780275585215,0.003,1.195,0.003,0.998,1.479,1.538,4.089,4.432,13.737,13.479
1780275585275,0.335,1.330,0.586,0.568,1.479,1.494,3.335,3.641,12.768,10.861
1780275585363,3.131,1.884,4.742,0.462,1.242,1.301,2.402,2.642,17.806,15.564
1780275585440,2.289,2.704,4.177,1.119,1.388,1.392,1.024,1.115,15.208,13.455
1780275585501,2.292,2.434,3.400,1.355,1.359,1.374,1.257,1.472,14.943,12.897
1780275585567,1.811,2.453,3.116,1.421,1.683,1.465,0.583,0.714,13.246,12.073
1780275585629,0.215,0.360,0.225,0.164,2.012,2.125,1.151,1.330,7.582,6.933
1780275585673,0.014,0.029,0.029,0.025,1.756,2.139,2.022,2.278,8.292,6.327
1780275585716,0.007,0.007,0.007,0.007,2.154,2.227,2.205,2.416,9.030,7.321
1780275585759,0.007,0.003,0.003,0.003,2.205,2.103,2.573,2.857,9.754,7.733
1780275585797,0.003,0.003,0.000,0.003,1.877,2.055,3.105,3.386,10.432,8.485
1780275585858,0.003,0.000,0.000,0.003,1.848,1.815,3.094,3.378,10.141,8.848
1780275585915,0.080,0.043,0.010,0.094,1.516,1.476,3.532,3.852,10.603,8.606
1780275585987,4.530,5.277,6.768,4.148,1.031,0.991,2.201,2.412,27.358,21.188
1780275586046,5.179,4.880,6.830,2.423,1.067,1.133,3.524,3.823,28.859,22.594
1780275586119,3.141,3.732,4.840,3.564,1.924,1.942,2.766,3.047,24.956,18.715
1780275586175,0.368,0.586,0.681,0.572,2.252,2.420,2.070,2.358,11.307,12.000
1780275586234,0.021,0.029,0.032,0.021,2.132,2.310,0.630,0.787,5.962,6.061
1780275586277,0.054,0.419,0.127,0.061,2.442,2.340,0.284,0.346,6.073,5.236
1780275586322,1.151,1.443,1.592,1.538,2.467,2.573,0.196,0.215,11.175,5.576
1780275586419,2.693,3.568,3.816,3.747,2.230,2.245,0.725,0.838,19.862,11.612
1780275586494,0.451,0.750,0.309,0.535,2.391,2.372,1.253,1.410,9.471,7.006
1780275586565,7.326,6.673,5.587,4.745,1.538,1.764,1.334,1.563,30.530,25.236
1780275586633,6.633,6.670,5.390,2.912,1.895,1.931,3.120,3.437,31.988,26.036
1780275586695,1.541,6.200,5.274,1.370,0.258,0.204,4.086,4.494,23.427,20.897
1780275586751,1.775,5.708,5.613,1.487,0.014,0.021,2.372,2.602,19.592,16.679
1780275586791,4.454,4.906,5.143,4.625,0.003,0.003,1.064,1.089,21.287,14.958
1780275586824,6.156,3.411,5.004,5.842,0.000,0.003,0.495,0.616,21.527,14.739
1780275586862,6.360,3.502,4.457,6.863,0.003,0.003,0.422,0.543,22.153,17.309
1780275586902,6.349,3.109,4.366,6.571,0.000,0.003,0.532,0.677,21.607,17.867
1780275586972,5.456,3.123,2.234,5.004,0.000,0.000,0.696,0.816,17.329,12.776
1780275587034,4.742,1.024,2.001,2.070,0.000,0.003,0.462,0.561,10.863,7.564
1780275587092,1.359,0.127,5.197,1.217,0.010,0.021,8.350,9.571,25.852,14.352
1780275587162,2.602,0.018,6.028,1.202,0.003,0.003,3.149,3.131,16.136,17.212
1780275587236,1.888,0.003,5.507,0.677,0.003,0.010,4.749,4.986,17.823,15.442
1780275587280,2.037,0.000,4.964,0.153,0.003,0.010,4.811,5.194,17.172,16.000
1780275587311,2.132,0.003,4.330,0.032,0.003,0.010,4.815,5.194,16.519,15.855
1780275587373,1.800,0.000,3.583,0.010,4.570,3.736,4.093,4.468,22.260,22.473
1780275587444,2.146,0.000,3.003,0.010,2.744,2.784,4.166,4.552,19.405,18.812
1780275587505,2.894,0.003,2.985,0.007,2.584,2.668,1.552,1.811,14.504,13.867
1780275587560,3.036,0.266,2.657,0.605,2.365,2.376,0.707,0.787,12.799,11.394
1780275587620,2.336,4.250,2.183,6.316,2.001,1.979,0.277,0.335,19.677,17.382
1780275587680,2.679,2.686,2.289,5.904,1.961,1.990,2.431,2.598,22.538,18.182
1780275587730,2.777,3.244,2.332,4.909,1.950,1.993,3.422,3.747,24.374,21.745
1780275587772,2.511,2.792,2.536,4.352,2.154,2.157,3.408,3.761,23.671,21.770
1780275587824,0.422,0.849,0.524,1.235,2.700,2.679,2.427,2.748,13.584,20.776
1780275587883,0.036,0.036,0.029,0.051,2.886,2.864,0.874,1.031,7.807,7.976
1780275587933,0.007,0.003,0.003,0.007,2.638,2.595,0.284,0.338,5.875,6.109
1780275588007,2.154,1.687,1.447,1.035,2.759,2.602,0.371,0.444,12.499,6.618
1780275588076,6.819,6.619,6.025,5.835,2.996,3.273,0.823,0.984,33.374,28.679
1780275588140,6.652,6.870,3.371,3.688,3.772,3.685,2.172,2.354,32.564,26.958
1780275588218,4.785,5.019,4.344,4.468,3.524,3.670,3.116,3.437,32.363,29.285
1780275588255,4.760,4.654,4.246,4.548,3.626,3.513,3.141,3.535,32.023,28.800
1780275588294,4.217,4.191,3.998,4.428,3.728,3.561,2.274,2.617,29.014,27.200
1780275588357,4.399,4.257,3.674,4.290,0.546,0.459,1.436,1.709,20.770,17.842
1780275588393,4.312,4.261,3.583,3.583,0.069,0.102,0.575,0.739,17.224,15.442
1780275588426,4.042,4.115,3.772,3.626,0.018,0.014,0.295,0.371,16.253,14.279
1780275588464,3.805,3.634,3.386,3.710,0.007,0.007,0.364,0.444,15.357,13.164
1780275588527,0.882,3.579,0.863,3.371,0.003,0.003,0.823,0.951,10.475,8.315
1780275588583,0.295,2.883,0.218,3.094,0.003,0.003,0.462,0.583,7.541,6.715
1780275588637,2.897,2.150,1.749,2.216,0.000,0.003,1.574,1.760,12.349,9.648
1780275588677,3.466,1.807,2.697,2.431,0.000,0.003,2.190,2.427,15.021,12.533
1780275588735,3.291,1.957,2.584,2.340,0.000,0.003,2.540,2.919,15.634,12.776
1780275588781,2.930,1.891,2.227,2.318,0.003,0.003,1.749,1.796,12.917,11.612
1780275588825,0.893,0.758,0.725,0.882,0.000,0.003,0.878,1.104,5.243,7.200
1780275588886,0.043,0.032,0.032,0.029,0.000,0.003,0.692,0.841,1.672,1.527
1780275588925,0.007,0.007,0.007,0.007,0.003,0.003,1.705,1.899,3.638,1.770
1780275588978,0.003,0.003,0.003,0.003,0.000,0.003,2.216,2.456,4.687,3.394
1780275589042,0.003,0.000,0.003,0.003,0.003,0.003,2.289,2.493,4.797,3.564
1780275589093,0.000,0.000,0.003,0.003,0.003,0.003,2.015,2.201,4.228,3.224
1780275589137,0.000,0.000,0.000,0.003,0.000,0.003,2.296,2.587,4.889,3.564
1780275589178,0.000,0.000,0.000,0.003,0.000,0.003,2.234,2.525,4.765,4.048
1780275589254,0.000,0.000,0.003,0.000,0.000,0.003,2.573,2.821,5.400,4.194
1780275589299,0.000,0.000,0.003,0.003,0.003,0.000,1.250,1.490,2.749,4.024
1780275589368,0.003,0.000,0.000,0.003,4.472,0.000,0.590,0.721,5.789,4.582
1780275589446,0.000,0.000,0.000,0.007,4.476,3.954,1.581,1.807,11.825,13.479
1780275589502,0.007,0.000,0.000,0.003,2.762,2.777,2.609,2.992,11.150,13.067
1780275589567,0.003,0.000,0.000,0.003,2.321,2.343,2.770,3.160,10.600,11.612
1780275589621,0.007,0.000,0.000,0.003,2.482,2.205,3.028,3.371,11.096,9.842
1780275589663,0.003,0.000,0.000,0.000,1.771,1.891,4.271,4.578,12.514,9.745
1780275589707,0.000,0.000,0.000,0.003,2.004,2.004,4.461,4.887,13.359,14.909
1780275589745,0.000,0.000,0.000,0.003,1.961,2.037,4.534,4.938,13.473,15.176
1780275589781,0.000,0.000,0.000,0.003,1.851,1.906,4.654,5.161,13.575,14.352
1780275589815,0.000,0.000,0.000,0.000,1.724,1.935,4.804,5.230,13.693,13.988
1780275589880,0.000,0.000,0.003,0.000,1.527,1.359,4.764,5.128,12.781,13.552
1780275589943,0.000,0.000,0.000,0.003,1.286,1.377,4.629,5.059,12.354,14.158
1780275589976,0.003,0.000,0.000,0.003,1.355,1.308,4.793,5.186,12.648,13.600
1780275590029,0.003,0.000,0.000,0.003,1.301,1.323,4.902,5.350,12.882,13.261
1780275590062,0.000,0.000,0.000,0.003,1.312,1.341,4.902,5.259,12.817,12.994
1780275590098,0.000,0.000,0.000,0.003,1.345,1.326,4.836,5.241,12.751,12.727
1780275590159,0.000,0.000,0.000,0.000,1.301,1.334,4.731,5.154,12.520,12.461
1780275590215,0.000,0.000,0.000,0.003,1.319,1.341,4.672,5.037,12.372,12.364
1780275590256,0.000,0.000,0.000,0.003,1.472,1.447,3.517,3.947,10.386,11.079
1780275590297,0.000,0.000,0.003,0.003,1.487,1.479,2.544,2.850,8.366,7.952
1780275590335,0.000,0.000,0.000,0.003,1.541,1.530,1.184,1.410,5.668,6.133
1780275590402,0.000,0.000,0.003,0.003,1.651,1.479,0.623,0.765,4.524,4.582
1780275590473,0.000,0.000,0.003,0.003,2.103,1.877,0.349,0.433,4.768,4.727
1780275590535,0.003,0.000,0.000,0.003,0.404,0.255,0.688,0.812,2.165,3.370
1780275590591,0.003,0.000,0.000,0.003,0.021,0.025,1.738,2.030,3.820,2.715
1780275590639,0.000,0.000,0.000,0.003,0.003,0.007,1.866,2.114,3.993,3.030
1780275590681,0.003,0.000,0.000,0.003,0.003,0.007,2.205,2.518,4.739,3.539
1780275590736,0.003,0.000,0.000,0.003,0.003,0.003,0.929,1.177,2.118,3.758
1780275590778,0.000,0.000,0.000,0.003,0.003,0.003,1.924,2.110,4.043,3.152
1780275590810,0.000,0.000,0.000,0.003,0.003,0.003,1.990,2.245,4.244,3.418
1780275590845,0.003,0.000,0.003,0.003,0.003,0.003,1.877,2.117,4.009,3.248
1780275590882,0.003,0.000,0.003,0.003,0.000,0.003,1.053,1.071,2.136,3.006
1780275590935,0.007,0.000,0.000,0.003,0.000,0.000,0.623,0.732,1.365,1.309
1780275591006,0.000,0.000,0.000,0.007,0.003,0.000,0.371,0.459,0.840,1.139
1780275591087,0.000,0.000,0.003,0.003,0.000,0.000,1.640,1.840,3.486,1.842
1780275591145,0.000,0.000,0.000,0.003,0.003,0.003,2.128,2.394,4.531,3.055
1780275591195,0.000,0.003,0.000,0.003,0.003,0.003,2.493,2.839,5.344,4.097
1780275591264,0.000,0.000,0.000,0.003,0.000,0.003,0.816,0.995,1.817,1.818
1780275591321,0.189,0.145,0.156,0.218,0.000,0.000,0.513,0.608,1.829,1.309
1780275591377,5.657,3.131,2.970,5.576,0.000,0.000,0.211,0.244,17.789,10.497
1780275591432,5.988,2.846,4.472,5.081,0.000,0.003,2.606,2.999,23.995,17.285
1780275591488,5.700,5.157,2.507,2.365,0.000,0.007,3.342,3.703,22.781,17.891
1780275591549,4.847,5.303,0.400,0.743,0.003,0.003,3.313,3.637,18.249,15.273
1780275591635,2.894,3.743,5.088,6.109,0.000,0.000,0.863,1.027,19.724,17.697
1780275591677,2.208,3.160,4.840,5.518,0.000,0.000,0.433,0.557,16.716,14.764
1780275591719,0.758,1.242,1.778,2.234,0.007,0.021,7.709,8.029,21.778,10.473
1780275591795,0.149,3.269,0.178,3.714,0.003,0.000,1.312,1.705,10.330,7.030
1780275591842,1.720,4.348,2.679,6.517,0.003,0.007,3.185,3.440,21.899,10.473
1780275591879,2.179,4.672,4.257,6.998,0.003,0.010,3.790,4.129,26.038,24.145
1780275591918,2.059,4.016,4.530,6.134,0.003,0.010,3.867,4.220,24.839,24.194
1780275591953,2.584,4.220,4.104,5.824,0.003,0.007,3.845,4.173,24.760,23.176
1780275591988,2.453,4.527,3.907,5.157,0.003,0.007,3.809,4.220,24.083,23.248
1780275592022,2.241,3.940,3.881,4.687,0.003,0.007,3.918,4.279,22.956,21.770
1780275592075,2.660,3.874,3.641,4.213,0.003,0.010,3.852,4.188,22.441,20.509
1780275592150,2.606,3.495,3.834,3.659,0.003,0.003,1.512,1.738,16.850,18.642
1780275592203,2.044,2.668,2.759,2.631,0.007,0.018,8.711,9.764,28.602,20.558
1780275592235,2.412,2.143,2.329,2.259,0.007,0.021,9.885,10.380,29.436,27.273
1780275592284,2.846,2.624,2.824,2.580,0.000,0.000,2.562,3.123,16.559,25.600
1780275592353,2.642,2.434,2.872,2.730,0.003,0.007,2.988,3.269,16.945,13.600
1780275592417,2.074,0.477,2.139,0.543,4.169,3.881,4.045,4.352,21.680,16.848
1780275592488,2.033,0.061,1.676,0.087,2.252,2.398,3.994,4.301,16.802,16.485
1780275592534,2.190,0.014,1.928,0.021,2.471,2.365,0.849,1.108,10.946,11.491
1780275592588,1.494,0.058,0.918,0.105,1.738,1.760,8.470,8.700,23.243,16.267
1780275592655,0.925,2.398,0.112,3.568,1.662,1.658,9.422,9.845,29.590,26.691
1780275592716,1.957,2.095,0.309,3.404,1.993,2.143,5.285,5.744,22.930,29.018
1780275592755,2.281,1.691,0.503,2.988,2.103,1.818,4.847,5.161,21.392,23.055
1780275592807,2.573,1.720,1.450,2.722,1.651,2.033,4.727,5.048,21.924,21.988
1780275592862,2.285,1.585,1.479,2.157,2.048,2.321,4.687,4.938,21.500,21.479
1780275592913,0.546,1.775,0.958,1.224,2.726,2.660,4.698,5.055,19.642,20.097
1780275592967,5.704,1.428,0.123,0.222,2.522,2.533,4.559,4.895,21.986,21.067
1780275593033,7.876,1.662,0.014,3.353,0.200,0.247,3.342,3.634,20.328,15.806
1780275593084,6.101,0.991,0.007,2.110,0.021,0.040,9.094,9.462,27.826,18.570
1780275593135,6.331,1.632,0.010,4.075,0.007,0.021,9.119,9.914,31.109,26.448
1780275593207,7.734,1.822,0.007,2.183,0.000,0.003,2.077,2.329,16.155,18.109
1780275593285,4.206,2.795,0.007,2.402,0.003,0.010,5.157,5.485,20.065,15.588
1780275593318,6.630,2.438,0.010,2.660,0.003,0.010,5.223,5.493,22.467,19.030
1780275593359,5.208,2.529,0.010,2.700,0.003,0.010,5.259,5.587,21.306,18.376
1780275593392,5.161,2.671,0.014,2.464,0.003,0.010,5.132,5.401,20.856,17.333
1780275593433,6.098,2.409,0.021,2.088,0.003,0.010,5.033,5.398,21.060,18.982
1780275593465,5.449,2.431,0.025,2.157,0.003,0.003,4.027,4.363,18.458,17.964
1780275593501,5.682,2.722,0.047,2.248,0.003,0.003,2.937,3.047,16.689,14.352
1780275593589,5.077,2.916,0.225,2.154,0.000,0.000,0.444,0.550,11.366,7.927
1780275593642,4.140,1.877,0.040,1.873,0.007,0.021,7.457,8.412,23.827,15.467
1780275593711,4.056,1.479,0.178,1.793,0.007,0.018,9.105,9.538,26.174,25.939
1780275593791,4.414,2.416,0.069,1.570,0.003,0.010,5.788,6.098,20.368,19.636
1780275593839,3.706,2.657,3.123,5.154,0.003,0.010,5.248,5.580,25.481,20.800
1780275593877,3.196,2.369,5.580,6.327,0.003,0.010,4.884,5.212,27.581,22.982
1780275593924,2.956,2.948,5.168,6.597,0.003,0.007,4.847,5.066,27.592,25.236
1780275593960,3.010,2.792,4.567,5.660,3.615,3.393,4.301,4.545,31.883,28.558
1780275593996,3.364,2.835,4.559,5.237,3.692,3.349,4.246,4.490,31.772,30.182
1780275594035,1.363,1.851,4.370,3.612,3.105,3.141,4.665,4.917,27.024,25.891
1780275594081,2.114,0.422,4.450,2.267,2.638,2.638,4.815,5.092,24.436,21.455
1780275594142,3.710,0.134,3.983,0.874,2.606,2.591,3.867,4.100,21.865,17.915
1780275594221,3.929,0.225,3.703,0.174,2.380,2.332,3.065,3.302,19.110,15.273
1780275594285,3.958,0.736,3.714,0.051,2.372,2.434,0.528,0.630,14.423,13.770
1780275594335,3.003,0.911,3.116,0.040,1.458,1.406,8.019,8.310,26.263,10.667
1780275594400,3.138,0.987,3.367,0.061,2.536,2.544,1.301,1.082,15.016,15.152
1780275594458,0.874,2.420,3.371,0.218,1.917,1.928,4.647,4.953,20.328,13.333
1780275594510,1.589,5.383,2.730,0.047,1.888,1.895,4.851,5.128,23.511,20.533
1780275594578,3.236,4.767,3.269,2.012,1.953,1.946,4.552,4.869,26.604,22.715
1780275594644,4.399,4.322,3.109,3.357,2.216,2.343,4.093,4.359,28.198,23.782
1780275594692,4.643,4.264,0.677,1.873,3.244,2.704,1.756,1.735,20.896,20.461
1780275594767,2.267,2.321,0.036,0.167,6.422,6.010,0.437,0.568,18.228,16.291
1780275594842,0.739,0.725,0.018,0.003,7.268,7.319,0.160,0.174,16.406,16.024
1780275594908,0.506,0.987,2.004,0.229,6.455,6.681,0.349,0.411,17.622,15.830
1780275594957,4.056,6.243,5.041,4.523,3.287,3.050,1.363,1.476,29.039,24.679
1780275594997,1.935,5.161,5.890,6.367,2.201,2.285,3.375,3.593,30.807,25.770
1780275595049,0.386,2.861,2.948,2.817,2.544,2.474,4.457,4.749,23.236,25.115
1780275595098,0.287,0.517,0.298,0.277,2.657,2.722,1.753,2.015,10.526,11.806
1780275595156,0.021,0.021,0.025,0.021,2.394,2.372,0.462,0.597,5.913,5.939
1780275595199,0.506,0.492,0.973,1.020,2.230,2.281,0.204,0.247,7.953,5.794
1780275595276,4.406,4.909,4.891,5.008,1.778,1.866,0.138,0.153,23.149,17.042
1780275595361,3.109,4.567,0.871,0.896,4.406,3.830,0.503,0.572,18.754,14.788
1780275595433,0.794,1.315,3.743,2.762,3.947,4.942,2.416,2.846,22.765,17.067
1780275595489,0.291,4.093,6.914,5.850,2.125,2.205,2.358,2.598,26.434,20.315
1780275595527,2.471,6.152,6.364,6.094,1.866,1.917,3.182,3.367,31.413,26.958
1780275595582,0.805,4.694,5.168,4.738,2.380,2.354,2.201,2.292,24.632,22.182
1780275595631,0.364,1.250,1.166,0.827,2.577,2.507,2.737,2.967,14.395,13.285
1780275595688,0.040,0.109,0.065,0.040,2.522,2.522,0.477,0.590,6.365,6.715
1780275595724,0.007,0.018,0.018,0.010,2.504,2.474,0.174,0.200,5.405,5.648
1780275595796,0.233,0.758,0.313,0.167,2.700,2.657,0.193,0.229,7.250,6.109
1780275595854,3.757,5.503,6.462,5.908,2.001,2.241,0.142,0.156,26.170,23.006
1780275595889,2.372,6.123,6.123,6.542,2.114,2.114,2.121,2.201,29.710,25.091
1780275595952,3.254,6.557,6.130,5.347,1.993,2.041,3.218,3.517,32.057,27.006
1780275595993,3.652,6.520,3.087,2.154,2.434,2.325,3.958,4.235,28.365,24.267
1780275596035,2.467,4.348,2.048,0.867,2.686,2.726,3.306,3.641,22.089,18.764
1780275596099,0.295,0.513,0.280,0.134,2.803,2.835,0.900,1.078,8.838,8.364
1780275596136,0.036,0.061,0.036,0.018,2.704,2.628,0.302,0.375,6.160,6.061
1780275596181,0.007,0.007,0.007,0.007,2.507,2.467,0.189,0.204,5.395,5.697
1780275596233,0.003,0.003,0.003,0.003,2.580,2.464,0.196,0.222,5.474,5.648
1780275596311,0.007,0.003,0.000,0.003,2.522,2.631,0.204,0.244,5.614,5.673
1780275596394,0.255,0.462,0.342,0.357,3.247,3.072,2.070,2.241,12.046,9.042
1780275596478,4.282,6.017,0.375,1.089,3.579,3.521,2.077,2.285,23.225,19.394
1780275596532,0.543,5.110,0.568,3.772,3.357,3.440,2.591,2.850,22.231,17.333
1780275596586,2.241,4.355,2.697,5.230,3.189,3.295,1.111,1.257,23.375,17.697
1780275596640,3.914,2.912,7.115,5.493,3.309,2.861,1.647,1.946,29.197,22.255
1780275596697,1.913,3.601,8.124,5.336,2.923,3.528,0.885,1.053,27.363,24.533
1780275596740,1.877,3.641,7.235,6.608,3.028,2.999,2.259,2.609,30.256,25.673
1780275596806,0.761,1.592,2.074,2.631,3.779,3.626,1.760,2.161,18.384,16.000
1780275596862,0.156,0.291,0.262,0.309,3.513,3.342,0.470,0.441,8.784,8.000
1780275596923,0.105,0.058,0.043,0.036,3.528,3.284,0.200,0.218,7.472,7.273
1780275597005,3.480,3.947,4.042,3.634,3.768,3.477,0.164,0.182,22.694,16.121
1780275597073,5.824,5.576,5.376,4.290,0.557,0.681,2.416,2.587,27.307,21.067
1780275597125,5.237,4.957,4.621,4.749,0.051,0.047,2.937,3.229,25.828,21.867
1780275597164,5.066,4.439,4.049,4.199,0.010,0.018,2.996,3.276,24.053,20.170
1780275597207,5.223,2.522,3.324,3.346,0.003,0.007,1.636,2.048,18.109,17.697
1780275597266,4.501,2.150,1.873,0.601,0.003,0.003,1.031,1.195,11.357,7.152
1780275597340,2.886,3.054,0.419,0.065,0.003,0.003,0.616,0.714,7.760,5.164
1780275597402,2.259,1.982,3.889,3.980,0.000,0.000,0.437,0.521,13.068,6.739
1780275597452,1.745,2.270,3.768,4.749,0.003,0.003,2.347,2.515,17.400,10.230
1780275597514,2.358,2.380,3.451,4.056,0.003,0.003,2.431,2.671,17.353,11.079
1780275597585,2.467,2.682,3.750,3.499,0.003,0.003,2.770,3.069,18.243,11.830
1780275597624,2.693,2.584,3.448,3.280,0.000,0.003,2.453,2.682,17.143,12.073
1780275597659,2.799,2.361,3.090,3.251,0.000,0.003,2.278,2.500,16.282,10.933
1780275597702,2.704,2.376,2.934,3.302,0.003,0.000,1.151,1.129,13.599,9.261
1780275597740,2.748,2.281,2.875,3.193,0.003,0.003,1.796,2.157,15.056,8.582
1780275597786,2.784,1.993,2.777,3.021,0.003,0.003,2.711,2.967,16.259,11.006
1780275597851,2.711,2.099,2.690,2.937,0.003,0.007,2.409,2.631,15.487,11.273
1780275597893,2.511,1.829,2.555,2.883,0.003,0.003,2.409,2.657,14.850,9.818
1780275597929,2.500,1.968,2.810,3.003,0.000,0.000,1.410,1.629,13.320,10.061
1780275597988,2.584,1.775,2.361,2.930,0.000,0.003,2.555,2.730,14.938,8.800
1780275598031,2.839,1.796,2.657,2.930,0.000,0.000,1.458,1.370,13.050,10.812
1780275598088,2.442,2.033,2.711,2.843,0.003,0.000,0.710,0.809,11.551,7.830
1780275598139,2.551,2.012,2.890,2.737,0.000,0.003,1.727,1.953,13.873,8.655
1780275598180,2.256,2.719,3.626,2.744,0.000,0.003,1.027,0.958,13.333,9.939
1780275598228,2.190,4.355,5.190,2.598,0.000,0.003,1.793,1.939,18.068,12.485
1780275598295,1.873,4.290,5.205,2.467,0.000,0.003,1.257,1.436,16.531,13.552
1780275598370,2.012,3.367,4.563,2.762,0.000,0.007,2.934,3.338,18.983,16.024
1780275598412,0.798,3.346,4.406,1.297,0.003,0.007,3.579,3.947,17.383,14.739
1780275598449,0.353,3.291,4.508,0.287,0.003,0.003,3.061,3.247,14.753,13.988
1780275598503,0.072,2.591,4.574,0.025,0.000,0.007,2.828,3.061,13.158,10.764
1780275598564,6.232,2.263,3.801,5.988,0.003,0.007,3.094,3.349,24.737,18.497
1780275598626,4.661,0.284,4.166,2.577,0.003,0.010,4.177,4.443,20.321,16.533
1780275598664,4.993,0.185,3.860,3.666,0.000,0.007,3.510,3.794,20.015,16.145
1780275598711,4.640,2.052,3.969,5.784,0.000,0.003,3.014,3.291,22.753,19.345
1780275598753,4.075,1.450,3.634,5.113,0.000,0.007,3.335,3.634,21.248,17.333
1780275598793,5.157,3.010,3.991,6.225,0.000,0.000,1.756,2.044,22.183,20.461
1780275598833,4.898,1.786,4.224,5.077,0.000,0.003,1.844,2.095,19.927,16.703
1780275598900,3.429,2.453,3.914,6.203,0.000,0.000,1.581,1.738,19.318,16.679
1780275598953,2.361,3.845,4.067,5.336,0.000,0.000,1.512,1.683,18.804,15.636
1780275599023,3.149,1.665,3.929,1.549,0.000,0.003,1.793,2.001,14.089,10.764
1780275599082,3.032,2.106,3.240,1.917,0.000,0.000,1.188,1.363,12.846,9.988
1780275599159,2.351,3.987,2.759,4.224,0.000,0.000,0.630,0.765,14.716,12.388
1780275599198,3.025,3.316,2.620,3.838,0.000,0.003,0.914,1.053,14.769,12.364
1780275599239,2.412,2.977,2.773,3.484,0.003,0.000,1.228,1.432,14.309,11.758
1780275599306,2.340,2.722,2.551,2.974,0.000,0.000,1.111,1.290,12.988,10.909
1780275599371,2.792,2.525,2.555,2.595,0.000,0.000,0.535,0.634,11.636,10.061
1780275599471,1.968,2.442,1.866,2.310,0.000,0.000,0.608,0.707,9.901,8.097
1780275599536,2.052,2.008,1.786,2.088,0.000,0.000,0.831,0.944,9.709,7.685
1780275599588,5.059,2.624,1.396,0.929,0.003,0.000,0.838,0.969,11.818,10.133
1780275599662,5.977,5.179,0.550,1.428,0.000,0.000,0.739,0.761,14.634,11.467
1780275599698,3.316,6.491,4.282,7.472,0.000,0.000,0.550,0.634,22.745,19.661
1780275599737,3.743,6.094,5.179,5.175,0.000,0.007,2.351,2.522,25.071,19.588
1780275599777,3.973,5.124,7.454,8.095,0.000,0.000,1.600,1.826,28.072,24.024
1780275599814,1.913,2.467,7.844,7.836,0.000,0.000,1.756,2.012,23.828,20.048
1780275599855,1.093,1.596,7.782,8.416,0.000,0.003,1.363,1.567,21.820,18.036
1780275599892,1.815,3.233,8.299,7.818,0.000,0.000,0.831,0.995,22.991,19.515
1780275599974,2.394,3.244,8.551,8.711,0.000,0.000,0.776,0.929,24.605,20.267
1780275600048,2.114,2.883,8.296,8.522,3.728,0.000,1.031,1.195,27.769,22.521
1780275600133,2.074,2.679,7.534,7.782,2.959,2.821,2.453,2.744,31.046,31.491
1780275600176,2.351,2.843,7.534,7.709,2.456,2.515,2.908,3.200,31.516,30.982
1780275600211,2.376,2.919,7.701,7.880,2.347,2.431,2.314,2.467,30.435,30.764
1780275600247,2.427,2.886,7.906,8.142,2.310,2.482,1.519,1.735,29.407,27.733
1780275600282,2.351,2.985,8.044,8.208,2.496,2.547,1.366,1.552,29.549,25.721
1780275600317,2.438,2.675,8.029,8.168,2.168,1.953,2.828,3.069,31.328,24.873
1780275600362,2.391,2.595,7.752,7.858,2.117,2.143,3.404,3.717,31.977,28.824
1780275600400,2.256,2.974,7.621,7.727,2.004,2.128,3.378,3.714,31.802,30.036
1780275600435,2.343,2.945,7.650,7.760,1.862,1.895,3.335,3.706,31.496,29.648
1780275600469,2.259,2.850,7.734,7.840,1.771,1.906,3.506,3.849,31.715,29.212
1780275600504,2.427,2.857,7.731,7.818,1.727,2.019,3.626,3.965,32.170,28.679
1780275600574,2.453,2.697,7.763,7.825,1.691,1.308,3.568,3.965,31.270,28.024
1780275600638,2.077,2.886,7.683,7.767,1.213,1.326,3.495,3.881,30.328,29.261
1780275600674,2.358,2.854,7.709,7.789,1.283,1.279,3.542,3.852,30.666,28.873
1780275600706,2.522,2.886,7.738,7.807,1.283,1.268,3.674,4.035,31.213,28.436
1780275600737,2.700,2.857,7.738,7.825,1.261,1.268,3.783,4.100,31.532,28.194
1780275600768,2.635,2.675,7.778,7.851,1.286,1.312,3.790,4.115,31.442,27.830
1780275600800,2.638,2.540,7.785,7.847,1.279,1.279,3.779,4.089,31.236,27.539
1780275600845,2.259,2.872,7.800,7.858,1.312,1.264,3.659,4.053,31.077,27.248
1780275600886,2.281,2.788,7.807,7.880,1.250,1.275,3.674,4.013,30.968,27.224
1780275600917,2.270,2.905,7.803,7.873,1.279,1.283,3.619,3.943,30.975,27.224
1780275600951,2.351,2.773,7.803,7.873,1.301,1.261,3.579,3.954,30.895,27.127
1780275600989,2.533,2.959,7.782,7.854,1.279,1.283,3.495,3.892,31.077,27.152
1780275601028,2.518,2.952,7.785,7.851,1.206,1.239,3.491,3.823,30.865,27.103
1780275601089,2.577,2.766,7.796,7.869,1.272,1.275,3.448,3.772,30.775,26.982
1780275601155,2.223,2.857,7.803,7.887,1.264,1.261,3.404,3.714,30.413,26.739
1780275601193,2.219,2.912,7.803,7.884,1.286,1.286,3.302,3.699,30.391,26.570
1780275601227,2.376,3.028,7.920,8.055,1.410,1.396,2.055,2.380,28.620,26.715
1780275601266,2.580,3.014,8.117,8.179,1.432,1.410,1.013,1.191,26.936,22.933
1780275601311,2.525,2.967,8.208,8.277,1.348,1.381,0.495,0.601,25.802,22.012
1780275601368,2.620,2.846,8.234,8.303,1.326,1.301,0.320,0.400,25.350,21.503
1780275601425,2.238,2.788,8.226,8.299,1.257,1.253,0.936,1.093,26.090,21.915
1780275601480,2.420,3.039,8.179,8.237,1.213,1.279,1.002,1.133,26.502,22.036
1780275601525,2.442,2.824,7.931,8.011,1.108,1.122,2.748,2.956,29.142,24.267
1780275601560,2.449,2.868,7.778,7.887,1.159,1.097,3.185,3.564,29.987,25.552
1780275601655,2.464,2.999,8.015,8.110,1.396,1.385,1.450,1.680,27.499,23.321
1780275601716,2.394,2.784,8.164,8.255,1.374,1.417,0.433,0.543,25.364,22.109
1780275601748,2.143,2.577,7.443,7.563,0.758,0.823,6.160,6.138,33.605,26.352
1780275601786,2.569,3.032,7.676,7.811,1.235,1.377,2.635,2.988,29.323,29.406
1780275601821,2.609,3.021,8.000,8.110,1.483,1.403,1.439,1.494,27.559,23.079
1780275601866,2.464,2.671,7.803,7.909,1.111,1.195,3.171,3.397,29.721,22.545
1780275601898,2.314,2.810,7.705,7.811,1.159,1.159,3.386,3.736,30.080,26.473
1780275601938,2.208,3.039,7.672,7.796,1.250,1.213,3.429,3.736,30.343,26.618
1780275601977,2.219,2.894,7.680,7.800,1.235,1.221,3.364,3.736,30.149,26.521
1780275602012,2.609,2.872,7.891,8.004,1.410,1.432,1.574,1.822,27.614,26.473
1780275602066,2.722,2.813,8.044,8.135,1.377,1.374,0.984,1.148,26.597,22.255
1780275602140,2.504,3.028,8.117,8.201,1.352,1.363,0.280,0.298,25.143,21.576
1780275602212,2.241,3.043,8.150,8.230,1.319,1.312,0.174,0.189,24.658,21.042
1780275602286,2.515,2.941,8.102,8.183,1.184,1.253,0.634,0.776,25.588,21.091
1780275602338,2.489,2.693,7.865,7.971,1.115,1.148,2.427,2.708,28.416,23.855
1780275602400,2.380,2.737,7.661,7.789,1.126,1.170,3.335,3.699,29.897,25.261
1780275602438,2.340,2.824,7.625,7.752,1.202,1.184,3.389,3.714,30.030,26.327
1780275602483,2.474,3.134,7.887,8.011,1.410,1.425,1.217,1.425,26.983,25.261
1780275602524,2.584,3.105,8.011,8.110,1.385,1.421,0.346,0.422,25.384,21.939
1780275602561,2.704,2.872,8.037,8.135,1.334,1.341,0.473,0.583,25.479,21.261
1780275602620,2.511,2.832,8.073,8.168,1.304,1.286,0.277,0.349,24.800,21.188
1780275602689,2.416,2.890,8.037,8.135,1.235,1.272,0.812,0.900,25.697,21.261
1780275602755,2.365,2.821,7.803,7.920,1.137,1.140,2.456,2.744,28.386,23.733
1780275602821,2.176,3.039,7.884,6.615,1.232,1.253,3.185,3.484,28.868,22.909
1780275602898,1.155,1.567,3.240,2.321,0.105,0.131,1.993,2.212,12.724,8.655
1780275602952,0.200,0.313,0.462,0.342,0.010,0.014,0.346,0.437,2.124,2.958
1780275602990,0.043,0.065,0.069,0.047,0.003,0.003,0.164,0.193,0.587,0.848
1780275603041,0.003,0.007,0.014,0.010,0.003,0.003,0.109,0.116,0.265,0.824
1780275603083,0.007,0.003,0.010,0.007,0.000,0.003,0.145,0.164,0.339,0.824
1780275603131,0.003,0.003,0.007,0.003,0.000,0.000,0.160,0.171,0.347,0.848
1780275603192,1.479,1.232,0.758,1.013,0.000,0.003,0.189,0.204,4.878,2.352
1780275603254,5.372,6.098,5.299,4.326,0.000,0.003,0.648,0.776,22.522,16.630
1780275603298,6.178,6.367,4.031,4.024,0.003,0.007,2.562,2.784,25.956,19.903
1780275603361,5.558,5.390,4.610,4.796,0.003,0.007,3.360,3.717,27.441,22.982
1780275603439,4.486,4.523,4.107,3.998,0.003,0.007,3.557,3.892,24.573,20.994
1780275603517,1.680,4.425,4.268,1.509,0.003,0.003,0.885,1.071,13.844,11.200
1780275603571,0.455,4.228,3.973,0.229,0.000,0.003,0.287,0.269,9.444,8.533
1780275603621,0.134,3.783,3.922,0.029,0.000,0.000,0.127,0.134,8.129,7.176
1780275603687,3.411,3.524,0.437,0.182,0.000,0.000,0.171,0.182,7.907,5.527
1780275603737,3.280,2.587,0.102,0.153,0.000,0.000,0.400,0.462,6.984,4.436
1780275603803,4.581,1.906,0.025,0.054,0.000,0.003,1.764,1.975,10.308,6.570
1780275603865,4.457,4.946,6.991,5.401,0.000,0.003,1.297,1.447,24.542,16.848
1780275603938,0.933,2.012,7.628,7.920,3.375,3.174,2.074,2.285,29.401,25.939
1780275604002,0.247,0.765,7.567,6.396,1.833,1.935,3.466,3.772,25.981,22.715
1780275604061,1.126,4.589,6.491,5.970,1.472,1.428,2.540,2.726,26.342,19.879
1780275604103,1.581,5.347,5.208,4.446,1.439,1.432,2.642,2.854,24.949,20.945
1780275604149,2.030,2.649,5.463,5.500,1.468,1.519,0.623,0.900,20.152,18.788
1780275604186,2.883,3.440,4.465,5.544,0.688,0.761,6.991,7.085,31.857,18.376
1780275604224,3.160,4.096,3.819,5.008,1.432,1.563,2.412,2.737,24.227,31.030
1780275604258,2.803,3.794,4.038,4.698,1.490,1.468,2.536,2.762,23.589,19.345
1780275604318,3.349,2.988,3.480,4.082,1.279,1.326,3.455,3.717,23.676,20.412
1780275604398,2.861,3.473,3.141,3.634,1.399,1.374,3.047,3.291,22.220,19.103
1780275604478,2.977,2.988,3.010,3.229,1.545,1.607,0.634,0.750,16.740,15.345
1780275604516,2.336,2.540,2.613,2.657,0.874,0.801,7.639,7.734,27.194,16.412
1780275604572,1.622,2.795,1.585,2.668,1.888,1.829,0.998,1.272,14.657,26.400
1780275604632,0.240,0.936,2.843,2.890,1.953,2.081,0.251,0.317,11.511,8.848
1780275604689,0.080,2.934,6.659,1.414,1.487,1.680,1.450,1.530,17.234,12.824
1780275604742,3.076,4.126,6.819,0.601,1.833,1.793,2.263,2.536,23.047,12.558
1780275604813,4.669,4.490,4.920,0.174,1.880,1.968,2.412,2.704,23.217,15.733
1780275604899,5.117,3.586,4.235,0.102,1.833,1.778,2.376,2.690,21.717,14.424
1780275604961,5.893,1.673,3.364,0.072,0.149,0.164,2.245,2.515,16.075,11.927
1780275605030,5.664,0.145,2.810,0.018,0.007,0.007,0.492,0.572,9.715,11.297
1780275605086,5.285,0.010,2.693,0.014,0.003,0.000,0.153,0.167,8.325,7.806
1780275605140,4.115,0.007,2.755,0.007,0.000,0.000,0.102,0.105,7.091,7.006
1780275605194,3.710,0.007,2.890,0.010,0.000,0.000,0.112,0.120,6.849,6.715
1780275605231,3.069,0.003,3.050,0.007,0.000,0.000,0.127,0.142,6.398,6.230
1780275605276,2.566,1.217,3.007,0.718,0.000,0.000,0.984,1.104,9.596,6.861
1780275605315,2.026,4.928,2.660,4.013,0.000,0.000,0.313,0.364,14.304,10.642
1780275605365,2.048,6.196,2.803,4.774,0.003,0.003,1.563,1.742,19.132,14.497
1780275605434,2.522,5.132,3.196,3.324,0.000,0.003,1.771,2.004,17.952,14.764
1780275605498,2.485,4.250,2.916,3.047,0.003,0.000,1.713,1.935,16.349,14.545
1780275605568,2.792,3.630,3.025,2.813,0.000,0.000,0.291,0.346,12.897,12.000
1780275605624,2.803,3.163,2.857,2.679,0.000,0.000,0.116,0.127,11.745,10.618
1780275605669,2.525,2.894,2.649,2.391,0.000,0.003,0.080,0.098,10.640,9.648
1780275605719,2.558,2.628,2.471,2.168,0.000,0.000,0.076,0.080,9.981,8.873
1780275605761,2.602,2.372,2.310,2.154,0.000,0.000,0.072,0.091,9.601,8.897
1780275605801,2.303,2.179,2.234,1.829,0.000,0.000,0.142,0.149,8.836,8.048
1780275605853,2.292,2.106,2.110,2.030,0.000,0.000,0.083,0.098,8.719,8.267
1780275605908,1.589,1.570,1.534,1.224,4.599,4.308,0.065,0.069,14.958,14.642
1780275605990,1.789,1.596,1.589,1.534,2.664,2.704,0.061,0.072,12.009,12.000
1780275606051,0.441,1.607,0.612,1.137,2.256,2.015,0.069,0.076,8.213,8.145
1780275606138,0.069,1.414,0.029,1.009,1.654,1.713,0.069,0.083,6.040,6.230
1780275606205,3.455,1.308,0.007,1.100,1.519,1.519,1.607,1.822,12.337,6.933
1780275606269,0.324,0.317,0.003,0.506,1.188,1.268,4.862,5.452,13.920,12.679
1780275606311,2.070,0.098,1.180,1.541,1.549,1.570,2.533,2.434,12.975,14.012
1780275606356,3.397,0.134,1.753,1.837,1.694,1.669,1.228,1.403,13.115,11.758
1780275606407,3.768,0.277,1.713,1.942,1.614,1.596,0.262,0.317,11.489,10.667
1780275606461,3.149,1.049,1.618,2.442,1.472,1.454,0.134,0.145,11.463,11.273
1780275606530,2.653,1.221,1.406,2.055,1.315,1.403,1.180,1.403,12.636,10.642
1780275606569,2.442,1.301,1.596,1.888,1.374,1.370,1.403,1.625,12.999,11.176
1780275606655,0.225,0.127,0.123,0.138,1.439,1.516,2.070,2.267,7.905,6.085
1780275606709,0.036,0.025,0.014,0.007,1.450,1.468,1.807,2.074,6.881,5.721
1780275606772,2.926,3.397,8.281,8.365,0.411,0.495,3.397,3.929,31.201,25.139
1780275606821,1.425,1.439,8.449,8.117,1.428,1.410,0.747,0.572,23.587,23.855
1780275606857,0.954,0.918,8.390,8.354,1.468,1.468,0.145,0.171,21.868,19.442
1780275606894,0.382,0.368,7.683,6.786,0.863,0.918,7.053,7.337,31.390,18.618
1780275606940,0.699,0.648,7.169,6.863,1.683,1.673,1.534,1.155,21.424,22.836
1780275606999,0.634,0.564,7.884,7.446,0.134,0.185,2.172,2.354,21.373,16.000
1780275607056,1.629,1.632,7.661,7.603,0.014,0.018,4.217,4.476,27.250,22.206
1780275607087,5.299,4.665,5.445,5.051,0.007,0.010,4.377,4.745,29.599,27.418
1780275607148,1.935,1.939,5.810,5.431,0.003,0.014,4.698,4.997,24.827,22.012
1780275607208,4.035,4.086,4.877,4.603,0.003,0.007,3.404,3.717,24.732,21.430
1780275607288,2.325,2.952,4.811,4.406,0.000,0.003,1.166,1.366,17.029,13.964
1780275607346,2.992,2.770,3.338,3.014,0.007,0.021,8.423,8.817,29.382,21.042
1780275607379,2.715,2.474,2.886,2.788,0.007,0.018,8.839,9.455,29.182,26.667
1780275607414,3.331,2.948,3.152,2.996,0.000,0.003,3.229,3.645,19.304,23.370
1780275607455,3.109,2.551,2.919,2.861,0.003,0.010,4.694,4.964,21.111,15.321
1780275607503,2.759,2.256,2.584,2.671,0.003,0.014,5.208,5.467,20.962,19.297
1780275607564,2.551,2.274,2.227,2.325,0.003,0.010,5.139,5.496,20.025,18.836
1780275607602,2.132,2.074,2.125,2.135,0.003,0.010,5.095,5.398,18.972,17.624
1780275607645,2.321,2.055,2.128,2.132,0.003,0.010,5.066,5.332,19.047,17.915
1780275607677,2.376,1.942,2.063,2.157,0.003,0.014,5.011,5.343,18.909,17.770
1780275607732,2.084,1.975,1.942,1.917,0.003,0.007,3.491,3.827,15.246,14.206
1780275607793,2.423,2.066,2.052,2.296,0.000,0.000,1.078,1.086,11.001,10.861
1780275607844,1.523,1.439,1.454,1.399,0.007,0.021,8.532,8.871,23.246,10.521
1780275607884,1.505,1.137,1.122,1.385,0.007,0.021,9.316,9.910,24.403,22.788
1780275607924,1.600,1.454,1.301,1.417,0.003,0.007,5.234,5.704,16.720,22.642
1780275607977,1.279,1.064,1.002,1.232,0.003,0.010,5.536,5.824,15.950,13.139
1780275608054,0.193,0.131,0.094,0.167,0.003,0.010,5.689,6.021,12.308,12.097
1780275608112,0.025,0.021,0.010,0.025,0.003,0.014,5.584,5.963,11.645,11.539
1780275608178,0.003,0.003,0.003,0.007,0.003,0.003,2.751,3.065,5.838,5.842
1780275608244,0.003,0.003,0.000,0.003,0.007,0.021,9.538,10.023,19.598,16.897
1780275608295,0.003,0.003,0.000,0.003,0.000,0.000,1.917,2.391,4.317,7.952
1780275608336,0.003,0.000,0.000,0.007,0.007,0.010,4.971,5.168,10.166,5.042
1780275608374,0.003,0.000,0.000,0.003,0.003,0.010,5.635,5.992,11.646,11.661
1780275608406,0.000,0.000,0.000,0.003,0.003,0.010,5.682,6.050,11.748,11.709
1780275608439,0.000,0.000,0.003,0.003,0.003,0.010,5.627,5.934,11.580,11.588
1780275608488,0.000,0.003,0.000,0.003,0.003,0.003,3.524,3.816,7.352,6.861
1780275608526,0.003,0.000,0.000,0.003,0.000,0.003,1.283,1.501,2.793,4.630
1780275608571,0.000,0.000,0.003,0.003,0.003,0.000,0.371,0.338,0.718,1.285
1780275608646,0.000,0.000,0.000,0.003,0.000,0.000,0.174,0.193,0.370,0.824
1780275608710,0.003,0.000,0.000,0.003,0.000,0.000,0.160,0.167,0.333,0.824
1780275608777,2.263,2.022,2.074,2.310,0.007,0.021,8.777,8.912,26.386,11.709
1780275608839,5.489,5.117,5.110,4.898,0.000,0.000,2.227,2.730,25.571,23.782
1780275608882,6.338,2.197,2.125,4.392,0.003,0.007,4.527,4.800,24.389,18.158
1780275608919,5.343,4.013,4.975,5.037,0.003,0.010,4.709,5.033,29.123,19.782
1780275608954,2.372,6.189,6.670,5.256,0.003,0.007,4.632,4.946,30.075,25.261
1780275608992,1.417,4.581,7.297,4.753,0.003,0.007,4.643,4.949,27.650,24.921
1780275609031,2.074,6.568,6.422,3.043,0.003,0.010,4.665,5.019,27.804,24.000
1780275609079,2.001,3.171,6.936,1.119,0.003,0.007,5.059,5.332,23.628,19.733
1780275609159,4.723,0.820,5.558,0.065,4.045,3.550,3.634,3.896,26.291,24.145
1780275609226,4.712,0.102,5.270,0.014,1.946,2.063,3.491,3.757,21.355,18.909
1780275609279,5.307,0.014,4.771,0.007,1.837,1.764,1.519,1.782,17.001,15.685
1780275609331,4.538,0.003,4.727,0.010,1.549,1.567,0.637,0.670,13.701,12.267
1780275609394,4.352,0.000,4.049,0.007,1.490,1.494,0.477,0.579,12.448,11.442
1780275609429,3.863,0.998,3.178,1.086,0.827,0.860,6.356,7.873,25.041,16.364
1780275609470,2.697,3.521,2.474,4.435,0.608,0.685,8.675,9.076,32.171,24.170
1780275609511,2.813,3.714,2.784,5.799,1.450,1.392,4.895,4.804,27.651,25.600
1780275609551,3.003,2.803,2.937,5.616,1.399,1.377,4.541,4.902,26.578,22.255
1780275609590,2.967,3.233,2.981,4.793,1.293,1.355,4.643,4.873,26.138,23.855
1780275609620,2.992,3.794,2.952,4.271,1.334,1.341,4.581,4.906,26.171,23.903
1780275609697,1.042,3.623,3.149,1.669,1.392,1.476,4.825,5.099,22.275,19.855
1780275609766,0.167,3.338,3.262,0.204,1.618,1.592,3.590,3.798,17.569,16.970
1780275609836,5.875,3.466,0.313,2.577,1.589,1.581,0.451,0.554,16.406,11.952
1780275609907,6.127,1.658,0.790,6.458,0.521,0.616,8.051,8.219,32.440,22.594
1780275609979,5.952,2.638,2.533,6.542,2.704,1.986,0.969,1.137,24.461,22.109
1780275610032,3.357,2.711,2.449,4.122,3.907,3.265,3.572,3.754,27.137,22.788
1780275610067,3.109,2.609,2.751,3.131,3.276,4.567,4.100,4.377,27.920,25.988
1780275610103,5.318,4.155,2.525,2.817,2.792,2.628,4.235,4.552,29.022,26.473
1780275610141,3.626,4.060,2.402,3.141,2.179,2.248,4.490,4.866,27.012,24.339
1780275610218,2.770,2.318,2.194,1.837,1.629,1.603,4.527,4.833,21.711,18.642
1780275610304,4.490,3.925,3.207,2.161,1.425,1.487,2.518,2.704,21.917,19.176
1780275610380,2.179,3.028,0.145,0.102,1.771,1.742,1.188,1.315,11.470,8.097
1780275610454,4.406,6.528,3.951,1.308,1.086,1.162,0.229,0.277,18.947,15.152
1780275610497,3.513,7.720,4.162,3.357,1.093,1.100,0.503,0.561,22.009,17.455
1780275610534,2.438,6.411,1.873,1.417,1.253,1.304,2.635,2.781,20.112,17.479
1780275610577,4.417,6.036,0.397,0.083,1.436,1.428,1.210,1.432,16.439,16.024
1780275610624,4.122,5.004,0.083,0.014,1.355,1.421,2.449,2.635,17.083,14.036
1780275610662,3.429,4.450,0.094,0.010,1.381,1.345,3.072,3.284,17.065,13.891
1780275610737,3.765,3.750,2.234,2.354,1.326,1.363,2.369,2.620,19.781,15.345
1780275610814,4.067,4.538,3.451,1.673,1.326,1.337,2.365,2.609,21.366,15.539
1780275610875,1.337,2.730,0.936,2.850,1.753,1.702,0.903,1.089,13.300,10.594
1780275610932,0.105,0.360,0.072,0.353,1.581,1.654,0.269,0.317,4.711,5.794
1780275610991,0.010,0.021,0.010,0.014,1.428,1.447,0.156,0.160,3.246,4.655
1780275611044,3.714,2.624,3.903,2.857,1.122,1.202,0.171,0.185,15.778,7.830
1780275611087,3.010,2.992,4.880,4.913,1.224,1.235,0.240,0.273,18.767,10.788
1780275611129,0.863,1.217,2.591,2.719,1.450,1.439,1.771,2.172,14.222,9.455
1780275611193,0.120,0.116,0.167,0.164,1.472,1.501,1.953,2.168,7.661,5.988
1780275611259,0.007,0.007,0.010,0.010,1.366,1.363,2.278,2.525,7.566,5.964
1780275611336,1.975,2.223,2.179,1.458,1.355,1.370,1.840,2.055,14.455,7.273
1780275611400,5.642,5.092,5.540,6.068,0.790,0.860,1.180,1.312,26.484,20.097
1780275611440,6.561,3.244,5.565,4.545,1.275,1.268,0.969,1.071,24.498,19.733
1780275611507,5.485,3.502,4.297,5.857,1.370,1.406,0.623,0.736,23.276,18.497
1780275611547,5.084,2.310,3.251,5.179,1.487,1.487,0.586,0.692,20.076,15.467
1780275611586,4.847,0.641,0.914,5.580,1.563,1.556,0.451,0.539,16.091,14.764
1780275611648,0.663,4.818,1.078,5.438,1.764,1.607,0.648,0.761,16.777,12.897
1780275611695,0.087,5.828,0.342,4.917,1.822,1.917,0.557,0.645,16.115,13.600
1780275611736,0.021,5.197,0.043,4.647,1.676,1.899,0.375,0.448,14.306,12.727
1780275611800,0.007,3.579,0.010,5.172,3.601,3.291,1.483,1.738,18.881,13.818
1780275611872,0.419,1.392,1.786,5.485,7.242,7.552,0.750,0.801,25.427,20.000
1780275611931,1.691,0.783,2.365,2.591,7.140,7.122,0.437,0.539,22.668,17.552
1780275611984,1.297,0.590,2.398,1.662,6.546,6.437,0.309,0.368,19.607,16.679
1780275612054,3.018,2.026,1.348,0.291,5.117,5.095,1.705,1.818,20.418,13.624
1780275612105,2.751,3.214,2.522,3.021,5.449,5.547,2.194,2.431,27.129,21.479
1780275612148,1.505,0.984,2.325,5.161,4.005,4.753,2.773,3.018,24.524,18.279
1780275612186,3.641,2.143,2.292,6.291,3.696,3.506,2.584,2.839,26.992,20.897
1780275612245,3.131,3.878,3.451,6.057,2.628,2.617,2.726,2.941,27.429,20.800
1780275612316,2.719,5.514,5.387,5.412,2.438,2.456,0.907,1.089,25.922,22.109
1780275612403,2.227,5.230,5.172,4.887,2.365,2.394,0.196,0.233,22.704,19.782
1780275612452,3.411,5.161,1.458,1.884,2.587,2.624,1.031,1.144,19.300,15.903
1780275612515,3.561,3.036,6.222,4.742,2.354,2.431,1.716,1.931,25.993,21.745
1780275612589,1.173,0.871,3.659,3.561,2.464,2.347,3.375,3.612,21.062,15.636
1780275612644,3.488,0.171,1.950,0.809,2.569,2.598,2.591,2.923,17.099,12.800
1780275612686,4.731,0.987,6.404,1.931,2.376,2.412,1.771,1.990,22.602,16.242
1780275612738,3.076,2.278,7.829,4.928,2.074,2.074,0.721,0.885,23.865,20.703
1780275612783,4.348,2.489,6.870,5.033,2.081,2.041,0.309,0.386,23.557,21.042
1780275612846,1.049,1.516,0.991,3.623,2.628,2.642,0.433,0.543,13.425,13.867
1780275612932,6.269,4.315,6.236,5.941,1.920,1.793,0.193,0.236,26.903,23.539
1780275612994,5.339,0.885,5.959,0.816,2.354,2.402,1.304,1.447,20.506,16.824
1780275613044,4.403,4.804,4.326,3.717,2.033,1.913,2.270,2.525,25.991,20.848
1780275613123,4.446,5.544,3.922,3.575,1.997,1.866,3.316,3.601,28.267,23.588
1780275613163,4.209,4.804,3.812,4.512,2.055,2.201,1.789,2.066,25.448,23.055
1780275613210,4.352,2.445,3.688,2.088,2.525,2.438,1.443,1.618,20.597,18.448
1780275613269,3.969,0.244,3.747,0.240,2.380,2.402,0.954,1.111,15.047,13.867
1780275613310,3.225,0.036,3.313,0.032,2.478,2.456,0.433,0.524,12.497,11.758
1780275613369,2.445,0.007,3.258,0.007,0.328,0.517,0.441,0.561,7.564,6.715
1780275613452,1.899,0.003,3.058,0.007,0.010,0.014,0.320,0.400,5.711,5.018
1780275613514,1.399,0.003,3.185,0.003,0.003,0.003,0.335,0.433,5.364,4.824
1780275613572,1.239,2.398,3.265,0.626,0.000,0.003,1.374,1.530,10.435,6.448
1780275613648,0.787,6.247,2.850,4.446,0.000,0.003,1.505,1.705,17.543,15.224
1780275613685,1.097,6.025,3.185,3.870,0.003,0.003,2.026,2.256,18.465,15.636
1780275613731,1.465,5.580,3.262,3.335,0.003,0.003,2.358,2.628,18.634,15.442
1780275613786,1.971,4.931,3.641,2.894,0.000,0.000,0.590,0.707,14.734,13.139
1780275613822,2.146,4.512,3.429,2.741,0.000,0.000,0.218,0.262,13.308,12.485
1780275613889,0.754,4.060,1.377,2.762,0.000,0.000,0.149,0.164,9.266,7.903
1780275613963,0.112,3.014,0.083,2.584,0.000,0.000,0.160,0.167,6.120,5.697
1780275614032,0.018,2.343,0.014,2.289,0.000,0.000,0.120,0.131,4.915,4.776
1780275614080,3.233,0.849,1.625,1.465,0.003,0.010,3.903,4.705,15.793,8.945
1780275614162,4.472,1.246,2.923,2.358,0.000,0.000,0.426,0.605,12.030,11.491
1780275614214,3.018,0.641,2.001,1.935,0.007,0.021,8.161,8.492,24.276,15.830
1780275614271,3.346,1.304,2.128,2.197,0.000,0.000,1.563,1.162,11.700,14.133
1780275614331,0.670,0.335,0.419,0.291,0.003,0.003,2.482,2.864,7.067,5.164
1780275614405,0.014,0.010,0.014,0.007,0.000,0.000,1.964,2.172,4.181,3.055
1780275614475,0.003,0.003,0.003,0.007,0.000,0.000,0.298,0.349,0.663,0.897
1780275614540,0.003,0.003,0.003,0.003,0.000,0.000,0.134,0.142,0.288,0.727
1780275614588,0.003,0.003,0.003,0.003,0.000,0.000,0.142,0.153,0.307,0.970
1780275614660,0.003,0.000,0.003,0.003,0.003,0.000,0.123,0.138,0.273,1.042
1780275614698,0.003,0.000,0.000,0.000,0.003,0.000,1.071,1.195,2.272,1.212
1780275614753,0.003,0.000,0.003,0.003,3.524,0.003,1.337,1.498,6.371,4.291
1780275614810,0.003,0.000,0.000,0.000,4.042,0.003,1.235,1.428,6.711,7.588
1780275614852,0.000,0.000,0.000,0.003,5.387,4.516,1.552,1.745,13.203,15.685
1780275614921,0.000,0.000,0.000,0.003,2.813,2.730,2.033,2.289,9.868,12.097
1780275614958,0.007,0.000,0.000,0.000,2.412,2.460,1.990,2.194,9.063,10.764
1780275614996,0.000,0.000,0.000,0.003,2.347,2.361,1.673,1.899,8.283,9.576
1780275615056,0.000,0.000,0.000,0.003,2.442,2.431,1.866,2.044,8.786,7.733
1780275615110,0.000,0.000,0.000,0.003,2.103,2.248,5.143,5.434,14.931,13.091
1780275615164,0.003,0.000,0.000,0.003,2.033,2.015,5.569,5.934,15.557,16.897
1780275615205,0.000,0.000,0.003,0.000,1.738,2.019,5.784,6.094,15.638,16.000
1780275615261,0.000,0.000,0.000,0.003,2.037,1.727,3.860,4.206,11.833,12.824
1780275615297,0.003,0.000,0.000,0.003,1.399,1.301,5.237,5.507,13.450,13.042
1780275615331,0.000,0.000,0.000,0.003,1.385,1.534,3.823,4.155,10.900,15.758
1780275615390,0.000,0.000,0.000,0.007,1.454,1.450,3.025,3.214,9.150,10.497
1780275615454,0.000,0.000,0.000,0.000,1.476,1.494,2.197,2.423,7.590,8.945
1780275615489,0.000,0.000,0.000,0.000,1.483,1.501,1.038,0.973,4.995,5.673
1780275615529,0.000,0.003,0.000,0.003,1.450,1.436,0.470,0.535,3.897,4.315
1780275615589,0.000,0.000,0.000,0.003,0.929,0.980,5.536,5.966,13.414,12.752
1780275615624,0.000,0.000,0.000,0.003,1.097,1.129,5.802,6.072,14.103,14.133
1780275615676,0.003,0.000,0.000,0.003,1.250,1.283,5.755,6.036,14.330,14.109
1780275615712,0.000,0.000,0.000,0.003,1.698,1.691,1.417,1.676,6.485,10.885
1780275615774,0.000,0.000,0.000,0.003,1.538,1.574,0.193,0.225,3.533,4.073
1780275615830,0.000,0.000,0.000,0.003,1.403,1.428,0.112,0.123,3.069,3.539
1780275615889,0.003,0.000,0.000,0.003,0.185,0.251,0.174,0.200,0.816,2.012
1780275615925,0.000,0.000,0.000,0.003,0.040,0.036,0.167,0.189,0.435,1.042
1780275615989,0.000,0.000,0.000,0.003,0.007,0.007,1.392,1.662,3.071,1.552
1780275616036,1.574,4.341,1.257,4.363,0.003,0.003,1.228,1.396,14.165,9.430
1780275616080,0.907,4.257,0.466,7.085,0.003,0.003,1.971,2.259,16.951,13.624
1780275616138,0.043,3.932,0.018,6.101,0.000,0.003,2.212,2.431,14.740,11.685
1780275616199,0.007,3.480,0.007,5.431,0.003,0.003,2.121,2.321,13.373,10.497
1780275616236,0.007,3.634,0.007,4.818,0.003,0.003,2.001,2.176,12.649,10.085
1780275616275,0.003,3.542,0.007,4.483,0.000,0.000,0.572,0.692,9.299,8.873
1780275616319,0.007,3.251,0.003,4.129,0.000,0.000,0.211,0.211,7.812,7.200
1780275616355,2.208,3.302,1.822,3.557,0.003,0.000,0.164,0.174,11.230,7.127
1780275616451,2.365,2.828,6.561,3.152,0.000,0.000,0.160,0.182,15.248,13.212
1780275616502,1.815,2.799,5.974,2.952,0.000,0.003,1.873,1.997,17.413,12.824
1780275616545,2.354,2.416,4.917,2.722,0.003,0.010,4.421,4.654,21.497,16.315
1780275616603,0.386,2.839,1.013,2.759,0.003,0.003,3.688,4.064,14.755,13.721
1780275616657,0.091,2.941,0.076,2.617,0.003,0.003,2.580,2.810,11.121,8.776
1780275616722,0.010,2.697,0.007,2.052,0.000,0.003,2.525,2.813,10.107,7.636
1780275616766,0.003,2.595,0.003,1.592,0.003,0.003,2.584,2.792,9.575,7.273
1780275616820,0.080,2.358,0.087,1.246,0.000,0.003,2.434,2.660,8.868,6.764
1780275616865,3.357,2.361,3.641,0.896,0.000,0.000,2.168,2.423,14.846,11.442
1780275616928,1.957,2.544,5.970,1.009,0.000,0.003,3.247,3.521,18.251,14.497
1780275616981,0.645,2.595,5.427,1.388,0.003,0.010,4.702,5.026,19.796,17.891
1780275617029,2.157,2.544,4.738,1.100,0.003,0.010,4.742,5.128,20.422,19.370
1780275617074,2.467,2.274,3.739,1.560,0.000,0.007,4.764,5.099,19.910,20.024
1780275617122,2.004,2.387,3.010,1.341,0.007,0.021,9.010,9.309,27.089,19.976
1780275617167,1.778,1.917,2.278,1.385,0.007,0.021,9.199,9.815,26.400,24.412
1780275617220,2.205,2.398,2.744,2.238,0.000,0.000,2.474,2.223,14.282,17.067
1780275617261,2.066,2.391,2.332,2.077,0.003,0.010,4.880,5.110,18.869,14.691
1780275617308,1.669,0.699,2.015,0.397,4.231,3.805,4.804,5.197,22.817,17.964
1780275617359,1.691,0.160,1.490,0.149,3.138,2.733,5.110,5.452,19.923,19.321
1780275617399,1.465,0.043,1.374,0.036,1.888,1.990,5.172,5.536,17.504,17.018
1780275617463,1.115,0.003,1.126,0.007,1.523,1.516,5.219,5.507,16.016,15.709
1780275617528,1.541,0.003,0.517,0.007,1.377,1.406,5.110,5.485,15.446,15.055
1780275617609,1.742,0.000,0.225,0.003,1.399,1.388,4.993,5.270,15.020,14.497
1780275617662,2.168,0.000,0.080,0.003,1.286,1.370,4.793,5.084,14.784,14.497
1780275617727,2.587,0.426,0.054,3.127,1.552,1.523,3.156,3.444,15.869,13.939
1780275617797,3.163,2.741,0.393,5.977,1.359,1.359,0.623,0.769,16.384,15.733
1780275617845,3.378,2.854,0.659,6.291,1.366,1.385,0.550,0.648,17.131,15.491
1780275617882,3.306,2.055,1.370,5.926,1.319,1.366,0.907,1.013,17.262,15.103
1780275617923,3.480,2.103,1.643,5.164,1.297,1.352,0.925,1.057,17.021,15.345
1780275617992,2.952,2.059,1.917,4.417,1.268,1.301,2.464,2.846,19.224,15.079
1780275618065,2.135,2.310,0.936,3.389,1.906,1.501,3.422,3.706,19.305,16.170
1780275618152,0.164,2.154,0.061,2.700,1.622,1.789,3.674,3.987,16.151,14.424
1780275618211,2.974,1.775,3.131,1.775,1.906,1.906,3.207,3.448,20.122,13.745
1780275618283,0.309,0.116,0.211,0.131,2.566,2.453,1.184,1.385,8.355,8.048
1780275618352,0.010,0.003,0.007,0.010,2.030,2.234,1.006,1.166,6.466,5.915
1780275618398,0.003,0.003,0.003,0.003,1.654,1.443,2.022,2.230,7.361,5.770
1780275618440,0.069,0.051,0.109,0.065,1.436,1.764,2.434,2.748,8.676,7.661
1780275618499,2.609,2.664,2.890,1.804,1.447,1.279,2.587,2.810,18.090,12.727
1780275618559,2.150,4.031,5.401,4.297,1.093,1.126,2.704,2.970,23.772,17.552
1780275618606,0.488,1.261,2.161,1.425,1.483,1.545,4.118,4.432,16.913,14.497
1780275618684,0.018,0.025,0.047,0.029,1.596,1.596,3.189,3.524,10.024,10.594
1780275618725,0.003,0.003,0.007,0.007,1.607,1.662,1.425,1.676,6.390,7.685
1780275618766,0.003,0.003,0.003,0.003,1.567,1.574,0.437,0.554,4.144,4.558
1780275618839,0.003,0.003,0.003,0.003,1.385,1.406,0.714,0.845,4.362,4.121
1780275618890,0.003,0.000,0.003,0.003,1.359,1.392,0.944,1.129,4.833,4.291
1780275618957,1.283,1.341,0.765,1.137,1.319,1.352,0.951,1.104,9.252,5.503
1780275619038,3.623,4.501,5.733,5.456,0.980,1.027,1.731,1.906,24.957,18.352
1780275619100,0.430,0.827,1.592,1.188,1.519,1.673,4.016,4.494,15.739,12.388
1780275619165,0.061,0.061,0.061,0.069,1.753,1.756,3.338,3.670,10.769,10.545
1780275619220,0.003,0.003,0.007,0.007,2.063,2.084,1.924,1.928,8.019,8.121
1780275619277,0.003,0.000,0.003,0.003,2.329,2.361,0.557,0.696,5.952,6.400
1780275619331,0.003,0.003,0.003,0.003,2.307,2.281,0.451,0.557,5.608,5.721
1780275619369,0.000,0.003,0.003,0.003,2.135,2.197,0.674,0.834,5.849,5.648
1780275619412,0.000,0.000,0.003,0.000,2.128,2.143,0.962,1.104,6.340,5.600
1780275619475,2.074,1.957,1.691,1.935,1.858,1.935,0.929,1.089,13.468,7.176
1780275619552,6.407,5.890,5.773,5.372,0.160,0.200,0.503,0.652,24.957,21.576
1780275619613,5.540,5.919,4.796,3.433,0.014,0.021,3.338,3.619,26.680,22.715
1780275619646,4.585,5.635,4.672,3.765,0.007,0.010,3.575,3.932,26.181,23.976
1780275619692,2.303,5.132,4.512,2.536,0.007,0.010,3.907,4.220,22.627,20.024
1780275619759,0.532,4.942,4.793,0.506,0.000,0.003,1.509,1.614,13.899,11.830
1780275619823,3.936,3.601,0.510,0.061,0.010,0.021,9.528,10.005,27.672,19.976
1780275619877,3.532,2.562,0.069,0.010,0.007,0.021,10.016,10.617,26.834,24.655
1780275619941,5.846,2.274,0.018,2.504,0.003,0.010,5.179,5.372,21.206,18.158
1780275619979,4.705,1.501,0.481,3.032,0.003,0.010,4.873,5.146,19.751,15.200
1780275620042,3.561,0.780,1.676,3.360,0.003,0.010,4.818,5.143,19.351,14.303
1780275620095,2.762,0.422,1.643,3.101,0.003,0.010,4.753,5.059,17.753,13.358
1780275620137,3.123,0.557,1.304,3.065,0.003,0.007,4.636,5.022,17.717,13.673
1780275620177,3.149,0.714,1.166,2.649,0.003,0.007,3.528,3.878,15.094,13.430
1780275620219,3.408,1.020,0.849,2.383,0.000,0.000,1.363,1.341,10.364,6.982
1780275620284,3.112,1.232,0.641,2.070,0.000,0.000,0.473,0.579,8.107,5.576
1780275620348,2.992,1.578,0.262,1.928,0.000,0.000,0.211,0.240,7.211,5.042
1780275620403,3.203,1.833,0.153,1.971,0.000,0.000,0.164,0.174,7.498,4.848
1780275620462,2.726,2.044,0.091,2.055,0.000,0.003,0.266,0.324,7.509,5.285
1780275620507,2.806,2.321,0.076,1.760,0.000,0.000,0.455,0.568,7.986,5.382
1780275620591,2.321,2.751,0.025,1.720,4.082,3.827,0.284,0.382,15.392,13.818
1780275620645,2.139,0.630,0.036,4.126,2.507,2.361,2.478,2.642,16.919,11.152
1780275620706,2.212,1.640,0.058,6.520,1.979,1.953,2.369,2.613,19.344,15.370
1780275620761,2.518,2.985,0.466,5.839,1.837,1.851,2.456,2.715,20.667,17.309
1780275620831,2.806,3.309,1.807,5.044,2.012,2.033,1.293,1.392,19.696,16.655
1780275620901,2.854,3.860,3.196,4.330,1.931,1.964,0.517,0.619,19.271,16.703
1780275620956,2.609,3.896,3.455,3.823,1.950,1.942,0.594,0.699,18.968,16.218
1780275621013,2.948,3.072,3.211,3.586,1.997,2.019,0.328,0.415,17.576,15.273
1780275621067,2.733,2.817,2.905,2.959,2.066,2.223,0.218,0.262,16.183,15.103
1780275621148,1.275,2.861,2.864,1.199,2.329,2.289,0.349,0.437,13.603,11.709
1780275621212,0.112,0.295,0.258,0.134,2.555,2.697,0.798,0.929,7.778,6.885
1780275621260,3.269,3.203,1.064,0.473,2.507,2.529,0.539,0.605,14.189,6.594
1780275621322,7.669,7.118,5.704,4.778,1.530,1.578,0.149,0.164,28.690,23.661
1780275621377,7.727,7.650,4.293,3.459,2.234,2.172,1.242,1.406,30.183,26.279
1780275621421,7.971,8.175,1.403,1.119,2.052,2.125,2.919,3.105,28.869,23.612
1780275621474,8.164,8.070,3.258,2.598,0.422,0.510,1.144,1.505,25.671,23.733
1780275621534,6.936,2.854,3.280,3.914,0.021,0.029,0.707,0.852,18.593,13.285
1780275621577,6.717,1.075,3.349,2.307,0.003,0.007,0.492,0.601,14.551,11.079
1780275621617,5.842,1.064,2.121,4.753,0.003,0.003,0.328,0.419,14.533,8.339
1780275621676,4.457,1.151,0.834,5.463,0.000,0.003,0.517,0.612,13.037,9.430
1780275621730,4.640,0.200,0.134,4.990,0.003,0.007,1.796,2.132,13.902,9.964
1780275621767,4.166,0.072,0.047,5.062,0.003,0.003,2.383,2.584,14.320,11.418
1780275621815,3.852,0.973,1.425,4.643,0.000,0.003,2.453,2.697,16.046,11.418
1780275621876,3.156,1.676,2.099,4.220,0.003,0.003,2.183,2.420,15.760,10.545
1780275621939,3.408,1.618,1.971,3.776,0.000,0.003,2.121,2.380,15.277,10.133
1780275622008,3.152,1.261,1.662,3.714,0.003,0.003,2.361,2.628,14.784,10.182
1780275622070,3.320,1.137,1.264,3.535,0.000,0.000,0.973,1.078,11.307,8.194
1780275622115,3.211,1.713,1.909,3.408,0.003,0.003,0.575,0.725,11.547,7.830
1780275622173,1.811,0.991,3.174,3.262,0.003,0.000,0.375,0.477,10.093,6.376
1780275622219,1.632,0.951,2.934,3.134,0.000,0.000,1.767,2.176,12.594,6.497
1780275622279,2.959,2.084,2.041,2.806,0.000,0.003,2.711,3.065,15.669,9.648
1780275622337,0.499,1.067,1.093,0.543,0.000,0.003,3.163,3.466,9.834,6.400
1780275622394,0.036,0.160,0.149,0.021,0.003,0.003,3.069,3.375,6.816,5.309
1780275622441,0.010,0.018,0.014,0.003,0.000,0.003,2.190,2.449,4.687,3.903
1780275622482,0.007,0.003,0.003,0.003,0.003,0.003,2.493,2.759,5.274,3.758
1780275622526,0.007,0.003,0.003,0.003,0.003,0.003,2.449,2.715,5.186,4.170
1780275622590,0.003,0.000,0.003,0.003,0.003,0.003,2.398,2.664,5.077,3.927
1780275622644,0.003,0.000,0.000,0.003,0.000,0.003,2.259,2.489,4.757,3.709
1780275622697,0.003,0.000,0.000,0.000,0.003,0.000,1.071,1.261,2.338,3.152
1780275622750,0.003,0.000,0.003,0.003,3.615,0.003,1.458,1.771,6.856,3.903
1780275622811,0.000,0.000,0.000,0.003,4.567,4.527,1.600,1.844,12.541,15.055
1780275622865,0.000,0.000,0.000,0.003,3.225,3.156,2.485,2.704,11.573,13.309
1780275622928,0.000,0.000,0.000,0.007,2.577,2.587,1.392,1.625,8.188,11.855
1780275622994,0.003,0.000,0.000,0.003,2.515,2.511,0.568,0.703,6.303,8.388
1780275623037,0.000,0.003,0.000,0.003,2.730,2.956,0.590,0.729,7.011,7.661
1780275623094,0.000,0.000,0.000,0.003,2.580,2.318,4.282,4.417,13.600,8.848
1780275623163,0.000,0.000,0.000,0.003,2.234,2.103,4.621,4.982,13.943,15.467
1780275623208,0.000,0.000,0.000,0.000,1.873,1.953,4.782,5.099,13.707,14.788
1780275623281,0.003,0.000,0.000,0.003,1.756,1.589,4.913,5.288,13.552,13.964
1780275623337,0.003,0.000,0.000,0.003,1.326,1.410,4.804,5.154,12.700,14.012
1780275623392,0.000,0.000,0.000,0.003,1.334,1.352,4.716,5.084,12.489,14.521
1780275623450,0.000,0.000,0.003,0.003,1.326,1.345,4.902,5.318,12.897,13.406
1780275623487,0.003,0.003,0.000,0.003,1.359,1.334,4.946,5.299,12.947,13.139
1780275623536,0.000,0.000,0.000,0.000,1.301,1.304,4.913,5.263,12.781,13.018
1780275623577,0.000,0.000,0.000,0.003,1.323,1.345,4.836,5.186,12.693,12.679
1780275623630,0.000,0.000,0.000,0.003,1.337,1.334,4.734,5.088,12.496,12.630
1780275623669,0.000,0.000,0.000,0.000,1.334,1.304,4.712,5.044,12.394,12.364
1780275623706,0.003,0.000,0.000,0.003,1.472,1.483,3.437,3.794,10.192,11.200
1780275623769,0.000,0.000,0.000,0.003,0.156,0.193,1.443,1.523,3.318,3.855
1780275623805,0.007,0.000,0.000,0.007,0.036,0.029,0.601,0.743,1.423,1.939
1780275623853,0.000,0.000,0.000,0.003,0.003,0.007,0.225,0.266,0.504,1.091
1780275623901,0.000,0.003,0.003,0.003,0.003,0.003,0.225,0.266,0.506,0.945
1780275623951,0.003,0.000,0.003,0.000,0.000,0.000,0.382,0.466,0.854,0.970
1780275623997,0.000,0.000,0.000,0.003,0.003,0.000,1.676,1.844,3.526,2.230
1780275624039,0.003,0.000,0.000,0.003,0.003,0.003,1.024,1.111,2.147,3.127
1780275624078,0.000,0.000,0.000,0.003,0.003,0.003,1.727,1.928,3.664,1.964
1780275624113,0.000,0.003,0.003,0.003,0.003,0.003,2.063,2.296,4.374,3.127
1780275624175,0.003,0.000,0.000,0.007,0.000,0.003,0.911,1.111,2.035,2.182
1780275624211,0.000,0.000,0.000,0.003,0.000,0.003,0.729,0.878,1.613,1.503
1780275624280,0.003,0.000,0.000,0.003,0.000,0.003,1.662,2.008,3.679,1.697
1780275624339,0.003,0.000,0.000,0.003,0.003,0.003,0.918,1.089,2.019,2.061
1780275624390,0.000,0.000,0.000,0.003,0.000,0.003,2.074,2.372,4.452,3.152
1780275624444,0.000,0.003,0.000,0.003,0.000,0.000,0.965,1.140,2.111,2.352
1780275624511,0.000,0.003,0.000,0.003,0.003,0.003,2.132,2.383,4.527,2.982
1780275624546,0.003,0.000,0.000,0.003,0.000,0.003,2.121,2.380,4.510,3.539
1780275624580,0.000,0.000,0.000,0.003,0.003,0.003,2.270,2.584,4.863,3.370
1780275624624,0.003,0.000,0.000,0.003,0.003,0.003,2.456,2.715,5.183,3.903
1780275624673,0.000,0.000,0.000,0.003,0.000,0.000,1.009,1.268,2.280,3.709
1780275624716,0.000,0.000,0.000,0.003,0.003,0.000,0.692,0.845,1.543,1.527
1780275624784,1.567,1.468,1.060,1.578,0.000,0.003,0.328,0.411,6.415,2.327
1780275624848,5.799,5.507,5.912,6.079,0.000,0.000,0.160,0.178,23.635,20.436
1780275624887,4.833,4.417,5.139,5.372,0.003,0.007,2.926,3.094,25.791,20.800
1780275624923,4.005,3.593,4.377,4.610,0.003,0.003,3.623,3.947,24.161,22.158
1780275624965,3.346,2.945,3.757,3.925,0.003,0.007,3.626,3.962,21.571,19.176
1780275625017,3.065,2.704,3.378,3.739,0.000,0.000,1.348,1.607,15.841,17.745
1780275625057,2.642,2.372,3.120,3.408,0.000,0.000,0.579,0.703,12.824,11.079
1780275625102,1.724,1.519,2.423,2.427,0.007,0.021,8.941,9.240,26.302,16.848
1780275625145,1.735,1.516,2.394,2.631,0.000,0.000,2.715,3.098,14.089,14.352
1780275625211,0.207,0.284,0.371,0.572,0.003,0.003,3.090,3.357,7.887,6.667
1780275625276,0.065,0.047,2.285,2.234,0.003,0.010,4.836,5.157,14.637,10.448
1780275625395,0.473,4.815,6.535,2.759,0.000,0.003,2.489,2.700,19.774,18.933
1780275625451,1.013,3.112,6.644,1.800,0.000,0.000,1.151,1.323,15.043,12.945
1780275625500,1.669,0.736,5.941,4.330,0.000,0.000,0.338,0.426,13.440,10.521
1780275625557,1.290,0.295,4.873,5.824,0.000,0.000,0.663,0.769,13.714,10.352
1780275625617,4.563,5.821,3.098,4.782,0.000,0.003,0.743,0.867,19.877,16.315
1780275625656,3.389,5.576,3.382,5.037,0.000,0.000,1.359,1.516,20.259,16.848
1780275625701,3.717,5.405,2.956,4.038,0.000,0.003,2.948,3.105,22.172,16.776
1780275625766,3.058,3.586,1.964,2.988,0.003,0.007,3.805,4.126,19.537,15.273
1780275625824,0.309,0.357,0.225,0.295,0.000,0.003,3.499,3.805,8.493,11.418
1780275625925,0.007,0.007,0.003,0.007,0.000,0.000,0.776,0.925,1.725,1.648
1780275625970,0.003,0.003,0.003,0.007,0.000,0.000,0.317,0.317,0.650,1.115
1780275626024,0.003,0.003,0.003,0.007,0.000,0.000,0.200,0.225,0.441,0.873
1780275626092,0.003,0.000,0.003,0.003,0.000,0.000,0.262,0.324,0.595,0.970
1780275626133,0.003,0.000,0.000,0.003,0.003,0.003,1.742,1.909,3.663,2.497
1780275626174,0.003,0.000,0.000,0.003,0.003,0.000,1.891,2.132,4.032,3.273
1780275626234,0.000,0.000,0.003,0.003,0.003,0.003,2.402,2.653,5.067,3.758
1780275626284,0.003,0.000,0.000,0.003,0.000,0.003,2.048,2.307,4.364,3.564
1780275626358,0.003,0.000,0.000,0.007,0.000,0.003,1.855,2.077,3.945,3.103
1780275626458,0.000,0.000,0.000,0.003,0.000,0.000,0.692,0.856,1.551,1.503
1780275626494,0.003,0.000,0.000,0.003,0.000,0.000,0.393,0.492,0.891,1.164
1780275626535,0.000,0.000,0.003,0.003,0.000,0.000,0.346,0.422,0.774,1.042
1780275626588,0.000,0.000,0.000,0.003,0.000,0.000,0.451,0.575,1.029,1.164
1780275626620,0.000,0.003,0.000,0.003,0.000,0.000,0.484,0.612,1.102,1.212
1780275626661,0.000,0.000,0.000,0.003,0.000,0.000,1.472,1.789,3.264,1.212
1780275626699,0.003,0.000,0.000,0.003,0.000,0.000,1.829,2.092,3.927,2.958
1780275626746,0.000,0.003,0.000,0.003,0.003,0.003,1.891,2.139,4.042,3.055
1780275626787,0.003,0.000,0.000,0.003,0.003,0.003,1.891,2.121,4.024,3.006
1780275626836,0.003,0.000,0.000,0.003,0.003,0.000,0.874,1.049,1.932,3.006
1780275626885,0.000,0.000,0.003,0.000,0.000,0.000,0.328,0.397,0.728,1.115
1780275626961,0.000,0.000,0.000,0.003,0.000,0.003,1.622,1.818,3.446,2.036
1780275626996,0.000,0.000,0.000,0.003,0.000,0.000,1.873,2.095,3.971,2.885
1780275627037,0.000,0.000,0.000,0.003,0.000,0.003,1.909,2.146,4.061,3.055
1780275627072,0.000,0.000,0.000,0.007,0.000,0.003,2.340,2.602,4.952,3.491
1780275627119,0.000,0.000,0.000,0.003,0.000,0.003,1.990,2.183,4.179,3.952
1780275627160,0.000,0.000,0.000,0.003,0.000,0.003,0.907,0.947,1.860,2.376
1780275627196,0.003,0.000,0.000,0.003,0.000,0.003,1.490,1.673,3.172,1.697
1780275627231,0.000,0.000,0.003,0.003,0.000,0.000,0.586,0.747,1.339,1.842
1780275627274,0.000,0.000,0.000,0.003,0.000,0.000,0.317,0.393,0.713,1.042
1780275627333,0.003,0.000,0.000,0.003,0.000,0.000,0.499,0.623,1.128,1.139
1780275627412,0.000,0.000,0.000,0.003,0.000,0.003,1.982,2.223,4.211,2.206
1780275627493,0.000,0.000,0.000,0.003,0.003,0.003,2.41