wall_clock_ms,lf_A,rf_A,lb_A,rb_A,frontIntake_A,backIntake_A,lShooter_A,rShooter_A,motor_total_A,controlHub_A,expansionHub_A,hub_total_A,floodgate_A
1780272250586,0.000,0.000,0.003,0.003,0.000,0.003,0.003,0.000,0.012,0.105,0.472,0.577,0.679
1780272250695,0.000,0.000,0.000,0.003,0.000,0.000,0.000,0.000,0.003,0.439,0.472,0.911,1.236
1780272250725,0.003,0.000,0.000,0.003,0.000,0.000,0.007,0.000,0.013,0.415,0.463,0.878,1.212
1780272250765,0.000,0.000,0.000,0.003,0.000,0.000,0.007,0.000,0.010,0.333,0.472,0.805,1.091
1780272250796,0.003,0.000,0.000,0.003,0.000,0.003,0.003,0.000,0.012,0.211,0.472,0.683,0.848
1780272250839,0.000,0.000,0.003,0.003,0.000,0.003,0.000,0.000,0.009,0.219,0.463,0.682,0.776
1780272250870,0.003,0.000,0.000,0.003,0.000,0.000,0.003,0.003,0.012,0.439,0.472,0.911,1.285
1780272250913,0.000,0.000,0.000,0.003,0.000,0.003,0.007,0.000,0.013,0.398,0.488,0.886,1.261
1780272250943,0.000,0.003,0.000,0.003,0.000,0.000,0.000,0.000,0.006,0.325,0.480,0.805,1.018
1780272250983,0.000,0.000,0.003,0.003,0.000,0.000,0.003,0.000,0.009,0.162,0.472,0.634,0.824
1780272251012,0.000,0.000,0.000,0.003,0.000,0.000,0.000,0.000,0.003,0.146,0.463,0.609,0.703
1780272251064,0.000,0.000,0.000,0.003,0.003,0.000,0.003,0.003,0.012,0.130,0.455,0.585,0.679
1780272251122,0.000,0.000,0.003,0.003,0.000,0.000,0.003,0.000,0.009,0.122,0.455,0.577,0.679
1780272251216,0.244,0.240,0.156,0.287,0.000,0.000,0.003,0.000,0.930,0.122,0.545,0.667,0.727
1780272251256,3.743,3.604,3.273,3.688,0.000,0.000,0.003,0.000,14.311,0.105,17.427,17.532,3.321
1780272251303,5.638,5.088,6.364,6.582,0.000,0.000,0.003,0.000,23.675,0.138,21.351,21.489,22.376
1780272251346,3.892,3.980,3.838,4.559,0.000,0.000,0.003,0.003,16.275,0.146,12.307,12.453,18.279
1780272251396,0.652,0.710,0.801,1.027,0.000,0.000,0.003,0.000,3.193,0.130,3.825,3.955,6.085
1780272251426,0.138,0.142,0.167,0.204,0.000,0.000,0.003,0.000,0.654,0.122,1.823,1.945,0.848
1780272251461,0.032,0.032,0.040,0.029,0.000,0.000,0.003,0.000,0.136,0.122,0.879,1.001,0.679
1780272251496,0.010,0.007,0.007,0.010,0.003,0.000,0.003,0.000,0.040,0.113,0.634,0.747,0.703
1780272251538,0.003,0.003,0.003,0.007,0.000,0.000,0.003,0.007,0.026,0.122,0.512,0.634,0.679
1780272251599,0.003,0.003,0.000,0.007,0.000,0.003,0.003,0.000,0.019,0.113,0.447,0.560,0.703
1780272251675,0.000,0.003,0.000,0.003,0.000,0.000,0.003,0.007,0.016,0.113,0.463,0.576,0.679
1780272251783,0.003,0.000,0.000,0.003,0.003,0.021,7.858,7.661,15.549,14.000,0.480,14.480,12.509
1780272251835,0.000,0.000,0.000,0.003,0.003,0.018,8.456,8.860,17.340,16.507,0.537,17.044,19.297
1780272251875,0.000,0.000,0.000,0.003,0.007,0.018,8.489,9.229,17.746,16.670,0.561,17.231,20.703
1780272251930,0.000,0.000,0.000,0.003,0.007,0.018,8.314,9.258,17.600,16.670,0.553,17.223,18.836
1780272251980,0.000,0.000,0.000,0.003,0.007,0.018,8.394,8.988,17.410,16.483,0.545,17.028,17.891
1780272252021,0.000,0.000,0.000,0.003,0.003,0.014,7.971,8.970,16.961,16.182,0.545,16.727,17.430
1780272252060,0.000,0.000,0.000,0.003,0.007,0.018,8.015,8.696,16.739,15.946,0.537,16.483,16.945
1780272252118,0.000,0.000,0.000,0.003,0.007,0.014,7.771,8.576,16.371,15.604,0.537,16.141,16.485
1780272252176,0.000,0.000,0.000,0.003,0.003,0.018,7.625,8.412,16.061,15.270,0.545,15.815,15.685
1780272252217,0.000,0.000,0.000,0.003,0.003,0.014,7.330,8.219,15.569,14.871,0.553,15.424,16.170
1780272252317,0.000,0.000,0.003,0.003,0.003,0.010,7.147,7.847,15.013,14.350,0.529,14.879,14.933
1780272252357,0.000,0.000,0.000,0.000,0.007,0.014,7.042,7.782,14.845,14.171,0.529,14.700,14.618
1780272252409,1.596,1.946,1.355,2.110,0.007,0.014,6.637,7.180,20.845,13.349,4.346,17.695,14.400
1780272252473,5.230,4.818,5.452,5.613,0.000,0.010,5.103,5.511,31.737,10.525,18.070,28.595,26.788
1780272252526,4.282,4.140,4.869,4.917,0.003,0.010,5.146,5.682,29.049,10.386,17.370,27.756,26.473
1780272252577,3.039,3.251,4.064,4.246,0.003,0.010,5.361,5.904,25.878,10.712,13.846,24.558,24.073
1780272252645,2.434,2.409,3.072,3.477,0.003,0.010,5.434,6.054,22.893,10.948,11.485,22.433,21.430
1780272252714,1.888,1.680,2.730,3.010,0.003,0.010,5.420,6.083,20.824,10.932,9.499,20.431,19.200
1780272252786,1.961,1.906,2.682,2.682,0.003,0.007,3.404,3.889,16.534,6.096,9.092,15.188,13.745
1780272252903,1.735,1.516,2.442,2.598,0.000,0.000,0.524,0.575,9.390,1.408,8.262,9.670,8.533
1780272252973,0.196,0.109,0.189,0.222,0.007,0.025,9.899,11.314,21.961,17.387,1.815,19.202,18.812
1780272253024,0.014,0.010,0.021,0.021,0.000,0.000,2.675,2.336,5.077,5.771,0.797,6.568,16.703
1780272253076,0.003,0.003,0.003,0.007,0.003,0.014,5.554,6.123,11.710,9.979,0.577,10.556,6.352
1780272253125,0.003,0.000,0.003,0.007,0.003,0.014,6.138,6.772,12.940,11.957,0.553,12.510,14.933
1780272253186,0.000,0.000,0.000,0.007,0.003,0.010,6.072,6.750,12.842,12.201,0.553,12.754,14.109
1780272253254,0.000,0.000,0.000,0.003,0.000,0.007,3.852,4.231,8.093,6.625,0.520,7.145,8.315
1780272253312,0.003,0.000,0.000,0.003,0.000,0.000,0.918,0.827,1.751,2.026,0.496,2.522,3.564
1780272253425,0.000,0.000,0.000,0.003,0.007,0.021,10.162,10.792,20.985,17.940,0.553,18.493,12.800
1780272253505,0.003,0.000,0.000,0.003,0.000,0.003,2.959,3.036,6.004,5.722,0.504,6.226,6.255
1780272253561,0.003,0.000,0.000,0.003,0.000,0.000,0.524,0.659,1.189,1.391,0.472,1.863,1.915
1780272253596,1.232,1.031,1.148,0.911,0.000,0.000,0.087,0.102,4.511,0.651,1.758,2.409,1.091
1780272253642,5.015,4.246,5.463,5.077,0.000,0.000,0.018,0.025,19.844,0.268,18.168,18.436,6.255
1780272253704,4.497,4.960,5.926,5.646,0.000,0.000,0.003,0.007,21.039,0.187,19.324,19.511,22.303
1780272253752,3.532,3.907,4.643,4.691,0.000,0.000,0.003,0.003,16.779,0.170,16.638,16.808,15.879
1780272253784,3.229,3.393,4.297,4.363,0.003,0.000,0.003,0.003,15.291,0.162,15.156,15.318,14.279
1780272253830,2.646,3.072,3.925,3.889,0.000,0.000,0.003,0.003,13.538,0.162,13.398,13.560,12.945
1780272253914,1.421,1.687,2.267,2.489,0.000,0.000,0.003,0.000,7.867,0.138,7.667,7.805,6.594
1780272253960,5.883,5.365,0.995,0.823,0.000,0.000,0.000,0.003,13.069,0.146,6.967,7.113,7.297
1780272254010,6.192,7.370,1.953,2.212,0.000,0.000,0.003,0.003,17.733,0.146,15.531,15.677,10.545
1780272254081,2.405,7.895,3.349,4.013,0.000,0.000,0.003,0.003,17.668,0.146,17.110,17.256,15.491
1780272254118,2.106,8.281,3.003,4.344,0.000,0.000,0.003,0.000,17.737,0.138,17.997,18.135,15.176
1780272254157,3.047,7.410,3.491,4.446,0.000,0.000,0.003,0.003,18.400,0.146,17.761,17.907,16.145
1780272254215,3.739,6.695,3.291,4.439,0.000,0.000,0.003,0.000,18.167,0.146,18.038,18.184,15.200
1780272254271,4.275,4.869,0.470,1.512,0.000,0.000,0.003,0.003,11.132,0.146,10.419,10.565,10.012
1780272254306,5.135,2.460,3.258,0.583,0.000,0.000,0.000,0.000,11.436,0.130,9.434,9.564,7.467
1780272254347,5.438,0.470,5.106,0.116,0.000,0.000,0.003,0.003,11.136,0.130,9.181,9.311,8.145
1780272254424,4.377,0.102,6.130,0.109,0.000,0.000,0.003,0.000,10.721,0.130,9.092,9.222,8.655
1780272254474,3.604,0.065,6.189,0.116,0.000,0.000,0.003,0.000,9.977,0.130,9.458,9.588,7.636
1780272254525,3.127,0.021,6.495,0.051,0.000,0.003,0.003,0.003,9.703,0.138,9.613,9.751,8.412
1780272254584,2.901,0.007,5.773,0.010,0.000,0.000,0.003,0.000,8.694,0.130,8.880,9.010,7.976
1780272254612,3.061,1.082,5.507,0.273,0.003,0.003,0.003,0.000,9.932,0.130,8.872,9.002,7.709
1780272254650,2.988,2.143,5.325,0.780,0.000,0.000,0.007,0.003,11.246,0.130,8.937,9.067,7.733
1780272254684,2.770,3.065,5.186,1.636,0.000,0.000,0.003,0.003,12.663,0.122,9.466,9.588,7.661
1780272254746,2.551,7.053,3.823,4.938,0.000,0.000,0.000,0.000,18.365,0.130,17.028,17.158,10.255
1780272254791,2.700,6.746,3.914,4.895,0.000,0.000,0.000,0.000,18.255,0.138,17.631,17.769,15.806
1780272254831,3.065,6.407,4.002,3.973,0.000,0.000,0.003,0.000,17.450,0.146,17.256,17.402,15.273
1780272254870,3.265,5.791,3.994,3.747,0.000,0.000,0.003,0.003,16.803,0.146,16.353,16.499,14.812
1780272254960,2.555,4.406,3.659,2.999,0.000,0.000,0.003,0.000,13.622,0.138,12.787,12.925,12.097
1780272255010,0.845,4.231,3.528,0.481,0.000,0.000,0.003,0.003,9.091,0.138,9.173,9.311,8.533
1780272255051,4.075,3.696,2.070,0.145,0.000,0.000,0.003,0.003,9.992,0.122,7.415,7.537,7.103
1780272255114,4.862,2.675,5.988,0.309,0.000,0.003,0.003,0.000,13.840,0.113,9.271,9.384,9.794
1780272255156,1.133,1.042,3.929,0.174,0.000,0.000,0.003,0.000,6.281,0.130,4.322,4.452,5.018
1780272255196,0.164,0.142,1.625,0.014,0.000,0.000,0.003,0.003,1.951,0.122,1.766,1.888,1.479
1780272255227,0.036,0.036,0.335,0.007,0.003,0.000,0.003,0.000,0.420,0.122,0.854,0.976,0.703
1780272255269,0.007,0.010,0.032,0.003,0.000,0.003,0.003,0.000,0.058,0.122,0.577,0.699,0.679
1780272255315,0.003,0.003,0.010,0.003,0.000,0.000,0.003,0.000,0.022,0.122,0.496,0.618,0.630
1780272255353,0.000,0.003,0.007,0.003,0.000,0.000,0.000,0.000,0.013,0.113,0.463,0.576,0.630
1780272255390,0.003,0.003,0.003,0.003,0.000,0.000,0.003,0.000,0.015,0.122,0.463,0.585,0.679
1780272255475,0.003,0.000,0.003,0.007,0.000,0.000,0.003,0.000,0.016,0.122,0.472,0.594,0.679
1780272255508,0.003,0.003,0.003,0.003,0.000,0.000,0.003,0.003,0.018,0.122,0.472,0.594,0.727
1780272255544,0.003,0.003,0.003,0.007,0.000,0.000,0.003,0.000,0.019,0.122,0.480,0.602,0.679
1780272255577,0.000,0.000,0.003,0.003,0.000,0.003,0.003,0.000,0.012,0.122,0.472,0.594,0.679
1780272255641,0.003,0.003,0.000,0.003,0.000,0.000,0.003,0.003,0.015,0.122,0.463,0.585,0.679
1780272255672,0.003,0.003,0.000,0.003,0.000,0.003,0.003,0.003,0.018,0.122,0.455,0.577,0.703
1780272255720,0.000,0.000,0.000,0.003,0.000,0.000,0.003,0.003,0.009,0.122,0.472,0.594,0.679
1780272255749,0.007,0.000,0.000,0.003,0.000,0.000,0.003,0.003,0.016,0.122,0.463,0.585,0.703
1780272255805,0.003,0.003,0.007,0.003,0.000,0.000,0.003,0.000,0.019,0.122,0.463,0.585,0.679
1780272255854,0.000,0.000,0.000,0.003,0.000,0.000,0.003,0.000,0.006,0.122,0.455,0.577,0.630
1780272255909,0.000,0.000,0.000,0.003,0.000,0.000,0.003,0.003,0.009,0.122,0.455,0.577,0.679
1780272256010,0.000,0.000,0.000,0.000,0.000,0.003,0.003,0.003,0.009,0.122,0.455,0.577,0.679
1780272256040,0.000,0.003,0.000,0.003,0.000,0.000,0.003,0.000,0.009,0.122,0.463,0.585,0.679
1780272256076,0.003,0.000,0.003,0.003,0.003,0.000,0.003,0.003,0.018,0.122,0.463,0.585,0.679
1780272256108,0.000,0.000,0.000,0.003,0.000,0.003,0.000,0.000,0.006,0.130,0.447,0.577,0.679
1780272256172,0.000,0.000,0.000,0.003,0.000,0.000,0.003,0.003,0.009,0.122,0.455,0.577,0.679
1780272256245,0.000,0.000,0.000,0.003,0.007,0.018,7.326,7.906,15.260,11.721,0.512,12.233,5.673
1780272256282,0.000,0.000,0.000,0.000,0.007,0.018,8.139,8.689,16.853,15.026,0.520,15.546,16.800
1780272256323,0.000,0.000,0.000,0.003,0.007,0.014,7.957,8.558,16.539,15.506,0.529,16.035,17.358
1780272256368,0.000,0.000,0.003,0.003,0.003,0.018,7.782,8.172,15.981,15.156,0.545,15.701,19.127
1780272256403,0.000,0.000,0.000,0.000,0.007,0.014,7.672,8.175,15.868,14.993,0.545,15.538,18.642
1780272256447,0.000,0.000,0.000,0.003,0.007,0.014,7.709,8.186,15.919,15.050,0.545,15.595,17.382
1780272256537,2.839,2.952,3.098,2.803,0.003,0.014,6.983,7.690,26.382,14.041,4.924,18.965,17.891
1780272256591,5.248,5.296,6.812,6.327,0.003,0.007,5.354,5.981,35.028,11.200,20.358,31.558,27.879
1780272256634,3.954,5.452,5.584,7.053,0.003,0.010,5.420,6.003,33.479,10.956,20.553,31.509,31.079
1780272256675,2.445,5.445,5.868,6.954,0.000,0.010,5.321,5.857,31.900,10.761,20.488,31.249,28.412
1780272256745,3.335,4.891,4.581,5.842,0.003,0.010,5.401,5.875,29.938,10.785,18.477,29.262,27.636
1780272256810,3.116,4.366,4.734,5.281,0.003,0.010,5.321,5.846,28.677,10.647,17.142,27.789,26.036
1780272256886,2.967,4.111,4.118,4.388,0.003,0.010,5.332,5.795,26.724,10.663,15.189,25.852,23.661
1780272256953,2.817,3.849,3.812,3.892,0.000,0.010,5.314,5.751,25.445,10.622,13.846,24.468,22.448
1780272257062,0.298,0.269,0.204,0.320,0.003,0.010,6.156,6.710,13.970,12.250,1.652,13.902,13.042
1780272257120,0.051,0.043,0.025,0.029,0.000,0.007,3.688,4.111,7.954,6.316,0.691,7.007,8.315
1780272257173,0.007,0.007,0.003,0.003,0.003,0.000,0.867,0.736,1.626,1.961,0.520,2.481,3.103
1780272257242,0.003,0.003,0.003,0.003,0.000,0.000,0.193,0.211,0.416,0.488,0.480,0.968,0.848
1780272257297,0.000,0.003,0.003,0.003,0.000,0.000,0.145,0.167,0.321,0.309,0.463,0.772,0.848
1780272257366,0.000,0.003,0.003,0.003,0.000,0.003,1.709,1.873,3.594,1.644,0.472,2.116,1.891
1780272257415,0.000,0.000,0.000,0.003,0.000,0.003,1.957,2.190,4.153,2.108,0.480,2.588,2.594
1780272257476,0.003,0.000,0.000,0.003,0.003,0.003,2.638,2.919,5.569,3.060,0.463,3.523,2.739
1780272257580,0.000,0.000,0.000,0.003,0.000,0.003,2.088,2.372,4.466,2.588,0.480,3.068,3.176
1780272257639,0.003,0.000,0.000,0.003,0.000,0.000,0.729,0.889,1.624,1.196,0.472,1.668,1.964
1780272257683,0.000,0.000,0.000,0.003,0.000,0.000,0.393,0.506,0.902,0.577,0.455,1.032,1.018
1780272257733,0.000,0.000,0.000,0.003,0.000,0.000,0.204,0.215,0.422,0.333,0.455,0.788,0.970
1780272257790,0.000,0.003,0.000,0.003,0.000,0.000,0.200,0.233,0.439,0.301,0.455,0.756,0.897
1780272257844,0.000,0.000,0.003,0.003,0.000,0.003,1.713,2.037,3.759,1.782,0.455,2.237,1.794
1780272257910,0.003,0.000,0.000,0.003,0.000,0.003,2.121,2.376,4.506,2.385,0.472,2.857,2.909
1780272257953,0.003,0.000,0.000,0.003,0.000,0.003,2.135,2.380,4.524,2.450,0.480,2.930,2.982
1780272258005,0.003,0.000,0.000,0.003,0.000,0.000,0.798,0.965,1.769,1.245,0.496,1.741,2.958
1780272258110,0.000,0.000,0.000,0.003,0.000,0.003,1.939,2.135,4.080,2.051,0.455,2.506,2.448
1780272258169,0.003,0.000,0.003,0.003,0.000,0.000,0.422,0.524,0.955,0.960,0.455,1.415,2.448
1780272258197,0.000,0.000,0.000,0.000,0.000,0.000,0.080,0.102,0.182,0.407,0.447,0.854,0.703
1780272258234,0.000,0.003,0.003,0.003,0.000,0.000,0.010,0.018,0.037,0.203,0.463,0.666,1.939
1780272258264,0.000,0.000,0.000,0.003,0.000,0.003,0.007,0.007,0.020,0.162,0.496,0.658,3.515
1780272258304,0.003,0.000,0.000,0.003,0.000,0.003,0.003,0.003,0.015,0.146,0.480,0.626,2.788
1780272258333,0.000,0.000,0.000,0.003,0.000,0.003,0.003,0.003,0.012,0.138,0.472,0.610,2.061
1780272258381,0.000,0.000,0.000,0.003,0.000,0.000,0.003,0.003,0.009,0.130,0.496,0.626,0.776
1780272258413,0.000,0.000,0.000,0.003,0.000,0.000,0.003,0.003,0.009,0.130,0.504,0.634,0.727
1780272258445,0.000,0.000,0.000,0.003,0.003,0.000,0.003,0.003,0.012,0.130,0.488,0.618,0.848
1780272258472,0.000,0.000,0.000,0.003,0.000,0.000,0.003,0.003,0.009,0.122,0.480,0.602,1.091
1780272258525,0.003,0.000,0.000,0.003,0.003,0.000,0.003,0.003,0.015,0.130,0.488,0.618,0.824
1780272258610,4.592,3.863,7.731,5.744,0.003,0.000,0.003,0.000,21.936,0.146,16.174,16.320,14.521
1780272258653,2.974,2.125,8.113,3.863,0.000,0.007,0.003,0.000,17.085,0.146,13.414,13.560,12.267
1780272258719,1.148,0.262,5.729,5.693,0.000,0.000,0.003,0.003,12.838,0.146,11.094,11.240,10.279
1780272258762,3.360,1.403,4.337,5.030,0.000,0.000,0.003,0.003,14.136,0.122,11.436,11.558,8.921
1780272258826,6.673,4.665,2.792,4.647,0.000,0.000,0.003,0.000,18.780,0.130,15.213,15.343,14.764
1780272258857,5.267,4.610,2.642,4.815,0.000,0.000,0.003,0.000,17.337,0.122,15.221,15.343,13.067
1780272258903,5.740,4.075,2.777,4.527,0.000,0.000,0.003,0.003,17.125,0.138,14.708,14.846,13.333
1780272258955,4.651,3.229,2.704,4.782,0.000,0.000,0.003,0.000,15.369,0.138,13.357,13.495,12.097
1780272258994,4.217,2.431,1.592,4.800,0.000,0.000,0.003,0.000,13.043,0.146,11.029,11.175,10.376
1780272259050,3.524,0.342,0.280,5.041,0.000,0.000,0.000,0.003,9.190,0.138,8.652,8.790,7.806
1780272259147,1.687,1.607,2.270,5.150,0.000,0.000,0.003,0.003,10.720,0.138,7.456,7.594,7.152
1780272259184,0.860,0.765,6.094,2.569,0.000,0.000,0.003,0.003,10.294,0.146,8.367,8.513,7.564
1780272259253,1.119,1.578,7.392,0.215,0.000,0.000,0.003,0.003,10.310,0.146,8.864,9.010,8.242
1780272259307,0.211,0.349,1.622,0.047,0.000,0.003,0.003,0.000,2.235,0.138,2.279,2.417,2.279
1780272259339,0.047,0.065,0.342,0.014,0.000,0.000,0.003,0.000,0.471,0.130,1.172,1.302,0.727
1780272259378,0.010,0.010,0.047,0.003,0.000,0.000,0.003,0.007,0.080,0.130,0.651,0.781,0.679
1780272259413,0.007,0.007,0.014,0.003,0.003,0.000,0.007,0.000,0.041,0.122,0.537,0.659,0.630
1780272259469,0.003,0.003,0.003,0.007,0.000,0.000,0.003,0.000,0.019,0.122,0.463,0.585,0.630
1780272259504,0.003,0.003,0.003,0.007,0.003,0.000,0.003,0.003,0.025,0.122,0.463,0.585,0.679
1780272259555,0.003,0.003,0.003,0.003,0.000,0.000,0.003,0.000,0.015,0.130,0.472,0.602,0.703
1780272259615,0.000,0.000,0.003,0.003,0.000,0.000,0.003,0.003,0.012,0.122,0.447,0.569,0.630
1780272259687,0.000,0.000,0.000,0.003,0.000,0.000,0.003,0.003,0.009,0.130,0.455,0.585,0.630
1780272259715,0.000,0.000,0.000,0.007,0.000,0.000,0.003,0.003,0.013,0.122,0.455,0.577,0.630
1780272259792,0.000,0.003,0.000,0.003,0.000,0.003,0.000,0.003,0.012,0.122,0.463,0.585,0.630
1780272259841,0.000,0.000,0.000,0.007,0.000,0.000,0.003,0.003,0.013,0.122,0.463,0.585,0.630
1780272259877,0.000,0.000,0.003,0.003,0.000,0.000,0.003,0.000,0.009,0.122,0.455,0.577,0.679
1780272259931,0.003,0.000,0.000,0.003,0.000,0.000,0.007,0.003,0.016,0.122,0.455,0.577,0.630
1780272259962,0.000,0.000,0.000,0.007,0.000,0.000,0.003,0.000,0.010,0.122,0.455,0.577,0.679
1780272260000,0.003,0.000,0.003,0.003,0.000,0.003,0.003,0.000,0.015,0.122,0.439,0.561,0.630
1780272260036,0.000,0.000,0.000,0.003,0.000,0.000,0.003,0.003,0.009,0.130,0.455,0.585,0.679
1780272260096,0.003,0.000,0.003,0.003,0.000,0.000,0.003,0.000,0.012,0.122,0.455,0.577,0.679
1780272260131,0.000,0.000,0.000,0.003,0.000,0.003,0.003,0.003,0.012,0.122,0.455,0.577,0.630
1780272260199,0.000,0.000,0.000,0.007,0.000,0.003,0.003,0.000,0.013,0.122,0.447,0.569,0.630
1780272260232,0.000,0.000,0.000,0.003,0.000,0.000,0.003,0.000,0.006,0.122,0.447,0.569,0.679
1780272260292,0.000,0.000,0.000,0.003,0.000,0.000,0.003,0.003,0.009,0.122,0.480,0.602,0.679
1780272260319,0.003,0.000,0.000,0.003,0.000,0.000,0.003,0.000,0.009,0.122,0.463,0.585,0.630
1780272260366,0.003,0.000,0.000,0.003,0.000,0.000,0.000,0.003,0.009,0.122,0.455,0.577,0.703
1780272260393,0.000,0.000,0.000,0.003,0.000,0.000,0.003,0.003,0.009,0.122,0.455,0.577,0.630
1780272260427,0.003,0.000,0.000,0.003,0.000,0.000,0.003,0.003,0.012,0.122,0.463,0.585,0.679
1780272260458,0.003,0.000,0.003,0.003,0.003,0.000,0.003,0.003,0.018,0.122,0.463,0.585,0.679
1780272260498,0.000,0.000,0.003,0.003,0.000,0.003,0.003,0.000,0.012,0.122,0.463,0.585,0.630
1780272260531,0.000,0.000,0.000,0.007,0.000,0.000,0.007,0.000,0.014,0.122,0.463,0.585,0.679
1780272260570,0.000,0.003,0.000,0.003,0.000,0.000,0.003,0.003,0.012,0.122,0.463,0.585,0.679
1780272260609,0.000,0.000,0.000,0.003,0.000,0.000,0.003,0.003,0.009,0.122,0.447,0.569,0.630
1780272260656,0.000,0.000,0.000,0.003,0.000,0.003,0.003,0.003,0.012,0.122,0.455,0.577,0.679
1780272260728,0.000,0.000,0.000,0.003,0.003,0.000,0.003,0.000,0.009,0.122,0.463,0.585,0.679
1780272260760,0.000,0.000,0.000,0.003,0.000,0.003,0.003,0.000,0.009,0.122,0.463,0.585,0.679
1780272260827,0.000,0.003,0.000,0.003,0.003,0.000,0.003,0.003,0.015,0.122,0.455,0.577,0.679
1780272260871,0.000,0.000,0.000,0.003,0.000,0.000,0.003,0.000,0.006,0.122,0.447,0.569,0.679
1780272260909,0.000,0.000,0.000,0.003,0.000,0.000,0.003,0.003,0.009,0.122,0.447,0.569,0.630
1780272260945,0.000,0.000,0.003,0.003,0.000,0.000,0.003,0.003,0.012,0.122,0.455,0.577,0.679
1780272260988,0.000,0.000,0.000,0.003,0.000,0.000,0.003,0.000,0.006,0.122,0.447,0.569,0.630
1780272261022,0.000,0.000,0.000,0.003,0.000,0.000,0.003,0.003,0.009,0.122,0.447,0.569,0.630
1780272261070,0.000,0.000,0.000,0.003,0.000,0.000,0.000,0.000,0.003,0.130,0.472,0.602,0.703
1780272261125,0.003,0.000,0.000,0.003,0.000,0.000,0.003,0.003,0.012,0.122,0.463,0.585,0.630
1780272261163,0.000,0.000,0.000,0.003,0.000,0.000,0.003,0.000,0.006,0.122,0.439,0.561,0.630
1780272261240,0.000,0.000,0.000,0.003,0.000,0.000,0.003,0.000,0.006,0.122,0.439,0.561,0.630
1780272261277,0.000,0.000,0.000,0.003,0.000,0.003,0.003,0.000,0.009,0.122,0.439,0.561,0.679
1780272261345,0.000,0.000,0.003,0.003,0.000,0.000,0.003,0.003,0.012,0.122,0.447,0.569,0.679
1780272261388,0.000,0.000,0.000,0.007,0.000,0.000,0.003,0.003,0.013,0.122,0.439,0.561,0.630
1780272261435,0.000,0.003,0.000,0.003,0.000,0.000,0.003,0.003,0.012,0.122,0.439,0.561,0.630
1780272261468,0.000,0.000,0.000,0.003,0.000,0.000,0.003,0.003,0.009,0.122,0.447,0.569,0.630
1780272261504,0.003,0.000,0.000,0.007,0.000,0.000,0.007,0.000,0.017,0.122,0.455,0.577,0.679
1780272261537,0.000,0.000,0.000,0.003,0.000,0.000,0.003,0.000,0.006,0.122,0.472,0.594,0.679
1780272261582,0.000,0.000,0.000,0.003,0.000,0.000,0.003,0.000,0.006,0.130,0.447,0.577,0.679
1780272261619,0.000,0.000,0.000,0.003,0.000,0.000,0.003,0.003,0.009,0.122,0.463,0.585,0.630
1780272261654,0.000,0.000,0.003,0.003,0.000,0.000,0.003,0.000,0.009,0.122,0.447,0.569,0.679
1780272261687,0.003,0.000,0.003,0.003,0.000,0.000,0.003,0.003,0.015,0.122,0.455,0.577,0.679
1780272261762,0.000,0.000,0.000,0.003,0.003,0.000,0.003,0.000,0.009,0.122,0.455,0.577,0.630
1780272261796,0.000,0.000,0.000,0.003,0.000,0.000,0.003,0.000,0.006,0.122,0.463,0.585,0.679
1780272261864,0.000,0.000,0.000,0.003,0.000,0.000,0.003,0.000,0.006,0.122,0.447,0.569,0.703
1780272261927,0.000,0.000,0.000,0.007,0.000,0.003,0.003,0.000,0.013,0.122,0.455,0.577,0.679
1780272261957,0.000,0.000,0.000,0.007,0.000,0.003,0.003,0.000,0.013,0.122,0.472,0.594,0.679
1780272261990,0.000,0.000,0.000,0.003,0.000,0.003,0.003,0.000,0.009,0.122,0.463,0.585,0.630
1780272262017,0.003,0.000,0.000,0.003,0.000,0.000,0.003,0.000,0.009,0.122,0.472,0.594,0.679
1780272262057,0.000,0.000,0.000,0.003,0.000,0.000,0.003,0.003,0.009,0.122,0.488,0.610,0.703
1780272262086,0.003,0.000,0.000,0.003,0.003,0.000,0.003,0.003,0.015,0.122,0.472,0.594,0.703
1780272262130,0.000,0.000,0.000,0.003,0.000,0.000,0.000,0.000,0.003,0.122,0.455,0.577,0.630
1780272262162,0.000,0.000,0.000,0.003,0.000,0.000,0.003,0.003,0.009,0.122,0.455,0.577,0.679
1780272262219,0.003,0.000,0.003,0.003,0.000,0.000,0.003,0.000,0.012,0.122,0.447,0.569,0.679
1780272262300,0.003,0.000,0.000,0.003,0.000,0.000,0.003,0.003,0.012,0.122,0.463,0.585,0.679
1780272262369,0.000,0.000,0.000,0.003,0.000,0.000,0.000,0.003,0.006,0.122,0.439,0.561,0.630
1780272262424,0.000,0.000,0.000,0.003,0.000,0.000,0.003,0.003,0.009,0.122,0.447,0.569,0.679
1780272262457,0.003,0.000,0.000,0.003,0.000,0.003,0.003,0.003,0.015,0.122,0.431,0.553,0.630
1780272262506,0.003,0.000,0.000,0.003,0.000,0.003,0.003,0.000,0.012,0.122,0.447,0.569,0.679
1780272262541,0.000,0.000,0.000,0.003,0.000,0.003,0.003,0.000,0.009,0.122,0.447,0.569,0.630
1780272262590,0.003,0.000,0.000,0.003,0.000,0.000,0.003,0.000,0.009,0.122,0.463,0.585,0.679
1780272262642,0.003,0.000,0.003,0.003,0.000,0.003,0.003,0.003,0.018,0.122,0.447,0.569,0.630
1780272262674,0.000,0.000,0.000,0.003,0.000,0.000,0.003,0.000,0.006,0.122,0.439,0.561,0.679
1780272262719,0.000,0.000,0.003,0.003,0.000,0.003,0.003,0.000,0.012,0.122,0.439,0.561,0.630
1780272262750,0.003,0.000,0.000,0.007,0.000,0.000,0.003,0.000,0.013,0.122,0.447,0.569,0.630
1780272262826,0.000,0.000,0.000,0.003,0.000,0.003,0.000,0.003,0.009,0.122,0.455,0.577,0.630
1780272262882,0.000,0.000,0.000,0.003,0.000,0.000,0.003,0.000,0.006,0.122,0.455,0.577,0.679
1780272262929,0.000,0.000,0.000,0.003,0.000,0.000,0.003,0.000,0.006,0.122,0.447,0.569,0.679
1780272262975,0.003,0.000,0.000,0.003,0.000,0.003,0.003,0.003,0.015,0.122,0.447,0.569,0.630
1780272263006,0.000,0.000,0.000,0.007,0.000,0.000,0.003,0.003,0.013,0.122,0.455,0.577,0.679
1780272263043,0.000,0.000,0.000,0.003,0.000,0.000,0.003,0.003,0.009,0.122,0.447,0.569,0.630
1780272263074,0.000,0.000,0.000,0.000,0.000,0.000,0.003,0.000,0.003,0.122,0.463,0.585,0.703
1780272263122,0.003,0.000,0.000,0.003,0.000,0.000,0.003,0.003,0.012,0.122,0.455,0.577,0.679
1780272263164,0.000,0.000,0.000,0.003,0.003,0.000,0.003,0.000,0.009,0.122,0.447,0.569,0.679
1780272263202,0.003,0.000,0.000,0.003,0.000,0.000,0.003,0.003,0.012,0.130,0.439,0.569,0.630
1780272263255,0.000,0.000,0.003,0.003,0.000,0.000,0.003,0.003,0.012,0.122,0.439,0.561,0.630
1780272263337,0.003,0.000,0.000,0.003,0.000,0.000,0.003,0.000,0.009,0.122,0.447,0.569,0.630
1780272263406,0.000,0.000,0.000,0.003,0.000,0.000,0.003,0.000,0.006,0.122,0.439,0.561,0.630
1780272263472,0.003,0.000,0.000,0.003,0.000,0.003,0.003,0.000,0.012,0.122,0.447,0.569,0.630
1780272263523,0.000,0.000,0.000,0.007,0.000,0.003,0.003,0.000,0.013,0.122,0.455,0.577,0.679
1780272263565,0.007,0.000,0.000,0.003,0.000,0.000,0.003,0.003,0.016,0.122,0.463,0.585,0.679
1780272263603,0.000,0.000,0.000,0.003,0.000,0.003,0.003,0.000,0.009,0.122,0.455,0.577,0.703
1780272263634,0.000,0.003,0.000,0.003,0.000,0.000,0.003,0.000,0.009,0.122,0.447,0.569,0.679
1780272263682,0.000,0.000,0.003,0.000,0.000,0.000,0.003,0.003,0.009,0.122,0.447,0.569,0.679
1780272263717,0.000,0.000,0.000,0.003,0.000,0.000,0.003,0.003,0.009,0.122,0.455,0.577,0.630
1780272263764,0.000,0.000,0.003,0.003,0.000,0.000,0.003,0.000,0.009,0.122,0.447,0.569,0.630
1780272263870,0.000,0.000,0.000,0.003,0.007,0.014,7.895,7.887,15.806,13.658,0.496,14.154,15.103
1780272263942,0.000,0.000,0.000,0.003,0.003,0.018,8.332,8.882,17.238,16.385,0.537,16.922,18.715
1780272264005,0.000,0.003,0.000,0.003,0.007,0.018,7.989,8.784,16.804,16.206,0.569,16.775,19.927
1780272264042,0.003,0.000,0.000,0.003,0.003,0.018,7.865,8.729,16.621,15.718,0.545,16.263,20.024
1780272264085,0.000,0.000,0.000,0.003,0.007,0.018,7.986,8.605,16.619,15.693,0.561,16.254,18.958
1780272264138,0.000,0.000,0.000,0.003,0.003,0.014,7.680,8.492,16.192,15.417,0.561,15.978,17.915
1780272264205,3.947,4.552,4.793,5.041,0.003,0.010,6.313,6.856,31.515,12.958,12.828,25.786,23.709
1780272264267,2.314,6.087,5.915,6.528,0.003,0.010,5.762,6.273,32.892,11.721,20.056,31.777,29.261
1780272264351,2.438,5.762,4.946,4.887,0.003,0.014,5.868,6.254,30.172,11.518,17.281,28.799,26.618
1780272264421,2.609,5.339,4.621,4.071,0.003,0.010,5.821,6.400,28.874,11.591,15.246,26.837,25.600
1780272264492,2.784,4.774,4.133,3.699,0.003,0.010,5.857,6.327,27.587,11.558,14.017,25.575,24.024
1780272264562,3.047,3.987,3.991,3.597,0.003,0.010,5.664,6.200,26.499,11.322,13.137,24.459,23.006
1780272264617,2.573,3.717,3.827,3.233,0.003,0.014,5.638,6.174,25.179,11.306,12.063,23.369,21.915
1780272264665,0.623,1.027,1.002,0.965,0.007,0.010,6.309,6.954,16.897,12.429,4.411,16.840,21.358
1780272264728,0.029,0.047,0.047,0.029,0.003,0.010,6.251,6.929,13.345,12.934,0.976,13.910,13.091
1780272264769,0.007,0.010,0.007,0.007,0.003,0.014,6.174,6.867,13.089,12.763,0.634,13.397,13.285
1780272264816,0.003,0.007,0.003,0.007,0.000,0.003,3.178,3.608,6.809,6.528,0.537,7.065,13.018
1780272264898,0.003,0.003,0.003,0.007,0.000,0.003,0.554,0.670,1.243,1.839,0.480,2.319,1.576
1780272264962,0.000,0.003,0.000,0.003,0.007,0.021,9.159,9.353,18.546,15.148,0.529,15.677,16.242
1780272265030,0.000,0.003,0.003,0.003,0.000,0.007,3.900,4.286,8.202,6.267,0.512,6.779,9.939
1780272265095,0.000,0.000,0.000,0.003,0.003,0.014,6.068,6.706,12.794,11.249,0.529,11.778,12.800
1780272265145,0.000,0.000,0.003,0.007,0.003,0.014,6.094,6.819,12.940,12.169,0.496,12.665,13.673
1780272265203,0.000,0.000,0.000,0.003,0.003,0.014,6.057,6.706,12.783,12.193,0.520,12.713,12.897
1780272265281,0.000,0.000,0.000,0.003,0.000,0.000,1.078,1.326,2.407,2.637,0.488,3.125,4.630
1780272265338,0.003,0.000,0.000,0.003,0.007,0.021,9.575,10.464,20.073,15.620,0.545,16.165,7.321
1780272265437,0.000,0.000,0.000,0.003,0.010,0.021,10.304,11.237,21.575,20.105,0.610,20.715,20.970
1780272265496,2.431,2.234,1.786,2.653,0.003,0.014,6.838,7.402,23.361,14.489,5.372,19.861,20.024
1780272265570,3.812,5.868,6.692,5.113,0.000,0.010,5.456,5.879,32.830,11.127,17.167,28.294,25.115
1780272265628,2.314,6.185,6.021,4.771,0.003,0.010,5.445,5.791,30.540,10.736,16.857,27.593,25.721
1780272265681,1.315,2.533,1.735,2.135,0.003,0.010,6.356,6.834,20.921,12.307,5.404,17.711,18.545
1780272265733,0.196,0.240,0.247,0.368,0.003,0.014,6.426,6.998,14.492,12.730,1.652,14.382,13.964
1780272265796,0.010,0.014,0.014,0.014,0.003,0.010,6.232,6.786,13.083,12.869,0.659,13.528,12.994
1780272265834,0.003,0.007,0.003,0.007,0.003,0.010,6.203,6.706,12.942,12.714,0.577,13.291,13.188
1780272265874,0.003,0.000,0.003,0.003,0.003,0.014,6.152,6.619,12.797,12.437,0.545,12.982,13.091
1780272265953,0.000,0.000,0.000,0.003,0.000,0.003,3.816,3.973,7.795,6.658,0.512,7.170,9.261
1780272266021,0.000,0.000,0.000,0.000,3.863,0.021,9.440,9.724,23.048,19.299,0.553,19.852,16.703
1780272266101,0.000,0.000,0.000,0.003,2.762,2.879,9.969,10.770,26.383,23.638,0.610,24.248,28.824
1780272266151,0.000,0.000,0.000,0.003,2.416,2.464,6.320,6.929,18.132,16.621,0.569,17.190,19.248
1780272266218,0.000,0.000,0.000,0.003,1.603,1.786,6.258,6.772,16.422,15.262,0.537,15.799,16.000
1780272266276,0.000,0.000,0.000,0.000,1.519,1.509,6.028,6.571,15.627,14.668,0.545,15.213,15.345
1780272266337,0.000,0.000,0.000,0.000,1.406,1.527,5.988,6.473,15.394,14.383,0.545,14.928,15.030
1780272266385,0.000,0.000,0.000,0.003,1.403,1.490,5.893,6.324,15.113,14.147,0.529,14.676,14.885
1780272266437,0.000,0.000,0.000,0.003,1.705,1.760,3.845,4.253,11.566,10.134,0.512,10.646,11.321
1780272266534,0.003,0.000,0.000,0.003,0.076,0.120,2.504,2.748,5.454,3.996,0.480,4.476,4.339
1780272266609,0.863,0.703,0.386,0.758,0.003,0.003,0.313,0.360,3.389,0.993,1.001,1.994,2.279
1780272266664,4.581,3.444,4.906,3.699,0.007,0.021,8.470,9.010,34.138,13.089,11.094,24.183,14.279
1780272266717,2.919,0.761,6.827,0.940,0.010,0.021,9.659,10.417,31.554,17.794,10.077,27.871,28.048
1780272266761,3.499,0.051,6.652,0.065,0.003,0.010,6.283,6.907,23.470,12.853,10.899,23.752,21.867
1780272266821,3.098,3.652,4.457,4.581,3.645,3.429,4.698,5.088,32.648,15.482,14.521,30.003,23.855
1780272266884,2.675,3.612,4.505,5.864,2.012,2.165,4.599,5.092,30.524,13.227,16.174,29.401,27.758
1780272266929,3.087,3.881,4.111,5.296,1.643,1.735,4.727,5.135,29.615,12.673,15.759,28.432,26.448
1780272266999,1.986,2.828,4.246,4.599,1.396,1.519,4.767,5.095,26.436,12.291,14.407,26.698,24.121
1780272267071,2.828,3.160,3.182,3.703,1.516,1.483,4.774,5.183,25.829,12.307,12.429,24.736,24.024
1780272267152,3.768,0.153,3.575,0.229,1.968,1.986,0.543,0.568,12.790,5.461,7.903,13.364,13.430
1780272267195,2.507,0.739,2.449,0.776,0.874,1.006,8.000,8.383,24.734,14.228,6.422,20.650,14.085
1780272267237,1.764,2.165,1.359,2.587,0.750,0.929,9.480,10.289,29.323,18.982,7.920,26.902,24.994
1780272267290,2.205,2.504,1.530,3.440,1.541,1.530,5.755,6.251,24.756,14.562,9.645,24.207,23.370
1780272267351,2.518,2.464,1.957,2.996,1.509,1.512,5.215,5.711,23.882,13.618,9.580,23.198,22.036
1780272267412,2.314,2.052,1.745,2.518,2.052,1.760,5.172,5.584,23.197,13.878,8.774,22.652,21.261
1780272267475,2.438,0.306,0.349,0.801,1.807,2.340,5.405,5.813,19.259,14.619,4.452,19.071,18.642
1780272267545,2.190,4.862,0.058,0.149,2.281,2.267,5.113,5.580,22.500,14.660,4.338,18.998,18.085
1780272267634,1.385,3.626,0.007,0.338,2.114,2.259,5.128,5.503,20.360,14.310,3.500,17.810,17.382
1780272267710,1.625,1.920,4.206,4.268,1.968,1.753,3.429,3.765,22.934,9.450,7.073,16.523,16.024
1780272267781,3.510,2.263,5.179,3.473,1.735,1.880,1.406,1.632,21.078,6.284,9.133,15.417,13.818
1780272267837,3.382,3.207,4.191,3.819,1.753,1.862,0.386,0.477,19.077,4.875,10.036,14.911,13.552
1780272267894,3.830,3.411,3.517,3.378,1.756,1.669,0.273,0.349,18.183,3.956,9.686,13.642,13.212
1780272267952,3.601,0.940,0.769,3.491,1.622,1.760,0.787,0.987,13.957,4.224,7.985,12.209,11.079
1780272268009,2.172,2.828,2.281,3.462,1.516,1.549,0.831,0.991,15.630,4.037,9.352,13.389,12.000
1780272268122,0.032,4.862,0.058,2.748,1.443,1.534,2.737,3.054,16.468,6.731,7.244,13.975,13.600
1780272268212,0.007,3.160,0.007,1.731,1.585,1.629,2.755,3.061,13.935,7.130,5.242,12.372,11.467
1780272268293,0.634,3.265,0.400,1.399,1.632,1.618,2.230,2.445,13.623,6.243,4.989,11.232,10.618
1780272268352,3.932,2.591,6.994,0.896,1.304,1.406,0.510,0.503,18.136,3.719,12.617,16.336,15.491
1780272268421,1.775,3.028,6.105,1.257,1.458,1.468,0.364,0.484,15.939,3.369,12.364,15.733,14.933
1780272268483,0.816,0.546,2.161,0.317,1.680,1.749,2.558,2.948,12.775,6.658,3.646,10.304,10.788
1780272268555,0.043,0.032,0.153,0.025,1.629,1.775,2.999,3.244,9.900,7.431,0.903,8.334,8.315
1780272268639,0.003,0.003,0.007,0.003,1.614,1.665,2.700,2.919,8.914,6.967,0.520,7.487,7.564
1780272268736,0.000,0.003,0.003,0.003,1.578,1.611,2.715,2.959,8.872,6.894,0.504,7.398,7.370
1780272268801,0.003,0.003,0.003,0.003,1.556,1.632,2.336,2.566,8.102,6.300,0.512,6.812,7.248
1780272268865,0.003,0.000,0.000,0.003,1.618,1.611,2.074,2.347,7.656,5.966,0.520,6.486,6.448
1780272268930,0.280,0.550,0.193,0.583,1.618,1.709,1.104,1.253,7.290,4.672,0.724,5.396,5.673
1780272268999,5.008,4.873,5.416,5.259,1.097,1.191,0.244,0.277,23.365,2.857,13.813,16.670,14.109
1780272269061,0.765,0.583,0.637,0.739,1.844,1.833,1.906,2.103,10.410,5.787,3.304,9.091,8.533
1780272269126,0.021,0.025,0.036,0.029,1.585,1.680,2.347,2.638,8.361,6.267,0.936,7.203,6.861
1780272269185,0.189,0.174,0.149,0.204,1.560,1.603,2.256,2.478,8.613,6.153,0.618,6.771,6.909
1780272269285,2.522,2.726,7.297,6.754,1.355,1.315,0.229,0.269,22.467,3.247,15.799,19.046,19.079
1780272269344,2.314,2.391,6.152,5.011,1.589,1.585,1.410,1.560,22.012,4.664,11.827,16.491,13.261
1780272269399,0.699,0.681,0.743,0.590,1.756,1.760,3.389,3.663,13.281,8.441,2.914,11.355,10.521
1780272269459,0.029,0.029,0.058,0.043,1.724,1.782,2.861,3.160,9.686,7.781,0.887,8.668,8.461
1780272269523,0.003,0.007,0.003,0.003,1.603,1.665,2.609,2.883,8.776,6.984,0.569,7.553,7.636
1780272269608,4.191,4.158,3.980,3.860,0.112,0.149,0.422,0.528,17.400,1.717,9.027,10.744,8.897
1780272269696,6.455,6.167,5.226,5.547,0.003,0.003,0.171,0.185,23.757,0.480,21.538,22.018,20.703
1780272269758,0.820,6.185,0.710,4.202,0.003,0.003,1.953,2.139,16.015,2.401,12.014,14.415,13.261
1780272269844,1.173,3.637,0.247,4.217,0.000,0.000,1.173,1.363,11.810,1.660,8.954,10.614,10.109
1780272269916,5.270,2.708,4.738,3.717,0.000,0.000,0.295,0.371,17.099,0.634,16.198,16.832,15.491
1780272269971,5.544,3.171,4.497,3.313,0.000,0.000,0.284,0.342,17.151,0.496,15.726,16.222,15.030
1780272270027,4.479,3.003,3.532,3.542,0.000,0.000,0.320,0.411,15.287,0.504,14.285,14.789,13.309
1780272270087,3.816,3.123,3.182,3.134,0.000,0.000,0.291,0.364,13.910,0.472,13.235,13.707,12.873
1780272270144,3.466,2.890,2.839,2.996,0.000,0.003,0.196,0.229,12.619,0.382,12.218,12.600,11.588
1780272270240,2.733,2.733,2.351,2.525,0.000,0.000,0.171,0.185,10.698,0.317,10.443,10.760,9.552
1780272270299,2.442,2.573,2.296,2.409,0.000,0.000,0.277,0.338,10.335,0.398,9.694,10.092,9.067
1780272270384,2.307,2.281,1.993,1.982,0.003,0.000,0.441,0.575,9.582,0.577,8.660,9.237,8.412
1780272270453,1.935,1.986,1.724,1.738,0.003,0.003,2.376,2.719,12.484,2.987,7.692,10.679,9.188
1780272270515,2.015,0.317,0.266,1.909,0.000,0.000,1.027,1.188,6.722,1.880,5.168,7.048,6.739
1780272270571,1.884,0.047,0.029,1.866,0.000,0.003,0.280,0.269,4.378,0.700,4.306,5.006,4.485
1780272270623,1.232,3.590,3.747,1.035,0.007,0.021,7.989,9.626,27.247,13.960,3.190,17.150,5.236
1780272270698,1.304,1.804,5.011,1.687,0.000,0.003,1.680,2.001,13.490,5.543,4.143,9.686,9.067
1780272270792,1.614,3.863,4.982,1.815,0.003,0.014,4.949,5.711,22.951,9.141,6.560,15.701,15.418
1780272270850,0.845,1.323,3.677,1.075,0.003,0.010,5.667,6.167,18.767,10.940,4.900,15.840,15.055
1780272270921,2.613,3.772,4.417,2.325,0.000,0.000,1.002,1.341,15.470,2.555,8.017,10.572,10.133
1780272270980,0.925,2.813,5.070,2.037,0.003,0.003,2.733,2.956,16.540,3.703,8.205,11.908,9.333
1780272271040,2.482,5.030,4.607,2.296,0.000,0.003,2.635,2.886,19.939,3.597,10.020,13.617,13.164
1780272271096,1.016,3.572,4.789,1.793,0.003,0.021,8.839,9.455,29.488,14.521,8.384,22.905,12.994
1780272271138,1.512,3.838,4.315,1.385,0.007,0.021,9.579,10.315,30.972,17.964,8.140,26.104,26.618
1780272271192,2.227,3.630,4.392,2.697,0.000,0.003,3.389,2.799,19.137,7.212,9.922,17.134,26.085
1780272271242,1.888,3.532,4.333,2.493,0.003,0.010,4.858,5.653,22.770,9.572,9.580,19.152,11.685
1780272271319,0.116,0.298,0.178,0.131,0.007,0.014,6.251,6.859,13.854,12.242,1.554,13.796,13.188
1780272271362,0.018,0.040,0.040,0.014,0.003,0.010,6.258,6.797,13.180,12.275,0.830,13.105,12.776
1780272271415,0.007,0.003,0.007,0.007,0.003,0.010,6.065,6.655,12.757,12.030,0.594,12.624,12.461
1780272271485,0.003,0.000,0.003,0.003,0.000,0.003,2.934,3.313,6.259,4.949,0.488,5.437,4.970
1780272271524,0.003,0.003,0.003,0.003,0.000,0.000,0.801,0.976,1.789,2.173,0.488,2.661,3.491
1780272271568,0.000,0.000,0.000,0.003,0.007,0.021,8.350,8.748,17.129,12.519,0.504,13.023,0.897
1780272271631,0.003,0.000,0.003,0.003,0.007,0.021,10.038,10.891,20.966,19.072,0.561,19.633,20.315
1780272271684,0.000,0.000,0.000,0.003,0.007,0.014,7.031,7.355,14.410,14.155,0.553,14.708,14.836
1780272271734,0.000,0.003,0.000,0.003,0.003,0.014,6.571,6.991,13.585,12.991,0.537,13.528,13.285
1780272271772,0.000,0.000,0.003,0.003,0.003,0.014,6.469,6.874,13.366,12.649,0.537,13.186,13.018
1780272271842,0.000,0.000,0.000,0.000,3.109,0.014,6.010,6.280,15.413,13.976,0.520,14.496,13.673
1780272271887,0.003,0.000,0.000,0.003,4.964,4.538,5.168,5.606,20.282,17.256,0.586,17.842,18.352
1780272271939,0.003,0.000,0.003,0.003,3.229,2.981,3.696,4.144,14.059,12.161,0.561,12.722,17.309
1780272271999,0.000,0.000,0.000,0.007,2.026,2.154,0.645,0.849,5.681,5.787,0.520,6.307,9.333
1780272272042,0.003,0.000,0.000,0.003,1.724,1.735,0.222,0.229,3.916,3.793,0.480,4.273,5.358
1780272272094,0.003,0.000,0.000,0.003,1.519,1.574,0.134,0.156,3.389,3.109,0.480,3.589,4.291
1780272272164,0.000,0.000,0.000,0.003,1.359,1.392,2.165,2.453,7.372,4.631,0.504,5.135,4.339
1780272272223,0.000,0.000,0.000,0.003,0.940,1.020,5.755,6.152,13.870,11.558,0.520,12.078,12.364
1780272272260,0.000,0.000,0.000,0.000,1.166,1.279,5.813,6.342,14.600,13.235,0.520,13.755,14.473
1780272272298,0.003,0.000,0.000,0.003,1.304,1.279,5.890,6.305,14.784,13.544,0.520,14.064,14.570
1780272272392,0.003,0.000,0.000,0.003,1.698,1.767,2.956,3.193,9.620,7.798,0.504,8.302,8.606
1780272272484,0.000,0.000,0.000,0.003,0.080,0.149,9.775,10.497,20.504,17.020,0.537,17.557,10.497
1780272272554,0.010,0.000,0.000,0.003,0.003,0.007,0.710,0.907,1.640,3.304,0.488,3.792,2.085
1780272272615,0.000,0.003,0.000,0.003,0.007,0.014,5.883,6.294,12.204,10.240,0.520,10.760,7.030
1780272272671,0.000,0.000,0.000,0.003,0.003,0.014,6.094,6.626,12.740,11.770,0.586,12.356,12.412
1780272272712,0.000,0.000,0.000,0.003,0.003,0.007,4.275,4.432,8.720,7.415,0.520,7.935,11.758
1780272272751,0.003,0.000,0.003,0.003,0.000,0.003,1.632,1.417,3.061,3.003,0.488,3.491,5.115
1780272272791,0.003,0.000,0.000,0.003,0.000,0.003,0.422,0.386,0.817,1.123,0.480,1.603,1.091
1780272272832,0.000,0.000,0.000,0.003,0.000,0.000,0.160,0.164,0.327,0.496,0.480,0.976,0.824
1780272272899,0.003,0.000,0.003,0.003,0.000,0.000,0.109,0.123,0.241,0.260,0.463,0.723,0.752
1780272272984,0.000,0.003,0.000,0.003,0.000,0.000,0.153,0.167,0.326,0.244,0.472,0.716,0.752
1780272273052,4.064,4.421,4.443,4.745,0.000,0.000,0.933,1.038,19.644,0.919,10.231,11.150,9.406
1780272273106,4.847,4.661,5.766,5.613,0.000,0.003,2.139,2.340,25.369,2.433,18.591,21.024,15.224
1780272273163,3.685,3.528,4.505,4.395,0.007,0.007,3.703,4.228,24.058,5.844,15.417,21.261,20.388
1780272273224,3.047,0.437,4.122,0.557,0.000,0.007,4.166,4.607,16.943,6.780,8.799,15.579,14.788
1780272273280,1.636,2.507,4.155,0.036,0.000,0.000,1.057,1.268,10.659,2.067,6.414,8.481,12.218
1780272273333,1.348,2.063,3.969,0.010,0.000,0.000,0.273,0.320,7.983,0.659,5.795,6.454,5.915
1780272273397,1.148,1.764,3.827,0.036,0.000,0.000,0.160,0.174,7.109,0.317,5.331,5.648,6.376
1780272273509,2.125,1.592,3.397,0.051,0.000,0.000,0.313,0.375,7.853,0.374,5.470,5.844,5.236
1780272273583,3.878,5.883,2.653,1.075,0.000,0.003,2.114,2.318,17.924,2.360,10.630,12.990,12.485
1780272273645,5.168,5.081,2.088,4.199,3.994,3.754,2.442,2.675,29.401,9.466,14.440,23.906,24.461
1780272273708,4.982,3.943,2.059,3.965,1.997,2.070,4.337,4.618,27.971,11.583,13.487,25.070,25.382
1780272273772,4.031,3.564,2.562,3.976,1.527,1.519,4.643,4.942,26.764,11.941,12.999,24.940,24.218
1780272273827,3.637,3.378,2.854,3.193,1.567,1.625,4.180,4.508,24.942,10.818,11.640,22.458,21.188
1780272273876,2.817,3.419,3.546,3.054,1.727,1.742,1.749,1.997,20.051,6.894,11.159,18.053,17.333
1780272273937,2.427,3.313,3.196,2.934,1.614,1.651,0.386,0.477,15.998,4.183,10.443,14.626,13.770
1780272274042,1.483,1.713,4.548,1.837,1.509,1.611,0.215,0.251,13.167,3.329,7.212,10.541,9.455
1780272274118,6.236,2.792,0.488,3.284,1.359,1.454,0.714,0.794,17.121,3.443,8.693,12.136,11.733
1780272274188,6.633,2.453,0.051,1.669,1.348,1.447,2.613,2.828,19.042,5.803,8.359,14.162,12.630
1780272274260,5.434,4.093,4.723,4.100,1.377,1.428,0.459,0.550,22.164,4.224,11.900,16.124,15.491
1780272274313,6.119,2.682,5.256,3.918,1.326,1.406,0.207,0.218,21.132,3.532,14.456,17.988,15.442
1780272274370,5.835,3.109,4.687,4.749,1.494,1.465,0.313,0.371,22.023,3.361,14.342,17.703,16.703
1780272274428,5.245,3.382,4.162,4.669,1.406,1.501,0.594,0.685,21.644,3.492,13.536,17.028,15.370
1780272274475,4.771,2.905,3.903,4.505,1.428,1.479,0.794,0.893,20.678,3.671,12.494,16.165,14.933
1780272274572,4.126,3.105,3.663,4.071,1.396,1.458,0.750,0.841,19.410,3.614,11.892,15.506,14.521
1780272274636,3.914,2.183,2.864,3.954,1.516,1.574,0.459,0.521,16.985,3.524,10.004,13.528,12.291
1780272274701,2.919,0.357,0.561,3.349,1.060,1.115,4.632,5.030,19.023,10.565,7.065,17.630,15.612
1780272274758,0.470,3.156,0.743,3.652,1.538,1.560,3.612,3.976,18.707,9.711,6.105,15.816,17.018
1780272274800,0.160,4.096,0.794,3.298,1.683,1.727,1.199,1.403,14.360,5.714,6.365,12.079,12.339
1780272274853,0.102,3.295,0.499,2.372,0.696,0.790,7.424,9.028,24.206,15.132,5.201,20.333,9.430
1780272274891,0.105,2.926,0.269,2.037,0.903,0.925,9.462,10.206,26.833,19.218,4.639,23.857,24.170
1780272274939,1.027,2.679,0.834,2.146,1.669,1.724,5.336,5.919,21.334,14.090,5.087,19.177,24.194
1780272274995,3.087,2.690,4.986,2.074,2.263,1.458,5.066,5.474,27.098,13.610,10.337,23.947,20.727
1780272275092,1.428,3.816,6.043,2.577,2.092,1.920,4.705,5.150,27.731,13.048,13.544,26.592,25.018
1780272275169,0.091,0.262,0.397,0.222,3.061,2.828,0.801,1.053,8.715,7.895,1.912,9.807,9.915
1780272275224,0.010,0.021,0.021,0.010,2.048,2.299,8.317,8.882,21.608,17.997,0.854,18.851,10.182
1780272275290,0.003,0.003,0.007,0.003,4.137,4.067,1.501,1.782,11.503,11.176,0.594,11.770,21.115
1780272275346,0.003,0.003,0.003,0.003,4.454,4.100,1.592,1.724,11.882,9.776,0.537,10.313,9.406
1780272275406,0.098,0.324,0.393,0.102,3.907,3.659,2.420,2.668,13.571,10.036,0.651,10.687,10.885
1780272275470,1.042,5.613,6.411,0.769,2.748,3.225,1.920,2.117,23.845,8.074,11.965,20.039,17.091
1780272275537,0.951,5.223,6.889,1.406,2.967,3.054,2.977,3.309,26.776,10.199,12.893,23.092,21.624
1780272275633,0.944,4.734,6.017,0.834,3.262,3.007,2.985,3.222,25.005,10.451,11.111,21.562,19.855
1780272275708,2.999,4.723,5.285,4.669,3.357,3.222,0.459,0.561,25.275,7.399,14.391,21.790,19.661
1780272275773,5.474,0.575,5.606,2.230,2.857,2.792,0.433,0.510,20.477,6.202,11.485,17.687,17.867
1780272275833,3.076,4.665,4.891,6.870,2.507,2.686,1.698,1.778,28.171,6.967,16.866,23.833,21.333
1780272275892,1.483,0.776,2.861,3.852,3.706,3.703,3.229,3.397,23.007,11.339,5.917,17.256,19.176
1780272275959,2.948,2.854,2.562,3.007,4.443,4.432,2.303,2.438,24.987,11.566,8.262,19.828,19.467
1780272276021,5.296,5.409,3.630,3.408,4.709,4.785,0.521,0.441,28.199,10.004,16.556,26.560,25.503
1780272276065,5.230,5.336,4.545,4.363,4.501,4.352,0.987,1.035,30.349,9.662,18.347,28.009,26.133
1780272276155,4.348,4.505,3.823,3.958,3.743,3.714,1.432,1.505,27.028,8.962,16.312,25.274,23.079
1780272276215,3.816,4.118,3.634,3.874,0.488,0.382,2.897,3.039,22.248,5.250,15.164,20.414,18.255
1780272276255,3.856,3.856,3.284,3.502,0.061,0.058,2.795,2.992,20.404,4.306,14.448,18.754,16.679
1780272276310,3.506,3.626,3.218,3.211,0.010,0.010,2.675,2.846,19.102,3.622,13.382,17.004,15.685
1780272276367,3.280,3.149,2.824,2.926,0.003,0.007,1.002,1.148,14.339,1.921,12.136,14.057,13.939
1780272276408,3.003,2.992,2.733,2.937,0.003,0.003,0.492,0.564,12.727,0.952,11.762,12.714,10.812
1780272276462,2.813,2.799,2.489,2.631,0.000,0.003,1.713,1.793,14.241,1.839,10.679,12.518,10.812
1780272276523,0.524,0.634,0.492,0.575,0.003,0.003,0.827,0.944,4.002,1.082,2.661,3.743,3.709
1780272276583,0.036,0.036,0.029,0.014,0.003,0.000,1.487,1.683,3.288,1.432,0.797,2.229,1.842
1780272276636,0.007,0.007,0.010,0.003,0.000,0.003,2.146,2.351,4.527,2.148,0.529,2.677,2.303
1780272276741,0.000,0.003,0.003,0.003,0.003,0.014,5.766,6.211,12.003,10.484,0.496,10.980,12.097
1780272276794,0.003,0.003,0.000,0.003,0.000,0.003,3.433,3.856,7.301,6.105,0.480,6.585,7.855
1780272276844,0.000,0.000,0.003,0.003,0.003,0.003,2.245,2.485,4.742,3.321,0.472,3.793,3.782
1780272276906,0.000,0.000,0.000,0.003,0.000,0.003,1.993,2.179,4.178,2.393,0.472,2.865,2.909
1780272276960,0.000,0.000,0.003,0.003,0.000,0.000,0.729,0.885,1.620,1.017,0.463,1.480,2.303
1780272277032,0.000,0.000,0.000,0.000,4.009,0.003,0.306,0.408,4.726,3.557,0.504,4.061,4.388
1780272277107,0.000,0.003,0.000,0.003,4.468,4.599,1.724,1.902,12.699,9.019,0.520,9.539,15.467
1780272277167,0.003,0.000,0.000,0.003,3.010,2.919,3.178,3.462,12.575,9.344,0.512,9.856,12.897
1780272277204,0.000,0.000,0.000,0.007,2.478,2.507,2.839,2.926,10.757,8.107,0.520,8.627,10.618
1780272277265,0.000,0.003,0.000,0.003,2.609,2.697,1.089,1.308,7.709,6.105,0.512,6.617,7.733
1780272277316,0.003,0.000,0.000,0.003,2.132,2.004,5.044,5.445,14.631,11.892,0.520,12.412,12.533
1780272277356,0.003,0.000,0.000,0.003,2.063,2.299,5.471,5.850,15.689,13.878,0.553,14.431,16.848
1780272277398,0.000,0.000,0.000,0.003,2.033,2.026,5.522,5.930,15.514,14.188,0.545,14.733,16.800
1780272277435,0.000,0.000,0.000,0.003,2.070,2.372,4.250,4.599,13.294,11.575,0.537,12.112,13.212
1780272277477,0.000,0.000,0.003,0.003,2.099,1.837,3.557,3.823,11.322,9.076,0.529,9.605,10.473
1780272277548,0.003,0.000,0.000,0.003,1.129,1.250,5.380,5.737,13.502,11.485,0.537,12.022,12.897
1780272277615,0.007,0.000,0.000,0.003,1.290,1.334,5.657,6.123,14.414,13.235,0.545,13.780,15.370
1780272277677,0.003,0.000,0.000,0.003,1.691,1.662,3.677,3.973,11.009,9.181,0.512,9.693,10.594
1780272277724,0.000,0.000,0.000,0.003,1.166,1.283,5.292,5.813,13.557,11.705,0.529,12.234,10.909
1780272277777,0.000,0.000,0.003,0.003,1.607,1.596,3.692,4.089,10.990,9.222,0.520,9.742,12.000
1780272277854,0.003,0.003,0.003,0.003,0.112,0.145,2.522,2.646,5.437,3.882,0.488,4.370,4.848
1780272277918,3.397,5.868,6.546,3.936,2.453,2.150,0.386,0.455,25.191,4.900,15.221,20.121,18.545
1780272277978,1.647,6.105,5.660,4.589,1.767,1.920,0.164,0.182,22.034,3.793,15.995,19.788,18.303
1780272278035,4.053,6.152,1.286,0.798,1.764,1.705,0.153,0.167,16.078,3.581,10.077,13.658,13.576
1780272278089,4.169,4.461,0.958,0.459,1.523,1.585,0.477,0.554,14.186,3.524,7.969,11.493,10.594
1780272278144,3.101,4.009,1.348,0.320,1.450,1.487,0.586,0.681,12.982,3.459,6.902,10.361,9.576
1780272278215,2.868,3.174,1.592,0.131,1.345,1.355,2.522,2.711,15.698,5.437,5.877,11.314,10.473
1780272278256,2.711,2.886,1.581,0.116,1.366,1.428,2.562,2.854,15.504,5.925,5.624,11.549,10.933
1780272278304,2.755,2.730,1.585,0.109,1.432,1.421,2.369,2.584,14.985,5.763,5.429,11.192,10.958
1780272278394,2.781,2.431,1.782,0.102,1.355,1.403,2.533,2.770,15.157,5.934,5.095,11.029,10.376
1780272278468,2.070,2.387,2.201,0.149,1.527,1.607,0.674,0.794,11.409,4.216,4.696,8.912,9.988
1780272278530,0.371,2.376,1.057,1.476,1.432,1.498,0.280,0.335,8.825,3.288,4.330,7.618,7.564
1780272278573,5.066,1.786,4.257,2.912,0.918,1.013,0.215,0.273,16.440,2.409,12.747,15.156,12.218
1780272278618,4.454,1.283,6.852,3.451,0.951,0.995,1.982,2.194,22.162,4.167,14.399,18.566,16.848
1780272278677,3.382,1.811,6.028,3.101,1.129,1.206,3.295,3.568,23.520,7.106,14.155,21.261,20.194
1780272278758,2.427,2.143,4.716,3.156,1.210,1.283,4.020,4.337,23.292,9.776,12.551,22.327,20.267
1780272278829,3.462,2.227,3.688,2.587,1.454,1.439,3.346,3.663,21.866,8.921,11.697,20.618,20.533
1780272278909,2.307,2.008,2.533,1.909,0.838,0.852,8.828,9.593,28.868,17.981,9.076,27.057,24.921
1780272278987,1.782,1.589,1.691,1.632,1.297,1.297,9.199,10.034,28.521,20.276,7.016,27.292,26.788
1780272279036,1.982,1.950,2.052,2.106,1.662,1.603,5.839,6.218,23.412,15.376,8.262,23.638,22.545
1780272279076,2.074,2.044,1.822,2.037,1.523,1.490,5.511,5.897,22.398,13.984,7.944,21.928,20.897
1780272279125,1.888,1.796,1.716,1.939,1.403,1.432,5.365,5.806,21.345,13.406,7.594,21.000,19.976
1780272279179,1.899,0.780,1.829,0.583,1.483,1.527,5.361,5.883,19.345,13.512,5.307,18.819,18.933
1780272279236,1.913,0.109,1.545,0.145,1.450,1.479,5.409,5.817,17.867,13.455,3.964,17.419,17.115
1780272279322,1.447,3.779,0.167,0.091,1.388,1.439,5.332,5.759,19.402,13.284,3.215,16.499,15.903
1780272279363,1.221,4.191,4.166,0.995,1.290,1.308,5.103,5.514,23.788,12.722,4.981,17.703,16.000
1780272279425,1.461,3.331,4.917,3.349,1.242,1.334,4.753,5.157,25.544,11.998,8.433,20.431,19.055
1780272279504,2.671,3.021,4.180,2.945,1.363,1.406,4.552,4.909,25.047,12.250,8.555,20.805,19.176
1780272279564,2.967,1.683,1.170,2.905,1.512,1.541,4.242,4.548,20.568,11.176,7.326,18.502,18.109
1780272279619,0.408,4.312,0.105,3.557,1.654,1.669,1.789,2.015,15.509,6.357,8.253,14.610,15.055
1780272279676,0.043,4.614,0.010,3.039,1.556,1.563,0.936,1.078,12.839,4.623,7.488,12.111,12.291
1780272279733,1.891,3.495,0.018,1.793,1.541,1.549,0.448,0.488,11.223,3.719,5.364,9.083,9.842
1780272279839,2.719,3.211,1.454,0.138,1.385,1.414,0.608,0.685,11.614,3.418,5.274,8.692,7.952
1780272279878,3.207,2.923,2.952,0.087,1.199,1.213,1.961,2.070,15.612,4.550,5.982,10.532,9.261
1780272279939,1.242,2.453,6.561,5.259,1.399,1.126,2.642,2.843,23.525,6.381,10.354,16.735,14.545
1780272280019,1.479,3.900,4.242,3.087,1.483,1.811,3.798,4.133,23.933,9.824,9.483,19.307,17.576
1780272280075,0.448,3.521,4.228,0.444,1.694,1.873,4.191,4.548,20.947,11.444,8.164,19.608,20.000
1780272280115,0.153,3.313,4.596,0.145,1.811,1.833,4.235,4.570,20.656,11.965,8.050,20.015,19.491
1780272280172,0.167,3.298,4.392,0.142,2.540,2.587,2.500,2.547,18.173,9.181,7.863,17.044,17.164
1780272280212,0.185,3.313,4.202,0.138,2.835,2.398,1.771,1.880,16.722,7.757,7.838,15.595,14.473
1780272280273,0.087,2.817,4.158,1.501,2.453,2.726,1.140,1.268,16.150,6.707,7.114,13.821,13.503
1780272280362,0.156,1.057,3.101,2.522,2.394,2.471,1.436,1.600,14.737,6.707,5.282,11.989,11.079
1780272280426,0.207,0.739,2.577,1.993,2.744,2.879,3.182,3.400,17.721,10.101,4.615,14.716,11.830
1780272280541,0.003,0.007,0.025,0.014,2.733,2.835,4.308,4.782,14.707,13.626,0.724,14.350,14.812
1780272280602,0.007,0.003,0.003,0.003,0.258,0.313,4.180,4.599,9.366,8.717,0.545,9.262,9.745
1780272280650,0.003,0.003,0.003,0.003,0.021,0.029,1.600,1.891,3.553,4.200,0.520,4.720,7.927
1780272280703,0.000,0.003,0.003,0.003,0.014,0.029,9.695,10.286,20.033,15.555,0.577,16.132,15.636
1780272280745,0.000,0.003,0.000,0.003,0.007,0.010,5.660,6.320,12.003,11.933,0.561,12.494,13.164
1780272280789,0.003,0.000,0.000,0.003,0.003,0.014,5.139,5.606,10.768,10.264,0.537,10.801,9.527
1780272280840,0.000,0.000,0.000,0.003,0.003,0.010,5.095,5.584,10.695,10.101,0.553,10.654,10.521
1780272280905,0.000,0.000,0.000,0.003,3.641,0.007,3.080,3.502,10.233,8.783,0.529,9.312,12.267
1780272280974,0.000,0.000,0.000,0.003,4.454,4.472,0.637,0.605,10.171,8.221,0.529,8.750,13.576
1780272281051,0.000,0.000,0.000,0.003,2.522,2.602,0.484,0.586,6.197,5.250,0.520,5.770,8.582
1780272281124,0.000,0.000,0.003,0.003,1.975,2.278,1.301,1.454,7.014,5.274,0.504,5.778,6.739
1780272281174,0.000,0.003,0.000,0.003,1.888,1.931,2.391,2.606,8.822,6.487,0.504,6.991,7.927
1780272281235,0.000,0.000,0.000,0.000,1.833,1.953,4.450,4.807,13.043,11.013,0.537,11.550,10.861
1780272281287,0.000,0.000,0.000,0.000,1.884,1.968,4.640,5.117,13.609,12.364,0.561,12.925,15.467
1780272281330,0.003,0.000,0.000,0.003,1.778,1.982,4.993,5.361,14.120,13.007,0.537,13.544,14.618
1780272281370,0.000,0.000,0.000,0.003,1.789,1.538,5.011,5.445,13.786,12.779,0.537,13.316,14.158
1780272281437,0.000,0.000,0.000,0.003,1.319,1.447,4.953,5.281,13.003,12.144,0.529,12.673,14.764
1780272281479,0.000,0.000,0.003,0.003,1.370,1.315,4.749,5.172,12.612,11.794,0.537,12.331,15.200
1780272281533,0.000,0.000,0.000,0.000,1.345,1.370,4.764,5.164,12.643,11.811,0.537,12.348,14.958
1780272281590,0.003,0.000,0.000,0.003,1.377,1.348,4.960,5.456,13.147,12.332,0.529,12.861,13.479
1780272281626,0.000,0.000,0.000,0.003,1.363,1.363,5.128,5.427,13.284,12.323,0.537,12.860,13.309
1780272281660,0.003,0.000,0.000,0.003,1.374,1.374,5.048,5.427,13.229,12.193,0.529,12.722,13.164
1780272281699,0.003,0.000,0.000,0.003,1.352,1.330,4.917,5.365,12.970,12.128,0.537,12.665,13.042
1780272281762,0.000,0.000,0.000,0.003,1.304,1.337,4.924,5.215,12.783,11.908,0.529,12.437,12.873
1780272281803,0.000,0.000,0.000,0.003,1.377,1.381,4.702,5.143,12.606,11.819,0.520,12.339,12.800
1780272281869,4.607,5.343,4.745,4.942,0.167,0.200,2.245,2.555,24.804,5.258,18.738,23.996,22.691
1780272281934,6.823,7.074,3.218,2.522,0.010,0.014,1.410,1.563,22.634,2.653,19.780,22.433,19.394
1780272281978,6.134,6.156,5.095,4.909,0.003,0.003,0.729,0.863,23.892,1.571,21.196,22.767,20.364
1780272282014,5.496,5.638,4.279,4.990,0.000,0.003,0.820,0.954,22.180,1.302,18.990,20.292,18.909
1780272282071,4.833,4.986,4.275,4.403,0.000,0.003,0.903,1.067,20.470,1.351,18.168,19.519,17.309
1780272282134,4.166,4.290,3.623,4.202,0.000,0.003,0.499,0.605,17.388,0.854,15.970,16.824,15.709
1780272282176,3.925,4.067,3.513,3.586,0.000,0.000,0.262,0.313,15.666,0.561,14.814,15.375,14.133
1780272282219,3.524,3.765,3.225,3.214,0.000,0.003,0.222,0.266,14.219,0.423,13.813,14.236,12.679
1780272282272,3.309,3.276,2.875,3.254,0.000,0.003,0.229,0.287,13.233,0.415,12.519,12.934,11.733
1780272282315,2.529,2.584,1.946,2.157,0.007,0.021,8.150,8.540,25.934,11.908,9.165,21.073,13.139
1780272282393,0.433,2.336,0.386,2.314,0.003,0.003,3.801,4.275,13.551,8.595,5.820,14.415,18.909
1780272282452,4.045,2.208,0.051,0.503,0.003,0.010,4.840,5.456,17.116,9.181,3.817,12.998,8.121
1780272282501,3.367,1.137,0.032,0.076,0.003,0.010,5.143,5.682,15.450,10.175,3.345,13.520,13.067
1780272282556,4.548,0.780,0.036,0.010,0.003,0.010,5.132,5.533,16.052,10.101,3.597,13.698,13.552
1780272282605,4.118,0.863,0.058,0.010,0.003,0.003,2.001,2.318,9.374,4.647,3.565,8.212,10.085
1780272282672,3.291,0.160,0.025,0.003,0.010,0.021,9.823,10.461,23.794,16.540,2.914,19.454,16.945
1780272282736,3.998,0.368,0.018,0.003,0.000,0.000,1.848,2.114,8.349,5.063,3.866,8.929,8.267
1780272282804,3.623,0.189,0.007,2.883,0.003,0.010,5.113,5.456,17.284,9.124,4.192,13.316,11.879
1780272282843,2.675,0.335,0.003,2.653,0.003,0.010,5.215,5.704,16.598,10.101,3.654,13.755,14.012
1780272282931,2.525,0.947,0.003,1.465,0.003,0.010,5.179,5.595,15.727,10.126,3.776,13.902,13.939
1780272283012,2.460,1.246,0.040,1.140,0.003,0.003,3.291,3.652,11.835,6.056,4.053,10.109,10.327
1780272283084,1.071,0.225,0.295,2.026,0.007,0.021,9.721,10.373,23.739,16.581,2.458,19.039,19.830
1780272283124,0.929,2.617,0.156,5.164,0.007,0.018,9.648,10.333,28.872,18.168,6.357,24.525,25.236
1780272283169,1.038,3.440,0.820,6.342,0.003,0.010,5.715,6.280,23.648,11.908,8.734,20.642,27.418
1780272283232,1.567,4.446,2.544,5.883,0.003,0.010,4.829,5.215,24.497,9.735,11.452,21.187,20.170
1780272283282,1.414,5.106,4.016,4.938,0.003,0.010,4.567,4.895,24.949,9.059,14.220,23.279,21.333
1780272283336,1.512,4.548,4.250,4.804,0.003,0.007,4.410,4.796,24.330,8.807,14.692,23.499,22.327
1780272283400,2.434,3.900,3.699,4.024,0.003,0.010,4.465,4.851,23.386,8.823,13.846,22.669,21.358
1780272283472,2.296,3.615,3.466,3.830,0.000,0.000,1.997,2.329,17.533,4.493,13.121,17.614,17.382
1780272283539,1.862,2.358,2.682,2.569,0.007,0.021,8.423,9.050,26.972,14.985,9.686,24.671,18.545
1780272283593,0.729,2.299,2.434,0.845,0.007,0.021,9.608,10.388,26.331,18.062,6.324,24.386,24.194
1780272283650,0.233,3.018,3.010,0.218,0.000,0.007,3.459,3.830,13.775,6.414,6.577,12.991,14.133
1780272283703,0.112,2.671,2.719,0.120,0.003,0.010,5.164,5.638,16.437,9.401,5.673,15.074,10.182
1780272283756,3.262,1.953,1.833,3.495,4.045,3.637,4.753,4.979,27.957,15.506,5.795,21.301,22.012
1780272283798,4.089,2.095,1.359,3.827,2.963,2.733,4.789,5.135,26.990,14.578,6.422,21.000,20.558
1780272283851,3.659,2.201,1.833,3.488,1.687,1.804,4.782,5.106,24.560,12.779,7.513,20.292,19.079
1780272283903,4.031,2.726,1.673,4.516,1.647,1.611,3.444,3.790,23.438,9.564,8.840,18.404,17.600
1780272283976,4.519,2.744,2.106,5.157,1.614,1.691,0.641,0.747,19.219,5.095,10.207,15.302,13.964
1780272284066,0.258,0.200,2.566,4.738,1.527,1.622,0.149,0.174,11.234,3.410,6.471,9.881,9.576
1780272284133,3.750,2.821,1.031,2.154,0.506,0.583,8.285,9.225,28.355,15.596,7.342,22.938,18.618
1780272284188,2.719,1.505,0.349,1.253,2.022,1.953,2.981,3.367,16.149,9.955,3.793,13.748,17.333
1780272284243,0.451,0.262,0.061,0.222,1.304,1.388,5.307,5.584,14.579,11.876,1.155,13.031,11.806
1780272284313,0.014,0.007,0.003,0.007,1.465,1.396,5.449,5.835,14.176,13.374,0.634,14.008,14.012
1780272284365,0.003,0.003,0.000,0.003,1.406,1.490,5.285,5.773,13.963,13.268,0.569,13.837,13.939
1780272284407,0.003,0.003,0.000,0.003,1.406,1.406,5.354,5.744,13.919,13.203,0.537,13.740,13.891
1780272284494,0.000,0.003,0.000,0.003,1.676,1.662,3.411,3.787,10.542,9.108,0.529,9.637,11.006
1780272284580,0.003,0.003,0.000,0.003,1.669,1.735,0.834,1.027,5.274,4.867,0.520,5.387,6.667
1780272284638,0.003,0.000,0.000,0.003,0.535,0.608,9.218,9.531,19.898,15.954,0.561,16.515,15.297
1780272284682,2.227,1.647,0.663,0.776,0.841,0.903,9.524,10.337,26.918,19.592,3.337,22.929,22.400
1780272284726,4.898,4.753,4.610,4.669,0.922,0.973,5.267,5.729,31.821,13.634,16.768,30.402,24.824
1780272284780,5.879,4.148,6.571,4.250,1.268,1.283,4.250,4.592,32.241,11.021,19.706,30.727,29.139
1780272284843,4.811,4.297,6.043,4.968,1.326,1.330,4.184,4.435,31.394,10.801,18.925,29.726,28.000
1780272284882,4.450,3.849,5.580,4.501,1.385,1.403,4.264,4.490,29.922,10.883,18.038,28.921,26.424
1780272284923,4.545,4.013,5.168,4.414,1.388,1.421,4.107,4.425,29.481,10.801,17.321,28.122,26.473
1780272284986,3.943,3.819,4.625,4.137,1.403,1.359,4.199,4.468,27.953,10.858,16.263,27.121,25.067
1780272285025,3.819,2.963,3.229,3.980,1.494,1.512,4.319,4.731,26.047,11.387,12.478,23.865,24.921
1780272285112,3.524,0.116,0.156,4.869,1.530,1.519,4.250,4.592,20.556,10.899,8.734,19.633,18.424
1780272285174,5.715,5.084,1.818,2.923,1.665,1.651,0.652,0.944,20.452,5.649,11.680,17.329,16.436
1780272285229,3.437,4.206,1.228,0.885,0.761,0.827,7.822,8.197,27.363,15.628,6.886,22.514,12.945
1780272285282,3.706,2.959,4.075,4.319,1.315,1.016,8.788,9.484,35.662,18.835,10.223,29.058,26.545
1780272285353,2.081,6.451,3.309,5.912,2.515,2.711,2.693,3.069,28.741,10.321,14.041,24.362,25.915
1780272285391,1.971,6.119,3.440,5.890,2.245,2.197,3.823,4.366,30.051,11.363,15.409,26.772,21.236
1780272285436,2.777,4.917,6.214,4.312,1.731,2.183,4.268,4.760,31.162,12.006,15.400,27.406,27.685
1780272285506,2.981,4.946,5.737,4.053,1.993,1.807,4.231,4.694,30.442,12.136,14.888,27.024,25.455
1780272285562,2.912,3.867,5.288,3.429,2.423,2.278,4.359,4.647,29.203,12.812,13.561,26.373,24.824
1780272285649,3.116,3.747,4.301,3.134,2.595,3.539,4.016,4.417,28.865,13.764,13.105,26.869,25.406
1780272285705,2.157,3.903,4.239,2.857,1.957,1.913,4.271,4.676,25.973,12.405,11.485,23.890,22.545
1780272285770,1.950,4.096,4.421,3.178,1.793,1.866,1.840,2.176,21.320,7.545,9.898,17.443,16.558
1780272285830,1.855,6.112,4.570,0.484,1.494,1.552,0.349,0.426,16.842,3.899,11.290,15.189,14.279
1780272285902,0.437,0.750,0.382,0.025,1.735,1.760,0.765,0.936,6.790,4.167,1.912,6.079,5.867
1780272285969,0.043,0.058,0.014,0.007,1.476,1.509,0.492,0.583,4.182,3.540,0.716,4.256,4.485
1780272286045,0.375,0.069,0.007,0.725,1.421,1.432,1.888,2.037,7.954,4.672,0.634,5.306,5.139
1780272286109,1.636,5.070,6.590,1.902,1.016,1.016,1.738,1.906,20.874,4.257,12.356,16.613,14.739
1780272286194,2.580,6.039,6.433,4.756,1.676,1.129,2.762,3.156,28.531,7.114,16.866,23.980,20.848
1780272286260,3.513,6.068,1.184,0.699,2.464,2.555,3.608,3.951,24.042,10.826,10.671,21.497,20.679
1780272286316,3.991,5.751,1.140,0.149,2.566,2.697,2.988,3.295,22.577,9.987,9.540,19.527,19.467
1780272286370,2.205,5.573,1.614,0.503,2.256,2.522,1.425,1.658,17.756,6.805,8.335,15.140,15.297
1780272286451,0.094,0.317,0.072,0.029,3.116,2.945,0.426,0.517,7.516,6.324,1.538,7.862,6.982
1780272286505,0.010,0.029,0.010,0.003,2.577,3.185,0.200,0.236,6.250,5.820,0.683,6.503,6.230
1780272286584,0.003,0.003,0.000,0.007,2.835,3.007,0.393,0.517,6.765,5.893,0.553,6.446,7.127
1780272286634,0.007,0.003,0.000,0.003,2.194,2.482,2.048,2.190,8.927,6.650,0.553,7.203,6.909
1780272286721,0.003,0.003,0.003,0.003,2.128,2.332,1.009,1.046,6.527,5.730,0.529,6.259,5.964
1780272286772,0.000,0.000,0.000,0.007,2.715,2.438,0.572,0.641,6.373,5.828,0.520,6.348,6.230
1780272286823,0.000,0.000,0.000,0.003,2.635,2.668,1.709,1.822,8.837,7.073,0.520,7.593,7.370
1780272286878,0.007,0.000,0.000,0.003,2.864,2.857,2.059,2.278,10.068,8.172,0.529,8.701,8.848
1780272286951,0.302,0.317,0.262,0.404,2.784,2.733,2.500,2.693,11.995,8.514,0.659,9.173,9.212
1780272287008,2.901,2.773,2.059,2.646,2.711,2.598,0.947,1.089,17.724,6.715,4.745,11.460,10.206
1780272287076,5.657,4.275,5.164,6.652,2.110,2.329,0.291,0.364,26.842,5.038,16.980,22.018,20.776
1780272287140,5.416,1.585,2.423,5.452,2.839,2.934,1.519,1.735,23.903,7.415,12.698,20.113,18.788
1780272287225,0.171,0.065,0.058,0.189,2.996,3.047,3.353,3.564,13.443,10.484,1.554,12.038,11.079
1780272287269,0.014,0.007,0.014,0.021,3.021,2.992,1.341,1.549,8.959,7.830,0.830,8.660,8.800
1780272287310,0.007,0.003,0.003,0.007,2.843,2.872,0.681,0.820,7.236,6.601,0.594,7.195,7.055
1780272287364,0.645,2.008,0.809,1.800,2.697,2.675,0.324,0.400,11.358,5.714,2.482,8.196,7.806
1780272287420,0.616,5.048,0.225,6.418,2.103,2.114,0.200,0.233,16.957,4.599,9.711,14.310,13.988
1780272287482,0.503,4.155,0.032,6.586,2.340,2.299,1.002,1.100,18.017,5.502,10.305,15.807,14.909
1780272287530,0.601,3.794,0.236,5.678,2.270,2.365,2.106,2.296,19.346,7.228,9.344,16.572,15.297
1780272287597,0.951,3.809,0.863,4.804,2.649,2.482,2.507,2.795,20.860,8.376,8.872,17.248,16.364
1780272287654,4.027,2.617,5.576,3.637,3.586,3.258,1.086,1.046,24.833,8.180,13.032,21.212,20.388
1780272287754,2.033,2.416,2.533,2.307,4.833,4.917,1.403,1.519,21.961,10.850,4.045,14.895,14.158
1780272287814,3.710,3.484,2.879,3.364,4.581,4.833,0.404,0.357,23.612,9.759,11.770,21.529,20.727
1780272287918,5.420,4.938,3.404,3.429,0.142,0.185,2.500,2.657,22.675,4.208,17.647,21.855,17.552
1780272287971,1.071,5.350,1.013,5.026,0.014,0.014,1.501,1.538,15.527,2.352,12.193,14.545,13.770
1780272288053,0.043,3.881,0.025,4.250,0.003,0.003,0.765,0.882,9.852,1.025,8.034,9.059,8.873
1780272288135,0.007,2.423,0.007,3.521,0.000,0.003,0.670,0.809,7.440,0.805,6.357,7.162,6.618
1780272288196,3.768,1.673,2.340,3.094,0.003,0.003,1.982,2.201,15.064,2.262,9.548,11.810,10.739
1780272288268,5.438,1.556,3.557,3.003,0.003,0.003,2.638,2.872,19.070,3.516,13.268,16.784,15.733
1780272288324,5.201,1.888,3.626,3.109,0.000,0.003,2.850,3.167,19.844,4.330,13.154,17.484,17.430
1780272288392,4.148,1.917,2.744,2.919,0.000,0.007,3.203,3.626,18.564,5.242,11.884,17.126,16.630
1780272288457,3.470,2.340,2.518,3.229,0.003,0.003,1.319,1.530,14.412,2.303,11.363,13.666,13.091
1780272288508,3.284,2.329,2.318,2.748,0.000,0.007,2.321,2.551,15.558,3.003,10.752,13.755,11.467
1780272288564,2.653,2.318,2.252,2.442,0.003,0.003,2.726,3.036,15.433,3.907,9.515,13.422,12.655
1780272288642,2.555,0.185,2.267,0.193,0.003,0.003,2.996,3.254,11.456,4.330,5.396,9.726,9.212
1780272288684,1.818,0.036,1.913,0.014,0.003,0.003,2.967,3.287,10.041,4.371,4.086,8.457,7.976
1780272288727,1.592,0.007,1.687,0.007,0.003,0.003,1.359,1.578,6.236,2.507,3.703,6.210,7.467
1780272288803,0.652,0.003,1.658,0.007,0.000,0.003,2.351,2.584,7.258,2.832,2.751,5.583,5.188
1780272288846,0.306,2.781,1.053,2.566,0.003,0.000,0.976,1.173,8.858,1.741,6.845,8.586,8.630
1780272288905,0.174,3.768,0.302,3.852,0.000,0.003,0.882,0.991,9.972,1.066,6.642,7.708,7.030
1780272288973,0.801,1.862,0.160,3.225,0.000,0.003,2.434,2.741,11.226,3.532,5.323,8.855,8.267
1780272289025,1.293,0.437,0.043,2.875,0.000,0.003,2.591,2.879,10.121,3.996,4.533,8.529,9.018
1780272289085,1.232,1.035,2.074,2.657,0.000,0.003,1.210,1.428,9.639,2.010,4.761,6.771,7.564
1780272289170,1.078,3.929,5.496,2.172,0.000,0.000,0.729,0.882,14.286,0.976,8.490,9.466,8.727
1780272289222,0.317,4.107,7.643,1.800,0.000,0.007,2.263,2.700,18.837,3.142,10.850,13.992,12.194
1780272289276,0.091,1.702,7.384,1.519,0.003,0.007,3.612,3.918,18.236,5.584,9.580,15.164,13.455
1780272289349,0.513,4.432,6.637,1.246,0.000,0.007,3.696,4.089,20.620,6.617,11.265,17.882,16.970
1780272289427,2.197,5.646,5.613,1.279,0.000,0.010,3.488,3.849,22.082,6.430,14.367,20.797,19.079
1780272289512,0.215,1.242,1.159,0.083,0.003,0.003,2.843,3.072,8.620,4.501,2.059,6.560,6.061
1780272289572,0.029,0.167,0.145,0.007,0.000,0.003,1.377,1.403,3.131,2.108,0.740,2.848,4.630
1780272289638,0.003,0.010,0.007,0.003,0.003,0.003,2.256,2.460,4.745,2.865,0.561,3.426,3.758
1780272289702,0.000,0.003,0.003,0.003,0.000,0.003,2.799,3.120,5.931,3.923,0.520,4.443,3.855
1780272289743,0.000,0.003,0.003,0.007,0.003,0.003,2.959,3.251,6.229,4.338,0.520,4.858,4.970
1780272289794,0.000,0.000,0.003,0.003,0.000,0.007,2.945,3.240,6.198,4.403,0.512,4.915,5.018
1780272289862,0.000,0.003,0.000,0.007,4.118,0.007,2.259,2.500,8.894,6.259,0.472,6.731,7.806
1780272289923,0.003,0.000,0.000,0.003,4.756,4.282,0.889,0.951,10.884,8.156,0.529,8.685,14.085
1780272289978,0.000,0.003,0.000,0.003,3.109,3.152,1.202,1.381,8.850,6.788,0.529,7.317,10.861
1780272290039,0.003,0.000,0.003,0.003,2.821,2.941,1.261,1.425,8.457,6.552,0.512,7.064,8.945
1780272290112,0.000,0.000,0.003,0.003,2.391,2.099,3.561,3.987,12.044,9.629,0.512,10.141,10.012
1780272290175,0.000,0.000,0.000,0.003,2.092,2.041,4.578,4.895,13.609,12.006,0.537,12.543,15.345
1780272290216,0.000,0.000,0.000,0.000,1.971,2.004,4.541,4.971,13.487,12.332,0.537,12.869,14.933
1780272290270,0.000,0.000,0.000,0.000,1.826,2.099,4.829,5.259,14.013,12.820,0.537,13.357,14.376
1780272290322,0.000,0.000,0.000,0.000,1.665,1.396,4.884,5.223,13.168,12.177,0.529,12.706,13.745
1780272290418,0.000,0.000,0.000,0.003,1.388,1.370,4.716,5.026,12.503,11.607,0.561,12.168,14.812
1780272290476,0.003,0.000,0.000,0.003,1.352,1.396,4.753,5.186,12.693,11.737,0.529,12.266,13.624
1780272290549,0.000,0.000,0.000,0.003,1.414,1.432,4.490,4.902,12.241,10.883,0.545,11.428,12.218
1780272290618,0.000,0.000,0.000,0.003,1.279,1.293,4.727,5.197,12.499,11.461,0.569,12.030,11.564
1780272290673,4.370,4.220,4.086,5.121,0.699,0.769,3.408,3.706,26.379,8.571,17.468,26.039,22.448
1780272290728,6.564,3.327,6.673,3.801,0.193,0.247,3.320,3.645,27.770,7.415,19.666,27.081,26.691
1780272290766,6.025,4.603,6.090,5.164,0.043,0.040,3.287,3.579,28.831,6.919,20.797,27.716,25.285
1780272290803,5.263,3.969,5.919,5.190,0.010,0.014,3.495,3.739,27.599,6.943,18.966,25.909,24.655
1780272290841,4.942,3.838,5.248,4.891,0.007,0.010,3.444,3.765,26.145,6.862,18.583,25.445,22.691
1780272290898,4.760,4.027,5.354,4.742,0.003,0.007,2.117,2.420,23.430,4.338,17.916,22.254,22.788
1780272290968,4.563,3.900,4.782,3.980,0.000,0.003,1.246,1.476,19.950,2.140,16.621,18.761,17.042
1780272291022,3.375,2.402,3.244,3.451,0.007,0.021,7.865,9.283,29.648,13.813,11.884,25.697,14.545
1780272291071,3.021,0.841,0.626,1.716,0.007,0.021,9.980,10.880,27.092,18.616,6.414,25.030,24.533
1780272291141,3.098,0.222,3.823,0.309,0.003,0.003,3.546,4.038,15.042,6.870,5.356,12.226,12.679
1780272291203,1.381,0.058,5.186,0.174,0.003,0.010,4.720,5.161,16.693,8.774,5.885,14.659,13.503
1780272291281,1.676,0.010,4.665,0.349,0.007,0.010,4.789,5.241,16.747,9.450,6.105,15.555,15.030
1780272291323,1.366,3.331,3.757,3.007,0.003,0.010,4.206,4.632,20.312,8.628,11.461,20.089,13.503
1780272291361,1.447,5.084,3.094,6.477,0.003,0.007,3.987,4.312,24.411,8.034,14.082,22.116,20.461
1780272291414,1.421,4.169,3.612,6.236,0.000,0.007,3.892,4.188,23.525,7.773,15.172,22.945,21.115
1780272291454,2.383,4.439,3.539,5.423,0.000,0.003,2.354,2.719,20.860,4.989,15.091,20.080,21.576
1780272291494,2.281,3.768,3.604,5.077,0.000,0.000,1.129,1.341,17.200,2.531,14.627,17.158,16.582
1780272291548,2.044,3.101,2.631,3.422,0.007,0.021,8.478,8.886,28.590,14.692,11.339,26.031,21.212
1780272291589,2.139,2.926,2.299,2.810,0.007,0.018,9.404,10.151,29.754,17.517,10.362,27.879,27.564
1780272291639,2.511,2.905,2.638,2.908,0.003,0.010,5.299,5.875,22.149,11.021,10.997,22.018,23.370
1780272291697,2.613,2.518,2.708,2.730,0.003,0.010,4.712,5.026,20.320,9.548,10.582,20.130,18.861
1780272291749,2.529,2.445,2.238,2.613,0.003,0.010,4.632,5.026,19.496,9.222,9.816,19.038,17.964
1780272291830,0.816,2.289,0.674,2.329,0.000,0.010,4.687,5.205,16.010,9.491,6.178,15.669,15.006
1780272291892,0.109,2.423,0.091,2.314,0.000,0.003,2.150,2.168,9.258,4.013,5.063,9.076,11.345
1780272291944,0.200,2.183,0.251,1.807,0.000,0.003,0.499,0.586,5.529,1.448,4.289,5.737,5.939
1780272292013,2.012,1.053,3.593,0.386,0.003,0.021,8.376,8.748,24.192,14.798,6.772,21.570,14.521
1780272292065,2.099,1.917,3.229,0.718,0.003,0.010,5.482,6.014,19.472,12.047,8.319,20.366,22.133
1780272292122,1.899,1.848,3.138,0.517,0.003,0.010,4.880,5.328,17.623,9.963,7.684,17.647,16.848
1780272292185,0.287,2.493,2.715,0.204,0.003,0.010,4.873,5.303,15.888,9.678,6.218,15.896,15.491
1780272292252,2.223,2.507,0.718,0.094,0.003,0.003,3.641,3.951,13.140,6.357,3.964,10.321,10.497
1780272292339,2.875,1.665,2.037,0.069,0.007,0.021,9.294,9.834,25.802,15.197,3.907,19.104,17.430
1780272292387,1.592,1.093,2.708,0.094,0.007,0.018,9.750,10.501,25.763,18.258,4.582,22.840,22.545
1780272292432,1.064,1.286,2.897,0.433,0.007,0.018,9.524,10.154,25.383,18.168,5.535,23.703,23.321
1780272292490,2.405,1.159,2.172,1.093,3.841,3.608,5.318,5.890,25.486,17.338,7.081,24.419,26.618
1780272292556,2.343,1.804,2.187,1.676,2.176,2.358,4.975,5.390,22.909,14.155,7.903,22.058,22.012
1780272292628,0.255,2.059,2.343,0.218,1.578,1.603,5.164,5.587,18.807,13.121,5.266,18.387,17.697
1780272292675,6.068,1.443,1.629,6.211,1.024,1.089,4.319,4.778,26.561,11.029,14.228,25.257,23.103
1780272292711,6.721,1.519,1.286,7.618,1.060,1.155,4.180,4.567,28.106,10.638,16.117,26.755,24.655
1780272292769,6.324,3.768,1.283,4.399,2.420,2.471,3.943,4.322,28.930,12.389,15.229,27.618,26.424
1780272292835,3.663,4.873,3.772,3.714,3.466,3.502,1.396,1.727,26.113,9.499,14.977,24.476,23.612
1780272292881,3.542,4.304,4.490,2.813,3.666,3.674,0.415,0.364,23.268,7.830,15.303,23.133,20.509
1780272292937,2.795,5.084,3.761,2.992,2.671,2.755,7.104,7.577,34.739,16.752,13.894,30.646,26.836
1780272292997,4.330,4.497,4.308,2.675,2.154,2.642,3.036,3.415,27.057,11.233,16.385,27.618,28.364
1780272293076,2.033,3.878,4.767,3.309,1.374,1.385,4.363,4.720,25.829,10.720,14.350,25.070,22.667
1780272293128,2.999,4.884,3.874,3.043,1.312,1.312,4.264,4.698,26.386,11.021,14.424,25.445,24.848
1780272293184,1.268,3.320,3.207,2.343,1.541,1.570,4.723,5.154,23.126,12.071,8.750,20.821,20.048
1780272293236,0.451,0.630,0.510,0.386,1.651,1.658,5.168,5.598,16.052,13.089,2.678,15.767,16.485
1780272293290,0.364,0.554,2.905,2.770,1.410,1.421,4.997,5.380,19.801,12.535,3.125,15.660,14.933
1780272293375,0.014,0.025,0.123,0.109,1.687,1.687,3.867,4.242,11.754,10.036,0.781,10.817,10.545
1780272293426,0.003,0.007,0.010,0.007,1.786,1.771,1.257,1.439,6.280,6.096,0.602,6.698,7.055
1780272293482,0.641,0.251,0.459,0.473,1.556,1.560,0.258,0.302,5.500,3.801,0.683,4.484,4.339
1780272293557,1.334,1.381,1.388,1.461,1.406,1.432,0.131,0.145,8.678,3.076,1.465,4.541,4.461
1780272293622,2.919,2.788,3.087,3.101,1.414,1.323,0.167,0.189,14.988,2.962,4.875,7.837,7.806
1780272293696,4.166,2.449,3.320,6.469,1.228,1.447,1.541,1.683,22.303,4.208,12.022,16.230,15.733
1780272293747,0.605,0.404,0.532,1.177,1.848,1.778,2.835,3.043,12.222,6.821,3.361,10.182,11.224
1780272293793,0.076,0.047,0.061,0.127,2.394,2.092,2.121,2.310,9.228,6.878,1.090,7.968,7.564
1780272293870,0.003,0.003,0.003,0.007,2.394,2.474,0.641,0.707,6.232,5.632,0.602,6.234,7.297
1780272293911,1.002,3.816,1.173,3.645,2.219,1.957,0.298,0.313,14.423,4.590,9.352,13.942,7.733
1780272293954,1.465,2.649,2.525,6.998,2.015,2.584,0.284,0.368,18.888,4.940,9.507,14.447,15.370
1780272294016,2.055,0.623,2.744,6.072,2.471,2.281,2.190,2.365,20.801,7.326,8.229,15.555,14.352
1780272294082,1.519,0.156,3.885,5.259,2.963,2.974,0.965,1.129,18.850,7.415,8.343,15.758,15.442
1780272294152,1.494,0.091,3.725,4.297,3.047,3.152,2.048,2.321,20.175,8.766,7.627,16.393,15.564
1780272294219,1.191,0.080,3.747,4.851,3.043,3.080,1.184,1.483,18.659,7.765,8.319,16.084,15.345
1780272294260,1.137,0.160,4.137,5.358,3.211,3.189,0.473,0.426,18.091,7.057,9.556,16.613,15.539
1780272294312,0.335,0.204,4.654,5.926,0.714,0.893,0.430,0.517,13.673,2.735,10.004,12.739,12.655
1780272294395,0.153,1.144,4.173,3.918,0.014,0.010,0.277,0.335,10.024,0.781,7.220,8.001,6.788
1780272294458,0.368,4.676,3.426,1.417,0.000,0.007,1.611,1.745,13.250,1.937,8.660,10.597,9.455
1780272294514,2.030,5.835,2.967,4.253,0.000,0.003,0.677,0.794,16.559,1.147,13.528,14.675,13.333
1780272294568,3.193,5.704,3.225,4.661,0.003,0.000,0.616,0.721,18.123,0.887,14.668,15.555,14.618
1780272294651,3.561,4.599,2.854,4.381,0.000,0.003,0.561,0.670,16.629,0.789,14.684,15.473,14.521
1780272294726,3.251,3.798,2.894,3.561,0.003,0.007,2.256,2.478,18.248,2.808,13.105,15.913,15.079
1780272294796,2.985,3.185,2.635,2.886,0.000,0.003,2.318,2.584,16.596,3.239,11.672,14.911,13.818
1780272294863,2.792,2.912,2.518,2.664,0.000,0.000,0.543,0.677,12.106,1.204,10.907,12.111,11.661
1780272294963,2.442,2.416,2.179,2.383,0.000,0.000,0.164,0.185,9.769,0.415,9.580,9.995,9.115
1780272295005,2.485,2.372,2.216,2.154,0.000,0.000,0.138,0.149,9.514,0.341,9.344,9.685,8.582
1780272295055,2.263,2.205,2.022,2.106,0.000,0.000,0.277,0.357,9.230,0.439,8.660,9.099,8.145
1780272295114,2.070,2.125,1.884,2.008,0.000,0.000,0.258,0.320,8.665,0.431,8.091,8.522,7.927
1780272295173,1.804,1.796,1.709,1.472,0.000,0.003,1.935,2.121,10.840,2.254,7.032,9.286,8.242
1780272295255,0.947,0.750,0.772,0.783,0.000,0.003,3.123,3.367,9.745,4.037,3.443,7.480,7.127
1780272295315,0.127,0.145,0.109,0.134,0.000,0.003,2.267,2.573,5.358,3.117,1.001,4.118,4.388
1780272295373,0.003,0.010,0.007,0.007,0.000,0.000,0.543,0.674,1.244,1.025,0.553,1.578,2.958
1780272295451,0.000,0.003,0.003,0.003,0.000,0.000,0.167,0.171,0.347,0.374,0.480,0.854,1.139
1780272295503,0.000,0.003,0.003,0.003,0.000,0.000,1.195,1.377,2.581,1.180,0.472,1.652,1.261
1780272295540,0.000,0.003,0.003,0.003,0.003,0.003,1.775,2.106,3.896,1.961,0.488,2.449,2.109
1780272295585,0.000,0.003,0.000,0.003,0.000,0.003,2.394,2.671,5.074,2.743,0.504,3.247,3.152
1780272295623,0.003,0.000,0.003,0.003,0.003,0.003,2.365,2.638,5.018,2.873,0.496,3.369,3.758
1780272295685,0.000,0.000,0.007,0.000,3.604,0.007,2.095,2.405,8.118,5.486,0.520,6.006,4.727
1780272295744,0.003,0.003,0.000,0.003,4.625,4.020,2.259,2.580,13.493,9.597,0.553,10.150,15.612
1780272295794,0.000,0.000,0.000,0.003,2.956,2.755,2.854,3.090,11.658,8.766,0.545,9.311,12.242
1780272295855,0.003,0.000,0.000,0.003,2.303,2.536,1.257,1.538,7.640,6.202,0.520,6.722,8.800
1780272295906,0.003,0.003,0.000,0.003,2.037,1.796,0.903,1.071,5.816,4.639,0.512,5.151,5.794
1780272295958,0.000,0.000,0.000,0.003,1.027,1.129,4.738,5.041,11.938,10.484,0.545,11.029,10.061
1780272296010,0.000,0.000,0.000,0.003,1.527,1.392,5.321,5.711,13.954,12.511,0.553,13.064,15.685
1780272296053,0.000,0.000,0.003,0.003,1.399,1.574,5.398,5.963,14.340,13.227,0.537,13.764,15.030
1780272296098,0.000,0.000,0.003,0.003,1.837,1.742,5.358,5.952,14.895,13.618,0.545,14.163,15.200
1780272296130,0.003,0.000,0.000,0.003,1.993,2.012,5.354,5.875,15.240,14.090,0.553,14.643,15.006
1780272296199,0.000,0.000,0.000,0.003,2.084,2.103,5.168,5.751,15.109,13.911,0.545,14.456,14.812
1780272296260,0.003,0.000,0.000,0.003,2.037,2.201,4.089,4.363,12.696,10.785,0.553,11.338,12.121
1780272296310,0.000,0.000,0.000,0.003,2.125,1.848,1.603,1.476,7.055,6.186,0.537,6.723,7.782
1780272296385,0.003,0.000,0.000,0.003,1.425,1.516,0.229,0.280,3.456,3.288,0.504,3.792,5.552
1780272296436,0.000,0.000,0.000,0.003,0.564,0.557,8.372,8.850,18.346,14.147,0.561,14.708,15.030
1780272296500,0.885,0.473,0.437,0.838,1.815,1.753,2.941,3.047,12.189,8.465,1.025,9.490,18.400
1780272296578,4.836,5.380,5.729,6.407,0.127,0.098,4.075,4.439,31.091,8.253,19.780,28.033,28.994
1780272296630,2.256,5.864,5.675,5.409,0.014,0.018,4.698,5.110,29.044,9.149,17.582,26.731,25.939
1780272296665,3.185,5.175,5.737,4.705,0.007,0.014,4.723,5.143,28.689,9.271,16.654,25.925,23.903
1780272296716,3.065,4.694,5.084,4.341,0.003,0.010,4.731,5.194,27.122,9.393,15.042,24.435,23.127
1780272296763,2.901,4.209,4.928,3.757,0.003,0.010,4.742,5.292,25.842,9.474,13.170,22.644,21.624
1780272296806,1.829,3.696,4.501,2.248,0.003,0.010,5.000,5.431,22.718,9.792,10.459,20.251,18.982
1780272296852,0.400,1.250,1.844,0.677,0.003,0.014,5.460,5.974,15.622,10.638,3.345,13.983,18.618
1780272296911,0.025,0.076,0.145,0.040,0.003,0.010,5.551,5.937,11.787,10.834,1.147,11.981,11.442
1780272296957,0.010,0.014,0.021,0.003,0.003,0.003,3.728,4.148,7.930,7.073,0.651,7.724,10.182
1780272297017,0.003,0.003,0.003,0.003,0.000,0.000,0.925,1.239,2.176,2.352,0.529,2.881,2.836
1780272297101,0.000,0.003,0.003,0.003,0.000,0.000,0.244,0.255,0.508,0.496,0.496,0.992,1.091
1780272297164,0.003,0.000,0.000,0.003,0.000,0.000,0.204,0.255,0.465,0.341,0.488,0.829,0.970
1780272297224,0.003,0.003,0.000,0.003,0.003,0.007,1.516,1.804,3.339,1.628,0.537,2.165,1.915
1780272297276,0.000,0.000,0.000,0.003,0.000,0.003,1.807,2.063,3.876,2.026,0.561,2.587,2.715
1780272297340,0.003,0.000,0.000,0.003,0.000,0.003,1.829,2.092,3.930,2.157,0.504,2.661,2.764
1780272297377,0.007,0.000,0.000,0.003,0.000,0.000,0.699,0.922,1.631,0.976,0.504,1.480,2.739
1780272297428,2.139,1.975,2.536,2.383,0.000,0.000,0.047,0.061,9.141,0.276,5.632,5.908,3.709
1780272297482,5.073,4.574,5.081,5.084,0.000,0.000,0.010,0.007,19.829,0.187,17.468,17.655,15.903
1780272297511,4.661,4.279,4.891,5.190,0.000,0.000,0.003,0.007,19.031,0.170,17.028,17.198,19.248
1780272297546,4.082,3.696,4.319,4.483,0.000,0.003,0.003,0.003,16.589,0.162,15.596,15.758,16.388
1780272297614,2.883,2.697,3.473,3.845,0.000,0.000,0.003,0.003,12.904,0.146,12.429,12.575,12.121
1780272297649,2.675,2.471,3.163,3.480,0.000,0.003,0.003,0.003,11.798,0.146,11.501,11.647,10.909
1780272297684,2.252,2.081,3.028,3.094,0.000,0.000,0.003,0.003,10.461,0.146,10.142,10.288,9.406
1780272297724,0.984,1.104,2.854,2.963,0.000,0.000,0.003,0.003,7.911,0.146,7.586,7.732,8.630
1780272297776,4.126,3.998,2.934,2.948,0.000,0.000,0.003,0.003,14.012,0.130,8.400,8.530,8.533
1780272297814,6.324,5.423,3.054,2.525,0.000,0.000,0.000,0.003,17.329,0.138,14.497,14.635,7.055
1780272297850,5.777,5.092,3.225,3.240,0.000,0.000,0.003,0.000,17.337,0.138,16.361,16.499,16.267
1780272297914,6.848,7.402,3.313,2.066,0.000,0.000,0.003,0.000,19.632,0.146,18.380,18.526,17.552
1780272297954,6.735,5.277,3.991,1.964,0.000,0.000,0.000,0.000,17.967,0.138,18.331,18.469,15.491
1780272298001,5.099,5.256,3.947,4.432,0.000,0.000,0.003,0.003,18.740,0.154,17.859,18.013,16.582
1780272298035,4.676,4.727,3.681,4.005,0.000,0.000,0.003,0.000,17.092,0.146,17.085,17.231,14.739
1780272298070,5.496,4.720,3.787,3.550,0.000,0.000,0.000,0.000,17.553,0.146,17.232,17.378,14.958
1780272298132,4.698,3.269,3.914,4.756,0.000,0.000,0.003,0.003,16.643,0.146,16.076,16.222,14.424
1780272298190,5.150,3.058,0.586,0.878,0.000,0.000,0.003,0.000,9.675,0.146,10.012,10.158,10.497
1780272298234,4.253,3.491,0.087,0.182,0.000,0.000,0.003,0.000,8.016,0.146,7.985,8.131,7.273
1780272298276,3.306,3.429,0.021,0.105,0.000,0.000,0.007,0.000,6.868,0.138,7.032,7.170,6.521
1780272298327,2.722,3.240,0.094,0.083,0.000,0.003,0.003,0.003,6.148,0.138,5.991,6.129,5.600
1780272298362,1.159,3.083,3.448,1.035,0.000,0.000,0.003,0.003,8.731,0.138,8.644,8.782,4.921
1780272298425,0.138,3.025,6.659,0.448,0.000,0.000,0.003,0.003,10.276,0.138,9.873,10.011,8.897
1780272298482,2.365,3.714,5.733,0.739,0.000,0.000,0.003,0.000,12.554,0.130,9.784,9.914,8.848
1780272298514,2.952,4.045,4.898,1.406,0.000,0.003,0.003,0.000,13.307,0.138,9.768,9.906,8.800
1780272298547,3.491,4.279,3.907,2.135,0.000,0.000,0.003,0.003,13.818,0.130,9.881,10.011,8.679
1780272298576,3.160,4.552,3.506,3.251,0.000,0.000,0.003,0.000,14.472,0.130,10.907,11.037,8.727
1780272298643,4.366,4.461,3.929,4.293,0.000,0.000,0.003,0.000,17.052,0.130,12.739,12.869,11.758
1780272298680,4.731,4.348,3.477,4.990,0.000,0.000,0.003,0.000,17.549,0.130,15.832,15.962,11.152
1780272298712,5.558,4.060,3.182,5.664,0.000,0.000,0.003,0.003,18.470,0.138,16.654,16.792,15.709
1780272298752,4.902,3.983,2.551,5.361,0.000,0.000,0.000,0.003,16.800,0.138,16.190,16.328,14.739
1780272298790,5.037,4.086,3.098,4.534,0.000,0.000,0.003,0.000,16.758,0.138,16.393,16.531,14.473
1780272298826,4.435,3.951,3.036,4.326,0.000,0.000,0.000,0.000,15.748,0.146,14.774,14.920,14.303
1780272298868,3.940,3.528,2.905,4.228,0.000,0.000,0.003,0.003,14.607,0.138,14.358,14.496,12.218
1780272298940,1.782,1.778,1.363,2.048,0.000,0.000,0.003,0.000,6.974,0.138,6.153,6.291,5.455
1780272298987,0.616,0.670,0.499,0.481,0.000,0.000,0.000,0.003,2.269,0.138,2.108,2.246,3.661
1780272299025,0.072,0.087,0.040,0.051,0.000,0.000,0.003,0.003,0.256,0.130,0.952,1.082,0.727
1780272299057,0.018,0.014,0.014,0.014,0.000,0.000,0.003,0.000,0.063,0.122,0.659,0.781,0.679
1780272299090,0.007,0.007,0.007,0.007,0.000,0.000,0.003,0.003,0.034,0.122,0.545,0.667,0.679
1780272299152,0.000,0.003,0.003,0.003,0.000,0.003,0.000,0.003,0.015,0.122,0.463,0.585,0.679
1780272299190,0.003,0.003,0.003,0.003,0.000,0.000,0.003,0.003,0.018,0.130,0.455,0.585,0.679
1780272299243,0.000,0.003,0.007,0.003,0.000,0.000,0.003,0.003,0.019,0.122,0.488,0.610,0.679
1780272299295,0.003,0.000,0.000,0.007,0.000,0.000,0.003,0.003,0.016,0.122,0.463,0.585,0.703
1780272299331,0.000,0.003,0.000,0.003,0.000,0.000,0.003,0.003,0.012,0.122,0.472,0.594,0.703
1780272299364,0.000,0.000,0.003,0.003,0.000,0.000,0.003,0.003,0.012,0.122,0.472,0.594,0.703
1780272299391,0.003,0.000,0.000,0.003,0.000,0.000,0.003,0.003,0.012,0.122,0.480,0.602,0.679
1780272299451,0.003,0.000,0.000,0.003,0.000,0.000,0.003,0.000,0.009,0.122,0.496,0.618,0.703
1780272299537,0.003,0.000,0.000,0.003,0.007,0.014,6.109,6.426,12.562,9.637,0.529,10.166,10.376
1780272299578,0.000,0.000,0.000,0.003,0.007,0.010,6.437,7.002,13.459,12.437,0.553,12.990,15.418
1780272299613,0.000,0.000,0.000,0.003,0.007,0.010,6.615,7.129,13.764,12.991,0.545,13.536,16.897
1780272299688,0.003,0.000,0.000,0.000,0.003,0.014,6.579,7.020,13.619,12.918,0.553,13.471,13.430
1780272299731,0.000,0.000,0.000,0.000,0.003,0.014,6.524,6.936,13.477,12.633,0.553,13.186,13.164
1780272299772,1.290,1.115,1.213,1.148,0.003,0.010,6.211,6.597,17.587,12.185,2.718,14.903,12.873
1780272299824,4.472,4.869,5.132,5.795,0.003,0.010,4.840,5.281,30.402,9.987,16.206,26.193,23.782
1780272299871,2.781,6.021,5.832,6.371,0.003,0.010,4.672,5.084,30.774,9.304,18.827,28.131,26.303
1780272299906,1.986,6.006,5.529,6.196,0.003,0.010,4.654,4.979,29.363,9.190,19.063,28.253,26.061
1780272299970,0.371,1.115,5.110,5.799,0.003,0.010,4.990,5.558,22.956,9.979,12.144,22.123,21.236
1780272300026,3.819,5.215,4.035,4.239,0.003,0.010,4.530,4.938,26.789,9.108,16.727,25.835,23.758
1780272300080,4.807,5.077,3.039,2.999,0.003,0.007,4.556,5.008,25.496,9.124,15.449,24.573,23.612
1780272300130,3.863,3.976,2.679,2.423,0.000,0.010,4.702,5.175,22.828,9.287,12.910,22.197,20.703
1780272300195,3.141,2.821,2.642,2.259,0.003,0.007,3.645,4.038,18.556,6.943,10.793,17.736,18.303
1780272300235,2.901,2.613,2.587,2.310,0.000,0.000,1.264,1.530,13.205,3.459,10.525,13.984,13.091
1780272300305,1.705,1.213,1.888,1.235,0.007,0.018,8.784,9.466,24.316,14.749,6.446,21.195,19.103
1780272300355,2.004,1.465,2.686,1.979,0.000,0.000,2.351,2.700,13.185,5.828,8.359,14.187,14.400
1780272300422,1.217,0.189,1.931,0.258,4.035,3.681,4.162,4.949,20.422,14.139,4.257,18.396,16.242
1780272300490,0.240,6.039,1.840,6.014,1.673,1.764,4.228,4.789,26.587,11.990,10.972,22.962,26.182
1780272300549,3.645,2.125,3.521,0.922,1.629,1.581,4.599,5.059,23.081,12.071,7.920,19.991,22.473
1780272300594,4.173,6.575,2.930,0.940,1.290,1.210,4.166,4.589,25.873,10.875,12.535,23.410,22.909
1780272300651,2.598,5.081,1.899,2.926,1.483,1.487,4.363,4.804,24.641,11.355,9.800,21.155,23.394
1780272300721,5.948,5.576,0.174,0.200,1.523,1.512,3.706,4.199,22.838,10.069,10.858,20.927,20.994
1780272300776,3.809,4.556,0.025,0.583,1.738,1.724,1.396,1.673,15.504,6.365,9.328,15.693,14.521
1780272300818,5.212,4.169,0.047,0.787,1.527,1.581,0.481,0.601,14.405,4.094,9.149,13.243,12.994
1780272300861,3.160,3.251,1.851,3.393,0.670,0.747,6.247,7.807,27.126,12.690,9.629,22.319,13.964
1780272300923,2.839,2.544,4.312,5.708,0.739,0.780,8.489,9.123,34.534,17.395,14.505,31.900,31.006
1780272300961,3.389,2.577,4.559,5.850,1.392,1.345,5.493,5.489,30.094,13.431,15.881,29.312,29.527
1780272301012,3.028,2.762,4.439,5.456,1.414,1.450,4.344,4.844,27.737,11.705,15.140,26.845,25.673
1780272301076,3.360,2.832,3.874,4.811,1.392,1.370,4.348,4.807,26.794,11.322,14.554,25.876,24.533
1780272301116,3.419,2.748,3.491,4.640,1.301,1.359,4.348,4.778,26.084,11.200,14.090,25.290,23.976
1780272301163,3.630,2.923,3.670,3.076,1.498,1.523,4.530,5.033,25.883,11.762,10.590,22.352,22.448
1780272301227,5.077,0.411,2.310,5.307,1.374,1.428,4.333,4.855,25.095,11.355,10.663,22.018,22.206
1780272301285,5.467,2.423,1.199,2.281,1.465,1.465,4.363,4.887,23.550,11.461,8.490,19.951,18.570
1780272301327,6.138,3.229,0.368,1.505,1.585,1.592,3.419,3.838,21.674,9.564,8.400,17.964,17.818
1780272301383,5.879,5.325,2.336,2.999,1.516,1.607,1.075,1.082,21.819,5.128,10.736,15.864,15.030
1780272301451,4.811,3.360,5.154,2.956,0.626,0.645,7.395,8.598,33.545,14.464,13.121,27.585,20.436
1780272301509,4.220,3.564,4.421,4.020,0.998,1.093,8.522,9.203,36.041,17.908,12.584,30.492,29.842
1780272301596,4.421,2.792,3.393,4.804,1.815,1.851,2.762,3.163,25.001,9.605,12.283,21.888,23.055
1780272301663,4.020,1.786,2.762,4.399,1.206,1.246,4.785,5.161,25.365,11.664,10.484,22.148,20.024
1780272301749,3.586,0.174,0.481,4.315,1.388,1.366,4.895,5.387,21.592,12.698,8.115,20.813,19.588
1780272301802,3.152,1.159,0.714,4.126,1.392,1.334,4.920,5.318,22.115,12.584,7.798,20.382,19.661
1780272301845,3.200,1.822,0.911,3.849,1.323,1.345,4.785,5.310,22.545,12.250,8.050,20.300,19.370
1780272301897,2.956,1.869,1.414,3.772,1.385,1.396,4.414,4.949,22.155,11.363,8.026,19.389,19.030
1780272301969,3.397,1.417,0.940,3.834,1.458,1.487,3.528,3.980,20.041,9.255,8.148,17.403,16.679
1780272302024,2.562,0.845,0.557,3.218,0.823,0.871,8.704,9.298,26.878,16.817,6.585,23.402,17.770
1780272302083,2.536,0.546,0.287,3.032,1.166,1.151,8.963,9.633,27.314,19.251,6.048,25.299,24.945
1780272302160,0.225,1.341,3.101,3.273,1.771,1.749,4.414,4.891,20.765,11.314,5.258,16.572,16.024
1780272302237,0.127,0.470,2.817,2.248,1.279,1.359,5.332,5.824,19.456,12.665,3.947,16.612,15.806
1780272302324,0.171,0.368,1.713,1.961,1.352,1.370,5.325,5.806,18.066,13.064,3.256,16.320,16.097
1780272302382,5.602,0.266,2.343,1.851,1.651,1.585,1.345,1.115,15.758,6.227,8.563,14.790,17.212
1780272302444,2.420,0.827,4.107,2.456,0.645,0.758,8.361,8.758,28.332,15.490,7.374,22.864,18.279
1780272302522,4.643,1.782,4.643,2.070,1.100,1.067,8.117,8.795,32.217,17.777,10.761,28.538,27.782
1780272302575,2.383,3.681,6.276,3.247,1.731,1.570,4.344,4.815,28.047,11.721,14.904,26.625,25.721
1780272302650,2.613,2.733,5.901,3.167,2.329,1.643,5.019,5.420,28.825,13.211,11.803,25.014,22.739
1780272302711,1.822,2.719,4.133,2.427,3.473,3.466,5.000,5.438,28.478,16.361,6.967,23.328,22.303
1780272302786,4.425,6.116,4.585,4.384,3.765,3.827,2.449,2.766,32.317,11.526,16.402,27.928,26.861
1780272302865,3.648,5.595,5.493,4.217,3.466,3.462,0.539,0.667,27.087,8.042,18.184,26.226,25.285
1780272302920,3.637,5.339,4.960,4.363,3.116,3.411,0.145,0.153,25.124,6.560,17.663,24.223,22.448
1780272302972,2.460,4.731,4.993,2.711,2.854,3.105,2.216,2.391,25.461,8.107,13.968,22.075,20.194
1780272303042,0.371,4.326,5.252,0.320,2.460,2.551,2.934,3.178,21.392,8.799,9.971,18.770,17.964
1780272303096,1.895,3.287,5.113,2.248,2.638,2.854,2.875,3.171,24.081,9.230,9.377,18.607,17.867
1780272303160,3.583,1.578,5.223,3.929,2.365,2.591,2.766,3.101,25.136,8.734,10.329,19.063,18.158
1780272303231,3.532,2.146,4.884,4.261,2.715,2.941,2.420,2.690,25.589,8.612,11.713,20.325,18.570
1780272303308,0.273,0.160,0.291,0.236,3.331,3.138,1.304,1.556,10.289,7.781,2.067,9.848,9.430
1780272303398,0.007,0.007,0.007,0.007,3.193,3.448,0.211,0.240,7.120,6.886,0.634,7.520,8.121
1780272303462,0.003,0.003,0.003,0.007,3.010,3.050,1.530,1.764,9.370,7.627,0.561,8.188,8.315
1780272303539,3.863,4.016,3.499,3.138,2.635,2.708,1.592,1.775,23.226,7.130,8.237,15.367,14.764
1780272303602,5.751,5.551,5.048,4.519,2.230,2.332,1.829,2.022,29.282,6.967,19.015,25.982,23.733
1780272303689,4.898,4.774,3.925,4.133,2.525,2.628,3.244,3.597,29.724,10.508,17.224,27.732,25.939
1780272303745,4.093,4.231,3.750,3.932,2.708,2.690,3.222,3.455,28.081,10.411,15.441,25.852,24.679
1780272303814,3.874,3.863,3.448,3.535,2.726,2.704,1.016,1.293,22.459,6.967,14.578,21.545,19.636
1780272303881,3.495,3.408,3.145,3.375,2.602,2.649,0.360,0.459,19.493,5.746,13.357,19.103,17.770
1780272303920,3.189,3.120,2.897,3.065,2.562,2.606,0.218,0.225,17.882,5.445,12.323,17.768,15.952
1780272303964,3.247,3.131,2.799,3.076,0.954,0.677,0.317,0.364,14.565,2.686,12.169,14.855,12.873
1780272304002,2.948,2.926,2.704,2.803,0.112,0.149,1.971,2.092,15.705,2.621,11.127,13.748,11.733
1780272304065,0.743,0.914,0.732,0.605,0.010,0.014,2.967,3.316,9.301,3.776,3.337,7.113,6.885
1780272304129,0.051,0.054,0.054,0.047,0.003,0.007,2.296,2.525,5.037,2.759,0.976,3.735,3.370
1780272304176,0.007,0.007,0.007,0.007,0.003,0.003,2.201,2.464,4.699,2.580,0.594,3.174,3.224
1780272304212,0.003,0.003,0.003,0.003,0.003,0.003,2.099,2.347,4.464,2.450,0.504,2.954,3.273
1780272304258,0.000,0.003,0.007,0.003,0.003,0.003,2.248,2.544,4.811,2.645,0.488,3.133,3.127
1780272304324,0.003,0.003,0.003,0.007,0.000,0.007,2.165,2.449,4.637,2.547,0.504,3.051,3.176
1780272304394,0.007,0.000,0.003,0.003,0.003,0.003,2.529,2.803,5.351,2.962,0.480,3.442,3.394
1780272304445,0.007,0.000,0.003,0.003,0.003,0.003,2.135,2.438,4.592,2.629,0.488,3.117,3.491
1780272304531,0.003,0.000,0.007,0.003,4.596,0.003,1.691,1.928,8.231,4.900,0.520,5.420,6.327
1780272304589,0.000,0.000,0.000,0.003,4.363,4.563,1.669,1.997,12.595,8.709,0.537,9.246,14.739
1780272304666,0.000,0.003,0.000,0.003,2.533,2.806,2.340,2.562,10.247,7.610,0.537,8.147,11.467
1780272304706,0.003,0.000,0.000,0.003,2.423,2.478,1.184,1.428,7.519,6.161,0.520,6.681,8.800
1780272304745,0.000,0.000,0.003,0.000,2.318,2.248,2.055,2.216,8.840,6.210,0.512,6.722,6.352
1780272304789,0.003,0.000,0.000,0.000,1.640,1.807,4.636,5.267,13.353,11.078,0.537,11.615,10.618
1780272304838,0.003,0.000,0.000,0.003,2.208,2.026,5.070,5.624,14.934,13.357,0.561,13.918,16.485
1780272304884,0.000,0.000,0.000,0.003,2.077,2.263,5.172,5.554,15.069,13.642,0.569,14.211,17.285
1780272304935,0.000,0.000,0.000,0.003,2.201,2.289,3.575,4.013,12.081,10.297,0.537,10.834,14.109
1780272304978,0.000,0.000,0.000,0.003,2.172,2.263,1.217,1.501,7.156,5.925,0.537,6.462,7.855
1780272305042,0.000,0.000,0.003,0.003,1.505,1.461,1.909,2.238,7.119,4.851,0.537,5.388,5.018
1780272305108,0.003,0.000,0.000,0.003,0.893,0.940,5.048,5.281,12.168,10.573,0.537,11.110,12.921
1780272305166,0.007,0.000,0.000,0.003,1.202,1.180,5.095,5.624,13.111,11.892,0.545,12.437,16.533
1780272305226,4.374,4.483,4.188,5.500,0.874,0.882,2.478,2.810,25.589,6.723,16.540,23.263,23.758
1780272305291,4.869,4.275,1.472,1.509,1.611,1.585,1.614,1.807,18.742,4.989,10.598,15.587,18.958
1780272305371,4.035,2.999,0.051,2.103,0.116,0.145,0.459,0.499,10.407,1.432,7.472,8.904,12.121
1780272305437,4.053,3.112,0.018,2.052,0.007,0.007,0.178,0.204,9.631,0.447,7.032,7.479,6.982
1780272305493,3.736,2.813,0.014,1.600,0.000,0.003,0.145,0.156,8.467,0.317,6.455,6.772,6.255
1780272305555,3.203,2.690,0.007,1.315,0.003,0.000,0.138,0.156,7.512,0.276,6.048,6.324,6.400
1780272305622,3.083,2.945,0.947,0.911,0.003,0.000,0.444,0.539,8.872,0.480,6.300,6.780,6.982
1780272305677,2.828,2.715,1.100,0.809,0.003,0.003,2.281,2.544,12.283,2.661,5.966,8.627,7.588
1780272305745,2.219,2.573,0.856,0.174,0.003,0.003,2.675,3.010,11.513,3.402,4.989,8.391,7.830
1780272305805,0.437,1.727,6.633,0.995,0.003,0.003,2.813,3.094,15.705,3.801,8.840,12.641,11.830
1780272305901,2.456,1.796,5.937,0.893,0.003,0.003,3.116,3.462,17.666,4.550,8.660,13.210,13.042
1780272305976,5.226,0.801,4.727,3.331,0.000,0.003,2.263,2.540,18.891,3.256,12.332,15.588,15.491
1780272306035,4.931,0.131,4.250,0.277,0.000,0.003,1.490,1.713,12.795,2.075,9.361,11.436,11.273
1780272306103,4.388,0.007,3.123,0.021,0.000,0.003,2.402,2.664,12.608,3.418,7.260,10.678,11.321
1780272306155,3.542,0.003,2.310,0.010,0.000,0.003,3.050,3.426,12.344,4.672,6.137,10.809,10.473
1780272306216,3.054,1.086,1.946,3.163,0.003,0.003,3.335,3.787,16.377,5.266,6.975,12.241,10.812
1780272306279,2.004,3.856,0.933,5.824,0.007,0.018,8.131,8.809,29.582,14.570,11.689,26.259,22.958
1780272306322,2.525,3.214,0.903,5.051,0.007,0.021,8.744,9.531,29.996,16.532,11.493,28.025,27.927
1780272306413,0.127,3.630,0.043,4.734,0.003,0.003,3.364,3.459,15.363,6.381,8.302,14.683,18.400
1780272306470,1.756,2.635,0.007,3.105,0.000,0.010,5.179,5.824,18.516,9.637,6.031,15.668,13.139
1780272306509,1.764,2.128,0.007,2.259,0.003,0.010,5.482,6.028,17.681,10.565,4.851,15.416,15.733
1780272306563,2.048,1.971,0.007,1.490,0.003,0.010,5.544,6.057,17.130,10.858,3.768,14.626,15.224
1780272306617,1.698,1.753,0.029,1.071,0.003,0.010,5.456,6.014,16.034,10.752,3.386,14.138,13.697
1780272306657,1.242,1.873,0.047,0.856,0.003,0.010,5.387,5.904,15.322,10.704,3.182,13.886,13.624
1780272306708,1.855,1.848,0.193,0.328,0.003,0.014,5.325,5.759,15.325,10.451,2.922,13.373,13.600
1780272306745,2.055,1.705,0.462,0.160,0.003,0.010,5.248,5.686,15.329,10.370,2.930,13.300,13.503
1780272306801,1.822,2.081,1.217,0.134,0.003,0.010,5.077,5.591,15.935,10.093,3.606,13.699,13.842
1780272306865,3.637,2.223,1.687,0.109,0.003,0.010,4.990,5.325,17.984,9.808,4.493,14.301,14.012
1780272306970,3.116,2.832,2.161,0.102,0.000,0.007,3.193,3.608,15.019,5.616,5.307,10.923,10.109
1780272307066,0.273,2.095,5.055,3.845,0.007,0.021,9.378,10.056,30.730,17.232,6.870,24.102,25.648
1780272307131,2.923,3.878,2.022,4.290,0.003,0.010,5.649,5.915,24.690,11.558,5.518,17.076,16.388
1780272307185,6.779,6.539,3.827,3.739,0.003,0.007,4.031,4.450,29.375,8.587,17.549,26.136,26.061
1780272307223,7.486,7.049,2.569,2.234,0.003,0.007,3.918,4.322,27.588,8.034,19.894,27.928,26.158
1780272307262,5.205,6.779,3.193,4.676,0.003,0.010,4.326,4.738,28.930,8.473,14.855,23.328,27.152
1780272307323,2.281,4.574,0.386,5.915,0.003,0.007,4.570,4.986,22.722,9.466,10.297,19.763,17.552
1780272307363,2.201,2.988,0.255,5.846,0.000,0.007,4.603,5.030,20.930,9.605,8.652,18.257,17.891
1780272307404,2.467,2.030,0.379,5.026,0.003,0.010,4.589,5.070,19.574,9.434,7.716,17.150,16.436
1780272307505,2.248,1.363,0.441,4.202,0.003,0.010,4.636,5.004,17.907,9.515,6.357,15.872,15.152
1780272307587,1.348,1.458,1.213,4.042,0.003,0.003,3.127,3.408,14.602,5.527,5.885,11.412,10.764
1780272307653,0.656,0.863,1.432,2.926,0.007,0.021,9.444,10.107,25.456,16.068,4.411,20.479,17.697
1780272307704,2.234,0.287,0.360,2.628,0.007,0.021,9.648,10.271,25.456,18.087,4.639,22.726,22.982
1780272307764,5.252,0.131,0.907,3.273,0.000,0.000,2.063,2.456,14.082,7.399,8.880,16.279,24.461
1780272307801,5.620,0.134,1.224,3.692,0.000,0.000,0.462,0.335,11.467,2.287,9.784,12.071,9.479
1780272307849,5.434,0.167,1.046,3.892,0.000,0.003,0.047,0.054,10.643,0.805,9.556,10.361,9.285
1780272307880,4.352,0.641,1.468,3.860,0.000,0.000,0.014,0.014,10.349,0.358,9.613,9.971,8.073
1780272307923,4.374,2.095,2.741,3.885,0.000,0.000,0.007,0.007,13.109,0.211,12.673,12.884,9.042
1780272308002,3.754,3.083,3.054,3.039,0.000,0.000,0.003,0.003,12.936,0.162,11.884,12.046,11.176
1780272308035,3.696,3.211,3.429,2.952,0.000,0.000,0.003,0.003,13.294,0.154,13.089,13.243,10.667
1780272308079,3.123,3.327,3.389,2.675,0.000,0.000,0.003,0.003,12.520,0.154,11.811,11.965,11.976
1780272308113,1.654,2.875,3.316,3.200,0.000,0.000,0.003,0.003,11.051,0.162,8.034,8.196,9.794
1780272308162,3.739,1.654,3.028,5.875,0.000,0.000,0.003,0.003,14.302,0.146,8.522,8.668,7.467
1780272308197,4.144,2.132,2.901,5.573,0.000,0.000,0.003,0.000,14.753,0.130,10.297,10.427,8.097
1780272308234,2.631,2.070,2.482,6.054,0.000,0.000,0.003,0.000,13.240,0.130,10.354,10.484,9.139
1780272308300,5.482,2.795,2.861,5.620,0.000,0.000,0.003,0.000,16.761,0.138,11.982,12.120,11.612
1780272308338,3.058,2.223,2.686,6.222,0.000,0.000,0.003,0.000,14.192,0.130,10.801,10.931,9.842
1780272308383,5.030,3.233,2.299,6.112,0.000,0.000,0.003,0.000,16.677,0.130,12.446,12.576,9.988
1780272308414,5.354,2.766,2.737,5.281,0.000,0.000,0.003,0.003,16.144,0.138,11.868,12.006,11.345
1780272308465,3.973,3.098,2.628,5.955,0.003,0.000,0.003,0.003,15.663,0.130,11.770,11.900,10.400
1780272308543,1.658,0.211,0.178,1.939,0.000,0.000,0.003,0.000,3.989,0.138,2.230,2.368,1.818
1780272308587,2.022,0.105,4.053,1.731,0.000,0.000,0.000,0.003,7.914,0.122,3.142,3.264,1.309
1780272308627,2.872,1.323,6.743,3.608,0.000,0.000,0.000,0.000,14.546,0.122,11.452,11.574,2.691
1780272308666,1.253,1.447,3.754,2.901,0.000,0.000,0.003,0.003,9.361,0.162,5.974,6.136,13.309
1780272308712,0.193,0.105,1.119,0.503,0.000,0.000,0.003,0.000,1.923,0.138,1.652,1.790,2.594
1780272308743,0.025,0.021,0.222,0.054,0.000,0.003,0.003,0.000,0.328,0.138,0.952,1.090,0.752
1780272308805,0.007,0.003,0.010,0.007,0.000,0.000,0.003,0.003,0.033,0.130,0.577,0.707,0.727
1780272308841,0.003,0.003,0.007,0.007,0.000,0.000,0.003,0.000,0.023,0.130,0.529,0.659,0.727
1780272308887,0.003,0.000,0.003,0.007,0.000,0.000,0.003,0.003,0.019,0.130,0.512,0.642,0.752
1780272308915,0.003,0.003,0.003,0.003,0.000,0.003,0.003,0.003,0.021,0.138,0.496,0.634,0.727
1780272308948,0.003,0.003,0.000,0.003,0.003,0.000,0.003,0.003,0.018,0.130,0.504,0.634,0.727
1780272308978,0.000,0.003,0.003,0.003,0.000,0.003,0.003,0.003,0.018,0.130,0.496,0.626,0.727
1780272309042,0.000,0.000,0.000,0.003,0.000,0.000,0.003,0.000,0.006,0.130,0.496,0.626,0.727
1780272309074,0.000,0.003,0.000,0.003,0.000,0.000,0.003,0.003,0.012,0.138,0.480,0.618,0.703
1780272309116,0.003,0.000,0.003,0.003,0.000,0.003,0.003,0.000,0.015,0.130,0.488,0.618,0.679
1780272309145,0.000,0.000,0.003,0.003,0.000,0.000,0.003,0.003,0.012,0.138,0.480,0.618,0.703
1780272309198,0.003,0.000,0.000,0.007,0.000,0.003,0.003,0.000,0.016,0.138,0.472,0.610,0.703
1780272309246,0.000,0.003,0.000,0.003,0.000,0.000,0.003,0.003,0.012,0.138,0.488,0.626,0.727
1780272309325,0.003,0.000,0.000,0.007,0.000,0.000,0.003,0.000,0.013,0.130,0.496,0.626,0.703
1780272309368,0.003,0.000,0.000,0.003,0.000,0.000,0.003,0.003,0.012,0.130,0.488,0.618,0.752
1780272309406,0.000,0.003,0.000,0.003,0.000,0.000,0.003,0.000,0.009,0.138,0.480,0.618,0.727
1780272309434,0.007,0.003,0.003,0.003,0.000,0.003,0.003,0.000,0.022,0.130,0.496,0.626,0.727
1780272309471,0.000,0.000,0.000,0.003,0.000,0.000,0.003,0.000,0.006,0.130,0.480,0.610,0.727
1780272309500,0.003,0.000,0.000,0.003,0.000,0.000,0.003,0.003,0.012,0.130,0.472,0.602,0.703
1780272309591,0.000,0.000,0.000,0.003,0.007,0.010,5.660,6.619,12.299,9.833,0.520,10.353,4.897
1780272309650,0.000,0.000,0.000,0.003,0.003,0.010,6.593,7.220,13.829,12.983,0.545,13.528,13.842
1780272309689,0.000,0.000,0.000,0.003,0.003,0.014,6.663,6.976,13.659,12.877,0.529,13.406,14.279
1780272309723,0.003,0.000,0.000,0.003,0.003,0.010,6.320,6.805,13.144,12.576,0.553,13.129,16.024
1780272309780,0.747,0.648,0.532,0.714,0.007,0.014,6.283,6.896,15.841,12.470,1.131,13.601,14.230
1780272309833,3.696,3.655,4.388,3.768,0.003,0.010,5.467,5.813,26.800,10.915,11.037,21.952,19.879
1780272309875,3.393,5.230,5.872,5.886,0.000,0.010,4.840,5.310,30.541,9.865,16.955,26.820,22.206
1780272309934,2.351,5.729,6.028,4.971,0.003,0.007,4.877,5.281,29.247,9.637,16.369,26.006,24.945
1780272309986,1.939,5.139,5.748,4.344,0.003,0.010,4.844,5.328,27.355,9.645,14.969,24.614,23.467
1780272310036,2.289,5.008,5.081,3.907,0.003,0.007,4.833,5.303,26.431,9.605,14.000,23.605,22.255
1780272310124,2.351,4.133,4.363,3.364,0.003,0.010,4.960,5.248,24.432,9.645,12.258,21.903,20.461
1780272310179,2.340,2.125,2.402,2.999,0.003,0.007,4.836,5.332,20.044,9.238,7.089,16.327,15.200
1780272310235,0.780,0.528,0.550,1.027,0.000,0.003,1.804,2.088,6.780,3.972,2.083,6.055,6.788
1780272310300,0.043,0.025,0.025,0.054,0.000,0.003,0.561,0.626,1.337,1.001,0.740,1.741,1.139
1780272310357,0.007,0.007,0.003,0.010,0.000,0.000,0.193,0.218,0.438,0.431,0.529,0.960,0.873
1780272310404,0.003,0.003,0.003,0.003,0.003,0.000,0.419,0.492,0.926,0.455,0.512,0.967,0.945
1780272310463,0.007,0.003,0.000,0.007,0.000,0.003,1.549,1.738,3.307,1.481,0.504,1.985,2.158
1780272310503,0.000,0.003,0.003,0.003,0.000,0.003,2.358,2.569,4.939,2.482,0.488,2.970,2.424
1780272310541,0.000,0.000,0.007,0.003,0.003,0.003,2.394,2.602,5.012,2.759,0.496,3.255,3.661
1780272310651,0.000,0.003,0.000,0.003,0.000,0.003,2.361,2.569,4.939,2.767,0.504,3.271,3.370
1780272310712,0.000,0.000,0.000,0.003,0.000,0.003,0.692,0.849,1.547,1.131,0.496,1.627,2.836
1780272310789,0.003,0.003,0.000,0.003,4.632,0.003,0.277,0.353,5.274,3.402,0.504,3.906,4.461
1780272310862,0.000,0.000,0.000,0.003,4.293,4.720,0.605,0.838,10.459,7.326,0.545,7.871,13.721
1780272310919,0.000,0.000,0.000,0.003,2.197,2.168,2.744,3.054,10.166,7.203,0.520,7.723,8.194
1780272310975,0.000,0.000,0.000,0.003,1.272,1.374,5.208,5.682,13.539,11.176,0.520,11.696,8.097
1780272311011,0.000,0.000,0.003,0.003,1.257,1.246,5.496,5.955,13.960,12.486,0.537,13.023,13.745
1780272311051,0.003,0.000,0.000,0.003,1.330,1.293,5.343,5.879,13.851,12.747,0.537,13.284,13.867
1780272311091,0.000,0.000,0.000,0.003,1.527,1.600,4.199,4.432,11.761,10.044,0.537,10.581,12.994
1780272311164,0.003,0.000,0.000,0.003,0.233,0.185,2.722,3.039,6.185,4.981,0.512,5.493,8.533
1780272311225,0.000,0.000,0.003,0.003,0.007,0.014,0.441,0.572,1.040,1.432,0.496,1.928,1.624
1780272311270,0.000,0.000,0.000,0.003,0.007,0.025,7.275,8.828,16.138,12.804,0.520,13.324,9.455
1780272311308,0.000,0.000,0.000,0.003,0.003,0.003,3.116,3.659,6.784,5.608,0.553,6.161,12.630
1780272311369,0.003,0.000,0.000,0.003,0.000,0.003,1.793,2.055,3.857,2.482,0.504,2.986,1.939
1780272311425,0.000,0.000,0.000,0.003,0.007,0.014,5.296,5.711,11.031,8.758,0.520,9.278,9.164
1780272311467,0.000,0.000,0.000,0.003,0.003,0.014,5.562,6.083,11.665,10.606,0.545,11.151,11.709
1780272311517,0.003,0.000,0.000,0.000,0.003,0.003,3.623,4.005,7.637,6.544,0.529,7.073,8.485
1780272311569,0.000,0.000,0.000,0.003,0.000,0.000,0.954,1.159,2.116,1.855,0.496,2.351,3.103
1780272311621,0.003,0.000,0.000,0.007,0.000,0.000,0.258,0.255,0.523,0.618,0.496,1.114,1.018
1780272311714,0.000,0.000,0.000,0.003,0.000,0.000,0.160,0.174,0.337,0.268,0.488,0.756,0.776
1780272311773,0.007,0.000,0.000,0.003,0.000,0.000,0.408,0.499,0.917,0.423,0.472,0.895,0.970
1780272311817,0.000,0.000,0.000,0.003,0.000,0.003,1.323,1.479,2.808,1.351,0.480,1.831,1.697
1780272311870,0.000,0.000,0.003,0.003,0.003,0.003,1.946,2.128,4.086,2.067,0.496,2.563,2.497
1780272311919,0.000,0.003,0.000,0.003,0.000,0.003,1.909,2.165,4.083,2.157,0.496,2.653,2.788
1780272311958,0.003,0.000,0.000,0.003,0.000,0.003,1.902,2.146,4.057,2.132,0.488,2.620,2.691
1780272312011,0.000,0.000,0.000,0.003,0.000,0.003,1.906,2.114,4.026,2.100,0.488,2.588,2.691
1780272312054,0.003,0.000,0.003,0.003,0.000,0.000,0.688,0.838,1.535,1.074,0.472,1.546,2.424
1780272312096,0.003,0.000,0.000,0.003,0.000,0.000,0.459,0.561,1.026,0.618,0.472,1.090,1.018
1780272312150,0.000,0.000,0.000,0.003,0.000,0.003,1.578,1.858,3.442,1.619,0.496,2.115,1.794
1780272312230,0.000,0.000,0.003,0.003,0.000,0.003,1.837,2.088,3.934,2.051,0.488,2.539,2.594
1780272312296,0.003,0.000,0.000,0.003,0.000,0.003,2.114,2.409,4.532,2.409,0.488,2.897,3.030
1780272312351,0.000,0.000,0.000,0.003,0.000,0.000,0.513,0.466,0.982,0.814,0.472,1.286,2.279
1780272312424,0.000,0.000,0.000,0.003,0.003,0.000,0.411,0.513,0.930,0.472,0.488,0.960,0.970
1780272312485,0.000,0.000,0.000,0.003,0.000,0.000,0.455,0.543,1.001,0.480,0.472,0.952,1.042
1780272312541,0.000,0.000,0.000,0.003,0.000,0.003,1.760,2.125,3.891,1.896,0.496,2.392,1.406
1780272312596,0.003,0.000,0.000,0.003,0.000,0.003,2.187,2.467,4.663,2.442,0.488,2.930,3.055
1780272312654,0.000,0.000,0.000,0.003,0.000,0.000,0.499,0.346,0.848,0.830,0.496,1.326,3.152
1780272312733,0.000,0.000,0.000,0.003,0.000,0.000,0.010,0.007,0.020,0.179,0.504,0.683,3.588
1780272312762,0.000,0.000,0.003,0.003,0.000,0.000,0.007,0.003,0.016,0.146,0.520,0.666,1.673
1780272312796,0.000,0.000,0.000,0.003,0.000,0.000,0.003,0.003,0.009,0.130,0.520,0.650,0.824
1780272312821,0.000,0.000,0.000,0.003,0.000,0.003,0.003,0.003,0.012,0.122,0.512,0.634,0.703
1780272312863,0.000,0.003,0.000,0.003,0.000,0.000,0.003,0.003,0.012,0.122,0.496,0.618,0.848
1780272312901,0.007,0.000,0.000,0.003,0.000,0.000,0.003,0.003,0.016,0.122,0.496,0.618,0.848
1780272312938,0.003,0.000,0.000,0.003,0.000,0.000,0.003,0.003,0.012,0.122,0.496,0.618,0.752
1780272312968,0.003,0.000,0.000,0.003,0.000,0.003,0.003,0.003,0.015,0.122,0.496,0.618,0.727
1780272313011,0.000,0.000,0.000,0.003,0.000,0.000,0.003,0.003,0.009,0.113,0.488,0.601,0.703
1780272313043,0.000,0.003,0.000,0.003,0.000,0.000,0.003,0.003,0.012,0.122,0.480,0.602,0.727
1780272313074,0.000,0.000,0.000,0.007,0.000,0.000,0.003,0.000,0.010,0.122,0.480,0.602,0.703
1780272313107,0.003,0.000,0.003,0.003,0.000,0.000,0.003,0.000,0.012,0.122,0.488,0.610,0.703
1780272313175,0.000,0.000,0.000,0.003,0.000,0.003,0.003,0.003,0.012,0.113,0.488,0.601,0.727
1780272313235,0.000,0.000,0.000,0.003,0.003,0.000,0.003,0.000,0.009,0.113,0.463,0.576,0.703
1780272313270,0.003,0.000,0.000,0.003,0.000,0.000,0.003,0.003,0.012,0.105,0.472,0.577,0.679
1780272313320,0.003,0.000,0.000,0.003,0.000,0.000,0.003,0.003,0.012,0.105,0.480,0.585,0.679
1780272313355,0.000,0.000,0.000,0.003,0.000,0.000,0.003,0.003,0.009,0.105,0.480,0.585,0.679
1780272313402,0.000,0.000,0.000,0.003,0.000,0.000,0.003,0.003,0.009,0.105,0.488,0.593,0.679
1780272313454,0.000,0.000,0.000,0.003,0.000,0.000,0.003,0.003,0.009,0.113,0.480,0.593,0.630
1780272313483,0.000,0.000,0.000,0.003,0.000,0.000,0.003,0.003,0.009,0.105,0.472,0.577,0.703
1780272313518,0.003,0.003,0.003,0.003,0.000,0.000,0.003,0.000,0.015,0.105,0.472,0.577,0.679
1780272313555,0.000,0.000,0.003,0.003,0.000,0.000,0.003,0.000,0.009,0.113,0.472,0.585,0.703
1780272313597,0.000,0.003,0.000,0.003,0.000,0.000,0.003,0.003,0.012,0.113,0.480,0.593,0.679
1780272313632,0.000,0.000,0.000,0.003,0.000,0.003,0.003,0.003,0.012,0.113,0.488,0.601,0.703
1780272313691,0.000,0.003,0.000,0.003,0.000,0.000,0.003,0.000,0.009,0.113,0.480,0.593,0.703
1780272313756,0.000,0.000,0.000,0.003,0.000,0.000,0.003,0.003,0.009,0.113,0.480,0.593,0.679
1780272313783,0.000,0.000,0.003,0.003,0.003,0.000,0.003,0.000,0.012,0.113,0.480,0.593,0.703
1780272313818,0.003,0.000,0.000,0.007,0.000,0.000,0.003,0.000,0.013,0.113,0.488,0.601,0.703
1780272313847,0.000,0.000,0.000,0.003,0.000,0.000,0.003,0.003,0.009,0.113,0.504,0.617,0.727
1780272313895,0.003,0.000,0.000,0.003,0.000,0.000,0.003,0.000,0.009,0.113,0.488,0.601,0.727
1780272313927,0.000,0.000,0.000,0.003,0.000,0.000,0.003,0.003,0.009,0.113,0.480,0.593,0.703
1780272313971,0.000,0.000,0.000,0.003,0.000,0.000,0.003,0.003,0.009,0.122,0.480,0.602,0.703
1780272314003,0.003,0.003,0.000,0.003,0.000,0.000,0.003,0.000,0.012,0.113,0.472,0.585,0.703
1780272314042,0.000,0.000,0.000,0.003,0.000,0.000,0.003,0.000,0.006,0.113,0.472,0.585,0.703
1780272314078,0.003,0.000,0.000,0.003,0.000,0.000,0.003,0.003,0.012,0.113,0.480,0.593,0.727
1780272314113,0.003,0.000,0.000,0.003,0.003,0.000,0.003,0.000,0.012,0.113,0.480,0.593,0.679
1780272314147,0.000,0.000,0.003,0.003,0.000,0.000,0.003,0.000,0.009,0.113,0.472,0.585,0.703
1780272314213,0.003,0.000,0.000,0.003,0.000,0.000,0.003,0.003,0.012,0.113,0.472,0.585,0.679
1780272314277,0.000,0.000,0.000,0.003,0.000,0.000,0.003,0.003,0.009,0.113,0.463,0.576,0.703
1780272314305,0.000,0.000,0.000,0.003,0.000,0.000,0.003,0.003,0.009,0.113,0.472,0.585,0.703
1780272314351,0.003,0.000,0.000,0.003,0.000,0.000,0.003,0.003,0.012,0.113,0.463,0.576,0.703
1780272314393,0.000,0.000,0.000,0.003,0.000,0.003,0.003,0.003,0.012,0.113,0.463,0.576,0.703
1780272314432,0.003,0.000,0.000,0.007,0.000,0.003,0.003,0.003,0.019,0.113,0.480,0.593,0.703
1780272314485,0.000,0.000,0.000,0.000,0.000,0.000,0.003,0.003,0.006,0.113,0.472,0.585,0.679
1780272314519,0.000,0.000,0.000,0.003,0.003,0.000,0.003,0.003,0.012,0.113,0.480,0.593,0.703
1780272314550,0.000,0.000,0.000,0.003,0.000,0.000,0.003,0.003,0.009,0.113,0.480,0.593,0.703
1780272314593,0.000,0.000,0.000,0.003,0.000,0.000,0.003,0.003,0.009,0.113,0.472,0.585,0.679
1780272314637,0.003,0.000,0.000,0.003,0.000,0.000,0.003,0.003,0.012,0.113,0.472,0.585,0.679
1780272314677,0.000,0.000,0.000,0.003,0.000,0.000,0.000,0.000,0.003,0.113,0.488,0.601,0.703
1780272314732,0.000,0.000,0.000,0.003,0.000,0.003,0.003,0.000,0.009,0.113,0.463,0.576,0.703
1780272314805,0.000,0.000,0.000,0.003,0.000,0.000,0.000,0.003,0.006,0.113,0.472,0.585,0.679
1780272314840,0.000,0.000,0.000,0.003,0.003,0.000,0.003,0.007,0.016,0.113,0.472,0.585,0.630
1780272314876,0.000,0.000,0.000,0.003,0.000,0.000,0.003,0.000,0.006,0.113,0.463,0.576,0.703
1780272314910,0.000,0.000,0.000,0.003,0.000,0.003,0.003,0.000,0.009,0.113,0.488,0.601,0.703
1780272314947,0.000,0.003,0.000,0.003,0.000,0.000,0.003,0.000,0.009,0.113,0.472,0.585,0.703
1780272314983,0.000,0.000,0.000,0.003,0.000,0.000,0.003,0.000,0.006,0.113,0.480,0.593,0.703
1780272315013,0.000,0.000,0.000,0.003,0.000,0.000,0.003,0.003,0.009,0.113,0.472,0.585,0.703
1780272315041,0.003,0.000,0.000,0.003,0.000,0.000,0.003,0.000,0.009,0.113,0.472,0.585,0.679
1780272315079,0.000,0.000,0.000,0.003,0.000,0.000,0.003,0.000,0.006,0.113,0.488,0.601,0.679
1780272315112,0.000,0.000,0.000,0.003,0.003,0.003,0.003,0.000,0.012,0.113,0.488,0.601,0.703
1780272315149,0.007,0.000,0.000,0.003,0.000,0.000,0.000,0.003,0.013,0.113,0.480,0.593,0.703
1780272315180,0.003,0.000,0.000,0.003,0.000,0.000,0.003,0.003,0.012,0.113,0.488,0.601,0.679
1780272315240,0.000,0.000,0.000,0.003,0.000,0.000,0.007,0.000,0.010,0.113,0.480,0.593,0.703
1780272315297,0.000,0.003,0.003,0.003,0.000,0.000,0.003,0.000,0.012,0.113,0.480,0.593,0.630
1780272315326,0.000,0.000,0.000,0.003,0.000,0.000,0.003,0.000,0.006,0.113,0.463,0.576,0.703
1780272315377,0.000,0.000,0.000,0.003,0.000,0.000,0.003,0.003,0.009,0.113,0.463,0.576,0.703
1780272315410,0.000,0.000,0.000,0.003,0.000,0.003,0.003,0.000,0.009,0.113,0.488,0.601,0.727
1780272315451,0.003,0.000,0.000,0.003,0.000,0.000,0.003,0.000,0.009,0.113,0.480,0.593,0.703
1780272315510,0.000,0.000,0.003,0.003,0.000,0.003,0.003,0.000,0.012,0.113,0.480,0.593,0.703
1780272315537,0.000,0.000,0.000,0.003,0.000,0.000,0.003,0.003,0.009,0.113,0.504,0.617,0.703
1780272315571,0.003,0.000,0.000,0.003,0.000,0.000,0.003,0.000,0.009,0.113,0.496,0.609,0.703
1780272315595,0.000,0.000,0.000,0.003,0.000,0.000,0.003,0.000,0.006,0.113,0.480,0.593,0.727
1780272315635,0.000,0.000,0.000,0.003,0.000,0.000,0.003,0.000,0.006,0.113,0.488,0.601,0.703
1780272315662,0.000,0.000,0.000,0.003,0.000,0.000,0.003,0.003,0.009,0.113,0.488,0.601,0.679
1780272315696,0.000,0.000,0.000,0.003,0.000,0.000,0.003,0.000,0.006,0.113,0.480,0.593,0.703
1780272315746,0.000,0.000,0.000,0.003,0.000,0.003,0.003,0.000,0.009,0.113,0.472,0.585,0.703
1780272315806,0.003,0.000,0.000,0.003,0.000,0.000,0.003,0.000,0.009,0.113,0.463,0.576,0.703
1780272315833,0.000,0.000,0.000,0.003,0.000,0.000,0.000,0.000,0.003,0.113,0.463,0.576,0.703
1780272315876,0.000,0.000,0.003,0.003,0.000,0.000,0.003,0.003,0.012,0.113,0.480,0.593,0.703
1780272315906,0.000,0.000,0.000,0.003,0.003,0.000,0.003,0.000,0.009,0.113,0.472,0.585,0.679
1780272315945,0.003,0.000,0.000,0.003,0.000,0.000,0.003,0.000,0.009,0.113,0.488,0.601,0.727
1780272315974,0.000,0.000,0.000,0.003,0.000,0.000,0.003,0.000,0.006,0.113,0.496,0.609,0.703
1780272316015,0.003,0.000,0.000,0.003,0.000,0.000,0.003,0.003,0.012,0.113,0.472,0.585,0.703
1780272316047,0.000,0.000,0.000,0.003,0.000,0.000,0.003,0.003,0.009,0.113,0.488,0.601,0.703
1780272316089,0.000,0.000,0.003,0.003,0.000,0.003,0.003,0.000,0.012,0.113,0.488,0.601,0.703
1780272316119,0.000,0.000,0.000,0.003,0.003,0.000,0.003,0.003,0.012,0.113,0.488,0.601,0.703
1780272316162,0.003,0.000,0.000,0.003,0.000,0.000,0.003,0.000,0.009,0.113,0.488,0.601,0.703
1780272316193,0.003,0.000,0.003,0.003,0.000,0.003,0.003,0.000,0.015,0.113,0.480,0.593,0.727
1780272316232,0.003,0.003,0.000,0.000,0.003,0.000,0.003,0.000,0.012,0.113,0.480,0.593,0.679
1780272316285,0.000,0.000,0.000,0.003,0.000,0.000,0.003,0.000,0.006,0.113,0.480,0.593,0.703
1780272316348,0.000,0.000,0.000,0.003,0.000,0.000,0.003,0.003,0.009,0.113,0.472,0.585,0.703
1780272316402,0.000,0.000,0.000,0.003,0.000,0.000,0.003,0.000,0.006,0.113,0.480,0.593,0.703
1780272316433,0.000,0.003,0.000,0.003,0.000,0.000,0.003,0.003,0.012,0.113,0.480,0.593,0.703
1780272316468,0.000,0.000,0.000,0.003,0.000,0.003,0.003,0.000,0.009,0.113,0.472,0.585,0.727
1780272316500,0.000,0.000,0.000,0.003,0.000,0.000,0.003,0.003,0.009,0.113,0.463,0.576,0.679
1780272316556,0.000,0.000,0.000,0.003,0.000,0.000,0.007,0.000,0.010,0.113,0.463,0.576,0.703
1780272316588,0.000,0.000,0.000,0.003,0.000,0.000,0.003,0.003,0.009,0.113,0.463,0.576,0.679
1780272316624,0.003,0.000,0.000,0.003,0.000,0.003,0.003,0.003,0.015,0.113,0.463,0.576,0.727
1780272316659,0.000,0.000,0.000,0.003,0.003,0.003,0.003,0.000,0.012,0.113,0.480,0.593,0.703
1780272316706,0.000,0.000,0.003,0.003,0.000,0.000,0.003,0.000,0.009,0.113,0.488,0.601,0.703
1780272316735,0.003,0.000,0.003,0.003,0.000,0.000,0.003,0.000,0.012,0.113,0.480,0.593,0.703
1780272316788,0.003,0.000,0.000,0.007,0.000,0.000,0.000,0.000,0.010,0.113,0.480,0.593,0.727
1780272316827,0.000,0.000,0.000,0.003,0.000,0.000,0.003,0.000,0.006,0.113,0.472,0.585,0.703
1780272316889,0.000,0.000,0.003,0.003,0.000,0.003,0.003,0.000,0.012,0.113,0.472,0.585,0.703
1780272316925,0.003,0.000,0.000,0.003,0.000,0.000,0.003,0.003,0.012,0.113,0.488,0.601,0.679
1780272316982,0.000,0.000,0.000,0.003,0.000,0.000,0.003,0.000,0.006,0.113,0.472,0.585,0.703
1780272317017,0.000,0.003,0.000,0.003,0.000,0.003,0.003,0.000,0.012,0.113,0.472,0.585,0.703
1780272317062,0.000,0.003,0.000,0.003,0.000,0.000,0.000,0.000,0.006,0.122,0.463,0.585,0.703
1780272317098,0.000,0.000,0.000,0.003,0.000,0.000,0.003,0.003,0.009,0.113,0.472,0.585,0.679
1780272317129,0.000,0.000,0.000,0.003,0.000,0.003,0.003,0.000,0.009,0.113,0.472,0.585,0.703
1780272317165,0.000,0.000,0.000,0.003,0.000,0.000,0.003,0.003,0.009,0.113,0.472,0.585,0.703
1780272317197,0.003,0.000,0.000,0.003,0.000,0.000,0.003,0.003,0.012,0.113,0.480,0.593,0.679
1780272317232,0.000,0.000,0.000,0.003,0.000,0.000,0.003,0.000,0.006,0.113,0.472,0.585,0.703
1780272317265,0.000,0.000,0.000,0.003,0.000,0.000,0.003,0.000,0.006,0.113,0.480,0.593,0.703
1780272317321,0.000,0.000,0.000,0.003,0.000,0.000,0.003,0.000,0.006,0.113,0.488,0.601,0.703
1780272317362,0.000,0.000,0.003,0.003,0.000,0.000,0.003,0.003,0.012,0.113,0.472,0.585,0.703
1780272317422,0.000,0.000,0.000,0.003,0.000,0.000,0.003,0.003,0.009,0.122,0.480,0.602,0.630
1780272317452,0.000,0.000,0.000,0.003,0.000,0.000,0.000,0.000,0.003,0.113,0.488,0.601,0.703
1780272317493,0.000,0.000,0.000,0.000,0.000,0.000,0.003,0.003,0.006,0.113,0.488,0.601,0.679
1780272317525,0.000,0.000,0.000,0.003,0.000,0.000,0.000,0.003,0.006,0.122,0.472,0.594,0.703
1780272317576,0.000,0.000,0.000,0.000,0.000,0.000,0.003,0.003,0.006,0.113,0.463,0.576,0.679
1780272317614,0.000,0.000,0.000,0.003,0.000,0.000,0.003,0.000,0.006,0.113,0.463,0.576,0.679
1780272317647,0.000,0.000,0.003,0.003,0.000,0.000,0.003,0.003,0.012,0.113,0.463,0.576,0.679
1780272317687,0.000,0.003,0.000,0.003,0.000,0.000,0.000,0.003,0.009,0.113,0.488,0.601,0.679
1780272317724,0.000,0.000,0.000,0.003,0.000,0.000,0.003,0.000,0.006,0.113,0.472,0.585,0.703
1780272317763,0.000,0.000,0.000,0.003,0.000,0.000,0.003,0.003,0.009,0.113,0.480,0.593,0.679
1780272317821,0.000,0.000,0.000,0.003,0.000,0.000,0.003,0.003,0.009,0.113,0.472,0.585,0.703
1780272317875,0.000,0.000,0.000,0.003,0.000,0.003,0.003,0.000,0.009,0.113,0.463,0.576,0.703
1780272317950,0.000,0.000,0.000,0.007,0.000,0.000,0.007,0.003,0.017,0.113,0.480,0.593,0.703
1780272317978,0.000,0.000,0.000,0.003,0.000,0.000,0.003,0.003,0.009,0.113,0.480,0.593,0.679
1780272318019,0.000,0.000,0.000,0.003,0.000,0.000,0.003,0.000,0.006,0.113,0.472,0.585,0.703
1780272318056,0.000,0.000,0.000,0.003,0.000,0.000,0.003,0.003,0.009,0.113,0.480,0.593,0.703
1780272318099,0.000,0.000,0.000,0.003,0.000,0.000,0.003,0.000,0.006,0.113,0.496,0.609,0.727
1780272318126,0.000,0.003,0.000,0.003,0.000,0.000,0.003,0.000,0.009,0.113,0.496,0.609,0.703
1780272318156,0.003,0.000,0.000,0.003,0.000,0.000,0.000,0.003,0.009,0.113,0.488,0.601,0.727
1780272318188,0.000,0.000,0.000,0.003,0.000,0.000,0.000,0.003,0.006,0.113,0.480,0.593,0.727
1780272318225,0.003,0.000,0.000,0.003,0.000,0.000,0.003,0.000,0.009,0.113,0.480,0.593,0.727
1780272318256,0.003,0.000,0.000,0.003,0.000,0.000,0.003,0.003,0.012,0.113,0.488,0.601,0.703
1780272318292,0.000,0.000,0.000,0.003,0.000,0.000,0.003,0.003,0.009,0.113,0.463,0.576,0.727
1780272318356,0.000,0.000,0.003,0.003,0.000,0.000,0.003,0.003,0.012,0.113,0.472,0.585,0.703
1780272318405,0.000,0.000,0.000,0.007,0.000,0.000,0.003,0.000,0.010,0.113,0.472,0.585,0.703
1780272318474,0.000,0.000,0.000,0.003,0.000,0.000,0.003,0.003,0.009,0.113,0.463,0.576,0.703
1780272318503,0.003,0.003,0.000,0.003,0.000,0.000,0.003,0.000,0.012,0.113,0.472,0.585,0.703
1780272318543,0.000,0.000,0.000,0.000,0.000,0.000,0.003,0.003,0.006,0.113,0.472,0.585,0.630
1780272318576,0.000,0.000,0.003,0.003,0.000,0.003,0.003,0.000,0.012,0.113,0.455,0.568,0.703
1780272318628,0.000,0.000,0.000,0.003,0.000,0.000,0.003,0.003,0.009,0.113,0.463,0.576,0.679
1780272318681,0.000,0.000,0.000,0.003,0.000,0.000,0.003,0.000,0.006,0.113,0.472,0.585,0.703
1780272318718,0.003,0.000,0.000,0.003,0.000,0.003,0.003,0.000,0.012,0.113,0.488,0.601,0.727
1780272318755,0.000,0.000,0.000,0.003,0.000,0.003,0.000,0.000,0.006,0.113,0.472,0.585,0.703
1780272318788,0.000,0.000,0.000,0.003,0.000,0.000,0.003,0.000,0.006,0.113,0.463,0.576,0.679
1780272318833,0.000,0.000,0.000,0.003,0.000,0.003,0.003,0.000,0.009,0.113,0.480,0.593,0.679
1780272318891,0.003,0.000,0.000,0.003,0.000,0.003,0.003,0.000,0.012,0.122,0.480,0.602,0.727
1780272318932,0.000,0.000,0.000,0.000,0.000,0.000,0.003,0.003,0.006,0.113,0.472,0.585,0.703
1780272319012,0.000,0.000,0.000,0.003,0.000,0.000,0.003,0.003,0.009,0.113,0.488,0.601,0.703
1780272319040,0.000,0.000,0.003,0.003,0.003,0.000,0.003,0.000,0.012,0.113,0.472,0.585,0.703
1780272319079,0.000,0.000,0.000,0.003,0.000,0.000,0.003,0.003,0.009,0.113,0.463,0.576,0.679
1780272319139,0.000,0.000,0.003,0.003,0.000,0.000,0.003,0.000,0.009,0.122,0.472,0.594,0.679
1780272319171,0.000,0.003,0.003,0.003,0.000,0.000,0.003,0.003,0.015,0.113,0.455,0.568,0.679
1780272319212,0.003,0.000,0.000,0.003,0.000,0.000,0.003,0.000,0.009,0.113,0.480,0.593,0.679
1780272319247,0.000,0.000,0.003,0.003,0.000,0.000,0.003,0.000,0.009,0.122,0.463,0.585,0.679
1780272319286,0.000,0.000,0.000,0.003,0.000,0.000,0.003,0.000,0.006,0.113,0.463,0.576,0.703
1780272319313,0.000,0.000,0.000,0.003,0.000,0.000,0.003,0.000,0.006,0.113,0.455,0.568,0.679
1780272319346,0.003,0.000,0.000,0.003,0.000,0.000,0.000,0.000,0.006,0.113,0.463,0.576,0.630
1780272319405,0.000,0.000,0.003,0.003,0.000,0.000,0.003,0.000,0.009,0.122,0.472,0.594,0.679
1780272319459,0.000,0.000,0.000,0.003,0.000,0.000,0.003,0.000,0.006,0.113,0.472,0.585,0.679
1780272319521,0.003,0.000,0.003,0.003,0.000,0.000,0.003,0.003,0.015,0.113,0.472,0.585,0.727
1780272319549,0.000,0.000,0.000,0.003,0.000,0.000,0.003,0.000,0.006,0.113,0.463,0.576,0.679
1780272319587,0.000,0.000,0.000,0.003,0.000,0.000,0.003,0.000,0.006,0.122,0.472,0.594,0.679
1780272319641,0.003,0.003,0.000,0.003,0.000,0.000,0.003,0.003,0.015,0.113,0.472,0.585,0.679
1780272319674,0.000,0.000,0.003,0.003,0.000,0.000,0.000,0.000,0.006,0.113,0.472,0.585,0.679
1780272319727,0.000,0.000,0.000,0.003,0.000,0.000,0.003,0.000,0.006,0.113,0.488,0.601,0.679
1780272319761,0.000,0.000,0.000,0.003,0.000,0.000,0.000,0.003,0.006,0.113,0.480,0.593,0.727
1780272319795,0.007,0.000,0.003,0.003,0.000,0.000,0.003,0.003,0.019,0.113,0.463,0.576,0.679
1780272319824,0.000,0.000,0.003,0.003,0.000,0.000,0.000,0.000,0.006,0.113,0.472,0.585,0.703
1780272319879,0.007,0.000,0.000,0.003,0.000,0.000,0.000,0.000,0.010,0.113,0.472,0.585,0.703
1780272319945,0.000,0.000,0.000,0.003,0.003,0.000,0.003,0.000,0.009,0.113,0.472,0.585,0.703
1780272320000,0.000,0.000,0.000,0.003,0.000,0.000,0.003,0.000,0.006,0.113,0.488,0.601,0.727
1780272320072,0.003,0.000,0.000,0.003,0.003,0.000,0.003,0.003,0.015,0.113,0.472,0.585,0.679
1780272320099,0.000,0.000,0.000,0.003,0.000,0.000,0.000,0.003,0.006,0.113,0.488,0.601,0.703
1780272320151,0.003,0.000,0.000,0.003,0.000,0.000,0.003,0.003,0.012,0.113,0.472,0.585,0.679
1780272320179,0.000,0.000,0.000,0.003,0.000,0.000,0.003,0.000,0.006,0.113,0.480,0.593,0.679
1780272320228,0.000,0.003,0.000,0.003,0.000,0.000,0.003,0.003,0.012,0.113,0.496,0.609,0.703
1780272320280,0.000,0.000,0.000,0.003,0.007,0.018,6.130,7.395,13.553,10.630,0.520,11.150,7.976
1780272320321,0.000,0.000,0.000,0.003,0.003,0.014,7.515,8.532,16.067,13.951,0.537,14.488,16.388
1780272320369,0.000,0.000,0.000,0.003,0.003,0.014,7.607,8.328,15.955,14.733,0.561,15.294,17.818
1780272320407,0.000,0.000,0.003,0.003,0.003,0.014,7.661,8.263,15.947,14.879,0.553,15.432,16.121
1780272320445,0.003,0.000,0.000,0.003,0.007,0.014,7.683,8.244,15.954,14.912,0.553,15.465,15.636
1780272320521,0.000,0.000,0.000,0.003,0.003,0.014,7.319,7.884,15.223,14.326,0.586,14.912,15.176
1780272320587,0.000,0.000,0.000,0.003,0.003,0.014,7.144,7.690,14.854,13.968,0.577,14.545,14.667
1780272320622,0.000,0.000,0.003,0.003,0.007,0.014,7.169,7.603,14.799,13.911,0.553,14.464,14.352
1780272320674,0.000,0.000,0.000,0.003,0.003,0.014,6.841,7.501,14.362,13.536,0.529,14.065,13.939
1780272320714,0.000,0.000,0.000,0.000,0.003,0.014,6.754,7.308,14.079,13.317,0.529,13.846,13.939
1780272320763,0.000,0.000,0.000,0.000,0.003,0.014,6.586,7.206,13.809,13.072,0.537,13.609,13.697
1780272320818,0.003,0.000,0.000,0.003,0.003,0.014,6.455,7.060,13.538,12.755,0.529,13.284,13.430
1780272320876,0.000,0.003,0.000,0.003,0.003,0.014,6.309,6.881,13.213,12.503,0.529,13.032,13.139
1780272320935,0.204,0.572,0.459,0.196,0.003,0.014,6.280,6.677,14.405,12.250,0.797,13.047,12.873
1780272320975,1.002,3.579,4.855,1.188,0.003,0.010,5.390,5.773,21.800,10.915,9.816,20.731,18.400
1780272321018,0.863,5.121,7.107,2.850,0.003,0.010,5.168,5.558,26.680,10.175,11.900,22.075,22.958
1780272321067,0.852,4.767,7.042,2.792,0.003,0.010,5.015,5.500,25.981,10.004,11.786,21.790,20.436
1780272321137,0.874,4.326,6.032,2.686,0.000,0.010,4.997,5.482,24.407,9.955,10.370,20.325,19.079
1780272321193,0.871,3.983,5.503,2.525,0.000,0.010,5.030,5.409,23.331,9.881,9.588,19.469,18.376
1780272321258,0.933,3.776,5.070,2.544,0.003,0.003,3.528,3.819,19.676,6.243,9.230,15.473,13.600
1780272321312,0.995,3.652,5.030,2.617,0.000,0.000,0.911,1.086,14.291,2.612,9.059,11.671,12.921
1780272321368,0.838,2.864,3.688,2.044,0.007,0.021,8.299,8.598,26.359,12.820,7.130,19.950,14.473
1780272321439,0.958,3.021,4.144,2.241,0.000,0.003,2.132,2.471,14.970,4.753,7.741,12.494,10.739
1780272321492,0.922,2.679,3.590,1.982,0.003,0.010,4.709,5.328,19.223,8.595,6.788,15.383,13.503
1780272321562,0.929,2.478,3.335,1.822,0.000,0.010,5.226,5.646,19.446,10.582,6.275,16.857,16.364
1780272321604,0.889,2.427,3.094,1.851,0.003,0.010,5.092,5.613,18.979,10.598,6.267,16.865,16.145
1780272321666,0.882,2.343,3.061,1.585,0.003,0.010,5.062,5.554,18.500,10.272,6.072,16.344,15.903
1780272321736,0.823,1.997,2.682,1.447,0.003,0.021,9.415,10.060,26.448,17.199,5.323,22.522,21.115
1780272321776,0.805,1.844,2.518,1.450,0.003,0.021,9.404,10.103,26.148,18.021,5.177,23.198,22.909
1780272321822,0.929,2.289,3.127,1.778,0.000,0.007,5.241,5.328,18.699,9.995,6.178,16.173,18.667
1780272321880,0.783,2.314,2.916,1.530,0.007,0.010,5.554,5.868,18.982,10.549,5.828,16.377,15.321
1780272321923,0.863,2.467,2.930,1.709,0.003,0.010,5.518,5.915,19.415,10.671,6.129,16.800,15.952
1780272321960,0.976,2.507,3.120,1.574,0.003,0.010,5.398,5.835,19.423,10.598,6.072,16.670,16.024
1780272322015,0.849,2.234,2.894,1.505,0.003,0.010,5.383,5.770,18.648,10.549,5.754,16.303,15.442
1780272322084,0.780,2.460,2.905,1.468,0.003,0.010,5.175,5.609,18.410,10.297,5.681,15.978,15.491
1780272322152,0.893,2.183,2.832,1.578,0.003,0.010,5.121,5.485,18.105,10.020,5.754,15.774,15.030
1780272322236,0.780,2.274,2.916,1.494,0.003,0.010,4.982,5.332,17.791,9.800,5.673,15.473,14.958
1780272322304,4.913,0.342,3.174,0.233,0.000,0.003,1.647,1.909,12.221,4.045,8.490,12.535,13.164
1780272322353,5.565,0.754,2.711,2.474,0.000,0.000,0.473,0.594,12.571,1.221,9.173,10.394,9.455
1780272322409,4.815,2.916,2.507,6.841,0.000,0.000,0.218,0.266,17.563,0.537,15.588,16.125,13.745
1780272322477,0.725,0.331,0.400,2.055,0.000,0.003,1.439,1.713,6.666,1.611,3.142,4.753,3.855
1780272322537,0.036,0.025,0.018,0.233,0.000,0.003,2.084,2.354,4.753,2.458,0.911,3.369,3.103
1780272322598,0.003,0.003,0.003,0.014,0.000,0.003,2.347,2.682,5.055,3.443,0.561,4.004,3.806
1780272322649,0.003,0.003,0.003,0.003,0.000,0.003,2.788,3.072,5.875,4.094,0.512,4.606,4.727
1780272322708,0.069,0.058,0.010,0.087,0.000,0.003,2.358,2.624,5.209,3.321,0.553,3.874,4.364
1780272322791,4.399,1.476,6.451,0.714,0.000,0.003,1.603,1.848,16.494,2.205,10.378,12.583,12.630
1780272322839,3.397,0.419,6.797,0.331,0.000,0.003,1.319,1.512,13.778,1.823,10.647,12.470,11.079
1780272322885,4.928,0.043,5.263,0.021,0.000,0.000,0.616,0.780,11.651,1.025,9.914,10.939,10.739
1780272322944,3.174,4.621,4.042,6.192,0.000,0.000,0.729,0.933,19.691,1.009,16.564,17.573,15.879
1780272323005,3.101,1.913,4.082,6.677,0.000,0.000,0.944,1.078,17.795,1.172,15.409,16.581,15.370
1780272323046,2.930,3.907,3.845,5.755,0.000,0.003,0.987,1.170,18.597,1.261,15.873,17.134,15.370
1780272323112,2.555,3.287,3.911,4.610,0.000,0.000,0.856,1.042,16.261,1.155,14.236,15.391,14.400
1780272323171,3.145,3.619,3.222,4.035,0.000,0.000,0.987,1.177,16.185,1.294,13.211,14.505,13.721
1780272323223,2.197,2.974,3.141,3.433,0.003,0.003,2.580,3.039,17.370,3.736,11.900,15.636,13.552
1780272323295,2.883,2.708,2.609,2.977,0.000,0.000,1.308,1.541,14.026,2.238,10.989,13.227,12.824
1780272323339,0.867,2.854,2.926,1.133,0.000,0.000,1.057,1.283,10.120,1.554,7.969,9.523,8.873
1780272323377,0.193,2.868,2.879,0.225,0.000,0.003,0.776,0.918,7.862,1.082,6.625,7.707,7.030
1780272323433,0.076,2.580,2.657,0.087,0.003,0.003,1.800,2.190,9.396,2.303,5.584,7.887,7.321
1780272323492,0.105,1.020,2.059,0.080,4.483,4.096,1.917,2.161,15.921,9.572,3.565,13.137,15.321
1780272323558,1.264,0.112,1.727,2.897,2.307,2.161,2.981,3.284,16.733,8.783,3.711,12.494,12.194
1780272323635,2.434,0.138,1.159,0.295,1.640,1.622,2.733,3.039,13.060,7.350,4.045,11.395,11.297
1780272323694,2.525,2.146,0.685,3.794,1.406,1.479,0.495,0.590,13.120,3.956,9.230,13.186,12.267
1780272323749,2.055,1.793,0.590,3.404,0.656,0.736,8.336,8.737,26.307,14.326,7.789,22.115,16.315
1780272323834,2.657,0.200,1.038,0.317,1.990,1.968,2.074,2.216,12.460,7.708,4.664,12.372,13.139
1780272323898,2.347,0.069,0.433,0.138,1.224,1.213,4.658,5.092,15.174,10.655,3.247,13.902,12.339
1780272323943,1.942,0.193,0.112,2.267,1.447,1.326,4.866,5.219,17.372,11.941,4.794,16.735,15.321
1780272324006,2.143,0.196,0.040,3.491,1.490,1.465,4.669,5.030,18.524,12.014,5.901,17.915,17.309
1780272324068,0.747,0.156,0.058,1.789,1.942,2.121,4.665,5.168,16.646,13.056,2.857,15.913,15.709
1780272324156,0.025,0.007,0.000,0.036,3.586,3.105,2.937,3.331,13.027,11.444,0.700,12.144,11.927
1780272324212,4.042,4.457,2.139,1.997,4.651,4.516,0.637,0.769,23.208,10.256,6.161,16.417,16.097
1780272324266,6.593,6.739,1.957,1.993,4.822,4.993,0.196,0.218,27.511,9.833,15.140,24.973,22.691
1780272324336,4.946,5.146,3.575,5.551,4.913,5.310,0.612,0.739,30.792,10.288,18.013,28.301,27.079
1780272324381,4.129,4.632,3.047,4.534,2.992,3.881,1.137,1.308,25.660,8.262,16.011,24.273,23.079
1780272324429,4.621,5.110,3.666,2.923,2.449,2.511,1.345,1.541,24.166,7.041,16.296,23.337,21.576
1780272324505,1.268,4.220,0.885,4.395,3.050,3.025,1.155,1.352,19.350,7.456,10.028,17.484,17.552
1780272324570,0.160,3.783,0.076,3.666,0.309,0.422,1.348,1.549,11.313,3.459,8.017,11.476,11.055
1780272324630,0.014,2.409,0.014,3.433,0.018,0.025,0.568,0.718,7.199,1.155,6.007,7.162,6.594
1780272324687,0.007,1.778,0.007,2.988,0.003,0.003,0.229,0.284,5.299,0.610,5.299,5.909,5.115
1780272324737,2.205,1.352,0.827,2.977,0.003,0.003,0.379,0.462,8.208,0.577,6.007,6.584,6.182
1780272324821,5.850,1.093,3.141,2.846,0.000,0.003,1.869,2.106,16.908,2.490,12.039,14.529,14.642
1780272324884,5.139,1.016,2.956,2.974,0.003,0.007,3.419,3.823,19.337,5.649,11.973,17.622,16.824
1780272324933,4.140,1.654,2.708,2.686,0.003,0.007,3.998,4.530,19.726,7.667,10.948,18.615,18.400
1780272324991,3.539,1.767,2.321,2.759,0.003,0.007,3.491,3.903,17.790,6.585,10.492,17.077,17.042
1780272325048,3.218,2.212,2.325,2.766,0.000,0.003,1.505,1.753,13.782,3.011,10.606,13.617,13.188
1780272325103,2.956,2.405,2.194,2.693,0.000,0.003,0.586,0.656,11.493,1.164,10.345,11.509,10.376
1780272325166,2.351,2.314,1.990,2.354,0.000,0.000,0.266,0.349,9.624,0.586,9.271,9.857,8.897
1780272325237,2.234,2.299,2.044,2.128,0.003,0.000,0.714,0.863,10.285,0.903,8.669,9.572,8.897
1780272325299,2.008,1.913,1.607,1.880,0.000,0.003,2.635,2.923,12.969,3.557,7.749,11.306,10.376
1780272325360,1.406,1.428,1.359,1.279,0.000,0.010,4.370,4.709,14.561,7.920,5.934,13.854,10.715
1780272325417,1.461,1.410,1.242,1.253,0.000,0.010,4.548,5.019,14.943,8.954,5.779,14.733,14.158
1780272325475,0.313,1.064,0.153,0.867,4.395,4.104,3.630,4.100,18.626,14.415,3.117,17.532,18.715
1780272325516,0.040,1.038,0.021,0.867,3.568,3.645,3.994,4.344,17.517,14.188,2.580,16.768,16.752
1780272325558,0.007,0.991,0.007,0.790,2.843,2.886,3.316,3.823,14.663,12.120,2.368,14.488,15.612
1780272325601,0.003,0.634,0.007,0.827,2.547,2.646,3.061,3.459,13.184,10.378,1.978,12.356,12.242
1780272325641,0.007,0.495,0.003,1.053,2.646,2.628,1.505,1.815,10.152,7.635,2.124,9.759,11.030
1780272325706,0.003,0.171,0.003,1.140,2.340,2.391,2.722,3.061,11.831,8.636,1.807,10.443,8.800
1780272325786,0.849,0.007,0.025,1.939,2.099,2.154,4.133,4.501,15.707,11.957,2.303,14.260,13.964
1780272325840,1.975,0.000,0.076,0.386,2.230,2.354,4.148,4.523,15.692,12.519,1.489,14.008,14.352
1780272325938,0.036,0.000,0.000,0.003,2.431,3.426,3.885,4.312,14.093,13.829,0.561,14.390,13.624
1780272325984,0.003,0.000,0.000,0.003,4.486,4.308,3.634,4.038,16.472,15.506,0.545,16.051,16.800
1780272326024,0.003,0.000,0.000,0.003,4.111,3.969,3.674,4.075,15.835,14.643,0.537,15.180,16.267
1780272326078,0.000,0.000,0.000,0.003,2.926,3.109,2.197,2.591,10.826,10.272,0.569,10.841,16.145
1780272326132,0.000,0.000,0.000,0.003,2.423,2.340,3.039,3.535,11.340,10.280,0.561,10.841,12.194
1780272326193,0.000,0.000,0.000,0.003,2.409,2.453,2.157,2.529,9.551,8.660,0.561,9.221,11.273
1780272326273,0.000,0.000,0.003,0.003,2.248,2.259,1.534,1.771,7.818,6.764,0.577,7.341,8.848
1780272326310,0.003,0.000,0.000,0.003,2.234,2.478,0.878,1.129,6.725,6.121,0.561,6.682,7.564
1780272326347,0.000,0.000,0.000,0.003,2.926,3.739,0.769,0.933,8.370,7.684,0.537,8.221,7.685
1780272326419,0.003,0.000,0.000,0.003,2.912,3.185,1.228,1.479,8.810,7.619,0.529,8.148,8.800
1780272326482,0.000,0.000,0.000,0.003,2.529,2.653,1.355,1.570,8.110,6.967,0.537,7.504,8.339
1780272326561,0.000,0.000,0.000,0.003,2.365,2.423,1.224,1.483,7.498,6.463,0.545,7.008,7.418
1780272326607,0.003,0.003,0.000,0.003,2.369,2.405,1.494,1.727,8.004,6.682,0.512,7.194,7.564
1780272326647,0.000,0.000,0.000,0.003,2.208,2.183,2.540,2.864,9.798,8.058,0.529,8.587,8.242
1780272326725,0.000,0.000,0.003,0.003,0.233,0.182,2.030,2.347,4.798,3.858,0.520,4.378,4.582
1780272326791,0.000,0.000,0.000,0.007,0.010,0.014,0.980,1.228,2.239,1.986,0.520,2.506,3.952
1780272326847,0.000,0.000,0.000,0.003,0.003,0.003,0.995,1.184,2.188,1.465,0.512,1.977,1.964
1780272326910,0.003,0.000,0.000,0.000,0.003,0.003,1.199,1.436,2.644,1.636,0.504,2.140,2.327
1780272326952,0.000,0.000,0.000,0.003,0.000,0.003,1.075,1.290,2.371,1.514,0.496,2.010,2.545
1780272327014,0.000,0.003,0.000,0.003,0.003,0.000,1.272,1.498,2.779,1.717,0.488,2.205,2.327
1780272327071,0.000,0.000,0.000,0.003,0.000,0.007,2.369,2.664,5.043,3.247,0.512,3.759,4.073
1780272327117,0.000,0.003,0.000,0.003,0.000,0.007,2.773,3.076,5.862,4.216,0.520,4.736,4.873
1780272327188,0.000,0.000,0.000,0.003,4.217,0.003,1.144,1.410,6.777,5.063,0.529,5.592,6.836
1780272327240,0.003,0.000,0.000,0.003,4.661,4.618,0.670,0.856,10.811,8.302,0.545,8.847,13.697
1780272327305,0.000,0.000,0.000,0.003,3.174,3.156,1.833,2.190,10.356,8.107,0.545,8.652,11.685
1780272327355,0.003,0.000,0.000,0.003,2.715,2.690,1.906,2.128,9.445,7.586,0.529,8.115,10.448
1780272327417,0.003,0.000,0.000,0.000,2.471,2.908,1.913,2.238,9.533,7.456,0.504,7.960,8.897
1780272327462,0.000,0.000,0.000,0.003,2.289,2.427,3.623,3.947,12.289,10.647,0.520,11.167,9.164
1780272327515,0.003,0.000,0.000,0.003,2.274,2.321,4.024,4.476,13.101,11.680,0.537,12.217,15.079
1780272327562,0.000,0.000,0.000,0.003,2.139,2.128,4.031,4.516,12.817,11.803,0.545,12.348,14.376
1780272327601,0.000,0.000,0.000,0.003,1.913,2.223,4.235,4.709,13.083,11.982,0.545,12.527,13.673
1780272327643,0.000,0.000,0.003,0.003,1.862,1.793,4.432,4.887,12.980,11.876,0.561,12.437,13.503
1780272327700,0.000,0.000,0.000,0.003,1.505,1.428,4.312,4.771,12.019,11.290,0.545,11.835,13.139
1780272327756,0.003,0.000,0.000,0.003,1.388,1.461,4.228,4.687,11.770,10.956,0.529,11.485,14.085
1780272327826,0.000,0.000,0.000,0.003,1.432,1.396,4.450,5.004,12.285,11.322,0.537,11.859,12.824
1780272327863,0.000,0.000,0.000,0.003,1.436,1.443,4.552,4.997,12.431,11.493,0.545,12.038,12.800
1780272327911,0.000,0.000,0.000,0.000,1.388,1.425,4.538,4.957,12.308,11.461,0.520,11.981,12.339
1780272327962,0.000,0.000,0.000,0.003,1.396,1.414,4.483,4.891,12.187,11.306,0.529,11.835,12.242
1780272328019,0.000,0.000,0.000,0.003,1.363,1.425,4.297,4.796,11.884,11.119,0.520,11.639,12.073
1780272328058,0.000,0.000,0.000,0.003,1.439,1.374,4.297,4.745,11.858,11.070,0.545,11.615,11.952
1780272328112,0.000,0.000,0.000,0.003,0.269,0.331,4.326,4.829,9.758,9.613,0.529,10.142,10.521
1780272328150,0.000,0.000,0.003,0.003,0.040,0.054,4.428,4.873,9.401,9.157,0.520,9.677,9.697
1780272328189,0.000,0.000,0.000,0.003,0.007,0.014,3.601,3.976,7.601,7.228,0.512,7.740,9.212
1780272328232,0.000,0.000,0.000,0.003,0.007,0.007,2.963,3.295,6.275,5.217,0.488,5.705,5.964
1780272328277,0.000,0.000,0.000,0.003,0.000,0.003,1.396,1.636,3.038,2.930,0.496,3.426,4.994
1780272328339,0.003,0.000,0.000,0.003,0.000,0.000,0.390,0.495,0.891,1.025,0.496,1.521,1.891
1780272328393,0.000,0.000,0.000,0.003,0.000,0.000,0.667,0.816,1.486,0.960,0.480,1.440,1.479
1780272328448,0.000,0.000,0.000,0.003,0.003,0.000,0.513,0.641,1.160,0.789,0.480,1.269,1.552
1780272328503,1.071,4.968,4.545,1.253,0.000,0.000,0.273,0.320,12.430,0.496,11.062,11.558,9.042
1780272328568,1.082,5.128,7.012,2.161,0.000,0.003,1.312,1.505,18.203,1.758,12.983,14.741,13.673
1780272328644,4.304,5.489,0.867,0.200,0.003,0.007,3.083,3.623,17.576,5.429,9.157,14.586,12.945
1780272328698,4.082,4.111,1.013,0.116,0.003,0.007,3.728,4.122,17.182,6.992,7.863,14.855,14.036
1780272328738,3.619,3.714,1.286,0.098,0.000,0.007,3.655,3.983,16.362,6.984,7.106,14.090,13.333
1780272328786,3.696,3.367,1.221,0.094,0.003,0.007,3.284,3.630,15.302,6.218,6.568,12.786,12.752
1780272328857,2.496,2.372,1.326,0.087,0.007,0.021,10.089,10.814,27.212,17.444,5.095,22.539,17.164
1780272328896,3.225,2.755,1.348,0.094,0.000,0.003,4.771,4.319,16.515,9.092,5.982,15.074,16.315
1780272328945,3.134,2.660,1.683,0.098,0.000,0.007,2.959,3.284,13.825,5.543,5.600,11.143,9.382
1780272329014,2.135,2.372,1.975,0.134,0.000,0.010,4.209,4.621,15.456,8.050,4.745,12.795,12.024
1780272329080,0.513,2.398,1.272,0.849,0.003,0.010,4.264,4.683,13.992,8.473,4.078,12.551,12.000
1780272329177,0.579,2.281,0.215,3.357,0.000,0.007,2.908,3.331,12.678,5.632,5.868,11.500,15.224
1780272329245,4.538,1.702,4.811,1.979,0.003,0.021,8.908,9.877,31.839,15.775,11.973,27.748,21.867
1780272329299,2.624,1.877,5.048,2.467,0.007,0.021,9.586,10.344,31.974,18.127,11.908,30.035,30.376
1780272329362,3.298,2.715,4.603,2.832,0.000,0.010,4.592,5.092,23.142,10.679,13.186,23.865,24.800
1780272329400,2.066,2.941,2.967,3.273,0.003,0.010,4.242,4.720,20.222,9.019,9.979,18.998,19.661
1780272329449,0.455,2.992,0.521,3.138,0.000,0.010,4.377,4.825,16.318,8.823,7.285,16.108,16.315
1780272329487,0.973,2.646,0.998,2.821,0.003,0.010,4.301,4.767,16.519,8.669,6.845,15.514,15.273
1780272329526,2.103,2.383,2.310,2.157,0.003,0.010,4.002,4.435,17.403,8.196,9.727,17.923,14.788
1780272329594,2.846,2.278,3.768,2.274,0.003,0.007,3.900,4.304,19.380,7.863,10.899,18.762,18.255
1780272329669,2.748,2.412,3.189,2.070,0.000,0.007,3.892,4.279,18.597,7.806,10.272,18.078,17.576
1780272329728,2.187,2.511,2.916,2.642,0.000,0.003,1.509,1.800,13.568,3.345,10.207,13.552,12.776
1780272329792,1.727,1.745,2.026,1.541,0.003,0.021,9.152,9.779,25.994,16.084,6.870,22.954,19.030
1780272329846,1.450,1.414,1.454,1.217,0.003,0.021,9.943,10.636,26.138,18.624,5.999,24.623,24.412
1780272329935,1.844,1.272,1.516,1.213,3.601,3.298,4.607,4.953,22.304,15.645,6.251,21.896,23.248
1780272329975,1.319,1.425,1.724,0.663,2.354,2.522,4.476,4.997,19.480,13.715,5.282,18.997,18.570
1780272330016,0.677,1.658,1.920,0.368,1.804,1.818,4.570,4.968,17.783,12.649,4.875,17.524,17.212
1780272330085,1.425,1.629,1.796,0.856,1.465,1.417,4.505,4.880,17.973,11.632,5.974,17.606,17.042
1780272330143,1.815,1.275,1.180,1.567,1.363,1.417,4.388,4.825,17.830,11.355,5.966,17.321,16.679
1780272330233,1.683,0.087,0.040,1.745,1.527,1.410,4.348,4.847,15.687,11.591,3.972,15.563,14.836
1780272330311,1.913,3.207,3.579,1.742,1.917,1.909,3.881,4.264,22.412,10.972,4.892,15.864,15.176
1780272330367,2.285,0.871,0.750,1.862,2.135,2.285,1.909,2.183,14.280,7.838,4.599,12.437,12.000
1780272330438,0.164,2.263,2.336,0.182,2.828,2.751,0.725,0.885,12.134,6.788,1.359,8.147,8.606
1780272330492,0.021,0.539,0.386,0.021,1.873,2.274,8.441,8.799,22.354,18.892,0.700,19.592,17.018
1780272330533,0.007,0.058,0.043,0.003,2.715,2.828,3.564,4.115,13.333,11.550,0.610,12.160,21.455
1780272330572,0.003,0.007,0.007,0.007,2.824,3.090,2.445,2.719,11.102,9.515,0.586,10.101,9.042
1780272330630,2.671,1.097,1.381,1.516,2.183,2.358,4.042,4.355,19.603,11.501,4.070,15.571,15.830
1780272330696,5.401,4.607,4.279,3.983,2.489,2.281,3.010,3.389,29.439,11.070,16.735,27.805,26.885
1780272330773,4.734,4.530,4.326,4.067,2.529,2.635,3.141,3.470,29.432,11.363,16.988,28.351,26.739
1780272330841,4.177,3.911,3.779,3.878,2.485,2.657,2.412,2.660,25.959,9.271,15.441,24.712,23.661
1780272330885,3.973,3.805,3.655,3.670,2.598,2.602,1.611,1.778,23.692,7.757,14.831,22.588,21.648
1780272330968,0.309,3.601,0.258,3.532,3.058,3.105,0.608,0.732,15.203,7.114,8.050,15.164,14.279
1780272331029,2.883,2.693,2.241,2.854,0.437,0.320,0.408,0.506,12.342,2.482,11.233,13.715,12.145
1780272331093,4.100,2.799,3.364,2.784,0.021,0.029,0.225,0.298,13.620,0.822,12.617,13.439,12.267
1780272331161,3.415,2.525,2.690,2.886,0.003,0.003,0.451,0.564,12.537,0.765,11.265,12.030,11.200
1780272331230,2.934,2.427,2.394,2.409,0.003,0.007,1.144,1.304,12.622,1.440,9.995,11.435,10.545
1780272331308,2.321,2.059,1.931,2.146,0.003,0.003,2.675,2.923,14.061,3.711,8.774,12.485,11.394
1780272331370,2.081,1.869,1.683,1.844,0.003,0.007,3.349,3.663,14.499,5.380,7.871,13.251,12.461
1780272331407,1.957,1.807,1.665,1.596,0.003,0.007,3.291,3.761,14.087,5.698,7.399,13.097,12.412
1780272331457,1.946,1.997,1.643,1.735,0.000,0.003,1.421,1.709,10.454,3.011,7.692,10.703,12.073
1780272331509,2.157,0.459,1.866,0.386,0.000,0.000,0.513,0.645,6.026,1.172,5.413,6.585,5.503
1780272331587,1.578,0.021,1.589,0.010,0.003,0.003,2.187,2.518,7.909,2.889,3.606,6.495,5.358
1780272331644,1.108,0.003,1.396,0.003,0.003,0.003,2.660,3.039,8.215,3.972,2.881,6.853,6.739
1780272331696,0.623,1.140,1.250,0.167,0.000,0.007,2.755,3.032,8.974,4.118,3.158,7.276,7.467
1780272331753,0.153,3.929,1.202,2.150,0.003,0.003,2.970,3.254,13.664,4.778,7.480,12.258,11.394
1780272331834,0.506,3.652,1.997,2.012,0.000,0.003,1.563,1.731,11.464,2.515,8.367,10.882,10.473
1780272331903,0.590,2.496,1.694,1.082,4.348,4.078,2.004,2.183,18.475,10.077,6.528,16.605,17.915
1780272331957,0.838,2.117,1.538,1.104,3.258,3.298,3.182,3.542,18.877,11.656,5.917,17.573,17.842
1780272332025,0.933,1.968,1.450,0.885,2.631,2.544,3.284,3.619,17.314,11.045,5.836,16.881,16.145
1780272332092,0.131,0.244,0.160,0.142,2.595,2.628,2.139,2.464,10.503,8.628,1.400,10.028,11.685
1780272332132,5.624,0.080,5.186,0.043,2.828,3.586,0.834,1.016,19.197,7.944,7.529,15.473,15.200
1780272332171,2.423,2.329,4.818,2.697,4.414,3.218,0.805,0.940,21.644,8.376,3.801,12.177,15.952
1780272332216,1.509,3.827,7.231,8.285,2.649,2.839,0.317,0.379,27.036,6.292,11.933,18.225,16.824
1780272332257,1.702,2.314,7.982,8.161,2.558,2.977,0.790,0.874,27.358,6.471,16.556,23.027,18.909
1780272332335,0.597,0.623,7.858,8.226,4.632,4.709,1.713,2.026,30.384,11.754,16.573,28.327,26.303
1780272332406,0.506,0.495,7.410,6.972,4.829,4.815,2.613,2.868,30.508,13.821,15.140,28.961,27.515
1780272332439,0.546,0.524,7.585,7.085,4.188,3.470,2.759,3.087,29.244,13.064,15.327,28.391,26.933
1780272332475,0.546,1.057,7.235,6.903,3.295,3.069,2.679,2.937,27.721,11.534,18.184,29.718,25.939
1780272332547,1.884,3.105,5.252,5.416,4.064,3.488,2.824,3.123,29.156,12.812,15.164,27.976,27.103
1780272332587,1.570,3.018,5.452,5.296,3.699,3.378,2.340,2.730,27.483,11.452,15.563,27.015,24.048
1780272332633,3.572,4.297,4.698,4.632,0.641,0.867,2.081,2.376,23.164,5.698,16.182,21.880,22.570
1780272332689,2.310,3.262,5.157,4.610,0.051,0.076,1.213,1.410,18.089,2.694,15.107,17.801,15.442
1780272332742,2.795,3.240,4.002,3.721,3.674,3.397,0.371,0.441,21.641,6.739,13.211,19.950,19.782
1780272332803,2.008,2.540,3.163,2.737,2.485,2.478,7.432,7.734,30.577,17.956,10.085,28.041,23.006
1780272332876,2.719,2.314,2.500,2.485,2.460,2.741,3.761,4.312,23.292,13.471,9.955,23.426,22.182
1780272332933,2.595,2.310,2.438,2.391,3.167,2.715,3.506,3.973,23.095,12.405,9.678,22.083,21.430
1780272332969,2.325,2.358,2.464,2.256,2.001,2.227,3.688,4.067,21.386,11.680,9.385,21.065,19.903
1780272333011,2.482,2.128,2.077,2.372,1.891,1.618,3.739,4.107,20.414,11.045,8.929,19.974,19.079
1780272333118,2.154,1.840,1.745,1.950,4.395,3.929,1.603,1.884,19.500,10.923,8.001,18.924,23.176
1780272333170,0.703,2.405,2.496,0.787,2.493,2.624,0.816,1.002,13.326,7.016,6.544,13.560,12.024
1780272333211,4.618,2.084,2.022,5.369,2.110,2.230,0.386,0.481,19.300,5.103,9.523,14.626,13.745
1780272333257,4.169,0.758,0.703,6.666,1.592,1.549,5.383,7.446,28.266,13.520,9.450,22.970,13.139
1780272333322,3.714,3.878,0.207,6.258,2.846,2.792,3.032,3.495,26.222,10.956,7.643,18.599,19.636
1780272333392,5.857,4.060,0.058,2.897,2.482,2.668,3.495,3.798,25.315,11.298,6.951,18.249,17.430
1780272333462,7.125,4.982,4.115,4.217,2.267,3.448,2.977,3.378,32.509,12.104,14.969,27.073,26.327
1780272333501,7.304,6.036,3.160,1.826,3.612,2.726,2.992,3.324,30.980,11.884,17.004,28.888,25.261
1780272333545,7.898,6.542,3.233,2.318,2.529,2.795,2.744,3.061,31.120,10.671,20.586,31.257,27.006
1780272333639,5.890,5.106,5.059,2.606,2.380,2.434,2.868,3.247,29.590,10.508,18.551,29.059,26.352
1780272333673,5.431,4.643,5.281,3.706,2.343,2.405,2.919,3.251,29.979,10.427,18.062,28.489,26.594
1780272333718,4.771,4.235,4.589,3.583,2.471,2.493,2.551,2.857,27.550,9.768,16.825,26.593,25.067
1780272333776,1.133,1.111,1.093,0.550,3.236,3.233,2.591,2.905,15.852,10.345,4.183,14.528,16.097
1780272333815,0.142,0.080,0.080,0.069,3.018,3.080,1.458,1.374,9.301,8.213,1.595,9.808,9.988
1780272333863,0.018,0.014,0.014,0.014,2.916,2.948,0.390,0.499,6.813,6.544,0.781,7.325,7.394
1780272333927,0.003,0.007,0.003,0.007,2.741,2.726,0.477,0.630,6.594,6.072,0.586,6.658,6.642
1780272333985,0.003,0.003,0.003,0.010,2.434,2.536,0.641,0.820,6.450,5.714,0.537,6.251,6.352
1780272334024,0.000,0.003,0.003,0.007,2.212,2.256,1.826,2.372,8.679,7.000,0.520,7.520,6.909
1780272334080,0.003,0.003,0.000,0.003,2.139,2.179,2.675,3.087,10.089,8.294,0.520,8.814,9.115
1780272334167,0.007,0.000,0.003,0.003,2.230,2.216,2.846,3.182,10.487,8.872,0.545,9.417,9.309
1780272334221,0.000,0.000,0.000,0.003,0.331,0.415,1.450,1.716,3.915,3.516,0.504,4.020,4.630
1780272334280,0.000,0.000,0.000,0.003,0.021,0.025,0.718,0.867,1.634,1.571,0.496,2.067,1.697
1780272334337,0.003,0.000,0.000,0.003,3.316,0.007,0.364,0.495,4.188,3.166,0.512,3.678,4.873
1780272334401,0.003,0.000,0.000,0.000,4.425,4.195,0.503,0.619,9.745,7.334,0.553,7.887,13.406
1780272334468,0.003,0.000,0.000,0.003,2.843,2.748,0.911,1.126,7.634,6.153,0.529,6.682,10.133
1780272334541,0.000,0.000,0.000,0.003,2.285,2.453,2.737,3.047,10.525,8.123,0.520,8.643,10.012
1780272334582,0.000,0.000,0.000,0.003,2.241,2.176,4.009,4.359,12.788,10.932,0.553,11.485,12.606
1780272334622,0.000,0.000,0.000,0.003,2.026,2.172,4.366,4.818,13.385,11.982,0.561,12.543,14.933
1780272334686,0.000,0.000,0.000,0.003,1.848,2.026,4.556,4.975,13.408,12.250,0.561,12.811,14.739
1780272334720,0.000,0.000,0.000,0.003,1.804,2.048,4.745,5.168,13.768,12.527,0.553,13.080,14.109
1780272334763,0.000,0.000,0.000,0.003,1.873,1.461,4.698,5.208,13.243,12.096,0.561,12.657,13.697
1780272334816,0.000,0.000,0.000,0.003,1.348,1.406,4.457,5.051,12.265,11.461,0.586,12.047,14.424
1780272334878,0.000,0.000,0.003,0.003,1.377,1.355,4.541,4.946,12.225,11.314,0.569,11.883,15.030
1780272334926,0.000,0.000,0.003,0.003,1.363,1.414,4.632,5.128,12.543,11.550,0.545,12.095,13.430
1780272334982,0.000,0.000,0.000,0.003,1.352,1.355,4.705,5.245,12.660,11.819,0.537,12.356,13.042
1780272335024,0.000,0.000,0.003,0.003,1.337,1.359,4.804,5.183,12.689,11.729,0.529,12.258,12.606
1780272335061,0.003,0.000,0.000,0.003,1.334,1.370,4.621,5.161,12.492,11.632,0.545,12.177,12.533
1780272335115,0.000,0.000,0.000,0.003,1.312,1.355,4.596,5.084,12.350,11.469,0.553,12.022,12.364
1780272335152,0.000,0.000,0.000,0.003,1.334,1.348,4.603,5.000,12.288,11.387,0.553,11.940,12.242
1780272335200,0.000,0.000,0.000,0.003,1.363,1.345,4.545,4.928,12.184,11.314,0.520,11.834,12.145
1780272335256,0.000,0.000,0.000,0.000,1.348,1.374,4.188,4.559,11.469,10.378,0.529,10.907,11.321
1780272335298,0.000,0.000,0.000,0.003,1.458,1.468,3.499,3.863,10.291,9.051,0.520,9.571,10.085
1780272335359,0.003,0.000,0.000,0.003,0.484,0.349,1.261,1.592,3.692,4.289,0.512,4.801,7.297
1780272335411,0.000,0.000,0.000,0.003,0.025,0.032,0.338,0.433,0.831,1.074,0.504,1.578,1.285
1780272335454,0.003,0.000,0.000,0.003,0.007,0.007,0.218,0.244,0.482,0.577,0.496,1.073,0.994
1780272335503,0.003,0.000,0.000,0.003,0.000,0.003,0.200,0.222,0.431,0.407,0.488,0.895,0.897
1780272335580,0.007,0.000,0.000,0.007,0.000,0.003,0.481,0.630,1.128,0.634,0.488,1.122,1.236
1780272335637,0.000,0.000,0.000,0.003,0.003,0.003,0.754,0.947,1.710,0.944,0.496,1.440,1.503
1780272335683,0.000,0.000,0.000,0.000,0.003,0.007,1.807,2.052,3.869,2.344,0.496,2.840,2.376
1780272335751,5.241,4.672,5.179,5.514,0.000,0.003,1.709,1.997,24.315,2.743,16.906,19.649,15.079
1780272335797,6.389,3.444,6.601,4.468,0.003,0.007,2.864,3.218,26.994,4.892,19.365,24.257,21.600
1780272335834,5.970,4.293,6.145,5.303,0.003,0.007,3.123,3.470,28.314,5.991,20.423,26.414,24.267
1780272335913,5.073,4.173,5.230,4.374,0.003,0.007,3.269,3.641,25.770,6.536,18.192,24.728,22.667
1780272335968,4.465,4.177,5.190,4.530,0.000,0.003,2.172,2.485,23.022,4.086,17.501,21.587,20.267
1780272336018,4.169,3.845,4.891,4.246,0.000,0.003,1.020,1.261,19.435,2.132,16.800,18.932,17.770
1780272336088,2.934,2.930,3.783,3.455,0.010,0.021,8.853,9.542,31.528,14.521,13.129,27.650,26.061
1780272336146,3.674,1.942,2.165,4.173,0.000,0.003,2.722,3.196,17.875,6.446,10.972,17.418,18.133
1780272336197,3.437,1.341,1.855,3.991,0.003,0.007,3.502,3.838,17.974,6.178,9.613,15.791,12.945
1780272336269,3.167,1.268,1.614,3.480,0.003,0.010,4.089,4.625,18.256,7.985,8.612,16.597,15.733
1780272336325,1.122,0.287,2.347,3.699,0.003,0.010,3.969,4.333,15.770,7.570,6.593,14.163,13.891
1780272336371,0.309,1.133,2.751,3.699,0.000,0.003,1.323,1.662,10.880,2.930,6.430,9.360,11.127
1780272336456,0.120,0.769,1.888,2.471,0.007,0.021,8.696,9.148,23.120,13.268,4.615,17.883,8.630
1780272336498,0.185,0.451,1.421,1.924,0.007,0.021,9.783,10.566,24.358,17.639,3.858,21.497,22.570
1780272336549,3.553,1.738,0.911,2.387,0.003,0.010,5.390,6.039,20.031,12.153,6.674,18.827,23.079
1780272336634,4.629,2.795,0.863,3.010,0.003,0.007,4.494,4.862,20.663,8.994,9.816,18.810,17.576
1780272336688,2.817,2.977,1.753,1.942,0.003,0.010,4.596,5.033,19.131,9.108,7.374,16.482,16.776
1780272336755,0.287,0.397,0.255,0.266,0.003,0.010,4.563,5.070,10.851,8.726,1.611,10.337,10.376
1780272336819,0.014,0.010,0.010,0.010,0.000,0.003,1.312,1.600,2.959,3.304,0.708,4.012,5.188
1780272336871,0.003,0.003,0.003,0.003,0.007,0.021,8.908,9.487,18.435,15.645,0.602,16.247,4.824
1780272336931,0.000,0.003,0.000,0.003,0.007,0.021,9.856,10.672,20.562,18.510,0.634,19.144,19.903
1780272337015,0.000,0.000,0.003,0.003,0.003,0.010,6.105,6.739,12.863,12.641,0.577,13.218,13.285
1780272337063,0.003,0.000,0.000,0.003,0.003,0.010,5.627,6.130,11.776,11.298,0.537,11.835,11.588
1780272337114,0.000,0.000,0.003,0.003,0.003,0.000,1.727,1.283,3.019,4.363,0.520,4.883,11.127
1780272337149,0.000,0.000,0.000,0.003,0.000,0.000,0.233,0.277,0.513,1.807,0.496,2.303,1.164
1780272337183,0.000,0.003,0.000,0.003,0.000,0.000,0.061,0.047,0.114,0.659,0.512,1.171,3.976
1780272337221,0.000,0.000,0.003,0.003,0.000,0.003,0.010,0.018,0.037,0.317,0.504,0.821,3.418
1780272337266,0.000,0.000,0.000,0.003,0.000,0.000,0.007,0.007,0.017,0.203,0.529,0.732,2.739
1780272337300,0.003,0.000,0.000,0.003,0.000,0.000,0.007,0.003,0.016,0.170,0.553,0.723,2.303
1780272337332,0.003,0.000,0.000,0.003,0.000,0.000,0.003,0.003,0.012,0.154,0.529,0.683,2.061
1780272337362,0.003,0.000,0.000,0.003,0.000,0.000,0.003,0.003,0.012,0.146,0.512,0.658,1.818
1780272337399,0.000,0.000,0.003,0.003,0.000,0.003,0.003,0.003,0.015,0.138,0.512,0.650,1.576
1780272337429,0.000,0.000,0.000,0.003,0.000,0.000,0.000,0.003,0.006,0.138,0.504,0.642,1.358
1780272337461,0.003,0.000,0.000,0.003,0.000,0.003,0.003,0.003,0.015,0.138,0.504,0.642,0.727
1780272337525,0.000,0.000,0.003,0.003,0.000,0.000,0.003,0.003,0.012,0.130,0.488,0.618,1.164
1780272337559,0.000,0.000,0.000,0.003,0.000,0.000,0.003,0.000,0.006,0.130,0.488,0.618,1.358
1780272337593,0.003,0.000,0.000,0.003,0.000,0.003,0.003,0.003,0.015,0.130,0.496,0.626,1.042
1780272337681,0.003,0.000,0.003,0.003,0.000,0.000,0.003,0.000,0.012,0.130,0.512,0.642,0.824
1780272337710,0.003,0.003,0.000,0.003,0.000,0.000,0.003,0.007,0.019,0.130,0.512,0.642,0.752
1780272337745,0.000,0.000,0.000,0.003,0.000,0.003,0.003,0.007,0.016,0.130,0.512,0.642,0.727
1780272337785,0.000,0.000,0.000,0.003,0.000,0.000,0.003,0.003,0.009,0.130,0.512,0.642,0.703
1780272337823,0.003,0.003,0.000,0.003,0.000,0.000,0.003,0.000,0.012,0.130,0.512,0.642,0.727
1780272337854,0.003,0.000,0.000,0.003,0.000,0.000,0.003,0.003,0.012,0.130,0.520,0.650,0.727
1780272337890,0.000,0.000,0.000,0.000,0.000,0.003,0.000,0.003,0.006,0.130,0.496,0.626,0.727
1780272337926,0.003,0.000,0.000,0.003,0.000,0.000,0.003,0.003,0.012,0.130,0.512,0.642,0.727
1780272337962,0.000,0.000,0.000,0.003,0.000,0.000,0.003,0.003,0.009,0.130,0.504,0.634,0.727
1780272338030,0.000,0.000,0.000,0.003,0.000,0.000,0.003,0.000,0.006,0.130,0.496,0.626,0.703
1780272338070,0.000,0.000,0.000,0.000,0.000,0.000,0.003,0.003,0.006,0.130,0.496,0.626,0.727
1780272338105,0.003,0.000,0.000,0.003,0.000,0.000,0.003,0.000,0.009,0.130,0.504,0.634,0.703
1780272338171,0.003,0.003,0.000,0.003,0.000,0.000,0.003,0.003,0.015,0.130,0.520,0.650,0.703
1780272338212,0.000,0.000,0.000,0.003,0.000,0.000,0.000,0.000,0.003,0.130,0.512,0.642,0.727
1780272338246,0.000,0.000,0.000,0.003,0.000,0.000,0.003,0.000,0.006,0.130,0.520,0.650,0.752
1780272338289,0.003,0.000,0.000,0.003,0.000,0.003,0.003,0.000,0.012,0.130,0.504,0.634,0.752
1780272338329,0.000,0.000,0.003,0.003,0.000,0.000,0.003,0.000,0.009,0.130,0.496,0.626,0.727
1780272338384,0.000,0.000,0.000,0.003,0.000,0.000,0.003,0.003,0.009,0.130,0.496,0.626,0.727
1780272338423,0.000,0.000,0.000,0.003,0.000,0.000,0.003,0.003,0.009,0.130,0.520,0.650,0.727
1780272338459,0.000,0.000,0.000,0.003,0.000,0.000,0.003,0.003,0.009,0.130,0.512,0.642,0.752
1780272338489,0.000,0.000,0.000,0.007,0.000,0.000,0.003,0.003,0.013,0.130,0.504,0.634,0.727
1780272338562,0.000,0.000,0.000,0.003,0.000,0.000,0.003,0.000,0.006,0.122,0.496,0.618,0.703
1780272338603,0.003,0.000,0.000,0.003,0.000,0.003,0.003,0.000,0.012,0.130,0.504,0.634,0.727
1780272338644,0.000,0.000,0.000,0.000,0.000,0.000,0.003,0.000,0.003,0.130,0.504,0.634,0.727
1780272338729,0.000,0.003,0.000,0.003,0.000,0.000,0.003,0.003,0.012,0.130,0.504,0.634,0.703
1780272338762,0.000,0.000,0.000,0.003,0.000,0.000,0.003,0.003,0.009,0.130,0.488,0.618,0.703
1780272338815,0.007,0.000,0.003,0.003,0.000,0.000,0.003,0.003,0.019,0.122,0.480,0.602,0.703
1780272338866,0.003,0.000,0.003,0.007,0.000,0.003,0.000,0.003,0.019,0.130,0.504,0.634,0.703
1780272338904,0.003,0.000,0.000,0.003,0.000,0.003,0.003,0.000,0.012,0.122,0.504,0.626,0.727
1780272338942,0.000,0.000,0.000,0.003,0.000,0.000,0.003,0.003,0.009,0.130,0.504,0.634,0.752
1780272338970,0.000,0.000,0.003,0.003,0.000,0.000,0.003,0.003,0.012,0.122,0.496,0.618,0.703
1780272339006,0.003,0.000,0.000,0.003,0.000,0.000,0.003,0.000,0.009,0.130,0.504,0.634,0.703
1780272339066,0.003,0.000,0.000,0.003,0.000,0.000,0.003,0.000,0.009,0.130,0.504,0.634,0.703
1780272339091,0.000,0.000,0.003,0.003,0.000,0.000,0.003,0.003,0.012,0.130,0.496,0.626,0.703
1780272339133,0.000,0.000,0.000,0.003,0.000,0.000,0.003,0.003,0.009,0.130,0.496,0.626,0.703
1780272339159,0.000,0.000,0.000,0.003,0.000,0.003,0.003,0.000,0.009,0.130,0.488,0.618,0.727
1780272339223,0.000,0.000,0.000,0.003,0.003,0.003,0.007,0.000,0.016,0.130,0.496,0.626,0.703
1780272339255,0.000,0.000,0.000,0.003,0.000,0.000,0.003,0.003,0.009,0.130,0.496,0.626,0.703
1780272339286,0.000,0.000,0.000,0.003,0.000,0.000,0.003,0.003,0.009,0.130,0.504,0.634,0.703
1780272339327,0.000,0.000,0.000,0.003,0.000,0.000,0.003,0.000,0.006,0.130,0.496,0.626,0.703
1780272339364,0.000,0.003,0.000,0.003,0.000,0.000,0.000,0.003,0.009,0.130,0.496,0.626,0.703
1780272339402,0.000,0.000,0.000,0.003,0.003,0.000,0.003,0.000,0.009,0.130,0.504,0.634,0.679
1780272339443,0.000,0.003,0.003,0.003,0.000,0.000,0.003,0.000,0.012,0.130,0.504,0.634,0.727
1780272339473,0.000,0.000,0.003,0.003,0.000,0.000,0.003,0.003,0.012,0.130,0.488,0.618,0.703
1780272339508,0.000,0.000,0.003,0.003,0.000,0.000,0.003,0.000,0.009,0.130,0.488,0.618,0.703
1780272339578,0.003,0.000,0.000,0.003,0.000,0.000,0.003,0.000,0.009,0.130,0.488,0.618,0.703
1780272339609,0.000,0.000,0.000,0.003,0.003,0.000,0.003,0.003,0.012,0.130,0.488,0.618,0.703
1780272339648,0.003,0.000,0.000,0.007,0.000,0.000,0.003,0.003,0.016,0.130,0.504,0.634,0.703
1780272339680,0.000,0.000,0.007,0.000,0.000,0.000,0.003,0.000,0.010,0.122,0.512,0.634,0.703
1780272339749,0.000,0.000,0.000,0.003,0.000,0.003,0.003,0.000,0.009,0.130,0.496,0.626,0.727
1780272339779,0.000,0.000,0.000,0.003,0.000,0.000,0.003,0.000,0.006,0.130,0.496,0.626,0.703
1780272339814,0.000,0.000,0.000,0.003,0.000,0.003,0.003,0.000,0.009,0.130,0.496,0.626,0.703
1780272339855,0.003,0.000,0.000,0.003,0.000,0.003,0.003,0.000,0.012,0.130,0.488,0.618,0.727
1780272339899,0.000,0.000,0.000,0.003,0.000,0.000,0.003,0.000,0.006,0.130,0.496,0.626,0.703
1780272339930,0.003,0.000,0.000,0.000,0.000,0.000,0.003,0.000,0.006,0.130,0.504,0.634,0.703
1780272339970,0.000,0.000,0.000,0.003,0.003,0.000,0.003,0.000,0.009,0.130,0.496,0.626,0.727
1780272340004,0.000,0.000,0.003,0.003,0.000,0.000,0.003,0.000,0.009,0.130,0.496,0.626,0.727
1780272340042,0.000,0.000,0.000,0.003,0.000,0.000,0.003,0.003,0.009,0.130,0.496,0.626,0.703
1780272340100,0.000,0.000,0.003,0.003,0.000,0.000,0.007,0.000,0.013,0.122,0.488,0.610,0.727
1780272340135,0.000,0.000,0.000,0.003,0.000,0.000,0.003,0.000,0.006,0.130,0.488,0.618,0.703
1780272340186,0.000,0.000,0.000,0.003,0.000,0.000,0.003,0.000,0.006,0.130,0.520,0.650,0.703
1780272340255,0.000,0.000,0.000,0.003,0.000,0.000,0.003,0.003,0.009,0.130,0.496,0.626,0.703
1780272340293,0.003,0.000,0.000,0.003,0.003,0.000,0.003,0.000,0.012,0.130,0.496,0.626,0.727
1780272340340,0.003,0.000,0.000,0.003,0.000,0.000,0.003,0.000,0.009,0.130,0.537,0.667,0.727
1780272340373,0.000,0.000,0.000,0.003,0.000,0.000,0.003,0.003,0.009,0.130,0.520,0.650,0.727
1780272340409,0.000,0.000,0.000,0.003,0.000,0.000,0.003,0.000,0.006,0.130,0.504,0.634,0.703
1780272340440,0.003,0.000,0.000,0.003,0.000,0.000,0.003,0.003,0.012,0.130,0.520,0.650,0.703
1780272340485,0.000,0.000,0.000,0.003,0.000,0.000,0.003,0.003,0.009,0.130,0.504,0.634,0.727
1780272340514,0.000,0.000,0.000,0.003,0.000,0.003,0.003,0.000,0.009,0.130,0.496,0.626,0.703
1780272340549,0.000,0.000,0.000,0.003,0.000,0.000,0.003,0.003,0.009,0.130,0.496,0.626,0.703
1780272340625,0.003,0.000,0.000,0.003,0.000,0.000,0.003,0.000,0.009,0.130,0.488,0.618,0.679
1780272340661,0.003,0.000,0.000,0.003,0.000,0.000,0.003,0.003,0.012,0.130,0.496,0.626,0.703
1780272340709,0.003,0.000,0.000,0.003,0.000,0.000,0.003,0.000,0.009,0.130,0.512,0.642,0.703
1780272340787,0.000,0.000,0.003,0.003,0.000,0.000,0.003,0.003,0.012,0.130,0.496,0.626,0.703
1780272340820,0.000,0.003,0.000,0.003,0.000,0.000,0.000,0.003,0.009,0.122,0.504,0.626,0.679
1780272340855,0.000,0.000,0.000,0.003,0.000,0.000,0.000,0.003,0.006,0.130,0.496,0.626,0.727
1780272340905,0.000,0.000,0.000,0.003,0.000,0.000,0.003,0.000,0.006,0.130,0.488,0.618,0.727
1780272340942,0.003,0.000,0.000,0.003,0.000,0.003,0.003,0.003,0.015,0.122,0.512,0.634,0.703
1780272340980,0.003,0.000,0.000,0.003,0.000,0.000,0.003,0.000,0.009,0.130,0.512,0.642,0.727
1780272341016,0.000,0.000,0.000,0.003,0.000,0.000,0.003,0.000,0.006,0.130,0.512,0.642,0.727
1780272341066,0.003,0.000,0.003,0.003,0.000,0.000,0.003,0.000,0.012,0.130,0.496,0.626,0.727
1780272341140,0.003,0.000,0.000,0.003,0.000,0.003,0.003,0.000,0.012,0.130,0.496,0.626,0.703
1780272341182,0.000,0.000,0.000,0.003,0.000,0.000,0.003,0.000,0.006,0.130,0.488,0.618,0.679
1780272341228,0.000,0.000,0.000,0.003,0.000,0.000,0.003,0.003,0.009,0.130,0.496,0.626,0.703
1780272341288,0.003,0.000,0.000,0.000,0.000,0.000,0.003,0.000,0.006,0.130,0.496,0.626,0.703
1780272341321,0.000,0.000,0.000,0.003,0.000,0.000,0.003,0.000,0.006,0.130,0.488,0.618,0.679
1780272341360,0.000,0.003,0.000,0.003,0.000,0.000,0.003,0.003,0.012,0.130,0.488,0.618,0.703
1780272341403,0.000,0.000,0.007,0.003,0.000,0.000,0.003,0.000,0.013,0.130,0.496,0.626,0.703
1780272341445,0.007,0.000,0.000,0.003,0.000,0.000,0.003,0.000,0.013,0.130,0.512,0.642,0.703
1780272341484,0.000,0.000,0.000,0.003,0.000,0.003,0.003,0.000,0.009,0.130,0.504,0.634,0.727
1780272341528,0.000,0.000,0.000,0.003,0.000,0.000,0.000,0.000,0.003,0.122,0.504,0.626,0.703
1780272341554,0.000,0.000,0.000,0.003,0.000,0.000,0.003,0.000,0.006,0.130,0.488,0.618,0.703
1780272341585,0.000,0.000,0.000,0.003,0.000,0.000,0.003,0.003,0.009,0.130,0.496,0.626,0.703
1780272341650,0.000,0.003,0.000,0.007,0.000,0.000,0.003,0.000,0.013,0.130,0.504,0.634,0.703
1780272341678,0.000,0.000,0.003,0.003,0.000,0.000,0.003,0.000,0.009,0.130,0.496,0.626,0.727
1780272341716,0.000,0.000,0.003,0.003,0.000,0.000,0.000,0.000,0.006,0.122,0.504,0.626,0.703
1780272341747,0.000,0.000,0.000,0.003,0.000,0.003,0.003,0.003,0.012,0.130,0.504,0.634,0.703
1780272341818,0.000,0.000,0.000,0.003,0.000,0.003,0.003,0.000,0.009,0.130,0.496,0.626,0.703
1780272341850,0.000,0.000,0.000,0.003,0.000,0.003,0.003,0.003,0.012,0.130,0.496,0.626,0.703
1780272341884,0.000,0.003,0.000,0.003,0.000,0.000,0.003,0.000,0.009,0.130,0.504,0.634,0.703
1780272341930,0.003,0.000,0.007,0.003,0.000,0.000,0.000,0.000,0.013,0.130,0.488,0.618,0.703
1780272341979,0.000,0.003,0.000,0.003,0.000,0.000,0.003,0.000,0.009,0.130,0.504,0.634,0.703
1780272342013,0.000,0.000,0.000,0.003,0.000,0.000,0.003,0.003,0.009,0.122,0.504,0.626,0.727
1780272342052,0.007,0.000,0.003,0.003,0.000,0.000,0.000,0.000,0.013,0.130,0.480,0.610,0.727
1780272342082,0.000,0.000,0.000,0.003,0.000,0.000,0.003,0.000,0.006,0.130,0.488,0.618,0.703
1780272342125,0.000,0.000,0.000,0.003,0.000,0.000,0.003,0.000,0.006,0.130,0.488,0.618,0.703
1780272342192,0.000,0.000,0.000,0.003,0.000,0.000,0.003,0.000,0.006,0.130,0.504,0.634,0.703
1780272342222,0.000,0.000,0.000,0.003,0.000,0.000,0.003,0.000,0.006,0.130,0.480,0.610,0.703
1780272342266,0.000,0.000,0.000,0.003,0.000,0.000,0.003,0.000,0.006,0.130,0.480,0.610,0.703
1780272342330,0.003,0.000,0.000,0.003,0.000,0.000,0.003,0.003,0.012,0.122,0.488,0.610,0.679
1780272342360,0.000,0.000,0.000,0.003,0.000,0.003,0.003,0.000,0.009,0.130,0.488,0.618,0.703
1780272342402,0.000,0.000,0.000,0.003,0.000,0.000,0.003,0.000,0.006,0.130,0.496,0.626,0.703
1780272342457,0.000,0.000,0.000,0.003,0.000,0.000,0.003,0.000,0.006,0.122,0.496,0.618,0.703
1780272342490,0.000,0.000,0.000,0.003,0.000,0.003,0.003,0.000,0.009,0.130,0.496,0.626,0.727
1780272342536,0.003,0.000,0.000,0.003,0.000,0.000,0.003,0.003,0.012,0.130,0.496,0.626,0.727
1780272342566,0.000,0.003,0.000,0.003,0.000,0.003,0.003,0.000,0.012,0.130,0.496,0.626,0.703
1780272342600,0.003,0.000,0.000,0.003,0.000,0.000,0.003,0.003,0.012,0.130,0.488,0.618,0.703
1780272342628,0.000,0.000,0.000,0.003,0.000,0.000,0.003,0.000,0.006,0.130,0.504,0.634,0.703
1780272342699,0.003,0.000,0.000,0.003,0.000,0.000,0.003,0.000,0.009,0.130,0.504,0.634,0.727
1780272342728,0.000,0.000,0.000,0.003,0.000,0.000,0.003,0.000,0.006,0.130,0.512,0.642,0.727
1780272342775,0.000,0.000,0.000,0.003,0.000,0.000,0.003,0.000,0.006,0.130,0.496,0.626,0.703
1780272342842,0.000,0.000,0.003,0.003,0.000,0.000,0.003,0.000,0.009,0.130,0.496,0.626,0.703
1780272342872,0.000,0.000,0.000,0.003,0.000,0.000,0.003,0.000,0.006,0.130,0.496,0.626,0.703
1780272342908,0.003,0.000,0.003,0.003,0.003,0.003,0.003,0.000,0.018,0.130,0.496,0.626,0.703
1780272342954,0.003,0.000,0.000,0.003,0.000,0.000,0.003,0.003,0.012,0.130,0.496,0.626,0.703
1780272342999,0.000,0.000,0.000,0.003,0.000,0.000,0.000,0.003,0.006,0.130,0.488,0.618,0.703
1780272343040,0.000,0.000,0.003,0.003,0.000,0.000,0.003,0.000,0.009,0.130,0.496,0.626,0.727
1780272343080,0.000,0.000,0.000,0.007,0.000,0.000,0.003,0.000,0.010,0.130,0.488,0.618,0.727
1780272343117,0.000,0.003,0.000,0.003,0.000,0.000,0.003,0.000,0.009,0.130,0.496,0.626,0.727
1780272343163,0.000,0.000,0.003,0.003,0.000,0.000,0.003,0.000,0.009,0.130,0.488,0.618,0.703
1780272343231,0.003,0.000,0.000,0.007,0.000,0.000,0.003,0.000,0.013,0.130,0.520,0.650,0.703
1780272343267,0.000,0.003,0.000,0.003,0.000,0.003,0.003,0.000,0.012,0.130,0.504,0.634,0.727
1780272343318,0.000,0.000,0.003,0.003,0.000,0.000,0.003,0.000,0.009,0.130,0.520,0.650,0.703
1780272343375,0.000,0.000,0.000,0.003,0.000,0.000,0.003,0.003,0.009,0.130,0.504,0.634,0.727
1780272343404,0.003,0.000,0.000,0.003,0.000,0.000,0.003,0.000,0.009,0.130,0.504,0.634,0.703
1780272343457,0.003,0.000,0.000,0.003,0.000,0.000,0.003,0.000,0.009,0.130,0.496,0.626,0.703
1780272343508,0.000,0.000,0.000,0.003,0.000,0.000,0.003,0.000,0.006,0.130,0.496,0.626,0.703
1780272343540,0.003,0.003,0.000,0.003,0.000,0.000,0.000,0.003,0.012,0.130,0.496,0.626,0.727
1780272343580,0.000,0.000,0.003,0.007,0.000,0.000,0.003,0.003,0.016,0.130,0.496,0.626,0.727
1780272343609,0.003,0.000,0.000,0.003,0.000,0.000,0.000,0.003,0.009,0.130,0.480,0.610,0.727
1780272343643,0.000,0.003,0.000,0.003,0.000,0.003,0.000,0.003,0.012,0.122,0.488,0.610,0.703
1780272343671,0.000,0.000,0.003,0.003,0.000,0.003,0.003,0.000,0.012,0.122,0.488,0.610,0.703
1780272343743,0.000,0.000,0.000,0.003,0.000,0.000,0.003,0.003,0.009,0.122,0.520,0.642,0.703
1780272343779,0.000,0.000,0.000,0.003,0.000,0.000,0.003,0.000,0.006,0.130,0.504,0.634,0.727
1780272343823,0.000,0.000,0.000,0.003,0.003,0.000,0.003,0.000,0.009,0.130,0.504,0.634,0.703
1780272343899,0.003,0.000,0.000,0.003,0.003,0.000,0.003,0.003,0.015,0.122,0.496,0.618,0.727
1780272343930,0.000,0.000,0.000,0.003,0.003,0.000,0.000,0.003,0.009,0.122,0.472,0.594,0.703
1780272343973,0.000,0.003,0.003,0.003,0.000,0.000,0.003,0.000,0.012,0.122,0.488,0.610,0.703
1780272344033,0.000,0.000,0.003,0.000,0.000,0.000,0.000,0.000,0.003,0.122,0.496,0.618,0.727
1780272344064,0.000,0.000,0.000,0.003,0.000,0.000,0.003,0.000,0.006,0.122,0.488,0.610,0.727
1780272344099,0.003,0.000,0.000,0.003,0.000,0.000,0.003,0.000,0.009,0.130,0.504,0.634,0.703
1780272344125,0.000,0.000,0.000,0.003,0.000,0.000,0.003,0.000,0.006,0.122,0.488,0.610,0.727
1780272344162,0.000,0.000,0.000,0.003,0.000,0.000,0.003,0.000,0.006,0.122,0.488,0.610,0.703
1780272344193,0.000,0.000,0.000,0.003,0.000,0.000,0.003,0.003,0.009,0.122,0.488,0.610,0.703
1780272344254,0.003,0.000,0.000,0.003,0.000,0.000,0.003,0.000,0.009,0.130,0.504,0.634,0.727
1780272344291,0.000,0.000,0.000,0.003,0.000,0.000,0.003,0.000,0.006,0.122,0.496,0.618,0.727
1780272344323,0.000,0.000,0.000,0.003,0.003,0.000,0.003,0.003,0.012,0.130,0.488,0.618,0.703
1780272344350,0.000,0.000,0.000,0.003,0.000,0.000,0.003,0.000,0.006,0.130,0.496,0.626,0.703
1780272344413,0.003,0.000,0.000,0.003,0.000,0.000,0.003,0.003,0.012,0.130,0.496,0.626,0.703
1780272344452,0.000,0.000,0.000,0.003,0.000,0.000,0.003,0.000,0.006,0.130,0.488,0.618,0.703
1780272344490,0.003,0.000,0.000,0.003,0.000,0.000,0.003,0.003,0.012,0.130,0.520,0.650,0.703
1780272344544,0.000,0.000,0.003,0.007,0.000,0.000,0.003,0.003,0.016,0.130,0.488,0.618,0.703
1780272344584,0.000,0.000,0.000,0.003,0.000,0.003,0.000,0.000,0.006,0.122,0.488,0.610,0.703
1780272344625,0.000,0.000,0.000,0.003,0.000,0.000,0.000,0.000,0.003,0.130,0.488,0.618,0.703
1780272344658,0.003,0.000,0.000,0.003,0.000,0.000,0.000,0.003,0.009,0.130,0.488,0.618,0.703
1780272344707,0.000,0.000,0.000,0.003,0.000,0.000,0.003,0.003,0.009,0.130,0.488,0.618,0.703
1780272344781,0.000,0.000,0.000,0.003,0.000,0.000,0.003,0.000,0.006,0.130,0.504,0.634,0.703
1780272344815,0.003,0.000,0.000,0.003,0.000,0.000,0.003,0.000,0.009,0.130,0.496,0.626,0.727
1780272344848,0.000,0.000,0.000,0.000,0.000,0.000,0.000,0.003,0.003,0.130,0.496,0.626,0.703
1780272344876,0.000,0.000,0.003,0.003,0.000,0.000,0.003,0.000,0.009,0.130,0.496,0.626,0.703
1780272344946,0.000,0.000,0.000,0.003,0.000,0.000,0.003,0.003,0.009,0.122,0.496,0.618,0.703
1780272344983,0.000,0.000,0.003,0.003,0.000,0.000,0.003,0.000,0.009,0.122,0.504,0.626,0.703
1780272345019,0.000,0.000,0.000,0.000,0.000,0.000,0.003,0.000,0.003,0.130,0.504,0.634,0.727
1780272345074,0.000,0.000,0.000,0.003,0.000,0.000,0.003,0.000,0.006,0.122,0.488,0.610,0.703
1780272345108,0.000,0.003,0.000,0.003,0.000,0.000,0.003,0.000,0.009,0.130,0.488,0.618,0.703
1780272345147,0.000,0.000,0.000,0.003,0.000,0.003,0.003,0.000,0.009,0.130,0.488,0.618,0.703
1780272345175,0.000,0.000,0.000,0.003,0.000,0.000,0.000,0.000,0.003,0.122,0.488,0.610,0.703
1780272345223,0.003,0.000,0.000,0.007,0.000,0.000,0.000,0.007,0.017,0.130,0.496,0.626,0.703
1780272345286,0.003,0.000,0.000,0.000,0.000,0.000,0.003,0.000,0.006,0.130,0.512,0.642,0.727
1780272345320,0.000,0.000,0.000,0.003,0.000,0.000,0.003,0.000,0.006,0.130,0.496,0.626,0.703
1780272345362,0.000,0.000,0.000,0.003,0.000,0.000,0.003,0.000,0.006,0.122,0.480,0.602,0.703
1780272345393,0.003,0.000,0.000,0.003,0.000,0.000,0.003,0.003,0.012,0.130,0.472,0.602,0.703
1780272345476,0.000,0.000,0.000,0.003,0.000,0.000,0.007,0.000,0.010,0.122,0.496,0.618,0.703
1780272345517,0.000,0.000,0.000,0.003,0.000,0.000,0.003,0.000,0.006,0.130,0.496,0.626,0.703
1780272345547,0.000,0.000,0.000,0.003,0.000,0.000,0.003,0.000,0.006,0.130,0.488,0.618,0.679
1780272345592,0.003,0.003,0.000,0.003,0.000,0.000,0.000,0.000,0.009,0.130,0.488,0.618,0.703
1780272345628,0.000,0.000,0.000,0.003,0.000,0.003,0.003,0.000,0.009,0.130,0.472,0.602,0.703
1780272345677,0.000,0.000,0.003,0.003,0.000,0.003,0.003,0.003,0.015,0.122,0.488,0.610,0.630
1780272345707,0.000,0.000,0.007,0.003,0.000,0.000,0.003,0.000,0.013,0.130,0.488,0.618,0.703
1780272345747,0.007,0.003,0.000,0.003,0.000,0.000,0.003,0.003,0.019,0.130,0.496,0.626,0.703
1780272345813,0.003,0.000,0.000,0.003,0.000,0.000,0.003,0.000,0.009,0.130,0.488,0.618,0.703
1780272345848,0.000,0.000,0.003,0.003,0.000,0.000,0.000,0.000,0.006,0.130,0.496,0.626,0.703
1780272345889,0.000,0.000,0.003,0.003,0.000,0.000,0.003,0.000,0.009,0.130,0.496,0.626,0.727
1780272345918,0.000,0.000,0.000,0.003,0.000,0.000,0.003,0.000,0.006,0.130,0.496,0.626,0.703
1780272345999,0.003,0.000,0.000,0.007,0.000,0.000,0.003,0.000,0.013,0.130,0.496,0.626,0.703
1780272346032,0.000,0.000,0.000,0.003,0.000,0.000,0.000,0.000,0.003,0.130,0.496,0.626,0.727
1780272346068,0.000,0.000,0.000,0.003,0.000,0.003,0.003,0.000,0.009,0.122,0.496,0.618,0.703
1780272346111,0.000,0.000,0.000,0.003,0.000,0.000,0.003,0.000,0.006,0.130,0.480,0.610,0.703
1780272346159,0.000,0.000,0.003,0.003,0.000,0.003,0.003,0.003,0.015,0.122,0.472,0.594,0.703
1780272346193,0.000,0.000,0.000,0.003,0.000,0.000,0.003,0.003,0.009,0.130,0.488,0.618,0.703
1780272346233,0.003,0.000,0.000,0.003,0.000,0.000,0.003,0.000,0.009,0.130,0.488,0.618,0.703
1780272346275,0.003,0.000,0.000,0.003,0.000,0.000,0.003,0.003,0.012,0.122,0.488,0.610,0.727
1780272346346,0.003,0.000,0.000,0.003,0.000,0.000,0.003,0.003,0.012,0.122,0.512,0.634,0.727
1780272346380,0.000,0.000,0.000,0.003,0.000,0.003,0.003,0.000,0.009,0.130,0.496,0.626,0.703
1780272346418,0.000,0.000,0.000,0.003,0.000,0.000,0.003,0.003,0.009,0.130,0.480,0.610,0.703
1780272346447,0.003,0.000,0.000,0.003,0.000,0.000,0.003,0.000,0.009,0.122,0.488,0.610,0.703
1780272346530,0.000,0.003,0.000,0.003,0.000,0.000,0.003,0.000,0.009,0.122,0.512,0.634,0.703
1780272346561,0.000,0.000,0.000,0.003,0.000,0.000,0.000,0.000,0.003,0.130,0.504,0.634,0.727
1780272346599,0.003,0.000,0.000,0.003,0.000,0.000,0.000,0.000,0.006,0.130,0.504,0.634,0.703
1780272346666,0.000,0.000,0.003,0.003,0.000,0.000,0.003,0.000,0.009,0.130,0.496,0.626,0.703
1780272346702,0.000,0.000,0.000,0.003,0.000,0.000,0.003,0.000,0.006,0.130,0.504,0.634,0.703
1780272346741,0.003,0.000,0.000,0.003,0.000,0.000,0.003,0.000,0.009,0.130,0.496,0.626,0.727
1780272346774,0.003,0.000,0.003,0.003,0.000,0.000,0.000,0.003,0.012,0.130,0.512,0.642,0.703
1780272346807,0.003,0.000,0.000,0.003,0.000,0.000,0.000,0.000,0.006,0.130,0.504,0.634,0.727
1780272346868,0.003,0.000,0.000,0.003,0.000,0.000,0.003,0.000,0.009,0.130,0.496,0.626,0.703
1780272346905,0.000,0.000,0.000,0.007,0.000,0.000,0.003,0.000,0.010,0.130,0.488,0.618,0.703
1780272346942,0.000,0.000,0.000,0.003,0.000,0.000,0.003,0.000,0.006,0.130,0.488,0.618,0.703
1780272346971,0.000,0.000,0.000,0.003,0.000,0.000,0.003,0.003,0.009,0.130,0.480,0.610,0.703
1780272347051,0.003,0.000,0.000,0.003,0.000,0.000,0.003,0.000,0.009,0.122,0.488,0.610,0.727
1780272347078,0.003,0.000,0.000,0.003,0.000,0.000,0.003,0.000,0.009,0.130,0.488,0.618,0.703
1780272347109,0.000,0.000,0.000,0.003,0.000,0.000,0.003,0.000,0.006,0.130,0.504,0.634,0.727
1780272347147,0.000,0.000,0.000,0.003,0.000,0.000,0.000,0.003,0.006,0.130,0.488,0.618,0.727
1780272347192,0.000,0.000,0.000,0.003,0.000,0.000,0.003,0.003,0.009,0.130,0.496,0.626,0.703
1780272347228,0.000,0.007,0.000,0.003,0.000,0.000,0.003,0.003,0.016,0.130,0.488,0.618,0.703
1780272347272,0.000,0.000,0.000,0.003,0.000,0.000,0.003,0.003,0.009,0.130,0.504,0.634,0.727
1780272347300,0.000,0.000,0.003,0.003,0.000,0.000,0.000,0.000,0.006,0.130,0.496,0.626,0.727
1780272347344,0.000,0.003,0.000,0.003,0.000,0.000,0.003,0.003,0.012,0.130,0.472,0.602,0.703
1780272347418,0.000,0.000,0.000,0.003,0.000,0.003,0.003,0.000,0.009,0.130,0.480,0.610,0.703
1780272347453,0.000,0.000,0.000,0.003,0.000,0.000,0.003,0.003,0.009,0.130,0.480,0.610,0.703
1780272347502,0.000,0.000,0.003,0.003,0.000,0.000,0.003,0.003,0.012,0.130,0.480,0.610,0.703
1780272347577,0.000,0.000,0.003,0.003,0.000,0.000,0.000,0.000,0.006,0.130,0.488,0.618,0.703
1780272347606,0.000,0.000,0.000,0.000,0.000,0.000,0.003,0.003,0.006,0.130,0.488,0.618,0.703
1780272347646,0.003,0.000,0.000,0.003,0.000,0.003,0.000,0.000,0.009,0.130,0.488,0.618,0.703
1780272347687,0.000,0.003,0.000,0.003,0.000,0.000,0.003,0.003,0.012,0.130,0.488,0.618,0.703
1780272347727,0.003,0.003,0.000,0.003,0.000,0.000,0.003,0.003,0.015,0.130,0.504,0.634,0.703
1780272347782,0.000,0.000,0.000,0.003,0.000,0.000,0.003,0.000,0.006,0.130,0.504,0.634,0.727
1780272347811,0.000,0.000,0.000,0.003,0.000,0.000,0.003,0.003,0.009,0.130,0.488,0.618,0.703
1780272347848,0.000,0.000,0.003,0.003,0.000,0.000,0.000,0.000,0.006,0.130,0.488,0.618,0.703
1780272347916,0.000,0.000,0.000,0.003,0.000,0.003,0.003,0.003,0.012,0.130,0.496,0.626,0.703
1780272347951,0.010,0.000,0.000,0.003,0.000,0.000,0.003,0.000,0.016,0.130,0.488,0.618,0.703
1780272347989,0.003,0.000,0.000,0.003,0.000,0.000,0.003,0.003,0.012,0.130,0.496,0.626,0.703
1780272348020,0.000,0.000,0.000,0.000,0.003,0.000,0.003,0.003,0.009,0.122,0.512,0.634,0.703
1780272348085,0.000,0.000,0.000,0.003,0.000,0.000,0.003,0.003,0.009,0.130,0.488,0.618,0.703
1780272348117,0.003,0.000,0.003,0.003,0.000,0.003,0.003,0.000,0.015,0.122,0.504,0.626,0.703
1780272348150,0.003,0.000,0.000,0.003,0.000,0.003,0.000,0.000,0.009,0.122,0.488,0.610,0.703
1780272348189,0.003,0.000,0.000,0.003,0.000,0.000,0.003,0.000,0.009,0.130,0.496,0.626,0.703
1780272348227,0.000,0.000,0.000,0.003,0.000,0.000,0.003,0.000,0.006,0.130,0.488,0.618,0.727
1780272348258,0.007,0.000,0.000,0.003,0.003,0.000,0.003,0.000,0.016,0.130,0.496,0.626,0.703
1780272348307,0.000,0.000,0.000,0.003,0.000,0.000,0.003,0.000,0.006,0.130,0.496,0.626,0.703
1780272348339,0.000,0.000,0.000,0.003,0.000,0.000,0.007,0.000,0.010,0.130,0.496,0.626,0.703
1780272348382,0.003,0.000,0.000,0.003,0.000,0.000,0.003,0.000,0.009,0.130,0.496,0.626,0.703
1780272348450,0.000,0.000,0.000,0.003,0.000,0.003,0.003,0.000,0.009,0.130,0.488,0.618,0.703
1780272348490,0.000,0.000,0.000,0.003,0.000,0.000,0.000,0.003,0.006,0.130,0.488,0.618,0.703
1780272348542,0.000,0.000,0.000,0.003,0.000,0.003,0.003,0.000,0.009,0.130,0.504,0.634,0.727
1780272348615,0.000,0.000,0.000,0.003,0.000,0.000,0.003,0.000,0.006,0.130,0.488,0.618,0.703
1780272348658,0.000,0.000,0.000,0.003,0.000,0.003,0.003,0.000,0.009,0.130,0.480,0.610,0.679
1780272348723,0.000,0.000,0.000,0.000,0.000,0.003,0.003,0.003,0.009,0.130,0.488,0.618,0.679
1780272348751,0.000,0.003,0.000,0.003,0.000,0.000,0.003,0.000,0.009,0.130,0.488,0.618,0.679
1780272348793,0.000,0.003,0.000,0.003,0.000,0.000,0.003,0.003,0.012,0.130,0.496,0.626,0.679
1780272348826,0.000,0.000,0.000,0.003,0.000,0.000,0.000,0.003,0.006,0.130,0.496,0.626,0.727
1780272348864,0.007,0.000,0.000,0.003,0.000,0.000,0.003,0.000,0.013,0.130,0.512,0.642,0.703
1780272348894,0.000,0.000,0.000,0.003,0.000,0.000,0.003,0.000,0.006,0.130,0.496,0.626,0.727
1780272348955,0.000,0.003,0.000,0.003,0.000,0.000,0.003,0.000,0.009,0.130,0.488,0.618,0.703
1780272349004,0.000,0.000,0.000,0.003,0.000,0.000,0.003,0.003,0.009,0.122,0.496,0.618,0.703
1780272349041,0.003,0.000,0.000,0.003,0.000,0.003,0.003,0.000,0.012,0.130,0.512,0.642,0.703
1780272349077,0.007,0.000,0.000,0.003,0.000,0.000,0.003,0.003,0.016,0.130,0.480,0.610,0.727
1780272349155,0.000,0.000,0.000,0.007,0.000,0.000,0.003,0.000,0.010,0.130,0.488,0.618,0.703
1780272349194,0.000,0.000,0.000,0.000,0.000,0.003,0.000,0.000,0.003,0.130,0.496,0.626,0.703
1780272349253,0.000,0.000,0.003,0.003,0.000,0.000,0.007,0.000,0.013,0.130,0.512,0.642,0.703
1780272349284,0.000,0.000,0.000,0.003,0.000,0.000,0.003,0.000,0.006,0.130,0.512,0.642,0.727
1780272349319,0.000,0.000,0.000,0.003,0.000,0.000,0.003,0.000,0.006,0.130,0.520,0.650,0.727
1780272349352,0.000,0.000,0.000,0.003,0.000,0.000,0.000,0.003,0.006,0.130,0.504,0.634,0.703
1780272349387,0.000,0.000,0.000,0.003,0.000,0.000,0.003,0.003,0.009,0.130,0.504,0.634,0.727
1780272349425,0.000,0.000,0.003,0.003,0.000,0.000,0.003,0.000,0.009,0.130,0.488,0.618,0.679
1780272349494,0.000,0.000,0.000,0.010,0.000,0.000,0.003,0.000,0.013,0.130,0.496,0.626,0.703
1780272349542,0.000,0.000,0.003,0.007,0.000,0.000,0.003,0.003,0.016,0.130,0.504,0.634,0.703
1780272349589,0.003,0.000,0.000,0.003,0.000,0.000,0.003,0.003,0.012,0.130,0.488,0.618,0.703
1780272349653,0.003,0.000,0.000,0.003,0.000,0.000,0.000,0.003,0.009,0.130,0.488,0.618,0.679
1780272349683,0.000,0.000,0.000,0.003,0.000,0.003,0.003,0.000,0.009,0.130,0.496,0.626,0.703
1780272349730,0.003,0.000,0.000,0.003,0.000,0.000,0.003,0.000,0.009,0.130,0.488,0.618,0.703
1780272349774,0.000,0.000,0.000,0.000,0.000,0.000,0.003,0.000,0.003,0.122,0.496,0.618,0.703
1780272349809,0.000,0.000,0.000,0.003,0.000,0.003,0.003,0.000,0.009,0.130,0.512,0.642,0.703
1780272349837,0.003,0.000,0.000,0.003,0.000,0.000,0.003,0.003,0.012,0.130,0.512,0.642,0.727
1780272349882,0.000,0.003,0.000,0.003,0.000,0.000,0.003,0.000,0.009,0.130,0.504,0.634,0.679
1780272349909,0.000,0.000,0.000,0.003,0.000,0.000,0.003,0.003,0.009,0.130,0.496,0.626,0.727
1780272349940,0.000,0.000,0.000,0.003,0.000,0.003,0.003,0.000,0.009,0.130,0.496,0.626,0.703
1780272350006,0.000,0.000,0.003,0.003,0.000,0.000,0.003,0.003,0.012,0.130,0.504,0.634,0.703
1780272350042,0.003,0.000,0.000,0.003,0.000,0.000,0.003,0.003,0.012,0.130,0.504,0.634,0.703
1780272350077,0.000,0.000,0.000,0.003,0.000,0.000,0.003,0.003,0.009,0.130,0.496,0.626,0.703
1780272350109,0.000,0.000,0.000,0.003,0.000,0.000,0.003,0.000,0.006,0.130,0.496,0.626,0.679
1780272350189,0.000,0.000,0.000,0.003,0.000,0.003,0.000,0.000,0.006,0.130,0.488,0.618,0.703
1780272350223,0.000,0.000,0.000,0.000,0.000,0.000,0.003,0.000,0.003,0.130,0.488,0.618,0.679
1780272350267,0.003,0.000,0.000,0.007,0.000,0.000,0.003,0.000,0.013,0.130,0.480,0.610,0.703
1780272350333,0.000,0.000,0.000,0.003,0.000,0.000,0.003,0.000,0.006,0.122,0.504,0.626,0.703
1780272350362,0.000,0.000,0.000,0.003,0.000,0.000,0.003,0.000,0.006,0.130,0.504,0.634,0.703
1780272350401,0.003,0.000,0.000,0.003,0.000,0.000,0.003,0.000,0.009,0.130,0.496,0.626,0.703
1780272350432,0.000,0.000,0.000,0.003,0.000,0.000,0.003,0.003,0.009,0.130,0.496,0.626,0.703
1780272350474,0.000,0.000,0.000,0.007,0.000,0.000,0.003,0.000,0.010,0.130,0.496,0.626,0.679
1780272350536,0.003,0.000,0.000,0.003,0.000,0.000,0.003,0.000,0.009,0.130,0.488,0.618,0.679
1780272350573,0.007,0.000,0.000,0.003,0.000,0.000,0.003,0.000,0.013,0.130,0.504,0.634,0.703
1780272350616,0.000,0.000,0.000,0.003,0.000,0.000,0.003,0.003,0.009,0.130,0.488,0.618,0.679
1780272350677,0.003,0.003,0.000,0.003,0.000,0.000,0.003,0.003,0.015,0.130,0.488,0.618,0.703
1780272350712,0.003,0.000,0.000,0.007,0.000,0.000,0.003,0.003,0.016,0.130,0.488,0.618,0.727
1780272350754,0.000,0.000,0.000,0.003,0.000,0.000,0.003,0.000,0.006,0.130,0.496,0.626,0.703
1780272350785,0.003,0.000,0.000,0.003,0.000,0.000,0.000,0.003,0.009,0.130,0.488,0.618,0.679
1780272350838,0.000,0.003,0.000,0.003,0.003,0.000,0.003,0.000,0.012,0.130,0.504,0.634,0.703
1780272350867,0.000,0.000,0.000,0.003,0.000,0.000,0.003,0.000,0.006,0.130,0.488,0.618,0.703
1780272350918,0.003,0.000,0.003,0.003,0.000,0.000,0.003,0.000,0.012,0.130,0.488,0.618,0.679
1780272350948,0.003,0.000,0.000,0.007,0.000,0.000,0.003,0.000,0.013,0.122,0.504,0.626,0.703
1780272350984,0.007,0.000,0.000,0.003,0.000,0.000,0.003,0.000,0.013,0.130,0.496,0.626,0.727
1780272351058,0.000,0.000,0.000,0.003,0.000,0.000,0.003,0.000,0.006,0.130,0.512,0.642,0.727
1780272351092,0.000,0.000,0.000,0.003,0.000,0.000,0.003,0.003,0.009,0.130,0.496,0.626,0.727
1780272351124,0.000,0.000,0.003,0.003,0.000,0.000,0.000,0.000,0.006,0.122,0.488,0.610,0.679
1780272351187,0.000,0.000,0.000,0.003,0.000,0.000,0.003,0.000,0.006,0.130,0.496,0.626,0.703
1780272351242,0.000,0.000,0.000,0.000,0.007,0.018,5.872,7.351,13.248,10.557,0.529,11.086,2.788
1780272351281,0.003,0.000,0.000,0.003,0.003,0.014,7.741,8.332,16.096,14.033,0.561,14.594,16.364
1780272351336,0.003,0.003,0.000,0.003,0.003,0.014,7.847,8.241,16.114,14.684,0.594,15.278,18.909
1780272351389,0.000,0.000,0.000,0.003,0.007,0.014,7.475,8.146,15.645,14.700,0.561,15.261,17.648
1780272351432,0.000,0.000,0.000,0.003,0.003,0.014,7.311,8.186,15.517,14.489,0.569,15.058,16.267
1780272351472,0.000,0.000,0.000,0.003,0.007,0.018,7.402,7.913,15.343,14.375,0.577,14.952,16.073
1780272351507,0.000,0.000,0.000,0.003,0.003,0.014,7.162,7.800,14.982,14.188,0.561,14.749,15.758
1780272351577,0.000,0.000,0.000,0.003,0.003,0.014,7.147,7.701,14.868,14.017,0.553,14.570,14.473
1780272351626,0.000,0.000,0.000,0.000,0.003,0.014,6.961,7.523,14.501,13.691,0.545,14.236,14.085
1780272351672,0.003,0.000,0.000,0.003,0.003,0.014,6.644,7.370,14.037,13.349,0.561,13.910,14.570
1780272351706,0.000,0.000,0.000,0.003,0.003,0.014,6.728,7.249,13.997,13.251,0.569,13.820,14.230
1780272351778,0.823,0.925,0.375,0.980,0.003,0.014,6.480,7.034,16.634,12.812,1.180,13.992,13.964
1780272351827,5.321,3.269,3.404,5.168,0.000,0.007,5.201,5.726,28.096,10.809,13.479,24.288,17.115
1780272351872,6.528,4.439,3.699,5.376,0.000,0.010,4.946,5.471,30.469,10.077,16.646,26.723,25.794
1780272351922,4.924,4.661,3.987,3.273,0.003,0.010,5.259,5.770,27.887,10.459,12.592,23.051,21.939
1780272351990,0.637,0.390,0.324,0.368,0.003,0.010,5.926,6.524,14.182,11.664,2.083,13.747,13.430
1780272352031,0.051,0.047,0.025,0.025,0.003,0.010,5.857,6.469,12.487,11.746,0.976,12.722,12.412
1780272352104,0.003,0.003,0.003,0.003,0.003,0.010,5.817,6.313,12.155,11.509,0.618,12.127,12.145
1780272352144,0.003,0.003,0.000,0.007,0.003,0.010,5.806,6.185,12.017,11.379,0.561,11.940,11.855
1780272352182,0.003,0.000,0.000,0.003,0.003,0.010,5.689,6.141,11.849,11.208,0.553,11.761,11.806
1780272352238,0.003,0.000,0.000,0.003,0.003,0.010,5.507,6.050,11.576,10.989,0.529,11.518,11.564
1780272352302,0.000,0.000,0.000,0.003,0.003,0.010,5.394,5.872,11.282,10.752,0.520,11.272,11.273
1780272352339,0.003,0.003,0.000,0.000,0.003,0.010,5.343,5.817,11.179,10.630,0.553,11.183,11.006
1780272352386,0.003,0.003,0.000,0.003,0.000,0.003,2.438,2.751,5.201,5.120,0.504,5.624,9.648
1780272352435,0.000,0.000,0.000,0.003,0.000,0.003,1.501,1.753,3.260,2.498,0.480,2.978,2.715
1780272352501,0.000,0.000,0.000,0.003,0.000,0.003,1.180,1.359,2.545,1.489,0.488,1.977,2.109
1780272352554,0.000,0.003,0.000,0.003,0.000,0.000,0.280,0.331,0.617,0.610,0.488,1.098,1.164
1780272352634,0.000,0.000,0.000,0.003,0.000,0.003,1.078,1.235,2.319,1.098,0.488,1.586,1.527
1780272352702,0.003,0.000,0.003,0.003,0.000,0.003,1.177,1.363,2.552,1.318,0.488,1.806,1.939
1780272352765,0.000,0.000,0.000,0.003,0.000,0.003,1.428,1.665,3.099,1.644,0.472,2.116,2.206
1780272352827,0.000,0.000,0.003,0.003,0.000,0.007,1.691,1.986,3.690,2.026,0.496,2.522,2.448
1780272352876,0.000,0.000,0.000,0.003,0.003,0.003,1.476,1.720,3.205,1.815,0.496,2.311,2.473
1780272352914,0.000,0.003,0.000,0.003,0.000,0.003,1.519,1.840,3.368,1.855,0.488,2.343,2.279
1780272352956,0.000,0.000,0.003,0.003,0.000,0.003,1.727,1.982,3.718,2.043,0.488,2.531,2.473
1780272353025,0.000,0.000,0.000,0.003,0.000,0.003,1.549,1.851,3.406,1.937,0.488,2.425,2.570
1780272353070,0.000,0.000,0.000,0.003,0.000,0.003,1.603,1.822,3.431,1.912,0.488,2.400,2.497
1780272353145,0.000,0.000,0.000,0.003,0.000,0.003,1.567,1.833,3.406,1.888,0.472,2.360,2.448
1780272353200,0.000,0.000,0.000,0.003,0.000,0.000,0.386,0.517,0.906,0.675,0.488,1.163,1.358
1780272353238,0.000,0.000,0.000,0.000,0.000,0.003,1.071,1.195,2.269,1.107,0.480,1.587,0.945
1780272353288,0.000,0.000,0.000,0.003,0.003,0.003,1.454,1.760,3.223,1.668,0.472,2.140,2.182
1780272353361,0.000,0.000,0.007,0.003,0.000,0.003,1.596,1.837,3.446,1.896,0.480,2.376,2.545
1780272353403,0.003,0.000,0.003,0.003,0.003,0.003,1.549,1.833,3.397,1.912,0.472,2.384,2.473
1780272353444,0.000,0.003,0.000,0.003,0.000,0.003,1.581,1.829,3.419,1.904,0.480,2.384,2.473
1780272353504,0.000,0.000,0.000,0.003,0.000,0.003,1.589,1.826,3.421,1.896,0.480,2.376,2.473
1780272353576,0.003,0.000,0.000,0.003,0.000,0.003,1.432,1.665,3.106,1.733,0.496,2.229,2.424
1780272353657,0.000,0.000,0.000,0.003,0.003,0.003,1.377,1.658,3.044,1.676,0.496,2.172,2.279
1780272353708,0.000,0.003,0.000,0.003,0.003,0.003,1.392,1.658,3.062,1.676,0.488,2.164,2.279
1780272353750,0.003,0.000,0.000,0.003,0.000,0.003,0.557,0.729,1.295,0.968,0.488,1.456,1.624
1780272353816,0.696,5.150,0.025,5.671,0.000,0.003,0.969,1.177,13.691,1.155,10.459,11.614,7.515
1780272353890,1.483,3.692,1.290,6.506,0.000,0.000,1.075,1.283,15.329,1.334,9.711,11.045,9.333
1780272353961,6.892,0.397,0.572,4.363,3.889,3.674,0.962,1.137,21.886,7.700,11.485,19.185,20.679
1780272354017,6.021,0.218,1.323,4.928,2.256,2.270,1.286,1.498,19.800,6.113,11.339,17.452,17.091
1780272354096,5.113,0.827,1.293,3.841,1.906,1.982,1.523,1.767,18.252,5.584,9.930,15.514,14.667
1780272354161,4.253,3.145,3.386,3.473,1.006,1.162,3.477,3.750,23.652,8.530,12.535,21.065,19.442
1780272354222,3.626,3.812,3.911,2.708,1.177,2.354,3.849,4.231,25.668,11.086,13.487,24.573,22.424
1780272354273,5.234,5.033,3.863,5.208,3.542,2.719,1.665,1.665,28.929,8.856,12.763,21.619,22.109
1780272354333,2.602,2.850,8.062,8.011,2.125,2.212,0.874,1.122,27.858,5.901,18.681,24.582,23.103
1780272354392,1.064,1.093,6.433,5.474,2.318,2.314,0.947,1.206,20.849,5.754,13.618,19.372,17.988
1780272354447,0.860,0.801,4.035,3.699,2.343,1.993,1.217,1.509,16.457,5.885,9.499,15.384,13.721
1780272354489,0.564,0.554,4.472,4.439,1.979,2.150,1.632,1.855,17.645,6.096,10.468,16.564,14.400
1780272354542,0.309,0.302,7.774,7.093,2.117,2.183,1.450,1.691,22.919,6.202,15.050,21.252,17.818
1780272354614,4.031,3.798,5.103,4.745,1.917,1.982,1.468,1.811,24.855,5.950,15.807,21.757,23.006
1780272354683,0.969,0.987,6.010,5.853,1.855,1.636,1.702,2.012,21.024,5.779,13.764,19.543,18.012
1780272354736,3.320,3.951,4.902,4.395,1.377,1.782,1.505,1.745,22.977,5.299,15.384,20.683,19.612
1780272354789,2.336,2.420,3.878,4.399,1.888,1.796,1.392,1.705,19.814,5.600,12.258,17.858,16.945
1780272354864,2.154,0.605,0.430,3.747,1.855,2.139,1.476,1.807,14.213,5.901,6.919,12.820,11.612
1780272354931,0.349,0.080,8.117,3.061,0.145,0.193,1.541,1.818,15.304,2.857,9.678,12.535,11.418
1780272354986,0.094,2.733,7.206,1.961,0.010,0.018,1.410,1.629,15.061,2.124,9.092,11.216,10.788
1780272355044,1.891,3.823,6.561,0.805,0.000,0.003,0.546,0.707,14.336,1.050,8.294,9.344,8.097
1780272355099,2.482,3.652,4.949,0.393,0.000,0.003,0.277,0.357,12.113,0.577,6.634,7.211,6.861
1780272355167,4.348,3.112,4.042,0.156,0.000,0.000,0.229,0.302,12.189,0.423,7.203,7.626,7.370
1780272355237,4.279,2.930,3.021,0.091,0.000,0.003,0.455,0.572,11.351,0.577,6.796,7.373,6.836
1780272355297,4.275,6.528,1.567,5.908,3.892,3.360,0.503,0.626,26.659,6.666,16.678,23.344,24.921
1780272355343,4.155,6.455,1.432,5.704,2.653,2.664,0.769,0.998,24.830,5.966,17.175,23.141,23.273
1780272355398,2.427,5.722,0.976,5.762,1.982,2.063,1.235,1.447,21.614,5.608,14.163,19.771,19.661
1780272355477,0.167,4.326,0.058,4.680,1.837,1.833,1.680,1.931,16.512,5.746,9.564,15.310,14.570
1780272355537,0.032,3.280,0.010,3.736,1.683,1.724,1.782,2.074,14.321,5.730,7.464,13.194,13.188
1780272355593,0.007,2.074,0.007,3.240,1.319,1.348,4.169,4.851,17.015,10.419,5.461,15.880,13.770
1780272355652,0.007,1.691,0.007,2.912,1.818,1.760,2.077,2.402,12.674,6.853,5.120,11.973,12.873
1780272355724,0.007,1.352,0.003,3.072,1.625,1.647,1.465,1.727,10.898,5.291,4.802,10.093,9.867
1780272355806,0.003,1.144,0.003,3.393,1.552,1.603,0.426,0.583,8.707,3.931,4.924,8.855,8.315
1780272355894,3.437,1.148,0.634,3.491,1.436,1.516,0.335,0.462,12.459,3.760,6.617,10.377,9.552
1780272355947,5.755,0.991,3.994,3.018,1.173,1.261,0.222,0.298,16.712,3.093,12.763,15.856,14.376
1780272356001,5.489,1.210,3.998,3.076,1.253,1.323,1.195,1.436,18.980,4.126,13.487,17.613,17.067
1780272356043,5.113,0.667,1.392,3.557,1.647,2.281,1.253,1.552,17.462,5.445,9.743,15.188,18.085
1780272356097,3.641,4.363,3.426,3.429,2.307,1.811,1.381,1.702,22.060,5.730,10.264,15.994,15.855
1780272356161,1.698,3.885,5.205,3.612,1.585,1.687,1.545,1.884,21.101,5.714,10.370,16.084,14.885
1780272356243,2.278,6.426,5.828,3.028,2.781,2.682,1.290,1.549,25.862,7.326,15.767,23.093,20.679
1780272356326,1.472,6.087,7.829,3.134,2.299,2.660,1.221,1.461,26.163,6.544,16.890,23.434,22.715
1780272356398,2.088,6.185,6.462,2.711,1.877,1.950,1.479,1.738,24.490,5.893,16.621,22.514,19.636
1780272356455,1.585,4.322,6.043,2.453,1.990,1.720,3.335,4.024,25.472,9.865,13.748,23.613,21.527
1780272356525,0.889,4.621,5.671,1.202,2.591,2.460,2.059,2.420,21.913,8.433,11.632,20.065,18.570
1780272356591,0.455,4.315,5.729,0.605,0.433,0.328,2.194,2.569,16.628,4.306,10.549,14.855,13.939
1780272356663,0.218,3.666,5.347,0.204,0.010,0.018,2.409,2.751,14.623,3.654,9.377,13.031,11.733
1780272356720,0.116,3.346,5.008,0.043,0.003,0.007,2.449,2.788,13.760,3.606,8.579,12.185,11.055
1780272356786,0.083,3.273,4.654,0.010,0.003,0.007,2.340,2.803,13.173,3.589,8.009,11.598,10.885
1780272356872,0.076,3.083,4.304,0.007,0.003,0.003,2.208,2.598,12.282,3.394,7.667,11.061,10.061
1780272356913,0.076,2.919,4.483,0.010,0.000,0.003,2.084,2.372,11.947,3.044,7.423,10.467,10.061
1780272356956,0.083,2.908,4.137,0.091,0.000,0.000,1.217,1.355,9.791,1.904,7.317,9.221,9.285
1780272357003,0.087,2.748,4.071,0.218,0.000,0.003,1.691,2.077,10.895,2.360,7.024,9.384,8.485
1780272357065,0.102,2.803,3.677,0.386,0.003,0.003,2.004,2.321,11.299,2.775,6.674,9.449,8.873
1780272357140,1.257,3.058,3.528,1.611,0.000,0.003,0.965,1.184,11.606,1.424,7.423,8.847,7.903
1780272357196,2.861,2.941,3.094,3.039,0.000,0.003,0.882,1.049,13.869,1.188,8.441,9.629,8.848
1780272357255,2.824,2.748,2.970,3.787,0.000,0.003,0.980,1.184,14.496,1.261,8.954,10.215,9.067
1780272357320,3.889,2.474,2.522,4.312,0.000,0.003,1.826,2.168,17.194,2.547,9.914,12.461,11.442
1780272357401,2.544,0.342,2.690,5.157,0.000,0.003,2.205,2.617,15.558,3.288,8.660,11.948,10.958
1780272357457,5.427,2.485,1.782,4.388,0.000,0.000,1.855,2.168,18.105,2.857,13.536,16.393,14.642
1780272357499,1.399,0.841,0.543,1.490,0.003,0.003,2.383,2.777,9.439,3.353,4.932,8.285,9.042
1780272357536,0.280,0.156,0.116,0.164,0.000,0.003,2.303,2.660,5.682,3.288,1.774,5.062,4.485
1780272357606,0.007,0.007,0.007,0.010,0.003,0.003,2.511,2.894,5.442,3.565,0.643,4.208,4.121
1780272357663,0.007,0.003,0.003,0.007,0.000,0.003,2.525,2.846,5.394,3.606,0.529,4.135,4.121
1780272357708,0.003,0.003,0.003,0.007,0.000,0.003,1.549,1.884,3.452,2.482,0.512,2.994,3.006
1780272357758,0.000,0.000,0.007,0.003,0.003,0.003,1.348,1.611,2.975,1.847,0.504,2.351,2.279
1780272357802,0.000,0.000,0.003,0.003,0.000,0.003,1.027,1.195,2.231,1.351,0.480,1.831,1.964
1780272357849,0.000,0.003,0.003,0.003,0.000,0.003,2.197,2.460,4.669,2.653,0.480,3.133,1.794
1780272357924,0.003,0.000,0.000,0.003,0.000,0.000,1.275,1.549,2.830,1.937,0.488,2.425,2.473
1780272357966,0.000,0.000,0.000,0.003,0.000,0.003,1.159,1.436,2.601,1.603,0.496,2.099,2.085
1780272358029,0.007,0.000,0.003,0.003,3.593,0.003,1.013,1.264,5.886,3.565,0.496,4.061,3.661
1780272358085,0.000,0.000,0.000,0.003,3.743,3.823,1.647,1.971,11.187,6.699,0.520,7.219,10.352
1780272358146,0.003,0.000,0.000,0.003,2.336,2.292,1.778,2.074,8.486,5.754,0.545,6.299,10.206
1780272358201,0.000,0.000,0.003,0.003,2.088,2.157,1.002,1.232,6.485,4.558,0.512,5.070,9.697
1780272358256,0.003,0.000,0.003,0.003,1.884,1.979,1.144,1.406,6.422,4.135,0.504,4.639,6.061
1780272358306,0.000,0.000,0.000,0.003,1.720,1.611,2.205,2.500,8.039,5.071,0.504,5.575,6.036
1780272358360,0.003,0.000,0.000,0.003,1.129,1.133,4.344,4.942,11.554,9.678,0.504,10.182,9.115
1780272358418,0.003,0.000,0.000,0.003,1.119,1.177,4.643,5.215,12.160,10.761,0.537,11.298,13.891
1780272358472,0.000,0.000,0.000,0.003,1.253,1.250,4.538,5.117,12.161,10.866,0.529,11.395,14.570
1780272358557,0.003,0.000,0.000,0.003,1.184,1.202,4.377,4.917,11.686,10.565,0.553,11.118,14.764
1780272358616,0.000,0.000,0.000,0.003,1.578,1.625,1.494,1.476,6.176,5.437,0.529,5.966,14.255
1780272358669,0.000,0.000,0.000,0.003,1.388,1.465,0.255,0.331,3.442,2.832,0.520,3.352,5.770
1780272358714,0.000,0.000,0.000,0.003,1.323,1.374,0.164,0.185,3.049,2.385,0.496,2.881,3.855
1780272358756,0.003,0.000,0.000,0.003,1.326,1.363,0.287,0.375,3.357,2.336,0.488,2.824,3.370
1780272358797,0.000,0.000,0.000,0.003,0.976,0.984,3.976,4.414,10.353,7.602,0.504,8.106,3.782
1780272358836,0.003,0.000,0.000,0.003,1.053,1.078,4.880,5.358,12.375,10.419,0.529,10.948,12.218
1780272358922,0.000,0.000,0.000,0.000,1.206,1.261,4.855,5.347,12.669,11.314,0.569,11.883,12.412
1780272358960,0.000,0.000,0.000,0.003,1.261,1.246,4.683,5.285,12.478,11.265,0.553,11.818,12.218
1780272358992,0.000,0.000,0.000,0.003,1.235,1.257,4.596,5.267,12.358,11.168,0.545,11.713,12.097
1780272359072,0.003,0.000,0.000,0.003,1.538,1.578,1.957,2.052,7.131,5.852,0.520,6.372,9.745
1780272359131,0.003,0.000,0.000,0.003,1.421,1.494,0.393,0.481,3.795,3.296,0.504,3.800,4.024
1780272359214,0.003,0.000,0.003,0.003,0.076,0.102,0.153,0.182,0.522,0.748,0.480,1.228,1.939
1780272359269,0.003,0.000,0.000,0.003,0.007,0.007,0.182,0.196,0.398,0.382,0.480,0.862,0.873
1780272359312,0.000,0.000,0.000,0.003,0.000,0.003,0.211,0.266,0.483,0.374,0.480,0.854,0.897
1780272359371,0.000,0.000,0.003,0.003,0.000,0.003,1.108,1.359,2.476,1.237,0.480,1.717,1.697
1780272359433,0.000,0.003,0.000,0.003,0.000,0.003,1.414,1.651,3.074,1.725,0.504,2.229,2.327
1780272359483,0.003,0.000,0.000,0.003,0.000,0.003,1.556,1.818,3.383,1.937,0.488,2.425,2.545
1780272359542,0.003,0.000,0.000,0.003,0.000,0.003,1.822,2.143,3.974,2.336,0.496,2.832,2.909
1780272359606,0.000,0.000,0.000,0.003,0.003,0.003,1.760,1.982,3.751,2.279,0.488,2.767,2.909
1780272359650,0.000,0.000,0.003,0.003,0.000,0.003,1.530,1.866,3.405,2.067,0.488,2.555,2.764
1780272359725,0.003,0.000,0.000,0.003,0.000,0.003,1.476,1.818,3.303,1.969,0.488,2.457,2.545
1780272359790,0.000,0.003,0.000,0.003,0.000,0.000,1.578,1.786,3.370,1.978,0.480,2.458,2.545
1780272359846,0.000,0.000,0.003,0.003,0.000,0.003,1.519,1.807,3.335,1.978,0.480,2.458,2.545
1780272359913,0.000,0.000,0.000,0.003,0.000,0.003,1.476,1.786,3.268,1.969,0.488,2.457,2.473
1780272359980,2.383,2.110,1.982,2.431,0.000,0.003,1.140,1.377,11.426,1.505,3.467,4.972,4.339
1780272360050,5.981,5.569,6.739,6.298,0.000,0.003,0.517,0.663,25.770,0.870,21.343,22.213,20.776
1780272360106,6.994,4.352,5.004,2.722,0.000,0.000,0.656,0.831,20.559,0.952,16.288,17.240,16.145
1780272360158,5.755,5.401,1.312,1.257,0.000,0.003,1.279,1.498,16.505,1.595,11.680,13.275,12.679
1780272360248,4.020,3.327,0.116,1.345,0.003,0.003,1.428,1.691,11.933,1.912,7.285,9.197,8.388
1780272360309,3.342,1.432,0.295,2.292,0.000,0.003,1.738,2.033,11.135,2.287,5.470,7.757,7.248
1780272360359,3.043,1.009,0.415,2.110,0.000,0.003,1.680,1.950,10.210,2.238,4.786,7.024,6.739
1780272360429,2.835,0.852,0.393,2.176,0.000,0.003,1.359,1.622,9.240,1.864,4.420,6.284,6.230
1780272360489,2.817,0.557,0.612,2.026,0.000,0.003,1.385,1.618,9.018,1.798,4.216,6.014,6.085
1780272360557,2.631,0.386,1.279,1.483,0.000,0.000,0.397,0.532,6.708,0.773,4.094,4.867,4.606
1780272360613,2.580,0.309,1.417,1.468,0.000,0.000,0.922,1.232,7.928,1.188,4.232,5.420,4.970
1780272360659,2.708,0.189,1.837,1.166,0.003,0.003,1.184,1.465,8.555,1.481,4.672,6.153,5.406
1780272360711,2.525,1.815,1.494,3.583,0.000,0.000,1.166,1.403,11.986,1.522,6.455,7.977,6.982
1780272360800,2.493,3.039,2.092,6.254,0.000,0.003,0.845,1.027,15.753,1.147,12.242,13.389,13.042
1780272360876,2.741,3.699,2.854,4.581,0.000,0.003,0.710,0.874,15.462,0.993,12.926,13.919,15.903
1780272360935,3.156,3.101,3.007,3.896,0.000,0.000,0.215,0.266,13.641,0.504,12.446,12.950,14.352
1780272360986,3.101,3.120,3.076,3.477,0.000,0.000,0.174,0.193,13.141,0.358,12.323,12.681,12.776
1780272361042,2.824,2.977,3.028,3.072,0.000,0.000,0.174,0.196,12.271,0.341,11.697,12.038,11.879
1780272361096,2.711,2.715,2.536,2.711,0.000,0.000,0.185,0.218,11.076,0.333,10.411,10.744,10.885
1780272361155,0.605,2.700,0.579,2.766,0.000,0.003,1.009,1.206,8.868,1.098,6.487,7.585,7.685
1780272361213,0.102,2.292,0.051,2.176,0.000,0.000,1.184,1.421,7.226,1.416,4.843,6.259,6.594
1780272361254,0.061,2.183,0.010,1.826,0.000,0.000,0.375,0.488,4.943,0.732,4.354,5.086,5.648
1780272361336,0.375,2.208,0.725,1.421,0.003,0.003,1.060,1.257,7.052,1.123,4.680,5.803,5.115
1780272361400,2.179,1.724,3.276,0.914,0.000,0.000,1.064,1.297,10.454,1.668,8.009,9.677,8.873
1780272361447,1.283,2.168,3.641,1.334,0.000,0.003,1.195,1.450,11.074,1.644,8.384,10.028,9.867
1780272361517,0.244,1.935,0.360,1.253,4.483,4.148,0.944,1.191,14.558,8.196,4.289,12.485,14.036
1780272361571,0.080,2.055,0.040,1.213,2.584,2.781,0.933,1.155,10.841,6.186,3.776,9.962,11.564
1780272361626,0.010,1.895,0.003,1.272,1.858,1.782,0.277,0.349,7.446,4.281,3.638,7.919,8.073
1780272361686,0.003,1.950,0.000,0.772,1.527,1.632,0.149,0.171,6.204,3.410,2.914,6.324,6.206
1780272361739,1.687,0.893,2.500,0.109,0.462,0.539,7.789,8.186,22.165,14.643,5.209,19.852,12.509
1780272361783,0.798,1.326,4.271,0.021,0.838,0.852,8.966,9.797,26.869,17.924,6.227,24.151,25.406
1780272361856,0.448,2.584,4.720,0.131,1.957,1.917,2.405,2.977,17.139,9.198,7.773,16.971,16.436
1780272361922,0.277,2.409,3.561,0.153,1.129,1.275,4.825,5.551,19.180,11.615,6.568,18.183,16.509
1780272361957,0.750,2.285,3.152,0.444,1.221,1.246,5.008,5.667,19.773,12.210,6.666,18.876,18.570
1780272362021,1.738,2.008,2.587,1.067,1.235,1.348,4.909,5.460,20.352,12.250,7.407,19.657,19.345
1780272362073,2.125,2.318,2.697,1.607,1.680,1.702,1.658,2.081,15.868,7.431,8.530,15.961,15.952
1780272362107,2.015,2.303,2.558,1.483,1.352,1.290,3.900,4.199,19.100,9.409,7.602,17.011,13.067
1780272362151,0.528,2.048,2.066,0.517,1.264,1.308,4.913,5.463,18.107,11.990,5.535,17.525,17.067
1780272362200,0.193,2.474,2.256,0.171,1.702,1.756,2.044,2.515,13.111,7.236,5.291,12.527,16.824
1780272362246,0.167,0.903,2.434,3.313,1.786,1.705,0.761,0.951,12.020,5.136,3.964,9.100,8.485
1780272362295,0.218,0.131,1.483,3.918,1.527,1.370,7.902,8.511,25.060,15.197,2.800,17.997,12.655
1780272362354,0.896,2.314,0.524,0.481,1.439,1.917,9.196,9.863,26.630,20.431,2.523,22.954,23.127
1780272362409,2.208,2.894,0.236,0.120,2.733,2.755,1.560,2.055,14.561,10.671,3.467,14.138,17.600
1780272362476,2.216,2.580,0.051,0.637,2.030,2.052,5.194,5.638,20.398,13.211,3.068,16.279,15.976
1780272362549,2.139,1.866,0.043,1.217,1.891,1.917,5.328,5.988,20.389,14.293,3.223,17.516,17.552
1780272362614,2.281,1.687,0.029,6.141,2.110,2.267,1.016,1.261,16.792,6.837,9.328,16.165,17.236
1780272362665,2.547,1.246,0.029,5.551,1.002,0.900,7.632,7.924,26.831,14.245,8.848,23.093,20.242
1780272362719,2.536,0.893,0.065,4.938,1.155,1.348,8.328,9.130,28.393,18.437,8.148,26.585,26.836
1780272362765,3.174,0.882,0.138,4.938,2.241,2.110,1.950,2.267,17.700,9.426,8.954,18.380,20.315
1780272362812,1.986,1.013,0.182,3.455,1.789,1.669,4.257,4.559,18.910,11.843,5.673,17.516,13.818
1780272362875,0.222,0.160,0.018,0.277,1.891,1.909,5.988,6.367,16.832,14.904,1.269,16.173,16.073
1780272362943,0.014,0.010,0.000,0.018,2.566,2.416,1.913,2.369,9.306,8.229,0.594,8.823,9.261
1780272362995,0.003,0.003,0.000,0.007,2.387,3.032,0.284,0.357,6.073,6.292,0.496,6.788,6.497
1780272363073,0.189,0.054,0.153,0.072,2.945,3.054,0.061,0.065,6.593,6.137,0.537,6.674,6.909
1780272363132,1.250,2.347,0.685,2.223,2.883,3.131,0.054,0.072,12.645,6.031,3.117,9.148,9.673
1780272363191,5.908,4.045,4.060,3.732,2.241,2.179,0.240,0.313,22.718,4.802,13.471,18.273,15.806
1780272363250,5.813,1.465,5.237,1.315,2.690,2.573,0.109,0.142,19.344,5.282,11.949,17.231,15.879
1780272363301,4.811,1.837,4.592,1.891,2.423,2.518,0.816,0.976,19.864,5.649,11.298,16.947,15.370
1780272363354,3.696,4.829,3.415,4.581,2.139,2.351,0.914,1.071,22.996,5.291,15.718,21.009,15.588
1780272363426,3.149,4.486,2.988,4.093,1.844,2.012,4.548,4.909,28.029,11.363,14.000,25.363,24.436
1780272363476,0.758,1.250,0.809,0.681,2.587,2.569,5.540,6.090,20.284,15.189,3.817,19.006,20.679
1780272363539,0.032,0.051,0.021,0.025,0.291,0.222,2.030,2.449,5.121,5.136,1.009,6.145,5.527
1780272363588,0.003,0.010,0.003,0.003,0.014,0.021,0.477,0.630,1.161,1.668,0.602,2.270,2.036
1780272363640,0.003,0.003,0.003,0.003,0.003,0.007,1.191,1.348,2.561,1.294,0.496,1.790,1.212
1780272363677,0.000,0.007,0.000,0.007,0.003,0.007,1.359,1.585,2.968,1.343,0.488,1.831,2.109
1780272363732,0.003,0.000,0.000,0.003,0.003,0.003,1.396,1.618,3.026,1.375,0.504,1.879,2.303
1780272363785,0.000,0.000,0.003,0.003,0.000,0.003,1.658,1.917,3.584,1.619,0.520,2.139,2.109
1780272363838,0.000,0.003,0.000,0.003,3.863,0.003,1.651,1.902,7.425,3.882,0.520,4.402,5.358
1780272363904,0.000,0.000,0.000,0.003,3.867,3.783,1.505,1.724,10.882,6.275,0.529,6.804,11.758
1780272363946,0.000,0.000,0.000,0.003,2.897,3.028,1.563,1.862,9.353,5.673,0.537,6.210,10.085
1780272363990,0.000,0.000,0.000,0.003,2.606,2.584,1.629,1.920,8.742,5.331,0.537,5.868,9.552
1780272364053,0.000,0.000,0.000,0.003,2.427,2.365,1.603,1.804,8.202,4.957,0.520,5.477,8.267
1780272364096,0.000,0.000,0.000,0.003,2.558,2.686,1.581,1.826,8.654,5.144,0.520,5.664,6.788
1780272364148,0.000,0.000,0.000,0.000,1.902,1.811,4.990,5.230,13.933,9.955,0.504,10.459,5.818
1780272364199,0.000,0.000,0.000,0.007,1.942,2.121,5.850,6.294,16.214,13.536,0.545,14.081,15.879
1780272364253,0.000,0.000,0.000,0.003,1.815,1.899,5.759,6.247,15.723,13.707,0.569,14.276,17.624
1780272364296,0.000,0.003,0.000,0.003,2.099,2.128,2.387,2.784,9.404,8.367,0.537,8.904,16.315
1780272364360,0.003,0.000,0.003,0.003,1.884,2.081,0.477,0.590,5.041,3.776,0.504,4.280,5.455
1780272364419,0.000,0.000,0.000,0.003,1.071,0.984,5.245,5.493,12.796,10.834,0.529,11.363,7.952
1780272364455,0.003,0.000,0.000,0.003,1.082,1.089,5.813,6.400,14.390,12.323,0.537,12.860,15.079
1780272364514,0.000,0.000,0.000,0.003,1.122,1.155,5.773,6.265,14.318,12.910,0.569,13.479,16.291
1780272364571,0.003,0.000,0.000,0.003,1.581,1.632,1.873,2.285,7.377,5.616,0.529,6.145,7.539
1780272364614,0.000,0.000,0.000,0.003,1.505,1.498,0.699,0.572,4.277,3.443,0.504,3.947,5.139
1780272364663,0.000,0.000,0.003,0.003,1.279,1.355,1.075,1.264,4.979,2.946,0.488,3.434,3.418
1780272364713,0.000,0.003,0.000,0.003,0.896,0.911,5.252,6.021,13.086,10.378,0.553,10.931,6.206
1780272364756,0.003,0.000,0.000,0.003,1.049,1.006,5.930,6.448,14.439,12.511,0.553,13.064,14.206
1780272364819,0.000,0.000,0.000,0.003,1.202,1.232,5.832,6.404,14.673,13.146,0.537,13.683,14.109
1780272364886,0.000,0.000,0.000,0.003,1.647,1.676,0.893,1.078,5.297,5.795,0.512,6.307,7.588
1780272364950,0.000,0.000,0.000,0.003,0.656,0.750,8.376,8.799,18.584,15.929,0.545,16.474,14.085
1780272365017,4.742,3.039,1.286,0.233,0.225,0.174,8.518,9.174,27.391,16.988,7.179,24.167,24.194
1780272365093,5.041,2.445,0.969,1.585,0.010,0.021,6.105,6.630,22.806,12.389,7.106,19.495,18.691
1780272365136,4.421,2.795,0.601,1.574,0.007,0.014,5.901,6.524,21.837,11.876,6.878,18.754,17.867
1780272365184,4.158,2.843,0.178,1.425,0.003,0.014,5.883,6.448,20.952,11.632,6.479,18.111,17.697
1780272365256,3.265,3.032,0.040,1.283,0.007,0.014,5.875,6.280,19.796,11.461,5.942,17.403,16.945
1780272365306,3.010,3.739,0.776,0.718,0.003,0.010,5.598,6.119,19.973,11.119,6.682,17.801,17.188
1780272365366,2.857,4.290,1.541,0.572,0.000,0.000,1.027,1.224,11.511,3.996,7.407,11.403,12.194
1780272365408,2.558,4.169,1.498,0.590,0.000,0.000,0.207,0.240,9.262,1.334,7.203,8.537,7.006
1780272365444,2.872,3.841,1.385,0.845,0.000,0.000,0.098,0.112,9.153,0.545,6.853,7.398,6.982
1780272365497,2.420,3.408,1.064,0.925,0.000,0.000,0.080,0.091,7.988,0.276,6.332,6.608,5.842
1780272365585,2.879,2.850,0.594,1.115,0.000,0.000,0.105,0.116,7.659,0.211,6.056,6.267,5.673
1780272365639,2.916,2.657,0.594,1.060,0.000,0.003,0.783,0.845,8.858,0.683,5.917,6.600,5.721
1780272365707,2.945,2.238,0.524,1.239,0.000,0.003,0.940,1.129,9.018,0.879,5.518,6.397,7.806
1780272365775,2.861,2.307,0.769,0.174,0.000,0.003,1.159,1.337,8.610,1.098,5.209,6.307,8.630
1780272365830,1.720,2.248,1.826,0.138,0.000,0.003,1.228,1.406,8.569,1.164,4.395,5.559,6.618
1780272365891,1.545,2.143,2.052,0.134,0.000,0.000,1.235,1.454,8.563,1.180,4.135,5.315,5.818
1780272365949,1.024,2.259,1.811,0.229,0.000,0.000,1.275,1.465,8.063,1.204,3.785,4.989,5.309
1780272366001,0.936,2.292,1.727,0.357,0.000,0.003,1.519,1.727,8.561,1.465,3.768,5.233,5.188
1780272366088,1.363,2.405,1.377,0.247,0.000,0.003,1.027,1.199,7.621,1.041,3.825,4.866,4.824
1780272366132,0.473,2.205,5.303,2.274,0.000,0.003,1.060,1.235,12.553,1.009,7.692,8.701,7.636
1780272366176,0.630,2.471,6.794,0.616,0.000,0.000,1.108,1.257,12.876,1.058,9.255,10.313,9.939
1780272366244,1.614,2.620,6.298,0.277,0.000,0.003,1.312,1.552,13.676,1.302,9.540,10.842,10.448
1780272366293,3.681,2.959,5.132,1.807,0.000,0.003,1.355,1.614,16.551,1.408,11.957,13.365,12.606
1780272366354,2.733,2.001,4.224,3.222,0.003,0.010,4.731,5.062,21.986,7.692,11.737,19.429,15.685
1780272366415,3.907,1.406,3.583,2.161,0.003,0.010,5.124,5.606,21.800,9.759,10.484,20.243,21.939
1780272366470,3.524,0.375,3.900,0.335,0.000,0.003,2.088,2.460,12.685,3.671,8.107,11.778,14.352
1780272366530,2.886,0.061,3.393,2.715,0.000,0.003,1.447,1.658,12.163,1.953,6.422,8.375,7.661
1780272366626,0.699,0.087,1.505,1.986,3.444,3.014,0.973,1.173,12.881,6.951,3.068,10.019,10.788
1780272366683,0.823,0.102,1.257,1.399,1.858,2.008,1.596,1.818,10.861,5.339,2.629,7.968,7.806
1780272366758,0.882,0.102,0.736,0.801,1.042,1.155,5.154,5.576,15.448,10.728,2.157,12.885,12.509
1780272366793,1.035,0.102,0.645,0.470,1.119,1.221,5.445,5.904,15.941,12.470,2.010,14.480,14.958
1780272366825,1.042,0.102,0.568,0.382,1.283,1.323,5.296,5.908,15.904,12.836,2.075,14.911,15.200
1780272366877,1.377,0.116,0.838,0.251,1.334,1.399,5.277,5.729,16.321,12.950,2.401,15.351,15.370
1780272366937,1.483,0.123,0.681,0.065,1.359,1.428,5.172,5.587,15.898,12.804,2.523,15.327,15.273
1780272366995,2.504,0.116,1.468,0.018,1.771,1.742,1.301,1.570,10.490,6.617,4.078,10.695,14.352
1780272367053,2.635,0.094,0.856,0.003,0.681,0.787,7.989,9.218,22.263,15.791,3.540,19.331,11.345
1780272367154,3.491,0.094,1.556,0.007,2.033,1.993,0.677,0.867,10.718,7.317,5.046,12.363,10.327
1780272367206,2.230,1.071,1.556,0.003,1.115,1.170,4.640,5.019,16.804,10.736,3.907,14.643,11.733
1780272367269,0.229,5.343,1.297,1.257,1.155,1.155,5.128,5.544,21.108,12.340,6.707,19.047,18.909
1780272367309,2.263,3.349,1.906,0.645,1.979,1.483,5.008,5.449,22.082,13.137,6.072,19.209,19.467
1780272367344,3.539,2.977,2.066,1.516,2.026,1.756,4.647,5.062,23.589,12.926,9.165,22.091,19.709
1780272367398,4.304,3.517,2.442,4.301,3.834,3.929,3.932,4.363,30.622,14.643,12.169,26.812,23.636
1780272367454,1.953,1.622,3.816,2.897,5.503,5.649,3.856,4.209,29.505,17.924,10.101,28.025,27.224
1780272367496,1.775,2.066,1.541,1.086,5.161,5.664,4.144,4.589,26.026,17.875,6.772,24.647,26.061
1780272367542,2.478,5.139,0.120,0.069,3.572,4.148,1.742,1.709,18.977,10.704,8.262,18.966,21.867
1780272367596,4.483,5.744,0.058,0.010,2.248,2.402,0.995,1.202,17.142,6.422,9.865,16.287,15.273
1780272367702,3.211,4.505,2.587,1.986,1.436,1.468,1.206,1.421,17.820,4.330,9.092,13.422,12.727
1780272367786,1.986,3.597,5.788,5.205,1.177,1.221,0.900,1.071,20.945,3.459,14.733,18.192,16.848
1780272367861,0.215,0.539,0.568,1.242,1.279,1.326,4.523,5.285,14.977,10.598,2.539,13.137,9.867
1780272367922,2.781,2.624,5.598,4.253,0.874,0.918,4.067,4.454,25.569,9.800,13.886,23.686,22.691
1780272367979,2.325,2.511,4.851,4.935,1.807,1.767,1.611,1.917,21.724,6.292,11.387,17.679,21.236
1780272368036,0.328,0.379,0.790,0.954,2.238,1.953,1.133,1.326,9.101,5.421,2.572,7.993,10.545
1780272368084,0.025,0.025,0.058,0.061,1.855,1.873,0.309,0.382,4.588,4.216,0.944,5.160,4.630
1780272368136,0.007,0.003,0.010,0.007,1.724,1.694,1.049,1.221,5.715,4.387,0.618,5.005,5.139
1780272368259,0.003,0.000,0.000,0.003,2.063,2.052,1.129,1.341,6.591,5.250,0.586,5.836,5.794
1780272368308,3.535,2.664,4.406,3.761,1.221,1.417,0.903,1.082,18.989,3.809,12.234,16.043,9.939
1780272368387,4.075,4.465,5.139,4.665,1.888,2.008,0.849,1.027,24.116,4.851,16.719,21.570,20.582
1780272368452,0.488,0.546,0.575,0.572,2.340,2.474,1.465,1.694,10.154,6.210,3.817,10.027,10.812
1780272368521,0.029,0.029,0.029,0.018,1.891,1.760,1.713,1.968,7.437,5.551,0.903,6.454,6.448
1780272368568,0.007,0.003,0.003,0.003,1.596,1.716,1.877,2.103,7.308,5.494,0.594,6.088,6.085
1780272368609,0.000,0.003,0.003,0.007,1.716,2.157,1.891,2.168,7.945,6.129,0.553,6.682,7.467
1780272368659,0.003,0.000,0.000,0.003,2.270,1.855,1.629,1.909,7.669,6.105,0.553,6.658,8.776
1780272368754,0.003,0.003,0.003,0.003,1.873,2.157,1.829,2.059,7.930,6.251,0.529,6.780,6.618
1780272368829,3.149,5.230,5.846,3.353,1.377,1.443,1.293,1.494,23.185,4.590,11.884,16.474,13.745
1780272368896,1.694,5.474,4.680,2.048,1.654,1.545,1.180,1.403,19.678,4.615,10.272,14.887,13.721
1780272368958,3.214,5.737,2.241,0.459,1.818,1.767,1.086,1.286,17.608,4.851,8.571,13.422,12.679
1780272369025,0.696,4.749,4.884,0.430,2.868,2.708,1.122,1.304,18.761,6.666,8.131,14.797,12.776
1780272369084,3.783,1.680,3.419,2.988,2.682,3.003,1.399,1.680,20.634,7.081,6.536,13.617,13.042
1780272369133,5.850,1.447,1.228,5.926,2.504,2.299,1.184,1.341,21.779,6.186,11.208,17.394,15.467
1780272369178,4.884,2.004,0.499,6.896,2.722,2.726,1.246,1.454,22.431,6.609,12.234,18.843,17.818
1780272369264,4.279,1.374,0.849,6.389,2.835,2.861,1.173,1.352,21.112,7.041,10.956,17.997,16.921
1780272369334,0.415,0.196,0.072,0.940,3.470,3.324,1.454,1.724,11.595,8.506,2.124,10.630,9.842
1780272369389,0.021,0.010,0.003,0.036,3.028,3.149,1.676,1.909,9.832,7.928,0.879,8.807,9.430
1780272369471,0.513,0.677,0.790,0.473,2.318,2.431,1.702,1.979,10.883,6.772,0.976,7.748,7.515
1780272369545,4.359,4.862,6.229,5.839,1.658,1.800,0.721,0.893,26.361,4.590,18.949,23.539,20.412
1780272369598,1.680,3.597,8.183,6.732,2.146,2.121,0.652,0.783,25.894,4.916,19.495,24.411,22.061
1780272369638,2.066,4.672,8.201,5.963,2.125,2.172,0.590,0.721,26.510,4.932,20.382,25.314,22.812
1780272369689,0.962,2.806,5.558,3.674,2.722,2.715,1.228,1.468,21.133,6.422,8.848,15.270,21.188
1780272369793,4.432,6.141,3.178,3.331,2.329,2.423,1.166,1.399,24.399,6.121,11.444,17.565,16.800
1780272369862,5.700,6.349,5.103,5.398,0.273,0.349,1.075,1.290,25.537,2.458,20.553,23.011,21.115
1780272369904,5.219,5.638,4.060,5.066,0.032,0.051,1.206,1.436,22.708,1.904,18.640,20.544,19.636
1780272369952,5.143,5.518,4.049,3.918,0.007,0.010,1.250,1.447,21.342,1.725,18.290,20.015,17.867
1780272370010,4.483,4.767,3.710,4.457,0.003,0.003,1.304,1.545,20.272,1.750,16.841,18.591,17.236
1780272370074,4.002,3.925,3.269,3.969,0.003,0.003,1.581,1.895,18.647,2.132,14.643,16.775,15.442
1780272370133,3.666,1.454,1.232,3.601,0.000,0.003,2.066,2.351,14.373,2.661,9.328,11.989,11.176
1780272370176,3.484,0.393,0.360,3.502,0.000,0.003,1.840,2.125,11.707,2.466,7.724,10.190,9.212
1780272370217,3.149,1.611,0.127,1.589,0.000,0.003,2.008,2.336,10.823,2.564,5.616,8.180,8.315
1780272370311,2.030,2.496,0.010,2.533,0.000,0.003,1.837,2.117,11.026,2.352,4.875,7.227,6.764
1780272370381,1.468,2.077,3.736,3.809,0.000,0.003,1.560,1.840,14.493,2.043,6.739,8.782,8.267
1780272370430,0.936,2.781,4.246,3.477,0.000,0.003,1.877,2.190,15.510,2.393,7.163,9.556,8.897
1780272370473,1.611,3.462,4.341,2.846,0.000,0.007,1.851,2.165,16.283,2.450,8.416,10.866,9.794
1780272370530,1.764,3.750,4.851,2.857,0.000,0.003,1.658,1.884,16.767,2.124,9.149,11.273,10.764
1780272370599,1.920,3.878,4.727,2.617,0.000,0.003,1.731,2.037,16.913,2.311,9.597,11.908,10.909
1780272370638,2.190,3.233,4.271,2.573,0.000,0.003,1.920,2.165,16.355,2.515,9.271,11.786,10.739
1780272370678,1.920,3.236,4.220,2.646,0.000,0.003,2.088,2.420,16.533,2.792,9.230,12.022,10.812
1780272370731,1.869,3.335,4.359,2.500,0.000,0.003,2.197,2.471,16.734,3.003,9.214,12.217,11.442
1780272370818,1.002,2.099,4.013,2.299,0.003,0.007,4.293,4.640,18.356,7.138,7.407,14.545,12.558
1780272370901,0.156,0.688,4.403,2.405,0.000,0.003,2.394,2.722,12.771,4.395,6.512,10.907,9.964
1780272370958,0.470,0.816,3.586,2.252,0.003,0.000,0.889,1.100,9.116,2.124,5.787,7.911,7.782
1780272371016,3.254,3.550,2.318,1.811,0.000,0.000,0.309,0.408,11.650,1.107,8.555,9.662,8.655
1780272371093,3.094,3.327,1.971,2.409,0.000,0.003,1.439,1.735,13.978,1.864,8.416,10.280,8.897
1780272371153,3.087,1.334,0.736,2.660,0.000,0.003,1.705,2.044,11.569,2.295,6.568,8.863,8.412
1780272371203,3.156,0.455,0.171,2.485,0.000,0.003,1.964,2.299,10.533,2.661,6.113,8.774,8.194
1780272371266,3.331,0.371,0.309,2.569,0.000,0.003,2.176,2.442,11.201,2.954,6.284,9.238,8.727
1780272371344,3.083,0.313,0.328,2.631,0.000,0.007,2.369,2.730,11.461,3.361,5.942,9.303,8.897
1780272371421,2.657,1.654,1.304,2.551,0.000,0.003,2.372,2.704,13.245,3.426,6.186,9.612,8.873
1780272371484,0.353,0.258,0.196,0.433,0.003,0.003,2.624,2.974,6.844,3.736,1.554,5.290,4.970
1780272371526,0.043,0.032,0.021,0.032,0.000,0.003,2.901,3.302,6.334,4.208,0.805,5.013,4.703
1780272371583,0.007,0.007,0.003,0.007,0.003,0.003,2.562,3.007,5.599,3.915,0.545,4.460,4.630
1780272371623,0.003,0.003,0.003,0.003,0.000,0.003,2.700,3.036,5.751,3.923,0.504,4.427,4.388
1780272371673,0.003,0.000,0.003,0.003,0.003,0.003,2.507,2.908,5.430,3.768,0.496,4.264,4.485
1780272371732,0.000,0.000,0.000,0.003,3.564,0.003,2.423,2.719,8.712,6.137,0.488,6.625,6.739
1780272371774,0.000,0.000,0.000,0.003,4.807,3.528,1.815,2.070,12.223,7.781,0.529,8.310,12.024
1780272371817,0.000,0.003,0.000,0.003,2.999,3.094,1.822,2.125,10.046,6.748,0.545,7.293,10.788
1780272371866,0.000,0.000,0.000,0.003,2.813,2.773,1.016,1.246,7.851,5.429,0.537,5.966,10.182
1780272371918,0.000,0.000,0.003,0.003,2.238,2.256,1.862,2.146,8.508,5.600,0.520,6.120,8.145
1780272371971,0.003,0.000,0.003,0.007,2.285,2.595,2.307,2.609,9.809,6.406,0.504,6.910,8.218
1780272372052,0.003,0.000,0.000,0.003,1.891,2.074,4.439,4.877,13.287,10.818,0.553,11.371,11.976
1780272372107,0.003,0.000,0.000,0.003,1.906,1.800,4.505,5.004,13.221,11.396,0.553,11.949,15.030
1780272372145,0.000,0.000,0.000,0.003,1.622,1.873,4.461,5.004,12.963,11.396,0.537,11.933,14.255
1780272372195,0.000,0.000,0.003,0.003,1.961,2.048,2.332,2.773,9.120,7.488,0.520,8.008,10.715
1780272372261,0.000,0.000,0.000,0.003,1.483,1.272,4.322,4.793,11.873,10.020,0.504,10.524,7.685
1780272372318,0.000,0.000,0.000,0.003,1.170,1.232,4.691,5.135,12.231,10.809,0.569,11.378,13.358
1780272372369,0.000,0.003,0.000,0.003,1.173,1.210,4.516,5.026,11.931,10.712,0.561,11.273,14.376
1780272372408,0.003,0.000,0.003,0.003,1.239,1.268,4.516,4.993,12.025,10.785,0.561,11.346,14.012
1780272372448,0.000,0.000,0.003,0.003,1.534,1.541,2.278,2.846,8.205,7.334,0.537,7.871,13.139
1780272372515,0.000,0.000,0.003,0.000,1.326,1.363,1.676,1.931,6.299,4.346,0.545,4.891,5.139
1780272372581,0.000,0.000,0.000,0.003,0.933,1.031,4.384,5.077,11.428,9.442,0.553,9.995,8.121
1780272372660,2.792,3.440,5.985,6.502,0.142,0.127,3.739,4.217,26.944,8.034,14.472,22.506,22.255
1780272372709,3.863,5.646,4.942,6.243,0.010,0.018,3.495,3.914,28.131,7.179,18.901,26.080,21.600
1780272372749,4.399,4.694,4.122,5.832,0.003,0.014,3.725,4.107,26.896,7.415,16.247,23.662,23.079
1780272372800,4.177,2.864,2.281,5.835,0.003,0.003,1.764,2.092,19.019,3.402,13.113,16.515,17.455
1780272372849,5.230,1.006,0.736,5.328,0.000,0.003,1.111,1.341,14.755,1.872,11.371,13.243,12.412
1780272372902,5.157,1.939,1.683,4.811,0.000,0.003,1.184,1.447,16.224,1.733,11.607,13.340,11.345
1780272372955,5.482,3.225,3.276,3.440,0.000,0.000,1.268,1.458,18.149,1.733,11.672,13.405,12.606
1780272373019,4.913,2.985,3.120,4.038,0.000,0.003,1.465,1.694,18.218,2.026,11.925,13.951,12.630
1780272373066,4.432,2.566,2.613,3.860,0.003,0.014,3.579,3.929,20.996,5.795,10.736,16.531,13.406
1780272373124,4.104,2.398,2.460,3.061,0.000,0.003,2.077,2.442,16.545,3.646,10.150,13.796,16.121
1780272373222,3.203,0.495,1.483,2.037,3.284,3.251,3.382,3.962,21.097,11.754,6.682,18.436,18.085
1780272373282,3.003,0.419,2.434,0.965,1.826,1.920,3.805,4.363,18.735,11.290,6.194,17.484,17.212
1780272373336,2.551,2.970,2.744,2.522,1.570,1.607,1.767,2.092,17.823,6.927,10.834,17.761,16.315
1780272373380,2.631,3.918,2.657,2.977,1.490,1.505,1.293,1.549,18.020,5.291,11.713,17.004,15.273
1780272373425,2.679,3.214,2.832,2.824,1.472,1.461,1.082,1.297,16.861,4.566,10.875,15.441,14.424
1780272373469,2.628,2.897,2.416,2.726,1.345,1.377,1.443,1.691,16.523,4.696,10.525,15.221,13.624
1780272373518,2.569,2.562,2.361,2.445,1.403,1.417,1.377,1.636,15.770,4.761,9.768,14.529,13.697
1780272373589,2.238,2.048,1.877,2.019,1.166,1.232,3.674,4.107,18.361,9.304,8.123,17.427,16.315
1780272373649,2.245,0.375,2.077,0.236,1.370,1.403,3.983,4.374,16.063,10.370,5.396,15.766,15.224
1780272373746,1.428,1.414,1.465,1.035,1.337,1.341,3.805,4.257,16.082,10.288,5.453,15.741,14.836
1780272373810,1.756,2.697,1.924,2.081,1.490,1.538,1.683,1.971,15.140,6.105,8.245,14.350,14.158
1780272373871,0.247,0.328,0.207,0.218,1.676,1.713,1.698,2.041,8.128,5.852,2.165,8.017,7.855
1780272373933,0.018,0.021,0.014,0.010,1.443,1.509,1.549,1.811,6.375,5.152,0.659,5.811,5.915
1780272373970,0.003,0.003,0.007,0.003,1.406,1.432,1.818,2.099,6.771,5.388,0.553,5.941,5.600
1780272374013,0.000,0.003,0.003,0.007,1.370,1.472,1.815,2.110,6.780,5.404,0.504,5.908,6.085
1780272374053,0.000,0.003,0.003,0.003,1.417,1.377,2.015,2.332,7.150,5.657,0.496,6.153,5.939
1780272374093,0.000,0.000,0.003,0.000,1.374,1.385,2.205,2.587,7.554,6.072,0.512,6.584,6.352
1780272374143,0.003,0.000,0.000,0.003,1.392,1.377,2.380,2.759,7.914,6.430,0.504,6.934,6.933
1780272374202,0.000,0.003,0.000,0.003,1.399,1.450,2.267,2.613,7.735,6.308,0.520,6.828,6.836
1780272374292,0.003,0.000,0.000,0.003,1.363,1.421,2.307,2.711,7.808,6.406,0.520,6.926,6.788
1780272374374,0.000,0.000,0.003,0.003,1.388,1.414,1.953,2.281,7.042,5.771,0.537,6.308,6.352
1780272374427,0.000,0.003,0.000,0.003,1.417,1.432,1.822,2.143,6.820,5.559,0.537,6.096,6.255
1780272374481,0.003,0.000,0.000,0.003,1.370,1.403,2.022,2.372,7.173,5.811,0.504,6.315,6.206
1780272374549,0.000,0.003,0.000,0.003,1.443,1.505,0.820,1.049,4.823,4.192,0.496,4.688,4.848
1780272374595,0.003,0.000,0.000,0.003,1.403,1.487,0.758,0.947,4.601,3.915,0.512,4.427,4.485
1780272374634,0.000,0.000,0.000,0.003,1.414,1.447,0.783,0.954,4.601,3.833,0.512,4.345,4.388
1780272374692,0.000,0.000,0.000,0.003,1.359,1.421,0.765,0.976,4.524,3.793,0.504,4.297,4.339
1780272374751,0.000,0.003,0.000,0.003,1.421,1.738,1.961,2.307,7.433,5.885,0.504,6.389,5.770
1780272374841,0.000,0.000,0.003,0.007,1.545,1.461,2.299,2.649,7.964,6.544,0.512,7.056,7.103
1780272374898,0.000,0.007,0.000,0.003,1.341,1.720,2.117,2.431,7.619,6.324,0.520,6.844,6.885
1780272374959,0.003,0.000,0.000,0.003,4.031,2.817,1.545,1.858,10.257,8.701,0.529,9.230,9.479
1780272375022,0.000,0.000,0.003,0.003,2.438,2.697,0.809,1.002,6.952,6.292,0.512,6.804,7.200
1780272375077,0.000,0.000,0.003,0.003,2.008,2.135,0.816,1.020,5.985,5.347,0.504,5.851,5.770
1780272375116,0.000,0.000,0.003,0.003,2.176,2.227,0.816,1.020,6.245,5.315,0.520,5.835,5.939
1780272375165,0.003,0.000,0.000,0.003,2.391,2.321,2.004,2.325,9.047,7.195,0.512,7.707,7.006
1780272375225,0.000,0.000,0.000,0.003,2.041,2.121,1.869,2.223,8.257,6.959,0.520,7.479,8.073
1780272375277,0.000,0.000,0.000,0.003,1.829,1.909,1.866,2.216,7.823,6.601,0.496,7.097,7.297
1780272375373,0.003,0.000,0.000,0.003,1.483,1.764,1.997,2.351,7.601,6.349,0.520,6.869,6.739
1780272375416,0.000,0.000,0.000,0.000,1.753,1.793,1.202,1.454,6.202,5.608,0.520,6.128,6.230
1780272375469,0.000,0.000,0.000,0.003,1.858,1.804,0.962,1.195,5.822,5.111,0.496,5.607,5.576
1780272375523,0.003,0.000,0.000,0.003,1.789,1.771,0.965,1.195,5.726,4.932,0.504,5.436,5.503
1780272375564,0.000,0.000,0.000,0.003,1.793,1.920,0.976,1.188,5.880,5.006,0.504,5.510,5.552
1780272375608,0.000,0.000,0.000,0.003,1.742,2.037,1.961,2.194,7.937,6.365,0.512,6.877,5.915
1780272375662,0.000,0.000,0.000,0.003,2.190,2.052,2.081,2.445,8.771,7.228,0.512,7.740,8.097
1780272375706,0.000,0.000,0.000,0.003,1.968,1.888,2.088,2.474,8.421,7.114,0.520,7.634,7.685
1780272375751,0.003,0.000,0.000,0.000,1.786,1.694,1.917,2.230,7.630,6.471,0.520,6.991,7.394
1780272375818,0.003,0.000,0.000,0.003,1.600,1.683,1.027,1.275,5.591,4.835,0.496,5.331,5.552
1780272375912,0.000,0.000,0.000,0.003,1.545,1.654,0.787,0.958,4.947,4.249,0.496,4.745,4.897
1780272375969,0.003,0.000,0.000,0.007,1.516,1.527,0.973,1.213,5.239,4.420,0.504,4.924,4.921
1780272376025,0.000,0.000,0.003,0.003,1.611,2.241,1.709,2.066,7.633,6.227,0.504,6.731,6.521
1780272376075,0.003,0.000,0.000,0.003,2.664,2.751,1.782,2.074,9.277,7.781,0.512,8.293,8.461
1780272376149,0.000,0.000,0.000,0.003,2.431,2.004,1.869,2.161,8.468,7.326,0.529,7.855,8.485
1780272376191,0.003,0.000,0.000,0.003,1.844,1.738,2.135,2.464,8.187,6.796,0.545,7.341,7.515
1780272376231,0.003,0.000,0.003,0.003,1.614,1.807,1.931,2.270,7.631,6.332,0.529,6.861,7.030
1780272376278,0.003,0.000,0.000,0.003,1.673,1.939,1.119,1.352,6.089,5.372,0.512,5.884,6.133
1780272376332,0.000,0.000,0.000,0.003,3.779,2.916,1.509,1.873,10.080,8.392,0.520,8.912,9.309
1780272376433,0.000,0.000,0.000,0.003,2.369,2.212,0.947,1.202,6.733,6.096,0.520,6.616,7.006
1780272376483,0.000,0.000,0.000,0.003,2.449,2.172,0.918,1.119,6.661,5.852,0.504,6.356,5.818
1780272376559,0.000,0.000,0.000,0.003,2.325,2.423,1.731,2.022,8.504,7.464,0.496,7.960,6.570
1780272376622,0.000,0.000,0.000,0.000,3.105,3.408,1.716,1.986,10.215,8.856,0.537,9.393,9.745
1780272376673,0.003,0.000,0.000,0.003,2.999,2.864,1.822,2.179,9.870,8.498,0.520,9.018,9.188
1780272376715,0.000,0.003,0.000,0.003,2.558,2.595,1.873,2.245,9.277,8.009,0.520,8.529,8.533
1780272376763,0.000,0.000,0.000,0.003,2.354,2.420,1.917,2.238,8.932,7.667,0.520,8.187,8.364
1780272376804,0.000,0.000,0.000,0.000,2.351,3.455,0.958,1.210,7.974,7.733,0.512,8.245,7.806
1780272376852,0.000,0.000,0.000,0.003,4.559,3.364,0.729,0.951,9.606,8.490,0.512,9.002,9.648
1780272376958,0.003,0.000,0.000,0.003,2.584,2.646,1.866,2.194,9.296,7.724,0.512,8.236,8.533
1780272377010,0.000,0.000,0.000,0.003,2.227,2.314,1.971,2.289,8.804,7.464,0.529,7.993,8.121
1780272377068,0.000,0.000,0.000,0.003,2.296,2.267,1.953,2.270,8.789,7.456,0.504,7.960,8.048
1780272377129,0.000,0.000,0.000,0.003,2.391,2.412,0.750,0.987,6.543,5.917,0.537,6.454,6.739
1780272377186,0.000,0.000,0.003,0.003,2.252,2.212,1.811,2.139,8.420,6.935,0.512,7.447,7.321
1780272377239,0.000,0.000,0.000,0.003,2.278,2.267,1.939,2.259,8.746,7.374,0.520,7.894,7.927
1780272377298,0.000,0.000,0.003,0.003,2.420,2.354,0.976,1.242,6.998,6.194,0.512,6.706,6.885
1780272377361,0.003,0.000,0.000,0.003,0.244,0.302,1.148,1.381,3.081,2.564,0.488,3.052,3.103
1780272377420,0.000,0.000,0.000,0.003,0.014,0.021,2.114,2.442,4.594,3.256,0.496,3.752,3.152
1780272377511,0.193,0.189,0.138,0.218,0.003,0.003,2.227,2.598,5.569,3.532,0.561,4.093,4.194
1780272377565,4.782,4.341,5.930,5.281,0.000,0.000,0.481,0.605,21.420,1.440,18.583,20.023,15.685
1780272377609,3.426,2.916,7.512,7.122,0.000,0.003,0.255,0.353,21.587,0.740,18.551,19.291,18.376
1780272377659,2.329,1.057,7.916,4.643,0.000,0.000,0.557,0.707,17.209,0.927,14.481,15.408,13.842
1780272377711,3.881,0.572,6.590,0.805,0.000,0.003,0.718,0.965,13.534,1.155,11.200,12.355,11.224
1780272377763,3.696,3.047,5.175,3.054,0.000,0.003,1.519,1.822,18.316,2.295,14.008,16.303,11.539
1780272377827,3.105,3.072,4.228,5.751,0.000,0.003,1.705,2.015,19.879,2.816,14.993,17.809,17.018
1780272377904,3.265,3.903,3.677,4.519,0.000,0.003,1.720,2.037,19.124,2.914,14.879,17.793,16.703
1780272377964,2.981,3.419,3.524,3.943,0.000,0.003,1.742,2.110,17.722,2.995,13.626,16.621,14.958
1780272378034,2.562,3.087,3.134,3.484,0.000,0.003,1.782,2.066,16.118,2.946,11.965,14.911,13.770
1780272378092,2.992,2.956,2.799,3.072,0.000,0.003,0.677,0.783,13.282,1.359,11.509,12.868,11.830
1780272378129,2.733,2.704,2.649,2.970,0.000,0.000,0.521,0.670,12.247,0.976,10.964,11.940,10.521
1780272378166,2.587,2.558,2.562,2.824,0.000,0.000,0.528,0.685,11.744,0.903,10.598,11.501,10.085
1780272378210,2.609,2.493,2.471,2.595,0.000,0.003,0.368,0.495,11.034,0.708,10.109,10.817,9.721
1780272378248,2.325,2.208,2.103,2.307,0.000,0.003,0.470,0.630,10.046,0.773,9.067,9.840,8.945
1780272378290,2.274,2.172,2.074,2.263,0.000,0.003,0.419,0.575,9.780,0.724,8.905,9.629,8.533
1780272378344,0.543,0.568,0.506,0.674,0.003,0.003,0.973,1.155,4.425,1.245,2.531,3.776,3.564
1780272378419,0.025,0.025,0.021,0.025,0.000,0.000,0.922,1.129,2.147,1.302,0.683,1.985,1.891
1780272378479,0.003,0.007,0.003,0.010,0.003,0.003,0.433,0.579,1.041,0.740,0.488,1.228,1.382
1780272378565,0.003,0.003,0.003,0.007,0.000,0.003,0.313,0.426,0.758,0.553,0.447,1.000,1.164
1780272378644,0.003,0.003,0.000,0.007,0.000,0.003,0.349,0.451,0.816,0.553,0.496,1.049,1.164
1780272378692,0.003,0.003,0.000,0.007,0.000,0.003,0.477,0.619,1.112,0.675,0.488,1.163,1.261
1780272378744,0.000,0.000,0.000,0.003,0.000,0.003,0.889,1.071,1.966,1.107,0.504,1.611,1.745
1780272378793,0.003,0.000,0.000,0.003,0.000,0.003,0.801,1.009,1.819,1.107,0.504,1.611,1.770
1780272378833,0.000,0.000,0.000,0.003,0.000,0.000,0.812,1.006,1.821,1.098,0.496,1.594,1.697
1780272378876,0.000,0.000,0.003,0.003,0.000,0.003,0.954,1.133,2.096,1.221,0.504,1.725,1.697
1780272378961,0.003,0.000,0.000,0.003,4.403,0.003,1.592,1.975,7.979,5.136,0.496,5.632,6.764
1780272379022,0.000,0.000,0.000,0.003,3.626,3.313,1.545,1.902,10.389,6.609,0.529,7.138,11.345
1780272379081,0.000,0.000,0.000,0.003,2.496,2.577,0.747,0.922,6.745,4.729,0.520,5.249,8.776
1780272379145,0.000,0.000,0.000,0.003,2.372,2.511,1.913,2.194,8.993,5.909,0.553,6.462,8.679
1780272379188,0.003,0.000,0.000,0.003,2.318,2.591,1.993,2.314,9.222,6.227,0.520,6.747,8.364
1780272379225,0.003,0.000,0.000,0.003,2.004,1.611,3.838,4.231,11.690,8.685,0.529,9.214,8.776
1780272379263,0.000,0.000,0.000,0.003,1.694,1.680,4.443,4.997,12.817,10.728,0.553,11.281,12.800
1780272379304,0.003,0.000,0.000,0.003,1.997,1.986,4.457,4.884,13.330,11.339,0.545,11.884,14.230
1780272379340,0.000,0.000,0.003,0.003,1.899,1.990,4.209,4.836,12.940,11.330,0.561,11.891,14.642
1780272379375,0.000,0.000,0.003,0.003,1.778,1.950,4.319,4.807,12.860,11.200,0.545,11.745,14.788
1780272379446,0.003,0.000,0.000,0.003,1.592,1.840,4.607,5.062,13.107,11.461,0.569,12.030,12.897
1780272379485,0.000,0.000,0.000,0.003,1.600,1.975,4.541,5.121,13.240,11.640,0.553,12.193,12.897
1780272379534,0.000,0.000,0.000,0.003,1.727,1.355,4.545,5.095,12.725,11.290,0.553,11.843,12.412
1780272379585,0.003,0.000,0.000,0.003,1.250,1.319,4.370,4.909,11.854,10.720,0.553,11.273,13.018
1780272379634,0.000,0.000,0.000,0.003,1.213,1.261,4.315,4.818,11.610,10.476,0.553,11.029,13.552
1780272379675,0.000,0.003,0.000,0.000,1.304,1.246,4.432,4.913,11.898,10.590,0.586,11.176,13.042
1780272379724,0.003,0.000,0.003,0.003,1.487,1.541,2.143,2.525,7.705,6.430,0.553,6.983,8.218
1780272379763,0.000,0.000,0.000,0.003,1.122,1.162,4.148,4.552,10.987,8.799,0.545,9.344,6.133
1780272379801,0.000,0.000,0.000,0.003,1.122,1.140,4.541,5.099,11.905,10.427,0.545,10.972,11.612
1780272379834,0.000,0.000,0.000,0.000,1.140,1.180,4.581,5.117,12.018,10.679,0.545,11.224,11.830
1780272379872,0.000,0.000,0.000,0.003,1.235,1.264,4.490,5.026,12.018,10.834,0.537,11.371,11.830
1780272379909,0.000,0.000,0.000,0.003,1.184,1.213,4.545,4.982,11.927,10.647,0.553,11.200,11.588
1780272379986,0.000,0.000,0.000,0.003,0.357,0.251,4.421,5.008,10.040,9.637,0.537,10.174,11.176
1780272380041,5.358,3.247,3.244,4.979,0.018,0.021,1.140,1.042,19.049,3.011,13.642,16.653,15.830
1780272380101,6.273,2.453,3.801,4.749,0.003,0.003,0.211,0.225,17.718,0.797,13.919,14.716,12.364
1780272380161,5.383,2.496,1.374,2.241,0.000,0.003,0.149,0.167,11.813,0.398,8.726,9.124,9.576
1780272380213,3.462,1.848,2.799,1.793,0.000,0.003,0.164,0.185,10.254,0.350,6.300,6.650,5.915
1780272380267,3.499,0.269,2.485,3.382,0.003,0.000,0.182,0.200,10.020,0.341,6.544,6.885,6.061
1780272380309,3.094,2.609,1.800,6.513,0.000,0.003,0.652,0.754,15.425,0.765,10.875,11.640,9.673
1780272380352,2.591,4.005,2.474,7.224,0.000,0.003,0.954,1.144,18.395,1.261,13.365,14.626,13.455
1780272380413,2.248,4.166,4.162,6.203,0.000,0.003,1.057,1.272,19.111,1.489,14.888,16.377,14.036
1780272380471,1.793,4.490,4.527,5.175,0.000,0.003,1.075,1.304,18.367,1.554,14.879,16.433,15.418
1780272380562,2.041,3.809,4.290,4.199,0.000,0.003,1.137,1.385,16.864,1.628,14.008,15.636,14.618
1780272380628,3.036,3.207,3.521,3.499,0.000,0.003,1.104,1.319,15.689,1.562,13.040,14.602,13.188
1780272380712,1.888,3.178,3.455,1.869,0.000,0.003,0.882,1.097,12.372,1.261,9.833,11.094,9.964
1780272380761,0.466,2.974,3.258,0.451,0.000,0.000,0.878,1.100,9.127,1.196,7.301,8.497,8.533
1780272380829,2.620,2.460,2.347,3.685,4.359,3.696,0.207,0.247,19.621,7.138,6.153,13.291,14.230
1780272380897,0.488,2.606,2.219,0.411,2.092,2.037,0.156,0.178,10.187,4.477,5.502,9.979,9.382
1780272380948,2.941,2.139,2.460,2.835,1.323,1.355,0.131,0.149,13.333,3.011,10.101,13.112,10.618
1780272380992,3.688,1.129,2.460,2.365,1.396,1.476,0.156,0.178,12.848,3.076,8.994,12.070,11.806
1780272381079,2.959,0.091,2.150,0.145,1.447,1.465,0.754,0.929,9.940,3.711,5.624,9.335,8.873
1780272381163,2.383,0.007,1.487,0.010,1.436,1.443,0.987,1.213,8.966,4.021,4.086,8.107,7.903
1780272381238,1.993,0.003,0.572,0.003,1.436,1.472,0.262,0.313,6.054,3.337,3.125,6.462,6.109
1780272381277,2.270,0.007,0.521,0.003,1.381,1.461,0.189,0.218,6.050,3.117,3.329,6.446,6.109
1780272381336,2.489,0.145,0.415,1.713,1.297,1.337,1.006,1.133,9.535,3.614,3.785,7.399,6.618
1780272381399,2.496,2.668,0.269,5.952,1.133,1.188,0.743,0.900,15.349,3.231,10.500,13.731,13.552
1780272381449,3.021,2.660,0.433,6.068,1.264,1.257,0.590,0.729,16.022,3.223,11.835,15.058,13.964
1780272381489,0.980,2.307,0.244,5.653,1.396,1.399,0.718,0.874,13.571,3.614,9.076,12.690,13.770
1780272381552,0.051,3.018,0.010,4.742,1.414,1.406,0.987,1.151,12.779,3.931,7.814,11.745,12.800
1780272381620,2.485,2.077,0.025,1.049,1.519,1.592,1.272,1.519,11.538,4.517,4.037,8.554,8.461
1780272381714,4.490,2.150,0.171,0.094,1.359,1.381,0.831,1.060,11.536,3.711,6.316,10.027,8.897
1780272381767,5.496,1.891,0.419,0.080,1.406,1.447,0.280,0.346,11.365,3.264,5.681,8.945,9.018
1780272381807,2.391,1.939,0.364,1.082,1.472,1.501,0.189,0.215,9.153,3.182,4.281,7.463,7.006
1780272381872,1.804,1.698,1.935,1.953,1.301,1.363,0.171,0.196,10.421,2.857,5.250,8.107,7.952
1780272381932,4.534,0.331,2.551,2.095,1.170,1.202,0.845,1.122,13.850,3.728,7.529,11.257,11.030
1780272381986,4.169,2.190,0.408,1.964,1.403,1.334,1.388,1.618,14.474,4.477,7.000,11.477,10.545
1780272382046,4.366,2.668,2.299,2.343,2.114,1.807,1.250,1.472,18.319,5.193,7.960,13.153,13.455
1780272382101,3.940,4.261,3.951,2.022,1.618,2.197,1.108,1.355,20.452,5.095,9.507,14.602,15.224
1780272382187,3.900,5.467,4.523,2.001,2.351,2.354,0.794,0.965,22.355,5.453,13.870,19.323,17.309
1780272382280,1.603,1.815,3.455,0.550,3.076,3.061,1.108,1.352,16.020,7.106,5.486,12.592,12.800
1780272382346,2.223,4.607,2.580,2.372,2.431,2.511,0.984,1.162,18.870,5.999,7.513,13.512,12.145
1780272382413,4.140,5.205,1.687,6.065,2.354,2.084,0.185,0.244,21.964,4.973,15.661,20.634,19.903
1780272382497,4.658,4.596,1.957,5.992,2.598,2.427,0.116,0.149,22.493,5.160,16.312,21.472,20.994
1780272382549,4.100,4.435,2.270,5.708,0.379,0.481,0.131,0.142,17.646,1.652,15.816,17.468,17.188
1780272382598,1.326,4.497,0.641,4.982,0.029,0.043,0.707,0.831,13.056,1.196,11.241,12.437,12.097
1780272382661,0.189,3.575,0.076,4.158,0.000,0.007,1.031,1.242,10.278,1.359,8.335,9.694,9.285
1780272382733,0.080,2.278,2.420,3.138,0.003,0.003,1.155,1.359,10.436,1.424,5.982,7.406,6.788
1780272382810,0.335,0.266,3.101,2.835,0.003,0.003,1.468,1.745,9.756,1.798,4.363,6.161,5.770
1780272382868,0.951,0.120,2.635,2.923,0.000,0.007,1.487,1.749,9.872,1.839,4.322,6.161,5.697
1780272382922,1.272,0.109,2.496,2.693,0.003,0.003,1.611,1.895,10.082,2.002,4.078,6.080,5.673
1780272382998,0.058,1.144,0.102,3.127,0.000,0.003,1.811,2.117,8.362,2.311,4.599,6.910,6.982
1780272383053,0.120,1.202,0.051,1.855,0.003,0.003,1.928,2.208,7.370,2.450,3.410,5.860,5.842
1780272383107,1.483,1.290,0.262,0.317,0.003,0.003,1.913,2.219,7.490,2.458,2.954,5.412,6.036
1780272383168,3.932,0.841,0.043,0.021,0.003,0.003,2.012,2.398,9.253,2.743,4.493,7.236,7.709
1780272383239,3.131,0.459,0.007,3.098,0.000,0.003,2.135,2.405,11.238,2.808,4.257,7.065,7.030
1780272383320,2.238,0.164,0.608,2.817,0.003,0.010,4.753,5.409,16.002,9.124,3.426,12.550,12.655
1780272383386,1.476,3.572,2.256,7.519,4.286,3.881,1.614,1.906,26.510,10.541,10.101,20.642,21.770
1780272383447,1.053,5.285,5.299,6.714,3.083,2.985,0.761,0.947,26.127,7.407,17.289,24.696,23.467
1780272383513,0.255,5.106,4.180,5.580,2.453,2.569,0.816,1.006,21.965,6.121,13.561,19.682,21.309
1780272383571,2.004,5.055,0.637,3.918,2.737,2.653,1.283,1.509,19.796,6.967,9.426,16.393,18.036
1780272383632,3.386,4.745,0.156,0.845,2.522,2.730,1.359,1.603,17.346,6.862,7.212,14.074,15.152
1780272383680,4.202,3.998,0.255,0.200,2.321,2.325,1.224,1.447,15.972,6.096,6.634,12.730,13.018
1780272383749,3.852,3.433,1.038,0.123,2.041,2.059,1.326,1.560,15.432,5.689,6.284,11.973,11.830
1780272383832,3.306,2.857,1.199,0.112,2.004,2.012,1.297,1.516,14.303,5.453,5.624,11.077,11.200
1780272383913,2.598,2.883,1.519,0.164,2.037,2.026,0.462,0.608,12.297,4.664,4.957,9.621,9.382
1780272383979,0.466,2.493,6.885,2.959,1.767,1.851,0.207,0.258,16.886,3.972,9.271,13.243,12.242
1780272384051,0.291,3.765,5.704,2.205,1.895,1.920,0.174,0.196,16.150,3.972,9.597,13.569,12.800
1780272384102,1.016,3.583,5.048,0.732,2.125,2.033,0.178,0.196,14.911,4.322,9.092,13.414,13.067
1780272384158,2.937,2.813,4.716,2.795,2.081,2.296,0.801,0.940,19.379,5.103,11.127,16.230,15.491
1780272384227,4.501,2.052,3.156,4.403,1.928,1.986,0.630,0.790,19.446,4.688,13.300,17.988,20.436
1780272384305,3.867,0.936,0.663,4.341,2.511,2.759,0.973,1.191,17.241,6.105,9.198,15.303,18.303
1780272384393,3.696,3.254,4.898,3.233,2.412,2.434,0.233,0.313,20.473,5.209,10.061,15.270,15.952
1780272384463,2.886,7.439,5.299,1.268,2.022,2.077,0.758,0.962,22.711,4.916,16.638,21.554,19.879
1780272384519,2.824,5.511,7.858,2.496,2.110,2.165,0.211,0.269,23.444,4.590,17.794,22.384,22.036
1780272384576,3.276,6.214,6.437,2.529,0.415,0.306,0.156,0.178,19.511,1.562,17.989,19.551,17.236
1780272384617,3.021,5.678,6.582,2.402,0.036,0.051,3.185,3.378,24.333,5.014,16.304,21.318,19.709
1780272384659,2.598,4.968,5.573,2.431,0.010,0.018,4.115,4.654,24.367,7.936,15.213,23.149,22.521
1780272384718,2.926,5.205,2.799,0.590,0.003,0.003,2.106,2.493,16.125,4.200,10.630,14.830,19.515
1780272384769,2.977,5.055,0.634,0.160,0.000,0.003,0.499,0.626,9.954,1.798,8.669,10.467,8.994
1780272384847,2.212,4.381,0.667,0.105,0.003,0.000,0.160,0.185,7.713,0.455,6.870,7.325,6.764
1780272384916,1.337,3.488,6.422,3.685,0.000,0.000,0.153,0.167,15.252,0.301,14.424,14.725,13.842
1780272384977,1.982,3.561,6.604,3.269,0.000,0.000,0.739,0.871,17.026,0.797,14.871,15.668,14.473
1780272385030,2.511,3.892,5.387,3.160,0.000,0.000,0.947,1.195,17.092,1.196,14.586,15.782,19.176
1780272385087,2.864,4.180,4.862,2.828,0.000,0.003,1.082,1.315,17.134,1.326,14.342,15.668,16.582
1780272385144,2.930,3.171,3.805,2.985,0.000,0.003,1.607,1.855,16.356,1.912,11.713,13.625,13.745
1780272385194,3.105,2.318,2.726,3.244,0.000,0.003,1.691,2.008,15.095,2.116,9.995,12.111,12.509
1780272385260,3.203,1.556,1.789,3.185,0.000,0.003,1.771,2.074,13.581,2.222,8.636,10.858,10.958
1780272385315,2.741,0.470,0.517,3.484,0.000,0.003,2.092,2.431,11.738,2.621,6.739,9.360,9.745
1780272385397,2.103,3.160,2.977,3.393,0.003,0.003,2.146,2.507,16.292,2.832,7.619,10.451,10.473
1780272385477,0.094,0.233,0.233,0.164,0.000,0.003,2.507,2.864,6.098,3.231,1.400,4.631,4.630
1780272385539,0.010,0.014,0.014,0.018,0.000,0.003,2.106,2.464,4.629,2.694,0.667,3.361,4.024
1780272385600,0.003,0.003,0.003,0.007,0.000,0.003,1.862,2.197,4.078,2.368,0.553,2.921,3.515
1780272385639,0.003,0.003,0.003,0.003,0.000,0.003,1.888,2.194,4.097,2.303,0.537,2.840,3.394
1780272385687,0.003,0.000,0.003,0.003,0.000,0.003,1.869,2.187,4.068,2.262,0.520,2.782,3.418
1780272385757,0.000,0.003,0.000,0.003,0.000,0.003,0.914,1.159,2.082,1.229,0.537,1.766,2.230
1780272385805,0.003,0.000,0.003,0.003,0.000,0.003,0.761,0.954,1.727,0.927,0.496,1.423,1.552
1780272385850,0.000,0.003,0.000,0.003,0.000,0.003,0.736,0.907,1.652,0.846,0.504,1.350,1.842
1780272385931,0.000,0.003,0.000,0.003,0.000,0.003,1.643,1.891,3.543,1.823,0.496,2.319,2.303
1780272386012,0.003,0.003,0.003,0.003,0.000,0.003,0.852,1.035,1.902,1.098,0.504,1.602,1.673
1780272386075,0.000,0.003,0.003,0.003,0.000,0.003,1.694,1.953,3.659,1.815,0.504,2.319,2.376
1780272386128,0.003,0.003,0.000,0.003,0.000,0.003,1.873,2.183,4.068,2.214,0.496,2.710,2.836
1780272386165,0.003,0.000,0.000,0.003,0.000,0.003,1.855,2.245,4.109,2.271,0.504,2.775,2.885
1780272386225,0.000,0.003,0.003,0.003,3.532,0.003,0.732,0.980,5.256,3.736,0.504,4.240,4.655
1780272386278,0.000,0.000,0.003,0.003,4.421,0.003,1.465,1.731,7.626,4.664,0.520,5.184,7.394
1780272386335,0.000,0.000,0.000,0.003,3.852,3.491,0.590,0.761,8.697,5.575,0.529,6.104,12.388
1780272386399,0.003,0.000,0.000,0.003,2.558,2.544,0.521,0.645,6.274,4.192,0.520,4.712,8.533
1780272386438,0.003,0.000,0.000,0.003,2.489,2.453,1.388,1.596,7.932,4.989,0.520,5.509,9.406
1780272386504,0.000,0.000,0.003,0.003,2.212,2.128,1.600,1.913,7.859,5.022,0.529,5.551,9.382
1780272386573,0.000,0.000,0.003,0.003,2.332,2.292,1.647,1.913,8.190,5.217,0.520,5.737,8.388
1780272386627,0.000,0.003,0.000,0.003,2.084,2.391,2.194,2.489,9.164,5.698,0.520,6.218,7.248
1780272386672,0.000,0.000,0.000,0.003,1.931,1.713,4.720,5.219,13.586,10.272,0.537,10.809,9.382
1780272386734,0.000,0.000,0.000,0.000,1.826,1.844,5.099,5.649,14.418,12.332,0.586,12.918,15.564
1780272386769,0.000,0.000,0.000,0.003,1.705,1.767,5.110,5.653,14.238,12.437,0.561,12.998,15.370
1780272386808,0.003,0.000,0.000,0.000,1.745,1.764,5.175,5.733,14.420,12.763,0.561,13.324,14.570
1780272386868,0.000,0.000,0.000,0.003,1.990,2.361,2.325,2.657,9.336,7.733,0.529,8.262,11.055
1780272386907,0.000,0.000,0.000,0.000,1.549,1.235,4.581,4.979,12.344,9.808,0.512,10.320,9.988
1780272386944,0.003,0.000,0.000,0.003,1.301,1.129,5.113,5.737,13.286,11.485,0.545,12.030,13.333
1780272386982,0.000,0.000,0.000,0.003,1.159,1.239,5.095,5.638,13.134,11.632,0.553,12.185,14.618
1780272387032,0.000,0.000,0.000,0.003,1.217,1.166,4.997,5.467,12.850,11.558,0.569,12.127,15.345
1780272387082,0.003,0.000,0.003,0.003,1.509,1.523,1.228,1.479,5.748,5.315,0.529,5.844,8.776
1780272387139,0.000,0.000,0.000,0.003,1.406,1.432,0.244,0.320,3.405,2.718,0.512,3.230,5.552
1780272387195,0.000,0.000,0.003,0.003,1.326,1.366,0.138,0.153,2.989,2.246,0.488,2.734,4.121
1780272387264,0.000,0.000,0.000,0.003,1.235,1.268,1.108,1.279,4.893,2.783,0.512,3.295,3.176
1780272387341,0.138,0.142,0.076,0.156,0.885,0.987,5.135,5.791,13.310,10.663,0.577,11.240,9.939
1780272387400,4.636,4.705,4.330,4.712,0.696,0.736,4.199,4.538,28.552,9.393,15.091,24.484,21.673
1780272387442,4.818,3.892,4.140,3.750,1.144,1.097,4.257,4.822,27.920,10.077,13.487,23.564,24.170
1780272387510,4.399,2.584,0.353,2.052,0.204,0.233,1.946,2.336,14.107,4.338,7.602,11.940,16.145
1780272387567,3.411,3.696,0.036,2.066,0.010,0.014,0.404,0.568,10.205,1.424,6.984,8.408,7.418
1780272387624,3.659,3.685,0.014,1.286,0.000,0.003,0.149,0.167,8.963,0.447,6.919,7.366,6.618
1780272387689,3.090,3.335,0.003,0.998,0.003,0.003,0.794,0.907,9.133,0.846,6.381,7.227,7.152
1780272387746,2.799,3.783,1.210,0.623,0.000,0.007,1.108,1.293,10.823,1.188,6.853,8.041,7.782
1780272387787,2.646,3.386,1.337,0.648,0.000,0.003,1.151,1.355,10.526,1.286,6.349,7.635,7.394
1780272387836,2.453,3.200,1.115,0.707,0.003,0.003,1.180,1.381,10.042,1.326,6.129,7.455,7.127
1780272387877,2.726,3.032,0.889,0.798,0.000,0.003,1.396,1.618,10.462,1.546,6.105,7.651,7.030
1780272387929,2.799,2.635,0.535,0.860,0.000,0.000,1.195,1.472,9.496,1.432,5.868,7.300,7.006
1780272387991,2.930,2.391,0.430,0.958,0.000,0.000,1.162,1.425,9.296,1.359,5.787,7.146,6.521
1780272388064,1.432,2.238,1.304,0.193,0.000,0.003,1.264,1.476,7.910,1.432,4.118,5.550,8.412
1780272388130,0.328,2.270,1.352,1.242,0.000,0.003,1.341,1.596,8.132,1.538,3.866,5.404,6.739
1780272388185,0.109,2.008,2.405,2.489,0.003,0.000,1.202,1.436,9.652,1.408,4.672,6.080,6.788
1780272388226,4.027,1.625,5.441,3.036,0.000,0.000,0.889,1.067,16.085,1.115,12.161,13.276,13.188
1780272388279,4.625,1.468,6.622,3.849,0.000,0.000,0.794,0.987,18.345,0.984,15.360,16.344,15.806
1780272388323,3.761,1.676,6.313,3.994,0.000,0.000,0.852,1.020,17.616,1.009,15.392,16.401,14.885
1780272388376,4.694,2.037,5.128,3.532,0.000,0.000,1.082,1.293,17.766,1.253,14.652,15.905,15.006
1780272388427,4.005,1.997,4.432,3.535,0.000,0.003,1.293,1.498,16.763,1.505,13.846,15.351,13.697
1780272388484,3.947,2.402,3.736,3.145,0.000,0.003,0.984,1.195,15.412,1.229,12.706,13.935,13.552
1780272388535,3.196,2.434,3.524,2.963,0.000,0.003,0.998,1.184,14.302,1.164,12.014,13.178,12.097
1780272388614,2.835,2.183,2.759,2.660,0.000,0.003,1.286,1.534,13.260,1.481,10.386,11.867,11.127
1780272388698,2.179,0.145,2.248,0.142,4.414,3.721,1.184,1.374,15.407,7.928,5.217,13.145,15.467
1780272388761,1.483,0.051,1.877,3.072,2.088,2.157,1.334,1.596,13.658,5.722,4.078,9.800,10.376
1780272388816,1.304,0.054,1.417,2.201,1.600,1.618,1.523,1.822,11.539,5.046,3.199,8.245,8.679
1780272388860,0.404,0.080,0.998,2.795,1.476,1.476,1.698,2.001,10.928,4.908,2.808,7.716,7.855
1780272388917,0.109,0.178,0.769,3.721,1.385,1.479,1.709,2.026,11.376,4.843,3.076,7.919,7.976
1780272388974,4.906,3.065,0.335,3.615,1.257,1.264,0.317,0.393,15.152,3.687,7.374,11.061,10.085
1780272389023,4.869,3.601,0.317,3.572,1.246,1.312,0.776,0.911,16.604,3.719,8.848,12.567,11.442
1780272389066,4.990,3.214,0.936,3.375,1.326,1.334,0.863,1.038,17.076,3.638,9.190,12.828,11.976
1780272389123,3.269,3.036,1.355,2.489,1.406,1.421,1.064,1.224,15.264,3.858,7.505,11.363,10.521
1780272389219,0.273,0.255,1.924,2.234,1.454,1.447,1.680,2.015,11.282,4.753,3.899,8.652,8.121
1780272389290,2.077,0.098,1.461,0.998,0.958,1.020,4.603,4.979,16.194,9.540,3.516,13.056,12.000
1780272389340,0.984,1.764,0.240,0.244,1.257,1.293,5.073,5.635,16.490,12.153,1.823,13.976,14.497
1780272389381,0.251,0.674,0.029,0.036,1.403,1.414,4.953,5.598,14.358,12.568,0.960,13.528,13.600
1780272389422,0.032,0.065,0.007,0.007,1.775,1.804,2.635,3.120,9.445,8.099,0.610,8.709,13.164
1780272389495,0.003,0.003,0.000,0.003,1.530,1.600,1.348,1.603,6.090,4.981,0.537,5.518,5.455
1780272389549,0.160,0.681,1.173,0.623,1.509,1.494,0.426,0.546,6.612,3.654,0.773,4.427,4.921
1780272389606,2.693,3.528,4.384,3.539,1.013,1.104,1.053,1.235,18.549,3.345,8.083,11.428,9.867
1780272389683,5.886,4.971,5.110,4.949,1.137,1.126,0.255,0.313,23.747,2.710,17.004,19.714,18.158
1780272389774,4.450,2.329,0.721,3.951,1.505,1.516,1.406,1.687,17.565,4.517,8.286,12.803,12.024
1780272389833,3.849,1.137,0.160,6.006,1.261,1.304,1.596,1.928,17.241,4.566,9.955,14.521,13.285
1780272389889,0.586,0.882,0.058,1.443,1.705,1.676,1.891,2.190,10.431,5.445,3.019,8.464,9.721
1780272389947,0.058,0.240,0.014,0.123,1.498,1.585,1.563,1.844,6.925,4.900,0.911,5.811,5.721
1780272390017,3.193,4.538,2.598,3.054,1.140,1.199,1.213,1.458,18.393,3.866,7.236,11.102,10.061
1780272390069,2.340,6.710,3.316,0.995,1.191,1.232,1.057,1.261,18.102,3.679,9.401,13.080,11.855
1780272390119,4.031,5.172,1.920,0.597,1.439,1.414,0.470,0.619,15.662,3.369,8.408,11.777,12.024
1780272390198,3.236,4.497,1.866,0.160,1.447,1.345,1.224,1.432,15.207,4.200,7.171,11.371,10.812
1780272390296,2.077,3.426,8.040,1.899,1.410,1.523,1.016,1.246,20.637,4.118,12.649,16.767,15.636
1780272390358,5.518,2.832,5.084,5.321,1.833,1.694,0.849,1.035,24.166,4.574,16.345,20.919,17.333
1780272390415,5.923,1.232,2.690,5.700,2.453,2.660,1.144,1.308,23.110,6.292,12.958,19.250,17.721
1780272390470,1.632,0.780,1.519,6.528,3.127,3.335,1.275,1.534,19.730,7.537,9.059,16.596,16.412
1780272390543,2.354,0.338,2.817,5.332,2.292,2.646,1.632,1.877,19.288,6.813,8.237,15.050,14.279
1780272390588,1.545,0.495,4.071,5.554,2.103,2.048,1.385,1.665,18.866,5.820,9.768,15.588,13.842
1780272390627,2.208,1.964,4.468,4.913,1.902,1.786,1.195,1.399,19.835,5.209,10.451,15.660,14.303
1780272390690,2.908,4.355,4.479,2.015,2.442,2.376,1.239,1.472,21.286,6.512,10.223,16.735,15.176
1780272390752,1.293,5.813,3.838,2.474,3.145,2.741,0.998,1.184,21.486,6.992,11.078,18.070,17.236
1780272390863,3.371,6.254,3.411,5.237,2.471,2.420,0.185,0.215,23.564,5.266,16.003,21.269,20.024
1780272390928,4.199,5.124,3.440,5.081,0.306,0.382,0.236,0.317,19.085,1.978,17.232,19.210,17.697
1780272390970,4.027,4.698,3.349,4.760,0.040,0.054,0.812,0.973,18.713,1.343,16.336,17.679,15.952
1780272391026,3.874,4.053,3.313,4.086,0.007,0.010,1.388,1.654,18.385,1.766,14.717,16.483,15.733
1780272391090,3.367,3.510,2.868,3.583,0.000,0.003,1.290,1.534,16.155,1.668,13.268,14.936,13.745
1780272391145,3.185,3.236,2.861,2.766,0.000,0.003,1.454,1.694,15.199,1.823,11.933,13.756,12.533
1780272391204,2.744,2.985,2.580,2.617,0.003,0.003,1.381,1.632,13.945,1.774,10.875,12.649,11.539
1780272391245,2.595,2.657,2.482,2.398,0.000,0.003,1.414,1.673,13.222,1.774,10.126,11.900,10.739
1780272391295,2.496,2.540,2.347,2.227,0.000,0.003,0.524,0.677,10.814,0.936,9.702,10.638,10.206
1780272391360,2.216,2.194,2.001,1.920,0.000,0.007,1.392,1.683,11.413,1.652,8.579,10.231,9.285
1780272391415,2.172,2.125,1.913,2.033,0.000,0.003,1.374,1.614,11.234,1.676,8.335,10.011,9.042
1780272391487,1.986,1.931,1.753,1.724,0.000,0.003,1.374,1.640,10.411,1.684,7.610,9.294,8.582
1780272391533,1.953,1.866,1.778,1.618,0.003,0.003,0.648,0.677,8.546,0.911,7.244,8.155,8.121
1780272391581,1.738,1.727,1.643,1.450,0.000,0.003,1.133,1.541,9.235,1.416,6.902,8.318,6.885
1780272391633,1.326,1.173,1.075,1.031,0.003,0.003,1.818,2.077,8.506,2.083,4.452,6.535,6.618
1780272391693,0.211,0.185,0.156,0.160,0.000,0.003,1.815,2.143,4.673,2.205,1.245,3.450,4.121
1780272391771,0.007,0.010,0.007,0.007,0.000,0.003,2.223,2.544,4.801,2.718,0.529,3.247,3.248
1780272391819,0.000,0.003,0.003,0.003,0.000,0.003,1.829,2.183,4.024,2.303,0.480,2.783,3.273
1780272391892,0.003,0.003,0.003,0.003,0.003,0.003,0.462,0.594,1.074,0.781,0.463,1.244,1.382
1780272391948,0.000,0.000,0.003,0.003,0.000,0.000,0.400,0.517,0.923,0.545,0.463,1.008,1.382
1780272392023,0.003,0.003,0.003,0.003,0.000,0.003,0.772,0.995,1.782,0.862,0.488,1.350,1.430
1780272392092,0.000,0.000,0.000,0.003,0.000,0.003,1.764,2.110,3.880,2.043,0.496,2.539,2.691
1780272392161,0.003,0.000,0.003,0.003,4.363,0.007,1.840,2.150,8.369,5.046,0.496,5.542,5.867
1780272392223,0.000,0.000,0.000,0.003,3.419,3.437,2.139,2.409,11.407,6.837,0.520,7.357,11.442
1780272392287,0.000,0.000,0.000,0.003,2.223,2.187,1.880,2.187,8.480,5.567,0.520,6.087,9.261
1780272392338,0.000,0.000,0.000,0.003,1.913,1.953,1.909,2.187,7.965,4.957,0.520,5.477,6.594
1780272392411,0.000,0.000,0.000,0.003,1.643,1.509,2.445,2.817,8.417,5.185,0.496,5.681,6.303
1780272392456,0.000,0.000,0.000,0.003,1.140,1.042,4.709,5.325,12.219,9.385,0.512,9.897,8.461
1780272392495,0.000,0.000,0.000,0.003,1.002,1.100,5.132,5.711,12.948,11.168,0.553,11.721,14.545
1780272392556,0.000,0.000,0.000,0.003,1.235,1.191,4.971,5.671,13.071,11.689,0.553,12.242,15.079
1780272392595,0.000,0.003,0.000,0.003,1.505,1.552,2.391,2.781,8.235,7.374,0.545,7.919,9.212
1780272392668,0.003,0.000,0.000,0.003,1.381,1.406,0.528,0.670,3.991,3.052,0.520,3.572,4.921
1780272392734,0.003,0.000,0.000,0.003,0.860,0.973,5.081,5.525,12.445,9.987,0.553,10.540,9.261
1780272392774,0.000,0.000,0.000,0.003,1.100,1.119,5.354,5.857,13.433,11.648,0.569,12.217,13.042
1780272392811,0.000,0.000,0.000,0.003,1.199,1.180,5.328,5.828,13.538,11.982,0.577,12.559,13.164
1780272392872,1.724,1.771,1.673,1.683,1.490,1.479,1.421,1.687,12.928,5.234,2.995,8.229,9.285
1780272392959,4.640,3.619,7.100,5.219,0.047,0.061,0.153,0.193,21.032,0.805,16.581,17.386,17.818
1780272393025,3.819,1.680,6.739,1.946,0.003,0.003,0.123,0.138,14.451,0.358,11.851,12.209,11.030
1780272393079,3.014,4.785,5.048,5.358,0.000,0.003,0.353,0.455,19.016,0.512,17.004,17.516,14.667
1780272393118,2.529,3.706,4.968,5.821,0.000,0.003,0.535,0.696,18.258,0.700,16.182,16.882,15.491
1780272393175,1.738,4.322,4.709,4.825,0.000,0.003,1.057,1.268,17.922,1.204,14.879,16.083,14.618
1780272393213,2.296,3.772,4.578,4.093,0.000,0.003,1.038,1.283,17.063,1.286,14.269,15.555,14.109
1780272393254,2.248,3.378,4.271,4.118,0.000,0.003,1.137,1.403,16.558,1.416,13.569,14.985,13.600
1780272393312,3.236,2.988,3.798,3.378,0.000,0.003,1.221,1.465,16.089,1.481,13.097,14.578,13.309
1780272393348,3.262,2.383,3.225,3.364,0.000,0.003,1.159,1.403,14.799,1.424,12.193,13.617,12.194
1780272393398,3.014,2.766,2.937,3.098,0.000,0.000,1.184,1.381,14.380,1.408,11.477,12.885,11.927
1780272393518,2.693,2.442,2.496,2.525,0.000,0.000,1.078,1.337,12.571,1.310,9.914,11.224,10.352
1780272393588,0.349,2.547,2.525,0.346,0.000,0.000,1.013,1.239,8.019,1.180,6.186,7.366,6.497
1780272393651,0.404,0.324,2.216,3.889,0.000,0.000,0.258,0.258,7.349,0.439,4.118,4.557,4.509
1780272393714,2.212,0.021,1.498,0.481,0.000,0.000,0.160,0.178,4.550,0.293,4.110,4.403,4.048
1780272393766,1.829,0.171,0.408,0.871,0.003,0.010,4.589,4.953,12.834,7.171,3.117,10.288,8.994
1780272393825,1.552,2.649,0.069,4.840,0.003,0.010,4.654,5.336,19.113,9.255,8.774,18.029,17.988
1780272393869,2.646,2.460,0.364,4.651,0.000,0.003,2.183,2.551,14.858,4.053,9.800,13.853,13.309
1780272393909,2.916,2.587,0.408,4.610,0.000,0.000,0.605,0.758,11.884,1.465,10.264,11.729,10.788
1780272394000,3.229,0.207,1.447,0.462,0.000,0.003,0.185,0.215,5.748,0.374,5.518,5.892,5.261
1780272394063,0.707,0.222,1.494,0.138,0.000,0.003,1.053,1.188,4.805,1.025,2.783,3.808,3.588
1780272394142,0.076,2.682,0.765,0.087,4.359,3.750,1.067,1.253,14.039,8.099,3.817,11.916,14.376
1780272394194,5.525,1.694,1.538,2.956,3.564,3.819,0.831,0.998,20.925,8.156,9.971,18.127,14.085
1780272394255,2.259,1.151,2.828,2.340,4.275,4.301,1.057,1.304,19.515,9.279,8.636,17.915,17.309
1780272394313,2.238,3.634,2.963,2.179,4.071,4.173,0.900,1.093,21.251,8.815,11.729,20.544,17.285
1780272394349,1.975,4.997,3.386,2.555,2.726,3.626,1.180,1.483,21.928,7.366,12.698,20.064,19.248
1780272394389,2.751,5.514,3.455,2.234,1.549,1.902,3.335,3.677,24.417,9.540,13.943,23.483,18.133
1780272394421,3.014,6.054,3.313,2.587,1.417,1.348,3.918,4.512,26.163,10.248,14.464,24.712,24.267
1780272394483,1.713,4.636,3.922,2.638,1.341,1.396,4.056,4.669,24.371,10.777,13.333,24.110,22.861
1780272394577,3.801,5.084,3.484,0.933,1.727,1.683,1.585,1.968,20.265,6.096,9.483,15.579,14.109
1780272394655,3.557,5.008,4.111,4.898,1.370,1.410,0.280,0.338,20.972,3.549,10.582,14.131,12.339
1780272394701,0.958,2.467,1.450,2.715,1.745,1.705,1.035,1.366,13.441,4.452,4.371,8.823,8.752
1780272394755,0.098,0.422,0.156,0.331,1.523,1.552,1.505,1.742,7.329,4.680,1.188,5.868,5.939
1780272394839,0.863,0.400,0.637,0.630,1.370,1.436,1.800,2.103,9.239,4.932,0.797,5.729,5.697
1780272394896,3.112,2.897,3.094,2.919,1.210,1.239,1.534,1.844,17.849,4.379,5.966,10.345,9.382
1780272394962,2.332,3.080,1.778,3.236,1.458,1.385,1.906,2.259,17.434,5.217,5.307,10.524,10.085
1780272395042,4.395,3.889,4.341,3.637,1.665,1.607,1.479,1.705,22.718,5.209,11.835,17.044,16.267
1780272395146,0.061,0.040,0.040,0.036,1.957,2.135,1.713,1.975,7.957,6.153,1.033,7.186,6.933
1780272395206,5.467,1.651,1.993,4.949,1.665,1.545,1.057,1.264,19.591,4.582,10.712,15.294,14.279
1780272395278,2.234,1.140,1.928,7.643,2.223,2.165,0.317,0.415,18.065,4.647,10.435,15.082,13.770
1780272395346,2.992,1.581,0.371,5.573,2.041,2.041,1.057,1.257,16.913,5.103,8.270,13.373,12.800
1780272395396,4.162,1.210,0.328,5.606,2.135,1.800,1.133,1.337,17.711,5.177,8.579,13.756,12.655
1780272395458,4.406,0.164,0.036,5.117,1.632,1.971,1.388,1.581,16.295,5.331,9.133,14.464,14.012
1780272395503,3.907,0.601,0.018,5.248,2.095,2.216,1.006,1.235,16.326,5.746,8.701,14.447,13.745
1780272395570,3.550,0.200,0.605,4.825,2.591,2.274,1.151,1.410,16.606,6.080,8.384,14.464,13.164
1780272395671,1.683,3.156,0.171,5.890,2.515,2.675,1.075,1.304,18.469,6.300,8.457,14.757,13.600
1780272395736,1.472,3.703,0.328,6.994,2.383,2.562,0.342,0.444,18.228,5.470,9.711,15.181,14.909
1780272395805,1.151,3.542,0.182,7.326,2.584,2.427,0.200,0.266,17.678,5.234,10.166,15.400,14.036
1780272395867,1.228,2.536,4.428,6.994,2.110,2.139,1.122,1.235,21.792,5.388,12.568,17.956,16.073
1780272395917,2.660,0.634,5.569,1.997,2.336,2.278,1.392,1.654,18.520,6.080,9.173,15.253,16.145
1780272395977,3.739,0.404,4.997,1.086,2.216,2.281,1.319,1.585,17.627,6.048,8.188,14.236,13.673
1780272396033,4.764,0.094,3.900,0.229,2.125,2.106,1.312,1.556,16.086,5.763,8.734,14.497,13.503
1780272396125,3.517,0.003,3.189,0.014,2.139,2.194,1.399,1.647,14.102,5.934,7.024,12.958,12.073
1780272396198,2.751,0.608,3.185,0.196,2.117,2.099,1.319,1.563,13.838,5.665,6.316,11.981,11.345
1780272396277,2.642,0.608,3.203,0.014,0.193,0.233,1.501,1.760,10.154,2.800,6.161,8.961,8.097
1780272396349,2.081,0.834,3.510,0.014,0.007,0.010,0.663,0.841,7.960,1.082,5.893,6.975,7.685
1780272396418,1.396,5.711,2.817,4.399,0.000,0.003,0.338,0.455,15.119,0.561,13.658,14.219,13.042
1780272396454,1.654,6.232,2.908,4.301,0.000,0.003,0.266,0.360,15.724,0.480,14.310,14.790,14.473
1780272396500,2.033,5.613,3.182,3.604,0.000,0.003,0.940,1.268,16.643,1.204,14.074,15.278,13.867
1780272396559,2.292,4.585,3.171,3.090,0.000,0.003,1.272,1.519,15.932,1.579,12.869,14.448,13.818
1780272396628,2.500,3.757,3.090,2.821,0.000,0.003,1.213,1.465,14.849,1.546,12.079,13.625,12.776
1780272396684,2.504,3.353,2.759,2.336,0.000,0.000,0.466,0.608,12.026,0.789,10.964,11.753,10.642
1780272396755,2.420,2.846,2.660,2.223,0.003,0.000,0.328,0.433,10.913,0.504,9.995,10.499,9.527
1780272396831,2.664,2.387,2.310,2.361,0.000,0.000,0.262,0.360,10.344,0.423,9.792,10.215,8.848
1780272396891,2.092,2.012,1.946,1.913,0.000,0.003,1.042,1.319,10.327,1.139,8.156,9.295,8.242
1780272396959,0.415,0.266,0.215,0.229,0.003,0.010,4.949,5.398,11.485,8.807,2.108,10.915,9.479
1780272396999,0.065,0.051,0.047,0.029,0.003,0.010,5.310,5.948,11.463,10.272,0.984,11.256,11.733
1780272397036,0.014,0.010,0.010,0.007,0.000,0.003,2.638,3.284,5.966,6.332,0.626,6.958,9.697
1780272397089,0.000,0.003,0.003,0.003,0.003,0.021,8.099,9.407,17.539,14.855,0.569,15.424,13.988
1780272397150,0.003,0.003,0.003,0.003,0.000,0.003,2.664,1.909,4.588,6.153,0.537,6.690,10.642
1780272397188,0.003,0.003,0.003,0.003,0.003,0.010,4.071,4.038,8.134,8.490,0.480,8.970,1.915
1780272397234,0.003,0.000,0.000,0.003,0.003,0.010,5.598,6.098,11.715,10.598,0.520,11.118,11.709
1780272397293,0.000,0.003,0.003,0.003,0.000,0.003,1.811,2.248,4.071,4.013,0.496,4.509,4.170
1780272397371,0.003,0.000,0.000,0.003,0.000,0.000,0.291,0.273,0.570,0.757,0.504,1.261,1.164
1780272397436,0.000,0.000,0.000,0.003,3.907,0.003,0.164,0.167,4.244,3.174,0.504,3.678,2.982
1780272397485,0.000,0.000,0.000,0.003,4.137,3.878,0.608,0.718,9.344,5.632,0.529,6.161,10.230
1780272397530,0.000,0.000,0.000,0.003,2.711,2.682,0.787,0.980,7.163,4.542,0.545,5.087,8.655
1780272397573,0.000,0.000,0.000,0.003,2.281,2.256,1.283,1.494,7.317,4.436,0.537,4.973,7.976
1780272397635,0.000,0.000,0.000,0.003,2.106,2.015,1.476,1.713,7.313,4.509,0.520,5.029,7.467
1780272397677,0.003,0.000,0.003,0.003,2.329,2.522,1.658,1.924,8.442,5.038,0.520,5.558,6.836
1780272397713,0.000,0.000,0.000,0.003,1.924,2.059,4.384,4.687,13.057,9.010,0.520,9.530,6.230
1780272397772,0.000,0.000,0.000,0.003,2.052,2.201,5.387,5.893,15.536,12.999,0.553,13.552,15.006
1780272397827,0.000,0.000,0.000,0.003,2.121,1.982,5.281,5.788,15.175,13.162,0.569,13.731,16.582
1780272397873,0.003,0.000,0.000,0.003,1.767,1.822,5.307,5.996,14.898,13.121,0.569,13.690,15.564
1780272397924,0.000,0.000,0.000,0.003,2.063,2.230,1.760,1.786,7.842,6.373,0.520,6.893,8.582
1780272398003,0.000,0.000,0.000,0.000,1.326,1.075,5.062,5.412,12.875,10.028,0.537,10.565,6.061
1780272398061,0.000,0.000,0.000,0.003,1.140,1.206,5.201,5.908,13.458,11.892,0.553,12.445,15.079
1780272398103,0.000,0.000,0.000,0.003,1.406,1.505,2.252,2.631,7.797,7.309,0.577,7.886,15.176
1780272398145,0.003,0.000,0.000,0.003,1.556,1.476,0.568,0.696,4.302,3.964,0.537,4.501,6.473
1780272398197,0.000,0.000,0.000,0.003,1.363,1.370,0.178,0.204,3.118,2.539,0.496,3.035,3.927
1780272398240,0.000,0.000,0.000,0.003,1.275,1.304,0.156,0.178,2.916,2.157,0.504,2.661,3.248
1780272398295,0.000,0.000,0.000,0.003,0.885,0.878,4.917,5.256,11.939,8.921,0.520,9.441,3.006
1780272398355,0.000,0.000,0.000,0.003,1.108,1.104,5.573,6.130,13.918,12.201,0.569,12.770,13.406
1780272398405,0.000,0.000,0.000,0.003,1.180,1.177,5.493,6.094,13.947,12.535,0.553,13.088,13.576
1780272398444,1.162,0.947,1.075,1.144,1.170,1.184,5.369,5.857,17.908,12.266,2.067,14.333,13.285
1780272398530,4.111,3.131,6.644,6.732,0.072,0.098,0.772,1.057,22.617,2.873,18.559,21.432,25.212
1780272398572,2.784,1.549,6.068,6.375,0.014,0.036,6.258,6.433,29.517,11.208,16.182,27.390,20.897
1780272398630,4.559,2.063,5.613,2.959,0.000,0.003,1.811,2.146,19.154,4.363,13.268,17.631,26.933
1780272398695,4.038,1.705,5.325,1.636,0.000,0.003,0.732,0.911,14.350,1.310,10.785,12.095,10.230
1780272398751,3.200,3.590,3.251,4.512,0.003,0.010,4.377,4.869,23.812,7.488,13.715,21.203,17.358
1780272398792,2.937,2.861,2.999,4.742,0.003,0.010,4.749,5.248,23.549,8.994,12.975,21.969,21.236
1780272398827,2.894,2.631,2.894,4.417,0.003,0.007,4.756,5.263,22.865,9.328,12.641,21.969,20.703
1780272398875,2.777,3.065,2.591,3.619,0.003,0.010,4.647,5.267,21.979,9.385,11.900,21.285,20.364
1780272398925,3.043,3.069,2.945,3.725,0.000,0.000,1.468,1.829,16.079,4.224,12.478,16.702,19.079
1780272398968,3.167,2.934,2.843,3.575,0.000,0.000,0.338,0.426,13.283,1.123,12.275,13.398,11.491
1780272399040,2.806,2.657,2.609,3.120,0.000,0.003,0.098,0.109,11.402,0.333,11.086,11.419,10.255
1780272399087,1.137,1.042,2.945,2.919,0.000,0.000,0.153,0.167,8.363,0.301,5.942,6.243,7.588
1780272399148,0.320,0.098,2.052,2.792,0.000,0.003,0.940,1.086,7.291,0.944,3.760,4.704,4.218
1780272399208,0.204,0.080,1.392,2.854,0.000,0.003,1.228,1.447,7.208,1.253,2.914,4.167,4.048
1780272399257,0.222,0.105,1.057,3.076,0.000,0.003,1.680,1.968,8.111,1.782,2.808,4.590,4.073
1780272399320,0.182,0.091,0.594,2.059,0.003,0.010,5.004,5.434,13.377,8.091,2.108,10.199,9.188
1780272399358,0.200,0.094,0.397,1.946,0.003,0.010,5.310,5.915,13.875,10.020,1.945,11.965,12.533
1780272399399,0.255,0.127,0.659,2.026,0.000,0.003,2.409,3.065,8.544,4.590,2.091,6.681,12.461
1780272399463,0.736,0.134,0.991,1.108,0.000,0.003,1.643,1.909,6.524,2.279,2.401,4.680,4.024
1780272399514,0.182,3.666,1.173,1.173,0.000,0.000,0.302,0.368,6.864,0.822,4.818,5.640,5.988
1780272399611,1.880,4.075,1.807,0.076,3.193,2.908,0.102,0.109,14.150,6.577,6.308,12.885,13.770
1780272399653,4.581,3.101,1.654,2.916,2.934,2.208,0.112,0.123,17.629,5.934,10.801,16.735,14.012
1780272399695,4.268,2.934,1.527,4.658,3.860,3.765,0.503,0.696,22.211,8.066,11.501,19.567,18.109
1780272399737,3.991,2.103,1.694,2.562,5.883,6.258,0.874,1.082,24.447,11.705,9.304,21.009,21.091
1780272399774,3.455,1.971,2.055,1.826,4.191,5.059,1.064,1.308,20.929,9.768,10.158,19.926,19.055
1780272399849,2.529,4.592,2.653,2.052,2.690,2.515,3.750,4.253,25.034,12.104,10.736,22.840,19.442
1780272399896,2.467,4.785,2.886,2.099,1.498,2.092,4.224,4.723,24.774,11.615,12.104,23.719,22.036
1780272399940,0.688,1.512,0.801,0.707,1.924,1.753,4.756,5.383,17.524,12.861,4.395,17.256,18.109
1780272399982,0.080,0.171,0.087,0.072,1.669,1.625,4.906,5.445,14.055,12.901,1.595,14.496,14.206
1780272400038,0.007,0.010,0.007,0.007,1.924,1.935,1.643,1.931,7.464,7.000,0.700,7.700,8.097
1780272400139,0.003,0.000,0.000,0.003,1.541,1.556,0.320,0.404,3.827,3.752,0.561,4.313,4.582
1780272400194,3.506,4.654,3.499,5.485,0.838,0.860,0.543,0.663,20.048,2.539,13.398,15.937,13.358
1780272400233,3.805,4.818,3.969,4.516,1.224,1.173,0.255,0.328,20.088,2.694,13.960,16.654,16.024
1780272400276,1.691,1.432,1.928,2.270,1.756,1.662,0.914,1.239,12.892,4.208,5.071,9.279,15.055
1780272400319,0.244,0.269,2.482,2.241,1.906,1.534,1.370,1.570,11.616,4.631,2.507,7.138,6.448
1780272400390,0.018,0.025,0.142,0.120,1.614,1.607,1.552,1.793,6.871,5.006,0.805,5.811,5.503
1780272400434,0.003,0.003,0.021,0.018,1.724,1.662,1.545,1.818,6.794,5.054,0.594,5.648,5.455
1780272400486,0.003,0.000,0.003,0.007,1.731,2.019,1.417,1.611,6.791,5.331,0.545,5.876,5.794
1780272400556,1.891,1.246,1.873,1.764,2.227,2.263,1.392,1.622,14.278,5.860,2.409,8.269,8.509
1780272400659,2.555,3.247,4.771,5.452,2.008,2.197,0.244,0.258,20.732,4.338,11.200,15.538,14.764
1780272400724,2.259,1.782,1.399,6.021,1.920,1.829,0.980,1.180,17.370,4.696,9.613,14.309,12.364
1780272400777,2.216,2.132,0.626,4.818,2.015,2.525,1.399,1.636,17.367,6.072,7.765,13.837,12.121
1780272400829,1.909,3.076,0.280,4.712,3.265,2.744,1.410,1.643,19.039,7.521,7.277,14.798,14.158
1780272400899,1.545,3.065,0.116,4.836,3.437,2.981,0.984,1.159,18.123,7.488,7.203,14.691,14.109
1780272400939,1.691,3.276,0.105,5.073,3.233,3.116,0.991,1.202,18.687,7.374,7.586,14.960,13.818
1780272401086,1.541,3.440,0.437,7.483,3.692,3.276,1.002,1.235,22.106,8.213,9.955,18.168,14.400
1780272401194,1.705,3.466,0.575,7.293,4.173,4.209,1.162,1.399,23.982,9.629,9.971,19.600,18.303
1780272401252,0.820,0.944,3.881,6.914,3.823,4.013,2.981,3.736,27.112,13.243,10.964,24.207,22.012
1780272401301,0.849,0.765,5.361,3.236,4.578,4.570,1.213,1.078,21.650,11.159,8.367,19.526,21.867
1780272401357,2.074,1.694,4.829,1.202,4.570,4.548,0.455,0.575,19.947,9.597,7.366,16.963,17.430
1780272401422,3.677,1.224,4.574,0.404,0.710,0.984,1.009,1.188,13.770,3.622,7.692,11.314,10.133
1780272401463,4.457,0.816,4.144,0.601,0.094,0.087,0.933,1.137,12.269,1.937,8.864,10.801,9.164
1780272401513,4.508,0.831,3.692,0.798,0.010,0.014,1.199,1.385,12.437,1.587,8.270,9.857,9.188
1780272401565,3.772,0.933,3.433,0.809,0.003,0.007,1.111,1.348,11.416,1.448,7.553,9.001,8.461
1780272401605,3.134,2.387,3.280,2.238,0.003,0.003,0.863,1.078,12.986,1.204,9.141,10.345,9.164
1780272401697,2.485,5.864,2.824,4.140,0.000,0.003,0.914,1.093,17.323,1.172,14.806,15.978,15.370
1780272401753,2.649,5.110,3.047,4.213,0.000,0.003,1.009,1.184,17.215,1.277,14.285,15.562,14.545
1780272401804,2.857,4.158,2.930,3.491,0.000,0.003,0.827,1.020,15.286,1.123,13.341,14.464,13.455
1780272401865,2.697,3.703,2.970,2.992,0.000,0.003,0.936,1.137,14.438,1.180,12.144,13.324,13.455
1780272401937,2.577,3.039,2.646,2.416,0.000,0.003,0.944,1.148,12.773,1.188,10.704,11.892,11.030
1780272401998,2.416,2.577,2.493,2.154,0.000,0.003,1.104,1.293,12.040,1.326,9.800,11.126,10.230
1780272402061,2.547,2.354,2.201,2.340,0.000,0.000,1.024,1.213,11.679,1.245,9.466,10.711,9.648
1780272402118,2.208,2.205,2.099,1.993,0.000,0.003,0.936,1.115,10.559,1.131,8.579,9.710,8.897
1780272402230,1.971,1.804,1.614,1.899,0.000,0.000,0.980,1.151,9.419,1.147,7.553,8.700,8.097
1780272402292,0.280,0.309,0.236,0.295,0.003,0.003,0.331,0.342,1.799,0.569,1.709,2.278,1.939
1780272402329,0.032,0.040,0.029,0.032,0.003,0.014,3.400,3.470,7.020,6.422,0.944,7.366,1.115
1780272402378,0.007,0.010,0.003,0.003,0.003,0.010,5.248,5.842,11.126,9.662,0.634,10.296,11.612
1780272402445,0.000,0.003,0.003,0.003,0.000,0.003,2.154,2.562,4.728,5.282,0.529,5.811,8.339
1780272402498,0.003,0.003,0.000,0.000,0.000,0.003,0.437,0.543,0.989,1.432,0.512,1.944,2.109
1780272402538,0.003,0.003,0.000,0.003,0.000,0.000,0.277,0.346,0.632,0.732,0.504,1.236,1.115
1780272402588,0.003,0.003,0.003,0.003,0.000,0.000,0.291,0.382,0.685,0.512,0.496,1.008,1.115
1780272402657,0.000,0.000,0.000,0.007,0.000,0.003,1.366,1.574,2.950,1.497,0.504,2.001,2.158
1780272402732,0.003,0.000,0.000,0.003,4.250,0.003,1.151,1.406,6.816,4.289,0.512,4.801,5.430
1780272402810,0.000,0.000,0.000,0.003,3.233,3.375,1.315,1.603,9.529,5.706,0.553,6.259,11.030
1780272402843,0.000,0.000,0.000,0.003,2.438,2.464,1.399,1.673,7.977,5.152,0.545,5.697,8.655
1780272402900,0.007,0.000,0.000,0.003,2.146,2.245,1.753,2.012,8.166,4.989,0.561,5.550,7.200
1780272402962,0.000,0.000,0.000,0.003,1.789,1.600,4.862,5.270,13.524,10.175,0.577,10.752,10.279
1780272402999,0.003,0.000,0.000,0.003,1.833,1.793,5.066,5.686,14.384,12.242,0.569,12.811,14.424
1780272403038,0.000,0.000,0.000,0.003,2.004,2.037,5.092,5.580,14.716,12.625,0.577,13.202,15.976
1780272403071,0.000,0.000,0.000,0.003,1.920,1.858,5.084,5.554,14.419,12.560,0.577,13.137,16.145
1780272403117,0.000,0.000,0.000,0.003,1.705,1.829,5.092,5.642,14.271,12.551,0.577,13.128,15.103
1780272403175,0.000,0.000,0.000,0.003,2.135,2.194,1.501,1.782,7.615,6.235,0.545,6.780,9.939
1780272403264,0.003,0.000,0.000,0.000,1.509,1.173,5.033,5.591,13.309,10.923,0.553,11.476,11.709
1780272403335,0.003,0.000,0.003,0.003,1.151,1.228,4.997,5.616,13.001,11.632,0.561,12.193,14.764
1780272403394,0.000,0.000,0.000,0.007,1.567,1.516,1.461,1.745,6.296,5.364,0.545,5.909,9.479
1780272403450,0.003,0.000,0.000,0.003,1.432,1.414,0.335,0.411,3.598,2.800,0.520,3.320,4.315
1780272403522,0.302,0.244,0.240,0.364,1.264,1.232,1.191,1.381,6.218,2.922,0.626,3.548,3.758
1780272403580,4.771,4.414,5.438,5.124,0.408,0.459,3.480,4.144,28.238,7.212,17.037,24.249,19.030
1780272403657,1.275,1.895,6.841,4.683,0.054,0.072,4.512,4.979,24.311,9.035,14.000,23.035,21.721
1780272403706,2.573,4.082,5.697,2.591,0.010,0.018,4.530,5.088,24.589,9.124,12.030,21.154,21.212
1780272403759,3.962,5.019,4.326,4.465,0.003,0.010,4.355,4.767,26.907,8.677,14.432,23.109,20.145
1780272403822,4.654,4.844,4.100,6.014,0.000,0.000,0.769,0.809,21.190,2.238,16.247,18.485,17.285
1780272403884,2.930,4.815,4.286,3.728,0.003,0.000,0.120,0.149,16.031,0.569,12.437,13.006,11.927
1780272403934,1.709,4.133,4.446,1.530,0.000,0.000,0.116,0.131,12.065,0.317,9.694,10.011,9.115
1780272404003,1.837,3.546,4.363,1.899,0.000,0.000,0.619,0.783,13.047,0.683,9.328,10.011,8.776
1780272404065,2.795,2.165,4.129,3.025,0.000,0.000,0.976,1.188,14.278,1.465,8.994,10.459,8.873
1780272404129,1.694,3.105,0.488,2.996,0.000,0.003,1.527,1.789,11.602,2.189,6.064,8.253,7.467
1780272404217,2.041,1.986,0.174,0.630,3.510,2.952,4.359,4.647,20.299,12.714,3.410,16.124,14.836
1780272404287,1.242,1.807,4.534,0.171,1.188,1.210,8.489,9.138,27.779,17.444,6.642,24.086,20.000
1780272404354,0.433,1.906,4.089,0.109,1.261,1.232,8.890,9.517,27.437,19.202,6.520,25.722,25.067
1780272404426,1.873,2.937,4.151,2.653,1.822,1.807,2.135,2.478,19.856,7.920,8.099,16.019,16.097
1780272404478,2.908,2.919,3.346,3.841,1.009,1.089,4.527,4.964,24.603,10.598,9.361,19.959,16.630
1780272404521,1.953,3.101,2.974,2.631,1.253,1.199,5.041,5.565,23.717,12.063,7.912,19.975,20.024
1780272404598,0.980,2.788,2.751,1.428,1.323,1.348,5.008,5.540,21.166,12.470,7.016,19.486,18.545
1780272404651,4.614,0.473,2.777,0.517,1.337,1.293,4.887,5.358,21.256,12.177,7.814,19.991,19.321
1780272404735,4.122,0.014,2.077,0.014,1.370,1.345,4.731,5.347,19.020,12.104,6.373,18.477,18.376
1780272404775,3.805,0.007,1.483,0.007,1.436,1.425,4.833,5.303,18.299,12.275,5.470,17.745,17.430
1780272404815,3.306,0.003,1.304,0.003,1.410,1.403,4.815,5.325,17.569,12.250,4.916,17.166,16.945
1780272404866,3.080,0.072,1.494,0.783,1.359,1.337,4.629,5.241,17.995,11.998,5.054,17.052,16.412
1780272404919,2.803,2.238,1.159,4.326,1.228,1.217,4.374,4.866,22.211,11.168,8.237,19.405,18.182
1780272404974,2.930,2.956,1.658,5.740,1.512,1.494,0.998,1.301,18.589,5.893,12.250,18.143,17.721
1780272405035,3.087,2.959,1.818,5.653,1.396,1.414,0.193,0.233,16.753,3.492,13.178,16.670,15.588
1780272405116,3.262,2.321,2.405,4.596,1.399,1.385,0.382,0.492,16.242,3.223,12.454,15.677,14.036
1780272405182,2.726,2.664,2.525,3.466,1.366,1.385,1.064,1.246,16.442,3.858,11.176,15.034,14.303
1780272405258,2.628,2.580,2.347,2.832,1.403,1.355,1.319,1.567,16.031,4.249,10.288,14.537,13.600
1780272405334,2.099,1.873,1.818,2.092,1.501,1.399,4.308,4.716,19.806,10.280,8.026,18.306,17.770
1780272405383,2.325,0.648,0.645,2.299,2.048,2.099,1.829,2.190,14.083,7.610,6.072,13.682,14.109
1780272405440,2.369,0.247,0.262,2.219,2.088,2.321,0.889,1.042,11.437,5.470,5.323,10.793,9.818
1780272405503,2.529,0.178,0.167,1.687,2.398,2.431,0.211,0.262,9.863,5.006,4.607,9.613,9.042
1780272405542,2.340,3.830,0.080,0.787,2.110,2.154,0.718,0.816,12.835,4.884,4.729,9.613,8.776
1780272405611,2.391,7.147,5.879,1.119,2.354,1.818,0.564,0.696,21.968,4.997,13.838,18.835,17.018
1780272405678,0.597,5.022,1.942,0.131,3.309,4.144,1.210,1.414,17.769,8.335,7.488,15.823,17.915
1780272405762,1.370,5.832,0.619,2.248,2.937,2.992,1.283,1.498,18.779,7.301,8.237,15.538,15.588
1780272405832,3.845,3.422,3.353,3.699,2.482,2.558,0.947,1.151,21.457,6.292,13.561,19.853,19.055
1780272405886,4.126,1.348,2.631,1.108,2.762,2.482,1.060,1.250,16.767,6.560,8.897,15.457,15.055
1780272405952,2.788,0.550,3.018,0.379,2.963,2.762,1.279,1.476,15.215,7.032,6.406,13.438,13.576
1780272406027,2.183,4.151,2.358,2.919,2.471,2.708,0.856,1.031,18.677,6.129,11.257,17.386,15.612
1780272406067,2.245,4.009,2.522,2.959,2.332,2.307,0.867,1.060,18.301,5.665,11.623,17.288,16.097
1780272406135,2.391,3.076,2.485,2.821,2.252,2.329,1.250,1.443,18.047,5.917,10.573,16.490,15.370
1780272406191,2.241,2.843,2.412,2.146,2.135,2.132,1.221,1.461,16.591,5.649,9.816,15.465,14.400
1780272406267,2.161,2.372,2.077,2.041,1.975,1.979,0.987,1.166,14.758,5.054,8.831,13.885,13.333
1780272406330,2.194,2.146,1.855,2.114,1.913,1.858,1.067,1.286,14.433,4.916,8.514,13.430,12.388
1780272406385,1.939,2.128,2.074,1.767,1.880,1.869,0.889,1.082,13.628,4.753,7.798,12.551,12.194
1780272406432,1.913,1.862,1.596,1.786,1.829,1.829,1.006,1.202,13.023,4.778,7.399,12.177,11.176
1780272406493,1.909,1.971,1.735,1.800,1.822,1.822,0.918,1.097,13.074,4.664,7.317,11.981,11.467
1780272406564,1.760,1.764,1.632,1.516,0.171,0.131,1.093,1.286,9.353,1.945,7.073,9.018,8.048
1780272406601,1.855,1.760,1.669,1.570,0.029,0.032,1.188,1.417,9.520,1.595,7.057,8.652,7.782
1780272406669,0.266,0.222,0.200,0.160,0.003,0.003,1.447,1.727,4.028,1.701,1.831,3.532,3.103
1780272406731,0.021,0.021,0.018,0.010,0.000,0.003,1.388,1.600,3.061,1.587,0.691,2.278,2.230
1780272406803,0.003,0.003,0.007,0.007,0.000,0.003,1.326,1.607,2.956,1.538,0.496,2.034,2.109
1780272406860,0.000,0.007,0.000,0.000,0.000,0.003,1.363,1.585,2.958,1.538,0.480,2.018,2.230
1780272406910,0.000,0.000,0.003,0.007,0.000,0.000,0.342,0.317,0.669,0.626,0.488,1.114,1.818
1780272406969,0.000,0.003,0.000,0.003,0.003,0.003,0.185,0.207,0.404,0.350,0.529,0.879,1.309
1780272407029,0.003,0.000,0.003,0.003,0.000,0.000,0.298,0.400,0.707,0.407,0.512,0.919,1.139
1780272407112,0.003,0.000,0.003,0.003,4.370,0.003,1.129,1.388,6.899,4.021,0.545,4.566,5.406
1780272407189,0.000,0.000,0.000,0.003,2.693,2.810,1.487,1.727,8.720,5.282,0.553,5.835,11.394
1780272407259,0.000,0.000,0.000,0.000,1.917,1.942,1.567,1.818,7.244,4.566,0.545,5.111,9.455
1780272407309,0.000,0.003,0.000,0.003,1.826,1.818,1.443,1.691,6.784,4.289,0.529,4.818,9.018
1780272407363,0.000,0.003,0.000,0.003,1.702,1.694,1.472,1.738,6.612,4.118,0.529,4.647,8.461
1780272407422,0.003,0.000,0.003,0.003,1.622,1.829,1.822,2.077,7.359,4.411,0.545,4.956,6.400
1780272407478,0.000,0.000,0.003,0.003,1.545,1.283,2.106,2.431,7.371,4.460,0.545,5.005,5.721
1780272407537,0.000,0.000,0.003,0.003,0.940,1.002,5.070,5.460,12.478,10.492,0.569,11.061,12.945
1780272407617,0.000,0.000,0.000,0.003,1.224,1.126,5.168,5.729,13.250,11.803,0.586,12.389,15.200
1780272407682,0.003,0.000,0.000,0.003,1.191,1.199,5.405,5.955,13.756,12.307,0.586,12.893,13.891
1780272407754,3.666,5.744,0.451,0.601,1.950,1.789,4.501,4.997,23.699,12.641,8.050,20.691,21.648
1780272407796,1.374,5.030,5.522,0.517,1.465,1.450,4.333,4.869,24.560,11.778,10.891,22.669,20.897
1780272407846,2.555,5.113,7.319,1.465,1.636,1.625,1.505,1.957,23.175,6.935,13.870,20.805,21.358
1780272407903,2.806,3.962,7.078,4.129,1.432,1.421,0.568,0.747,22.143,4.004,15.075,19.079,17.188
1780272407945,3.025,3.776,6.451,4.917,1.275,1.250,0.477,0.597,21.768,3.304,16.719,20.023,16.582
1780272407987,2.157,3.298,6.163,4.877,1.341,1.352,0.492,0.637,20.317,3.223,15.946,19.169,18.036
1780272408050,2.773,2.974,5.350,4.115,1.315,1.312,0.772,0.918,19.529,3.459,15.075,18.534,16.897
1780272408102,2.759,2.770,4.807,3.776,1.392,1.403,0.823,1.013,18.743,3.646,13.431,17.077,16.242
1780272408158,2.296,2.839,4.457,3.324,1.326,1.319,1.086,1.293,17.940,3.842,12.975,16.817,15.370
1780272408250,2.773,2.628,3.459,2.985,1.370,1.363,1.264,1.512,17.354,4.159,11.729,15.888,14.424
1780272408331,2.022,1.975,2.587,2.482,1.049,1.027,4.169,4.767,20.078,9.515,9.181,18.696,16.558
1780272408419,0.167,2.391,0.138,1.782,1.662,1.647,1.848,2.179,11.814,5.909,4.729,10.638,9.915
1780272408486,0.069,2.063,0.072,0.634,1.064,1.082,4.618,4.975,14.577,9.955,3.247,13.202,12.558
1780272408553,0.521,1.924,2.638,0.244,1.549,1.436,1.877,2.168,12.357,6.137,5.779,11.916,10.279
1780272408612,2.001,2.274,3.203,0.987,1.345,1.334,1.242,1.388,13.774,4.354,8.481,12.835,11.855
1780272408693,2.230,1.884,2.307,2.132,1.323,1.323,1.177,1.425,13.801,4.037,8.563,12.600,11.830
1780272408784,1.767,1.625,1.873,1.560,1.082,1.064,4.220,4.734,17.925,9.409,6.731,16.140,14.376
1780272408859,1.789,0.244,1.556,0.277,1.297,1.308,4.632,5.070,16.173,11.566,4.216,15.782,15.467
1780272408922,1.406,0.109,1.399,0.120,1.745,1.658,2.022,2.434,10.893,7.089,3.483,10.572,11.758
1780272408993,0.357,0.105,1.596,0.072,1.479,1.490,1.403,1.625,8.127,5.299,2.401,7.700,7.321
1780272409064,3.929,1.848,1.250,2.653,1.308,1.315,1.403,1.622,15.328,4.615,4.297,8.912,8.388
1780272409122,5.671,2.515,0.929,5.857,1.151,1.122,0.295,0.360,17.900,3.011,10.402,13.413,11.442
1780272409176,7.479,1.592,0.626,6.181,1.144,1.133,0.739,0.874,19.768,3.093,13.634,16.727,15.636
1780272409231,2.606,0.360,0.962,7.144,1.443,1.392,1.286,1.552,16.745,4.265,9.841,14.106,13.479
1780272409307,0.269,0.069,1.432,4.363,1.410,1.421,1.738,2.066,12.768,5.038,5.291,10.329,9.430
1780272409387,3.983,0.051,1.002,0.338,1.057,1.067,4.137,4.614,16.249,9.743,5.152,14.895,10.667
1780272409447,4.589,2.154,0.834,0.047,1.224,1.250,4.242,4.782,19.122,10.834,6.031,16.865,16.242
1780272409519,3.262,6.655,0.579,3.036,1.439,1.388,1.942,2.161,20.462,6.275,12.730,19.005,18.909
1780272409587,0.368,1.993,0.047,0.353,1.705,1.665,2.201,2.569,10.901,6.455,3.085,9.540,9.164
1780272409639,0.087,0.787,0.010,2.431,1.487,1.512,2.125,2.482,10.921,6.039,1.326,7.365,7.418
1780272409691,1.691,3.980,0.236,5.365,1.089,1.104,1.902,2.176,17.543,5.111,6.837,11.948,9.164
1780272409759,2.595,3.003,3.240,5.828,1.191,1.188,1.673,1.909,20.627,4.802,11.037,15.839,16.315
1780272409835,1.009,4.330,3.900,2.868,1.381,1.326,1.869,2.161,18.844,5.323,10.093,15.416,14.836
1780272409912,2.624,4.038,0.397,2.617,1.468,1.414,2.066,2.365,16.989,5.787,6.560,12.347,11.418
1780272409983,1.570,3.470,4.804,1.038,1.232,1.264,1.851,2.179,17.408,5.291,9.352,14.643,12.945
1780272410059,2.941,2.988,4.946,3.830,1.213,1.177,1.479,1.775,20.349,4.696,13.894,18.590,17.455
1780272410131,3.827,0.867,1.920,3.878,1.512,1.454,1.501,1.756,16.715,4.949,9.955,14.904,13.770
1780272410198,3.958,0.233,0.400,3.506,1.428,1.432,1.592,1.837,14.386,4.973,7.928,12.901,12.024
1780272410264,1.432,0.342,0.047,3.896,1.501,1.512,0.725,0.951,10.406,4.013,5.917,9.930,9.600
1780272410353,1.505,3.583,0.575,1.166,1.614,1.476,0.721,0.889,11.529,3.842,5.453,9.295,8.048
1780272410437,0.058,0.174,0.014,0.123,2.555,2.157,0.707,0.871,6.659,5.339,1.098,6.437,5.697
1780272410506,0.003,0.007,0.003,0.007,2.289,2.296,0.750,0.918,6.273,5.315,0.634,5.949,5.818
1780272410566,0.003,0.003,0.003,0.007,1.975,2.194,0.893,1.067,6.145,5.087,0.561,5.648,5.382
1780272410607,0.003,0.003,0.000,0.003,2.212,2.197,1.498,1.775,7.691,5.893,0.537,6.430,5.988
1780272410671,5.296,3.936,3.510,4.855,1.600,1.640,1.122,1.217,23.176,4.753,16.654,21.407,16.655
1780272410735,6.462,3.357,5.963,4.045,1.676,1.968,0.947,1.173,25.591,4.859,19.161,24.020,21.527
1780272410797,3.338,0.524,2.963,6.273,2.106,1.654,1.370,1.654,19.882,5.470,10.899,16.369,15.758
1780272410878,3.951,1.089,0.236,5.762,1.534,1.738,1.545,1.869,17.724,5.600,9.124,14.724,13.673
1780272410957,3.466,2.883,3.717,5.226,2.030,1.705,1.406,1.716,22.149,5.852,11.159,17.011,16.388
1780272411015,0.696,3.506,5.719,2.905,1.840,1.647,0.608,0.780,17.701,4.566,9.531,14.097,12.921
1780272411086,0.131,0.211,0.357,0.174,1.727,1.815,0.801,1.020,6.236,4.420,1.831,6.251,5.697
1780272411127,0.014,0.029,0.047,0.021,1.651,1.622,0.765,0.936,5.085,4.118,0.911,5.029,4.824
1780272411182,4.162,3.495,3.375,3.360,0.798,0.860,1.006,1.188,18.244,3.093,15.539,18.632,9.406
1780272411238,6.141,5.926,3.189,2.748,1.250,1.221,1.151,1.366,22.992,3.988,16.971,20.959,20.630
1780272411282,5.817,5.697,3.663,2.854,1.279,1.257,1.111,1.323,23.001,4.013,18.526,22.539,18.861
1780272411323,4.942,4.844,4.370,4.403,1.334,1.348,1.148,1.363,23.752,4.281,17.387,21.668,20.970
1780272411401,4.366,4.191,3.867,3.991,1.421,1.421,1.235,1.454,21.946,4.517,15.970,20.487,18.812
1780272411477,3.739,3.586,3.324,3.462,0.236,0.171,1.447,1.745,17.710,2.604,14.033,16.637,15.830
1780272411555,3.269,1.920,2.281,2.518,0.007,0.010,1.913,2.307,14.225,2.824,9.409,12.233,11.661
1780272411619,3.116,3.896,0.251,0.320,0.003,0.003,2.278,2.649,12.516,3.304,5.917,9.221,8.752
1780272411689,1.374,5.157,7.654,2.635,0.000,0.003,1.505,1.786,20.114,2.344,14.586,16.930,16.024
1780272411762,0.951,4.556,9.815,2.456,0.000,0.000,1.301,1.472,20.551,1.912,18.241,20.153,15.758
1780272411833,0.320,4.767,7.993,0.411,0.000,0.003,1.556,1.895,16.945,2.328,12.690,15.018,15.200
1780272411887,0.091,3.973,8.040,0.040,0.000,0.003,1.673,1.971,15.791,2.417,12.030,14.447,12.606
1780272411943,4.027,4.107,6.673,4.869,0.003,0.003,1.501,1.764,22.947,2.230,14.831,17.061,15.030
1780272412024,3.484,0.918,6.200,6.061,3.459,2.806,1.301,1.490,25.719,7.448,17.134,24.582,24.194
1780272412077,3.623,2.646,6.320,6.386,1.727,1.837,1.527,1.786,25.852,5.950,17.834,23.784,22.739
1780272412143,3.244,0.703,6.090,4.312,1.567,1.465,2.022,2.391,21.794,6.153,13.365,19.518,17.430
1780272412210,3.389,0.207,5.689,0.510,1.472,1.483,2.318,2.759,17.827,6.634,9.662,16.296,15.539
1780272412279,3.874,2.595,3.743,2.908,1.097,1.097,3.524,4.086,22.924,9.010,11.599,20.609,18.158
1780272412339,2.835,3.524,4.191,4.960,1.374,1.337,1.880,2.150,22.251,6.137,14.993,21.130,19.248
1780272412407,2.613,4.880,4.060,4.388,1.385,1.392,1.534,1.804,22.056,5.152,15.238,20.390,18.933
1780272412468,1.760,4.261,3.936,4.512,1.377,1.410,1.417,1.735,20.408,4.916,14.261,19.177,17.576
1780272412551,2.041,4.144,3.207,3.907,1.345,1.330,1.516,1.796,19.286,4.949,12.975,17.924,16.558
1780272412614,2.187,3.790,2.897,3.739,1.359,1.326,1.490,1.822,18.610,4.949,12.210,17.159,15.806
1780272412670,2.063,3.455,2.682,3.466,1.363,1.348,1.549,1.844,17.770,5.006,11.509,16.515,15.152
1780272412725,2.132,3.211,2.409,2.981,1.355,1.337,1.596,1.895,16.916,5.038,10.549,15.587,14.909
1780272412806,0.298,0.342,0.211,0.269,1.764,1.596,2.103,2.372,8.955,6.178,1.855,8.033,7.806
1780272412857,0.029,0.036,0.032,0.040,2.208,1.946,2.084,2.347,8.722,6.878,0.854,7.732,7.709
1780272412922,0.007,0.007,0.007,0.007,1.782,2.252,0.849,1.093,6.004,5.250,0.594,5.844,6.836
1780272412972,0.003,0.003,0.003,0.003,1.753,1.662,0.761,0.987,5.175,4.558,0.561,5.119,4.970
1780272413069,4.920,4.486,4.457,4.242,2.241,2.278,0.280,0.371,23.275,4.900,12.991,17.891,17.115
1780272413137,5.230,4.949,4.764,4.953,2.019,2.004,0.393,0.499,24.811,4.607,18.485,23.092,21.430
1780272413205,5.285,1.126,4.538,0.893,0.123,0.153,1.848,2.179,16.145,3.256,11.021,14.277,12.800
1780272413271,3.779,0.102,3.940,0.112,0.007,0.014,2.369,2.726,13.049,3.638,8.164,11.802,11.273
1780272413339,4.067,0.007,3.510,0.010,0.003,0.003,2.285,2.726,12.611,3.711,7.692,11.403,10.667
1780272413381,3.517,0.007,3.218,0.010,0.000,0.003,2.216,2.544,11.515,3.386,6.984,10.370,9.745
1780272413428,3.313,0.007,2.868,0.007,0.000,0.000,1.159,1.443,8.797,1.921,6.495,8.416,8.945
1780272413485,3.050,0.003,2.923,0.007,0.000,0.003,1.119,1.355,8.460,1.603,6.007,7.610,7.152
1780272413541,2.241,0.003,2.773,0.007,0.000,0.003,0.831,1.016,6.874,1.196,5.356,6.552,6.206
1780272413631,1.126,5.354,2.074,4.166,3.429,3.309,0.338,0.473,20.269,6.617,11.835,18.452,18.691
1780272413699,1.899,4.840,2.832,3.269,2.248,2.208,0.331,0.451,18.078,4.932,12.665,17.597,17.115
1780272413781,2.205,3.922,2.770,2.926,1.997,2.022,0.419,0.550,16.811,4.477,11.607,16.084,15.564
1780272413842,2.372,3.225,2.733,2.529,2.015,2.001,0.605,0.765,16.245,4.672,10.785,15.457,15.321
1780272413892,2.405,2.770,2.278,2.515,1.931,1.924,1.530,1.789,17.142,5.763,9.686,15.449,14.424
1780272413962,1.855,2.613,2.022,2.172,2.070,2.055,0.805,1.013,14.605,5.242,8.587,13.829,13.333
1780272414024,0.324,2.219,0.298,2.157,2.179,2.139,0.667,0.816,10.799,5.046,5.282,10.328,10.279
1780272414080,0.080,1.939,0.025,2.066,2.077,2.070,0.568,0.736,9.561,4.745,4.533,9.278,8.800
1780272414173,0.273,1.363,0.131,1.968,2.012,1.957,0.393,0.506,8.603,4.460,4.029,8.489,7.927
1780272414240,3.178,0.772,1.560,1.556,1.884,1.895,0.696,0.878,12.419,4.477,7.334,11.811,10.933
1780272414319,3.127,1.078,1.909,1.993,2.044,2.358,0.492,0.645,13.646,4.989,8.066,13.055,12.000
1780272414377,2.609,1.301,1.618,1.979,2.671,1.990,0.404,0.539,13.111,5.095,7.692,12.787,12.630
1780272414417,2.219,1.279,1.487,1.713,2.146,2.285,0.554,0.696,12.379,4.949,6.902,11.851,11.467
1780272414485,2.055,1.414,1.458,1.724,2.044,1.946,1.607,1.873,14.121,5.754,6.821,12.575,11.733
1780272414549,1.614,1.399,1.301,1.443,1.950,2.332,1.720,2.059,13.818,6.796,6.145,12.941,11.709
1780272414596,1.363,1.151,1.006,1.290,4.115,3.357,1.490,1.753,15.525,8.693,5.282,13.975,13.818
1780272414700,1.414,0.357,1.279,0.437,2.759,2.653,1.618,1.964,12.481,7.488,3.663,11.151,11.321
1780272414772,0.171,0.083,1.173,7.104,2.241,2.190,0.688,0.871,14.521,5.543,5.836,11.379,11.418
1780272414839,0.061,0.032,0.984,6.951,2.321,2.274,0.612,0.776,14.011,5.282,6.015,11.297,10.521
1780272414913,4.257,0.320,0.860,5.748,2.405,2.398,1.589,1.851,19.428,6.552,5.543,12.095,11.297
1780272414970,1.840,4.202,1.250,3.757,2.278,2.303,1.756,2.074,19.460,6.845,7.081,13.926,12.873
1780272415046,0.251,3.306,2.562,0.280,2.431,2.427,1.581,1.917,14.755,6.894,6.251,13.145,12.897
1780272415115,0.080,4.563,2.653,0.014,0.298,0.225,1.877,2.187,11.897,3.549,7.269,10.818,10.788
1780272415196,0.112,4.016,2.919,0.040,0.003,0.010,1.807,2.074,10.981,2.555,7.171,9.726,9.818
1780272415258,0.174,3.685,3.007,0.131,0.000,0.003,0.739,0.933,8.672,1.562,7.122,8.684,8.097
1780272415320,2.974,3.258,2.711,3.612,0.003,0.003,0.699,0.893,14.153,1.155,8.009,9.164,8.727
1780272415377,3.532,2.722,2.992,3.674,0.000,0.003,0.506,0.667,14.096,0.781,8.612,9.393,8.242
1780272415449,3.357,1.957,2.157,3.586,0.003,0.010,7.333,8.095,26.498,9.238,7.358,16.596,16.436
1780272415510,3.757,2.351,2.482,3.623,0.003,0.000,1.636,1.519,15.371,2.783,8.351,11.134,16.630
1780272415582,3.932,2.135,2.321,3.903,0.003,0.010,4.548,5.019,21.871,8.091,8.408,16.499,15.588
1780272415646,0.484,0.236,0.185,0.397,0.003,0.010,5.186,5.784,12.285,10.093,1.921,12.014,11.952
1780272415718,0.010,0.007,0.007,0.010,0.003,0.003,2.004,2.347,4.391,3.614,0.708,4.322,8.921
1780272415776,0.003,0.003,0.007,0.003,0.003,0.000,0.408,0.503,0.930,1.245,0.553,1.798,1.818
1780272415832,0.003,0.003,0.003,0.007,0.000,0.003,0.109,0.127,0.255,0.407,0.520,0.927,0.897
1780272415898,0.000,0.000,0.000,0.003,0.007,0.014,8.489,9.035,17.548,12.836,0.553,13.389,14.012
1780272415965,0.003,0.003,0.000,0.007,0.000,0.000,0.874,1.013,1.900,3.264,0.512,3.776,5.770
1780272416031,0.003,0.000,0.000,0.003,3.386,0.014,4.527,5.256,13.189,10.533,0.553,11.086,8.339
1780272416091,0.000,0.000,0.000,0.003,3.203,3.080,4.877,5.350,16.513,13.235,0.610,13.845,17.576
1780272416126,0.000,0.000,0.000,0.003,2.602,2.314,4.767,5.343,15.029,12.942,0.602,13.544,18.012
1780272416171,0.000,0.000,0.000,0.000,2.649,2.795,4.702,5.226,15.372,13.097,0.594,13.691,17.988
1780272416229,0.000,0.003,0.003,0.003,2.602,2.591,1.778,1.909,8.889,6.862,0.586,7.448,12.388
1780272416292,0.000,0.003,0.000,0.003,2.518,2.628,1.122,1.359,7.633,5.095,0.537,5.632,7.103
1780272416363,0.000,0.000,0.000,0.000,1.899,1.651,4.990,5.489,14.029,11.298,0.586,11.884,11.879
1780272416396,0.003,0.000,0.000,0.003,2.070,2.055,5.095,5.642,14.868,12.560,0.577,13.137,14.424
1780272416432,0.003,0.003,0.000,0.003,2.048,2.030,4.935,5.525,14.547,12.592,0.586,13.178,14.836
1780272416483,0.000,0.000,0.000,0.003,1.990,2.033,4.953,5.434,14.413,12.560,0.586,13.146,15.806
1780272416561,0.000,0.000,0.000,0.003,2.008,2.143,1.753,1.895,7.802,6.056,0.569,6.625,13.430
1780272416633,0.000,0.000,0.000,0.003,1.764,1.483,1.155,1.388,5.793,3.866,0.537,4.403,5.042
1780272416694,0.000,0.000,0.000,0.003,0.998,0.951,4.782,5.106,11.840,9.181,0.561,9.742,5.188
1780272416730,0.000,0.000,0.000,0.003,1.002,1.075,5.103,5.569,12.752,11.005,0.561,11.566,14.642
1780272416778,0.000,0.000,0.000,0.003,1.184,1.129,5.157,5.715,13.188,11.819,0.553,12.372,14.230
1780272416837,0.000,0.000,0.003,0.003,1.552,1.516,2.354,2.704,8.132,6.096,0.545,6.641,8.921
1780272416879,0.000,0.000,0.000,0.003,1.100,1.089,4.483,5.237,11.912,9.751,0.537,10.288,8.461
1780272416923,0.000,0.000,0.000,0.003,1.097,1.097,5.285,5.715,13.197,11.444,0.553,11.997,12.994
1780272416967,0.007,0.000,0.000,0.003,1.180,1.210,5.245,5.711,13.356,11.876,0.553,12.429,12.800
1780272417011,0.007,0.000,0.000,0.003,1.461,1.436,2.307,2.708,7.922,7.122,0.561,7.683,11.685
1780272417092,0.000,0.000,0.000,0.003,1.283,1.345,0.965,1.159,4.755,3.345,0.545,3.890,4.097
1780272417157,0.000,0.003,0.000,0.003,1.268,1.253,0.266,0.324,3.117,2.319,0.520,2.839,3.370
1780272417236,0.000,0.000,0.000,0.003,0.123,0.149,0.160,0.174,0.609,0.895,0.504,1.399,1.939
1780272417277,0.000,0.003,0.003,0.003,0.018,0.025,0.878,0.998,1.928,1.041,0.504,1.545,1.406
1780272417324,0.003,0.000,0.000,0.003,0.007,0.003,1.312,1.549,2.877,1.400,0.520,1.920,1.770
1780272417386,0.000,0.000,0.000,0.003,0.000,0.003,1.399,1.596,3.001,1.546,0.504,2.050,2.158
1780272417443,0.000,0.000,0.000,0.003,0.000,0.003,1.669,1.899,3.574,1.855,0.512,2.367,2.303
1780272417492,0.000,0.000,0.003,0.003,0.003,0.003,1.374,1.647,3.033,1.628,0.512,2.140,2.473
1780272417556,0.003,0.000,0.003,0.003,0.000,0.003,1.614,1.884,3.510,1.839,0.520,2.359,2.303
1780272417626,0.000,0.000,0.000,0.003,0.000,0.003,1.221,1.454,2.681,1.408,0.529,1.937,2.085
1780272417684,0.000,0.003,0.000,0.003,0.000,0.003,1.326,1.570,2.905,1.489,0.520,2.009,2.012
1780272417762,0.000,0.000,0.000,0.003,0.000,0.000,1.257,1.447,2.707,1.400,0.488,1.888,2.012
1780272417819,0.000,0.000,0.000,0.000,0.000,0.003,1.195,1.439,2.637,1.359,0.504,1.863,1.915
1780272417857,0.000,0.000,0.000,0.003,0.000,0.003,1.206,1.439,2.651,1.359,0.529,1.888,1.964
1780272417904,0.003,0.000,0.000,0.003,0.000,0.000,1.450,1.676,3.132,1.571,0.512,2.083,1.939
1780272417956,0.003,0.000,0.000,0.003,0.000,0.003,1.509,1.735,3.253,1.693,0.512,2.205,2.303
1780272417992,0.000,0.000,0.003,0.003,0.000,0.003,1.293,1.498,2.800,1.497,0.504,2.001,2.327
1780272418037,0.816,0.765,0.725,0.834,0.000,0.003,1.191,1.406,5.740,1.334,1.180,2.514,2.109
1780272418099,4.330,4.195,5.318,5.270,0.000,0.000,0.729,0.878,20.720,0.927,12.747,13.674,12.752
1780272418166,3.703,1.487,7.096,2.154,0.000,0.000,0.816,1.002,16.258,0.968,12.039,13.007,11.564
1780272418246,3.364,0.145,5.223,0.160,3.830,3.597,0.809,1.013,18.141,7.244,9.010,16.254,18.182
1780272418314,0.484,0.776,3.958,3.440,1.975,2.012,1.345,1.552,15.542,5.641,6.634,12.275,11.394
1780272418375,0.123,1.264,3.521,4.308,1.581,1.458,1.483,1.771,15.509,4.802,6.870,11.672,10.764
1780272418434,0.098,1.159,2.843,3.218,1.078,1.122,4.224,4.665,18.407,9.108,5.551,14.659,13.164
1780272418487,0.109,1.447,2.762,2.908,1.592,1.527,2.012,2.380,14.737,6.227,5.486,11.713,12.752
1780272418546,0.109,1.552,2.573,2.329,1.443,1.450,1.811,2.052,13.319,5.160,5.022,10.182,10.061
1780272418598,0.109,1.738,2.635,2.121,1.447,1.443,1.428,1.698,12.619,4.607,4.932,9.539,9.382
1780272418650,0.185,1.818,2.642,1.308,1.396,1.396,1.643,1.906,12.294,4.680,4.420,9.100,8.630
1780272418725,3.043,1.024,2.741,0.061,1.720,1.396,1.669,1.986,13.640,4.932,5.608,10.540,9.455
1780272418798,4.352,0.776,2.573,0.010,1.417,1.403,1.687,1.917,14.135,4.802,6.748,11.550,10.933
1780272418894,4.417,0.018,2.525,0.007,1.581,1.549,1.862,2.135,14.094,5.364,7.008,12.372,11.539
1780272418953,3.772,0.360,2.795,1.749,1.899,1.552,1.709,1.957,15.793,5.592,7.269,12.861,11.830
1780272419012,3.619,3.619,2.121,5.132,1.374,1.731,1.476,1.691,20.763,5.111,11.306,16.417,15.321
1780272419070,2.861,3.072,2.598,6.065,1.931,1.913,1.235,1.465,21.140,5.470,13.748,19.218,18.497
1780272419130,2.897,3.936,2.719,5.361,2.329,2.314,1.177,1.363,22.096,5.820,14.424,20.244,19.976
1780272419164,2.358,3.349,3.480,4.924,2.077,2.106,1.075,1.246,20.615,5.461,13.569,19.030,18.085
1780272419232,2.369,3.477,3.419,3.080,1.917,2.041,1.224,1.428,18.955,5.299,11.436,16.735,16.024
1780272419291,1.530,2.894,3.353,1.884,1.742,1.658,1.261,1.487,15.809,4.973,8.897,13.870,13.164
1780272419392,0.860,2.843,3.225,0.637,2.117,1.756,0.295,0.371,12.104,4.354,7.203,11.557,11.442
1780272419473,0.149,2.668,0.528,0.900,2.092,1.796,0.178,0.196,8.507,4.078,4.013,8.091,8.000
1780272419537,2.343,1.895,0.116,0.320,1.199,1.458,7.534,8.059,22.924,13.219,2.971,16.190,15.685
1780272419593,0.637,1.866,2.259,0.145,2.274,2.030,1.217,1.410,11.838,7.366,5.771,13.137,17.358
1780272419649,0.200,1.880,3.736,0.120,1.680,1.844,3.830,4.654,17.944,11.330,6.023,17.353,10.764
1780272419699,0.145,1.877,3.225,0.105,2.125,2.092,4.727,5.186,19.482,13.504,5.510,19.014,18.933
1780272419736,1.735,1.786,2.770,2.558,2.361,2.340,4.676,5.143,23.369,13.732,5.518,19.250,18.982
1780272419776,3.473,2.238,0.987,3.349,2.292,2.318,4.548,5.066,24.271,13.610,5.885,19.495,18.861
1780272419839,6.127,2.099,0.083,0.379,2.008,2.059,4.479,4.935,22.169,12.828,7.065,19.893,19.564
1780272419942,5.248,2.329,0.021,0.076,0.102,0.160,0.612,0.532,9.080,2.735,7.114,9.849,9.285
1780272420012,4.873,1.100,0.255,3.619,0.010,0.029,8.642,9.261,27.789,14.481,7.285,21.766,20.097
1780272420065,1.538,1.567,3.528,2.700,0.007,0.021,9.061,9.739,28.161,17.053,6.862,23.915,23.758
1780272420125,2.420,2.664,5.106,1.308,0.000,0.003,1.213,1.414,14.128,5.046,10.061,15.107,21.891
1780272420206,4.188,1.942,3.779,3.838,0.000,0.010,4.534,5.015,23.306,8.140,13.390,21.530,19.976
1780272420257,3.736,1.968,3.083,3.036,3.790,3.419,4.279,4.720,28.031,14.334,11.770,26.104,25.455
1780272420298,2.019,2.394,1.516,2.241,3.010,3.087,4.702,5.205,24.174,14.782,7.195,21.977,22.473
1780272420348,2.445,2.628,0.207,0.776,2.238,2.227,4.986,5.467,20.974,13.992,4.729,18.721,18.545
1780272420430,3.502,2.478,0.083,0.211,2.299,2.267,1.122,1.115,13.077,6.837,4.216,11.053,11.588
1780272420514,0.193,1.483,4.691,0.072,0.944,0.987,8.077,8.645,25.092,15.417,6.194,21.611,21.745
1780272420584,0.083,0.233,0.597,0.076,2.227,2.070,8.693,9.425,23.404,20.488,1.505,21.993,22.376
1780272420652,0.010,0.014,0.025,0.007,2.784,2.828,1.946,2.197,9.811,9.247,0.667,9.914,11.855
1780272420717,0.007,0.003,0.003,0.003,1.713,1.735,5.310,5.682,14.456,13.113,0.610,13.723,12.121
1780272420774,0.094,0.007,0.419,0.003,1.909,2.022,5.788,6.214,16.456,14.798,0.651,15.449,15.830
1780272420815,2.485,1.479,2.566,2.238,1.647,1.541,4.953,5.299,22.208,13.080,11.086,24.166,20.630
1780272420859,5.318,4.523,4.862,3.717,1.691,1.654,4.388,4.716,30.869,12.022,16.670,28.692,27.030
1780272420938,5.026,4.096,4.016,4.155,1.848,1.891,4.231,4.647,29.910,12.055,16.727,28.782,26.691
1780272420992,4.439,4.107,4.078,3.612,2.380,2.332,1.428,1.683,24.059,7.960,15.881,23.841,23.539
1780272421058,4.446,4.122,3.958,3.936,0.178,0.255,0.674,0.820,18.389,2.010,15.807,17.817,16.024
1780272421132,3.699,3.645,3.419,3.240,0.007,0.014,0.801,0.940,15.765,1.017,13.813,14.830,13.406
1780272421184,3.364,3.284,3.127,3.098,0.000,0.003,1.111,1.228,15.215,1.155,12.478,13.633,12.655
1780272421271,2.879,2.784,2.544,2.649,0.003,0.003,1.458,1.629,13.949,1.554,10.883,12.437,11.539
1780272421331,1.312,1.323,1.206,1.210,0.003,0.010,4.975,5.365,15.404,7.928,4.533,12.461,11.661
1780272421389,0.225,0.185,0.142,0.138,0.003,0.010,5.667,6.119,12.489,10.720,1.522,12.242,12.533
1780272421469,0.007,0.007,0.007,0.003,0.003,0.003,1.786,1.840,3.656,3.296,0.594,3.890,2.764
1780272421518,0.003,0.003,0.003,0.007,0.000,0.000,0.481,0.415,0.912,1.041,0.512,1.553,1.358
1780272421582,0.000,0.003,0.003,0.003,0.000,0.000,0.247,0.295,0.551,0.447,0.496,0.943,0.970
1780272421652,0.000,0.000,0.003,0.003,0.000,0.003,1.589,1.786,3.384,1.571,0.504,2.075,2.206
1780272421693,0.000,0.003,0.000,0.003,0.000,0.003,1.826,2.092,3.927,1.953,0.512,2.465,2.691
1780272421750,0.000,0.000,0.003,0.003,0.000,0.003,1.920,2.176,4.105,2.157,0.504,2.661,2.788
1780272421813,0.000,0.003,0.000,0.003,0.000,0.003,1.756,2.015,3.780,2.002,0.496,2.498,2.594
1780272421881,0.003,0.000,0.000,0.003,4.031,0.003,1.436,1.629,7.105,4.330,0.520,4.850,5.091
1780272421951,0.000,0.000,0.003,0.000,3.805,3.761,1.315,1.519,10.403,6.080,0.553,6.633,11.394
1780272422014,0.000,0.000,0.000,0.003,2.547,2.682,1.406,1.603,8.241,5.225,0.561,5.786,9.309
1780272422068,0.000,0.003,0.000,0.003,2.190,2.143,1.304,1.538,7.181,4.509,0.545,5.054,8.364
1780272422127,0.000,0.000,0.000,0.003,2.037,2.095,1.895,2.121,8.151,5.046,0.529,5.575,6.885
1780272422184,0.000,0.000,0.000,0.003,1.673,1.607,5.073,5.318,13.674,10.394,0.561,10.955,11.176
1780272422225,0.000,0.000,0.000,0.003,1.990,1.982,5.299,5.799,15.073,12.527,0.569,13.096,14.376
1780272422275,0.000,0.000,0.000,0.003,1.975,2.055,5.208,5.620,14.861,12.877,0.577,13.454,15.370
1780272422309,0.000,0.000,0.000,0.000,1.957,1.990,5.168,5.620,14.735,12.698,0.569,13.267,16.000
1780272422347,0.000,0.000,0.003,0.003,2.077,2.052,2.278,2.679,9.092,7.106,0.569,7.675,14.958
1780272422417,0.000,0.003,0.000,0.003,1.822,1.928,0.335,0.404,4.495,3.443,0.537,3.980,4.824
1780272422480,0.000,0.000,0.000,0.003,1.111,0.962,4.825,5.099,12.000,9.124,0.545,9.669,3.685
1780272422536,0.000,0.000,0.000,0.003,1.046,1.100,5.292,5.740,13.181,11.412,0.569,11.981,15.006
1780272422590,0.003,0.000,0.000,0.003,1.224,1.162,5.139,5.664,13.195,11.851,0.586,12.437,15.758
1780272422650,0.003,0.000,0.000,0.000,1.534,1.523,2.278,2.445,7.783,5.974,0.561,6.535,9.455
1780272422703,0.003,0.000,0.000,0.003,1.443,1.381,1.312,1.545,5.687,3.866,0.537,4.403,5.309
1780272422758,0.000,0.000,0.000,0.003,0.903,0.947,5.092,5.646,12.591,10.321,0.561,10.882,10.109
1780272422811,0.000,0.000,0.003,0.003,1.075,1.053,5.339,5.901,13.374,11.803,0.577,12.380,13.091
1780272422844,0.003,0.000,0.003,0.003,1.188,1.170,5.256,5.853,13.476,11.998,0.569,12.567,13.188
1780272422892,0.000,0.000,0.003,0.003,1.549,1.516,1.691,1.917,6.679,6.039,0.553,6.592,12.921
1780272422958,0.000,0.000,0.000,0.003,1.352,1.345,0.338,0.298,3.336,2.726,0.512,3.238,3.782
1780272423051,0.003,0.000,0.000,0.003,0.072,0.094,0.138,0.153,0.463,0.667,0.496,1.163,2.061
1780272423109,0.626,0.437,0.437,0.550,0.007,0.007,0.171,0.189,2.424,0.325,0.854,1.179,1.236
1780272423186,5.533,5.788,5.205,6.076,0.000,0.000,0.495,0.597,23.694,0.602,17.956,18.558,18.448
1780272423246,4.585,6.273,0.984,1.049,0.000,0.000,1.177,1.308,15.376,1.245,11.998,13.243,11.564
1780272423316,4.239,3.878,0.594,0.725,0.003,0.010,4.702,5.070,19.221,8.433,8.530,16.963,14.667
1780272423380,3.805,3.233,0.776,0.911,0.003,0.010,4.873,5.420,19.031,9.605,7.464,17.069,16.752
1780272423432,4.002,3.426,0.681,0.984,0.000,0.003,1.188,1.450,11.734,3.264,7.684,10.948,13.745
1780272423471,3.863,3.247,0.667,1.122,0.000,0.000,0.309,0.386,9.594,1.180,7.317,8.497,7.733
1780272423554,3.510,2.875,1.574,1.869,0.000,0.000,0.091,0.098,10.017,0.284,7.358,7.642,7.055
1780272423628,0.503,2.427,6.028,2.916,0.003,0.003,0.105,0.120,12.105,0.236,9.922,10.158,8.897
1780272423706,3.787,2.442,5.737,2.781,0.000,0.000,0.721,0.820,16.288,0.748,11.045,11.793,10.642
1780272423755,5.482,1.162,4.753,5.416,0.000,0.003,0.944,1.100,18.860,1.025,15.254,16.279,14.788
1780272423810,4.720,1.563,4.213,4.990,0.003,0.010,3.794,4.395,23.688,6.666,14.896,21.562,19.103
1780272423859,4.410,1.815,3.881,4.213,0.003,0.010,4.308,4.877,23.517,8.343,13.992,22.335,22.303
1780272423915,3.911,2.245,3.688,3.499,0.003,0.007,4.435,4.873,22.661,8.726,13.137,21.863,20.388
1780272423969,4.045,1.771,3.725,2.813,0.000,0.003,1.899,1.917,16.173,4.013,11.632,15.645,17.503
1780272424026,3.779,0.393,3.488,0.313,0.000,0.003,1.100,1.315,10.391,2.035,7.993,10.028,9.188
1780272424112,2.227,2.664,0.561,0.120,3.725,3.462,0.911,1.082,14.752,7.334,3.842,11.176,13.164
1780272424196,2.504,3.798,0.043,1.035,1.632,1.654,1.301,1.498,13.465,4.761,4.721,9.482,9.406
1780272424279,1.964,6.276,0.010,0.991,1.399,1.472,0.160,0.174,12.446,3.190,7.317,10.507,10.594
1780272424351,2.161,5.893,4.592,0.772,1.377,1.381,0.072,0.080,16.328,2.840,8.392,11.232,10.764
1780272424411,3.083,4.931,3.397,0.448,1.297,1.290,1.129,1.319,16.894,3.687,8.595,12.282,11.176
1780272424470,2.474,4.928,3.429,0.415,0.995,1.009,4.199,4.508,21.957,9.442,7.814,17.256,16.000
1780272424543,2.821,4.822,2.577,0.408,1.293,1.202,4.399,4.873,22.395,11.029,7.879,18.908,19.030
1780272424640,2.999,3.065,0.061,2.114,1.815,1.760,0.736,0.597,13.147,5.470,6.194,11.664,12.145
1780272424721,2.442,2.879,0.269,7.187,1.326,1.330,0.105,0.120,15.658,2.962,10.443,13.405,12.145
1780272424801,2.289,5.307,4.348,5.554,1.140,1.111,0.061,0.072,19.882,2.482,16.035,18.517,17.188
1780272424880,2.110,3.677,4.115,4.917,1.640,1.392,0.087,0.102,18.040,3.101,14.603,17.704,16.291
1780272424939,0.893,3.386,2.595,2.762,2.099,2.106,0.459,0.641,14.941,4.403,8.815,13.218,13.139
1780272424999,3.426,3.932,0.364,1.392,1.826,1.968,0.189,0.200,13.297,3.899,6.430,10.329,10.279
1780272425057,3.619,2.992,0.076,0.477,1.971,1.931,0.134,0.153,11.353,3.890,4.818,8.708,8.315
1780272425151,4.162,2.187,0.561,0.120,2.168,2.289,0.834,0.965,13.286,4.940,4.672,9.612,9.115
1780272425215,2.886,0.426,2.573,5.099,1.862,2.059,0.911,1.075,16.891,4.729,4.753,9.482,8.897
1780272425268,2.332,3.557,1.636,2.854,1.308,1.159,4.195,4.931,21.972,9.873,4.175,14.048,11.079
1780272425338,5.103,6.513,5.616,2.088,1.144,1.235,3.794,4.250,29.743,10.394,15.457,25.851,26.133
1780272425402,6.298,7.249,5.292,2.515,1.928,1.979,0.357,0.462,26.080,5.779,19.674,25.453,23.394
1780272425463,5.810,6.958,4.658,3.583,0.266,0.306,0.094,0.109,21.784,1.546,19.454,21.000,19.733
1780272425526,5.959,2.416,4.807,1.450,0.014,0.010,0.094,0.109,14.859,0.431,12.437,12.868,11.855
1780272425576,5.004,0.251,4.384,0.266,0.003,0.003,0.142,0.156,10.209,0.325,9.694,10.019,9.115
1780272425616,4.126,0.040,4.067,0.040,0.000,0.003,0.648,0.736,9.660,0.732,8.433,9.165,8.145
1780272425688,2.967,0.007,3.510,0.007,0.000,0.003,0.991,1.166,8.651,1.074,6.796,7.870,7.273
1780272425747,2.340,0.003,3.393,0.007,0.000,0.003,1.228,1.483,8.457,1.408,6.031,7.439,6.836
1780272425786,2.150,0.003,3.378,0.007,0.000,0.003,1.286,1.519,8.346,1.457,5.811,7.268,6.642
1780272425858,1.826,0.003,3.225,0.003,0.000,0.003,1.297,1.530,7.887,1.489,5.299,6.788,7.103
1780272425919,1.662,0.003,3.415,0.003,0.000,0.000,0.164,0.145,5.392,0.447,5.331,5.778,6.303
1780272425965,1.534,0.003,3.309,0.007,0.000,0.003,0.014,0.018,4.888,0.227,5.087,5.314,5.842
1780272426019,1.228,0.911,3.273,0.645,0.000,0.000,0.003,0.003,6.063,0.170,4.908,5.078,7.370
1780272426052,3.685,3.834,3.014,1.100,0.000,0.003,0.003,0.003,11.642,0.162,9.181,9.343,6.618
1780272426092,4.388,4.632,1.410,1.450,0.000,0.003,0.000,0.003,11.886,0.170,5.144,5.314,11.200
1780272426125,2.806,2.649,0.382,0.769,0.003,0.000,0.007,0.003,6.619,0.154,2.458,2.612,4.509
1780272426198,0.069,0.036,0.014,0.010,0.000,0.003,0.003,0.003,0.138,0.146,0.740,0.886,1.576
1780272426232,0.014,0.010,0.007,0.003,0.000,0.000,0.003,0.000,0.037,0.138,0.594,0.732,0.727
1780272426271,0.010,0.003,0.003,0.003,0.000,0.000,0.003,0.000,0.022,0.138,0.545,0.683,0.776
1780272426308,0.003,0.003,0.003,0.003,0.000,0.003,0.003,0.003,0.021,0.138,0.529,0.667,0.994
1780272426362,2.810,1.046,1.020,3.203,0.000,0.000,0.000,0.003,8.082,0.138,3.589,3.727,3.515
1780272426435,5.996,4.982,5.919,5.168,0.000,0.000,0.003,0.000,22.068,0.138,20.105,20.243,19.103
1780272426493,5.766,3.805,5.460,5.263,0.000,0.000,0.003,0.000,20.297,0.138,17.387,17.525,15.709
1780272426546,1.177,0.696,0.849,1.348,0.000,0.000,0.003,0.000,4.073,0.154,4.794,4.948,14.691
1780272426586,0.240,0.233,0.174,0.247,0.000,0.000,0.003,0.000,0.897,0.146,1.717,1.863,0.848
1780272426628,0.018,0.014,0.018,0.018,0.000,0.000,0.003,0.000,0.071,0.138,0.862,1.000,0.727
1780272426692,0.003,0.003,0.003,0.003,0.000,0.000,0.003,0.003,0.018,0.138,0.569,0.707,0.727
1780272426739,0.003,0.003,0.003,0.003,0.000,0.000,0.003,0.000,0.015,0.138,0.520,0.658,0.752
1780272426778,0.003,0.003,0.003,0.007,0.000,0.000,0.003,0.000,0.019,0.138,0.512,0.650,0.703
1780272426815,0.007,0.000,0.003,0.003,0.000,0.000,0.003,0.003,0.019,0.138,0.520,0.658,0.727
1780272426843,0.000,0.000,0.000,0.003,0.000,0.003,0.003,0.003,0.012,0.138,0.504,0.642,0.727
1780272426904,0.003,0.000,0.003,0.003,0.000,0.000,0.000,0.003,0.012,0.138,0.512,0.650,0.727
1780272426979,0.000,0.003,0.003,0.003,0.000,0.000,0.003,0.003,0.015,0.138,0.545,0.683,0.752
1780272427012,0.003,0.000,0.000,0.003,0.000,0.000,0.000,0.000,0.006,0.138,0.504,0.642,0.727
1780272427059,0.003,0.000,0.003,0.003,0.000,0.003,0.003,0.003,0.018,0.146,0.520,0.666,0.727
1780272427084,0.000,0.000,0.000,0.003,0.000,0.003,0.003,0.000,0.009,0.138,0.496,0.634,0.727
1780272427124,0.000,0.003,0.000,0.000,0.000,0.000,0.003,0.003,0.009,0.138,0.496,0.634,0.727
1780272427153,0.000,0.000,0.003,0.003,0.000,0.000,0.003,0.003,0.012,0.138,0.496,0.634,0.727
1780272427213,0.000,0.000,0.000,0.003,0.000,0.000,0.003,0.003,0.009,0.138,0.496,0.634,0.752
1780272427279,0.000,0.000,0.000,0.003,0.003,0.018,5.485,6.276,11.785,9.621,0.529,10.150,9.212
1780272427324,0.000,0.000,0.000,0.003,0.003,0.010,6.021,6.466,12.503,11.306,0.537,11.843,13.479
1780272427361,0.000,0.000,0.003,0.007,0.003,0.010,6.141,6.619,12.783,11.803,0.561,12.364,15.952
1780272427425,0.003,0.000,0.000,0.000,0.003,0.014,5.999,6.542,12.561,11.851,0.569,12.420,12.606
1780272427483,0.174,0.174,0.178,0.174,0.003,0.014,5.919,6.422,13.058,11.664,0.667,12.331,12.388
1780272427550,4.264,5.270,5.478,5.598,0.000,0.007,4.304,4.683,29.604,8.840,18.070,26.910,23.612
1780272427589,2.179,5.788,4.833,6.601,0.003,0.010,4.290,4.818,28.522,8.701,18.282,26.983,25.503
1780272427639,2.580,6.061,5.638,5.941,0.000,0.000,1.352,1.359,22.931,3.117,20.105,23.222,23.273
1780272427698,2.711,5.471,4.709,5.387,0.000,0.000,0.499,0.601,19.378,0.993,17.435,18.428,16.267
1780272427775,2.901,4.957,4.847,4.333,0.000,0.000,0.149,0.189,17.376,0.407,15.734,16.141,14.400
1780272427832,2.832,4.548,4.290,4.337,0.000,0.003,0.543,0.652,17.205,0.594,14.407,15.001,13.430
1780272427897,2.496,4.275,4.188,3.404,0.000,0.003,0.944,1.151,16.461,1.001,12.869,13.870,12.267
1780272427967,1.709,3.349,3.619,2.143,0.000,0.010,4.687,5.055,20.572,7.887,9.808,17.695,17.382
1780272428021,1.210,2.314,2.657,1.381,0.003,0.010,5.230,5.682,18.487,9.987,6.048,16.035,15.612
1780272428090,0.083,0.185,0.200,0.105,0.000,0.003,2.223,2.303,5.102,3.988,1.481,5.469,7.442
1780272428146,0.007,0.010,0.010,0.010,0.000,0.003,1.297,1.545,2.882,1.782,0.667,2.449,2.279
1780272428201,0.003,0.007,0.007,0.003,0.000,0.000,0.302,0.375,0.697,0.667,0.561,1.228,1.358
1780272428284,0.003,0.003,0.000,0.003,0.000,0.003,1.359,1.589,2.960,1.334,0.520,1.854,1.842
1780272428338,0.003,0.003,0.000,0.003,0.000,0.003,1.804,2.052,3.868,1.969,0.512,2.481,2.303
1780272428401,0.000,0.000,0.000,0.003,3.382,0.014,4.716,5.062,13.177,10.118,0.545,10.663,7.539
1780272428478,0.000,0.000,0.000,0.003,2.773,2.759,1.625,1.807,8.967,6.406,0.561,6.967,11.030
1780272428541,0.000,0.000,0.000,0.003,1.727,1.742,0.251,0.295,4.018,3.223,0.529,3.752,7.030
1780272428612,0.000,0.000,0.003,0.003,1.370,1.388,0.171,0.196,3.131,2.271,0.512,2.783,5.382
1780272428667,0.000,0.000,0.000,0.003,1.326,1.297,1.162,1.425,5.213,2.946,0.520,3.466,4.048
1780272428724,0.000,0.003,0.000,0.000,0.914,0.987,5.154,5.533,12.591,9.824,0.569,10.393,8.073
1780272428782,0.000,0.000,0.003,0.003,1.180,1.078,5.416,5.883,13.563,11.933,0.561,12.494,13.212
1780272428817,0.000,0.000,0.000,0.003,1.213,1.202,5.307,5.828,13.553,12.112,0.569,12.681,13.139
1780272428862,0.000,0.000,0.000,0.003,1.592,1.490,2.084,2.402,7.571,6.642,0.545,7.187,13.091
1780272428936,0.000,0.000,0.000,0.003,1.352,1.326,1.381,1.589,5.651,3.646,0.520,4.166,4.291
1780272429004,0.000,0.000,0.003,0.003,1.359,1.257,0.863,1.060,4.545,2.938,0.520,3.458,3.782
1780272429066,0.003,0.000,0.000,0.003,1.228,1.235,0.816,0.962,4.247,2.653,0.504,3.157,3.491
1780272429126,0.003,0.000,0.003,0.003,1.239,1.213,1.060,1.217,4.738,2.840,0.504,3.344,3.636
1780272429189,0.000,0.000,0.000,0.003,1.257,1.253,1.075,1.283,4.871,2.897,0.512,3.409,3.806
1780272429242,0.000,0.000,0.000,0.003,1.246,1.268,0.969,1.137,4.623,2.824,0.520,3.344,3.806
1780272429311,0.003,0.000,0.003,0.003,0.127,0.153,1.144,1.352,2.785,1.701,0.504,2.205,2.327
1780272429353,0.000,0.003,0.003,0.003,0.018,0.025,1.191,1.392,2.635,1.416,0.496,1.912,1.964
1780272429404,0.000,0.000,0.000,0.003,0.003,0.007,1.487,1.680,3.180,1.579,0.496,2.075,1.915
1780272429461,0.003,0.000,0.000,0.003,0.003,0.000,1.468,1.705,3.182,1.636,0.512,2.148,2.206
1780272429523,0.000,0.000,0.000,0.000,0.003,0.003,1.199,1.421,2.626,1.351,0.520,1.871,2.012
1780272429585,0.000,0.000,0.000,0.003,0.003,0.000,1.202,1.392,2.600,1.286,0.512,1.798,1.891
1780272429645,5.164,0.954,6.258,0.838,0.000,0.000,0.816,0.969,14.999,0.960,10.606,11.566,10.109
1780272429722,2.434,0.641,7.144,0.342,0.000,0.000,0.914,1.049,12.524,0.993,9.694,10.687,9.552
1780272429774,3.295,0.707,6.010,0.047,0.000,0.000,1.425,1.622,13.106,1.522,8.783,10.305,9.430
1780272429871,3.747,0.010,4.567,0.010,0.000,0.003,1.337,1.570,11.244,1.562,8.131,9.693,8.994
1780272429925,3.550,0.003,3.798,0.007,0.000,0.000,1.494,1.705,10.557,1.693,7.472,9.165,8.582
1780272429979,3.269,0.000,3.185,0.007,0.000,0.003,1.716,2.019,10.199,2.059,6.674,8.733,8.145
1780272430040,2.755,0.000,2.347,0.003,0.003,0.014,4.734,5.230,15.086,8.156,5.567,13.723,12.606
1780272430093,2.883,0.000,1.939,0.007,0.003,0.010,4.997,5.471,15.310,9.597,5.144,14.741,14.885
1780272430153,3.375,0.003,2.431,0.007,0.000,0.003,1.716,2.022,9.557,4.240,5.868,10.108,12.824
1780272430233,3.101,0.003,2.241,0.007,0.000,0.000,0.273,0.357,5.982,0.944,5.689,6.633,5.794
1780272430283,3.360,0.003,1.968,0.007,0.000,0.000,1.027,1.202,7.567,1.164,5.339,6.503,5.721
1780272430364,2.777,2.336,1.826,4.895,0.000,0.003,1.188,1.432,14.457,1.400,8.929,10.329,9.988
1780272430420,1.993,1.942,0.739,4.997,3.400,2.974,7.472,8.062,31.579,16.955,9.800,26.755,19.297
1780272430475,2.536,3.725,1.173,5.190,2.897,2.948,0.947,1.115,20.531,8.701,12.250,20.951,26.570
1780272430557,3.327,2.956,2.157,4.476,1.592,1.589,0.630,0.772,17.499,4.078,12.494,16.572,15.103
1780272430622,0.473,2.773,2.372,0.641,1.235,1.253,4.672,5.077,18.496,10.419,6.349,16.768,15.636
1780272430695,3.287,2.558,1.939,3.958,1.272,1.246,4.764,5.186,24.210,11.648,7.195,18.843,18.303
1780272430755,4.053,2.365,1.665,4.301,1.228,1.228,4.556,4.982,24.378,11.412,8.457,19.869,18.545
1780272430823,4.607,2.901,1.971,4.494,1.614,1.625,0.353,0.477,18.042,4.940,9.808,14.748,13.867
1780272430902,1.982,0.521,2.529,5.011,1.501,1.534,0.072,0.087,13.237,3.256,6.805,10.061,9.333
1780272430983,1.385,0.623,2.212,3.677,2.773,2.168,0.061,0.076,12.975,4.590,5.372,9.962,8.267
1780272431052,3.109,3.087,2.004,2.445,4.614,3.932,0.087,0.098,19.376,8.937,7.757,16.694,14.885
1780272431116,3.189,1.472,3.550,2.536,5.179,4.811,0.400,0.517,21.654,9.922,10.614,20.536,20.024
1780272431174,4.071,3.732,2.813,2.132,4.508,4.855,0.794,0.933,23.838,9.979,12.861,22.840,21.455
1780272431248,2.161,4.100,3.980,2.205,1.735,1.946,3.947,4.304,24.378,10.875,13.365,24.240,22.303
1780272431307,1.855,3.254,1.592,1.213,1.680,1.640,4.694,5.099,21.027,12.161,6.324,18.485,18.642
1780272431358,0.251,0.579,0.386,0.222,1.527,1.636,4.836,5.383,14.820,12.641,2.051,14.692,15.758
1780272431455,0.080,0.102,1.279,1.589,1.767,1.767,1.643,1.899,10.126,6.422,0.976,7.398,7.855
1780272431529,0.349,1.159,1.206,2.314,1.498,1.523,0.338,0.404,8.791,3.606,1.823,5.429,5.358
1780272431604,0.032,0.069,0.076,0.083,1.454,1.454,0.156,0.178,3.502,3.133,0.667,3.800,3.685
1780272431639,0.003,0.010,0.014,0.018,1.326,1.366,0.987,1.078,4.802,3.549,0.586,4.135,3.636
1780272431687,0.069,0.492,0.634,0.080,1.330,1.326,1.355,1.592,6.878,4.110,0.716,4.826,4.606
1780272431772,0.532,5.616,7.235,0.408,1.188,1.239,1.100,1.290,18.608,3.736,11.363,15.099,14.788
1780272431831,0.426,4.990,7.464,0.408,1.530,1.388,0.947,1.104,18.257,3.972,12.812,16.784,14.352
1780272431885,1.337,6.072,5.635,0.266,1.574,1.662,0.995,1.213,18.754,4.297,10.484,14.781,15.442
1780272431959,3.018,5.955,3.032,1.301,1.946,1.760,1.097,1.246,19.355,4.932,8.954,13.886,12.533
1780272432033,3.207,6.294,2.474,0.674,2.157,2.015,1.301,1.501,19.623,5.470,8.766,14.236,13.624
1780272432089,2.055,5.591,2.369,0.834,1.931,2.318,1.323,1.560,17.981,5.689,8.001,13.690,12.679
1780272432161,1.027,5.019,1.997,2.864,1.673,1.341,4.209,4.516,22.646,10.134,7.293,17.427,15.345
1780272432217,0.269,4.548,1.246,5.299,1.829,2.267,1.767,2.052,19.277,7.187,9.019,16.206,15.491
1780272432287,0.072,3.823,0.134,5.850,2.529,2.409,0.754,0.922,16.493,5.852,9.434,15.286,14.497
1780272432354,1.454,2.992,0.014,4.993,2.402,2.354,0.772,0.918,15.899,5.600,7.855,13.455,12.873
1780272432396,1.450,2.128,0.040,4.570,2.391,2.412,1.038,1.257,15.286,5.991,6.682,12.673,11.685
1780272432469,5.412,1.239,0.295,4.308,2.715,2.598,1.038,1.235,18.840,6.585,8.416,15.001,13.842
1780272432549,5.485,0.164,0.801,8.131,2.693,2.555,0.783,0.925,21.537,6.316,12.698,19.014,17.164
1780272432594,5.500,0.670,2.628,6.283,2.580,2.715,0.765,0.947,22.088,6.161,13.015,19.176,18.667
1780272432635,5.434,2.241,2.959,6.878,2.208,2.219,0.852,1.009,23.800,5.502,14.717,20.219,17.915
1780272432711,5.711,3.761,3.655,5.529,2.391,2.434,0.801,0.973,25.255,5.844,16.296,22.140,19.661
1780272432771,1.297,0.834,5.303,4.490,2.646,2.653,1.097,1.301,19.621,6.430,9.702,16.132,17.091
1780272432846,2.128,1.498,4.530,1.392,2.722,2.788,1.304,1.519,17.881,6.967,6.951,13.918,13.091
1780272432903,3.583,5.288,3.688,4.614,2.394,2.321,0.841,1.020,23.749,5.860,16.223,22.083,19.879
1780272432943,3.787,6.320,3.014,5.212,2.281,2.383,0.882,1.060,24.939,5.811,17.321,23.132,21.503
1780272433044,3.954,4.913,3.364,4.993,0.145,0.120,1.082,1.283,19.854,2.181,16.467,18.648,18.012
1780272433106,3.958,3.925,3.262,3.860,0.007,0.010,1.283,1.523,17.828,1.823,14.245,16.068,15.273
1780272433163,3.604,0.495,3.524,0.481,0.003,0.007,1.731,1.964,11.809,2.173,8.547,10.720,10.667
1780272433224,2.263,0.029,2.682,0.025,0.000,0.003,1.756,1.979,8.737,2.205,5.567,7.772,7.976
1780272433296,1.731,0.054,2.708,0.007,0.000,0.003,1.479,1.720,7.702,1.831,4.818,6.649,6.109
1780272433367,0.903,5.318,2.365,3.812,0.000,0.003,1.046,1.217,14.664,1.367,11.973,13.340,11.806
1780272433436,1.899,5.369,3.127,2.482,0.000,0.000,0.251,0.298,13.426,0.561,12.682,13.243,11.927
1780272433487,1.603,4.651,2.908,2.945,0.000,0.000,0.189,0.229,12.525,0.415,11.941,12.356,11.927
1780272433575,2.044,3.615,2.872,1.399,0.000,0.000,0.233,0.306,10.469,0.415,10.313,10.728,10.012
1780272433616,2.197,3.411,2.704,2.456,0.000,0.003,0.878,1.024,12.673,1.050,10.630,11.680,10.642
1780272433660,2.143,2.875,2.387,2.238,0.000,0.003,1.454,1.676,12.776,1.644,9.531,11.175,10.448
1780272433715,2.172,2.697,2.321,2.052,0.000,0.003,1.257,1.494,11.996,1.571,9.328,10.899,9.818
1780272433777,1.731,1.858,1.727,1.476,0.003,0.010,4.465,4.851,16.121,8.009,7.098,15.107,13.018
1780272433824,1.698,1.625,1.447,1.458,0.003,0.010,4.815,5.365,16.421,9.295,6.634,15.929,15.588
1780272433895,0.488,0.528,0.550,0.317,0.000,0.000,0.721,0.860,3.464,2.262,2.328,4.590,5.236
1780272433956,0.043,0.058,0.058,0.043,0.000,0.003,0.116,0.134,0.455,0.895,0.822,1.717,1.479
1780272433998,0.003,0.010,0.010,0.007,0.003,0.021,7.104,8.591,15.749,12.706,0.610,13.316,9.382
1780272434082,0.000,0.003,0.003,0.003,0.007,0.021,9.385,10.096,19.518,17.973,0.561,18.534,19.176
1780272434141,0.000,0.003,0.003,0.003,0.003,0.014,6.112,6.805,12.943,12.893,0.529,13.422,13.503
1780272434178,0.000,0.007,0.000,0.003,0.003,0.014,5.893,6.520,12.440,12.030,0.529,12.559,12.412
1780272434222,0.003,0.000,0.000,0.003,0.003,0.014,5.751,6.418,12.192,11.656,0.545,12.201,12.291
1780272434283,0.003,0.000,0.000,0.003,0.003,0.010,5.784,6.211,12.014,11.412,0.561,11.973,12.024
1780272434333,0.000,0.000,0.000,0.003,0.003,0.010,5.547,6.163,11.726,11.151,0.545,11.696,11.855
1780272434385,0.003,0.000,0.000,0.000,0.003,0.010,5.602,5.992,11.610,10.956,0.561,11.517,11.661
1780272434460,0.003,0.003,0.003,0.003,4.454,0.003,0.951,1.188,6.608,5.502,0.529,6.031,8.897
1780272434544,0.000,0.000,0.000,0.003,2.460,2.270,8.175,8.711,21.619,16.068,0.634,16.702,19.709
1780272434600,0.003,0.000,0.000,0.003,2.649,2.460,0.812,0.933,6.860,6.658,0.577,7.235,13.891
1780272434655,0.003,0.000,0.000,0.000,2.019,2.030,1.589,1.756,7.397,4.949,0.545,5.494,7.467
1780272434712,0.003,0.003,0.000,0.003,1.428,1.691,5.332,5.726,14.186,11.257,0.561,11.818,11.273
1780272434745,0.000,0.000,0.000,0.000,1.541,1.574,5.562,6.105,14.782,12.551,0.561,13.112,14.618
1780272434798,0.000,0.000,0.000,0.003,1.534,1.246,5.595,6.061,14.439,12.836,0.569,13.405,14.230
1780272434847,0.000,0.000,0.000,0.003,1.188,1.286,5.456,5.835,13.768,12.340,0.577,12.917,14.788
1780272434887,0.415,0.331,0.415,0.477,1.140,1.206,5.339,5.759,15.082,12.047,0.846,12.893,16.024
1780272434949,4.403,3.419,4.723,4.607,0.944,0.954,4.392,4.884,28.326,10.427,11.428,21.855,21.988
1780272435018,4.461,2.292,6.123,6.695,1.326,1.239,1.312,1.570,25.018,4.403,18.021,22.424,21.261
1780272435097,3.491,1.895,5.164,5.584,0.098,0.138,3.907,4.333,24.610,7.602,15.506,23.108,20.679
1780272435150,3.593,2.624,4.155,4.847,0.010,0.021,4.614,5.000,24.864,8.848,14.774,23.622,22.376
1780272435198,3.262,2.464,3.830,4.377,0.003,0.014,4.643,4.993,23.586,8.986,13.838,22.824,21.479
1780272435242,3.280,2.817,3.539,4.071,0.003,0.010,4.468,4.990,23.178,8.978,13.463,22.441,20.921
1780272435308,3.174,3.105,3.415,3.907,0.003,0.000,0.805,0.900,15.309,2.100,13.284,15.384,13.479
1780272435366,3.152,2.788,3.105,3.794,0.003,0.000,0.185,0.247,13.274,0.586,12.462,13.048,11.661
1780272435407,3.014,2.959,2.843,3.313,0.000,0.003,0.120,0.138,12.390,0.350,11.925,12.275,11.006
1780272435460,2.941,2.577,2.748,3.018,0.000,0.000,0.123,0.138,11.545,0.276,11.119,11.395,10.400
1780272435541,2.504,2.496,2.340,2.609,0.000,0.000,0.798,0.995,11.742,0.846,9.735,10.581,9.745
1780272435634,0.725,2.245,0.492,2.325,0.003,0.000,1.487,1.716,8.993,1.571,5.641,7.212,6.836
1780272435691,2.019,1.767,2.066,1.724,0.000,0.003,1.596,1.822,10.997,1.790,7.553,9.343,7.152
1780272435737,1.261,1.523,2.125,1.490,0.003,0.010,4.377,5.073,15.862,7.610,6.552,14.162,11.394
1780272435792,3.214,1.180,0.298,0.390,4.064,3.528,4.570,4.982,22.226,14.879,3.166,18.045,18.812
1780272435854,3.134,1.381,0.021,0.193,2.416,2.591,1.782,2.146,13.664,8.620,2.726,11.346,13.503
1780272435936,0.258,1.293,3.601,0.087,1.487,1.454,1.140,1.348,10.668,4.420,5.323,9.743,8.461
1780272435988,0.109,1.964,3.721,0.083,1.370,1.410,0.291,0.262,9.210,3.321,5.754,9.075,8.655
1780272436070,0.054,1.979,3.080,0.061,1.374,1.355,0.149,0.167,8.219,3.272,5.461,8.733,8.752
1780272436144,3.236,1.899,2.584,3.561,1.264,1.312,1.020,1.162,16.038,3.646,6.682,10.328,10.012
1780272436205,3.572,1.920,1.450,4.115,1.057,1.115,4.399,4.727,22.355,9.377,7.179,16.556,14.545
1780272436256,4.096,2.303,1.425,3.630,1.476,1.370,4.483,4.928,23.711,11.436,7.505,18.941,18.424
1780272436311,3.163,1.986,1.308,2.624,1.840,2.030,4.476,4.913,22.340,12.494,6.153,18.647,17.455
1780272436374,1.403,2.638,2.048,1.399,2.919,3.302,1.359,1.640,16.708,8.685,5.616,14.301,14.230
1780272436453,4.490,1.993,1.935,4.734,2.052,2.150,0.747,0.929,19.030,5.315,12.087,17.402,15.030
1780272436512,3.138,2.726,1.330,0.656,1.840,1.829,4.086,4.592,20.197,10.687,6.398,17.085,15.903
1780272436585,4.381,2.897,0.215,0.295,2.631,3.641,1.654,1.913,17.627,8.766,5.925,14.691,13.600
1780272436671,5.547,4.931,0.021,1.862,3.098,3.058,1.155,1.304,20.976,7.602,9.499,17.101,16.000
1780272436722,5.103,4.720,3.521,2.803,2.806,3.076,3.280,3.674,28.983,11.282,11.819,23.101,18.861
1780272436779,5.904,2.190,6.765,3.167,2.813,2.755,3.316,3.677,30.587,12.470,15.531,28.001,26.739
1780272436837,1.279,4.454,7.144,1.713,2.587,2.806,3.510,3.878,27.371,12.722,12.429,25.151,23.879
1780272436889,1.071,4.049,6.448,0.375,2.992,2.883,1.545,1.629,20.992,8.603,11.550,20.153,20.582
1780272436960,3.932,4.931,4.990,3.437,2.387,2.857,0.736,0.874,24.144,6.243,14.888,21.131,19.927
1780272437001,4.075,4.651,4.322,3.896,2.376,2.303,0.630,0.765,23.018,5.584,15.205,20.789,18.715
1780272437057,4.188,4.640,4.045,4.177,0.426,0.517,0.976,1.097,20.066,2.580,16.035,18.615,17.164
1780272437129,4.075,4.005,3.470,4.027,0.010,0.021,1.089,1.304,18.001,1.628,15.067,16.695,15.273
1780272437207,3.524,3.437,3.083,3.583,0.003,0.003,1.268,1.454,16.355,2.075,13.121,15.196,13.624
1780272437269,3.327,0.641,3.127,0.382,0.003,0.003,1.242,1.425,10.150,1.741,7.789,9.530,8.776
1780272437326,2.741,0.032,2.810,0.029,0.003,0.003,1.286,1.494,8.398,1.587,5.665,7.252,6.764
1780272437380,1.855,0.007,2.340,0.007,0.000,0.003,1.345,1.563,7.120,1.636,4.436,6.072,5.697
1780272437448,1.002,0.003,2.318,0.007,0.000,0.003,1.385,1.600,6.318,1.660,3.638,5.298,5.042
1780272437534,0.619,3.572,2.489,1.982,0.003,0.003,1.162,1.304,11.134,1.416,6.552,7.968,7.006
1780272437608,0.641,5.671,2.664,3.637,0.000,0.000,0.965,1.170,14.748,1.277,12.283,13.560,12.412
1780272437671,1.264,5.161,3.028,2.956,0.000,0.000,0.255,0.306,12.970,0.520,12.055,12.575,12.727
1780272437756,1.796,4.024,2.912,2.628,0.000,0.000,0.149,0.167,11.676,0.301,11.159,11.460,10.764
1780272437801,1.928,3.546,2.832,2.332,0.000,0.003,0.739,0.954,12.334,0.870,10.541,11.411,10.230
1780272437850,2.070,2.930,2.547,2.128,0.000,0.000,0.980,1.137,11.792,1.131,9.743,10.874,10.279
1780272437919,2.052,2.697,2.522,1.786,0.000,0.003,1.137,1.326,11.523,1.367,9.084,10.451,9.333
1780272437987,2.154,2.117,2.048,1.968,0.000,0.003,0.189,0.262,8.741,0.447,8.457,8.904,8.339
1780272438065,1.946,2.048,2.004,1.665,0.000,0.000,0.116,0.131,7.910,0.268,7.692,7.960,7.418
1780272438126,1.293,1.348,1.315,1.115,0.007,0.018,7.198,7.636,19.930,9.279,5.168,14.447,6.933
1780272438197,0.134,0.112,0.105,0.109,0.000,0.000,0.831,0.969,2.260,2.271,1.147,3.418,4.509
1780272438282,0.003,0.003,0.007,0.003,0.003,0.003,1.498,1.724,3.244,1.538,0.520,2.058,1.430
1780272438345,0.000,0.003,0.003,0.000,0.003,0.010,5.248,5.693,10.960,9.483,0.512,9.995,9.745
1780272438391,0.000,0.000,0.003,0.000,0.003,0.010,5.445,5.879,11.340,10.695,0.520,11.215,11.733
1780272438444,0.000,0.003,0.000,0.003,0.000,0.003,1.669,1.964,3.642,4.208,0.512,4.720,7.539
1780272438509,0.000,0.000,0.003,0.003,0.000,0.000,0.240,0.247,0.493,0.822,0.480,1.302,1.091
1780272438575,0.003,0.000,0.003,0.003,0.000,0.000,0.087,0.105,0.201,0.317,0.512,0.829,0.848
1780272438642,0.007,0.003,0.000,0.003,4.209,0.003,0.091,0.109,4.425,3.044,0.496,3.540,4.315
1780272438710,0.000,0.000,0.000,0.003,3.349,3.287,0.087,0.105,6.831,4.379,0.529,4.908,9.212
1780272438783,0.000,0.000,0.000,0.003,2.372,2.256,0.123,0.138,4.892,3.418,0.537,3.955,6.836
1780272438825,0.000,0.000,0.000,0.003,1.990,1.982,0.831,0.933,5.739,3.606,0.537,4.143,5.600
1780272438864,0.000,0.000,0.000,0.003,1.833,2.059,1.188,1.363,6.446,3.801,0.512,4.313,5.309
1780272438932,0.003,0.000,0.000,0.003,1.851,1.556,5.139,5.576,14.128,10.866,0.553,11.419,11.709
1780272438971,0.003,0.000,0.000,0.003,1.563,1.687,5.325,5.853,14.434,12.389,0.553,12.942,14.642
1780272439025,0.000,0.000,0.000,0.003,2.022,2.015,5.205,5.700,14.945,13.007,0.569,13.576,15.733
1780272439093,0.000,0.000,0.000,0.003,1.840,1.848,5.285,5.799,14.775,12.958,0.594,13.552,15.685
1780272439164,0.000,0.000,0.000,0.000,1.993,2.150,1.742,2.092,7.977,6.682,0.553,7.235,6.933
1780272439231,0.000,0.000,0.000,0.003,1.348,1.144,5.183,5.631,13.309,10.980,0.553,11.533,11.758
1780272439293,0.003,0.003,0.000,0.003,1.195,1.184,5.267,5.646,13.301,11.819,0.553,12.372,14.473
1780272439345,0.000,0.003,0.000,0.003,1.600,1.549,1.472,1.764,6.391,5.852,0.561,6.413,12.461
1780272439400,0.000,0.003,0.000,0.003,1.396,1.414,0.244,0.284,3.344,2.832,0.529,3.361,5.358
1780272439451,0.000,0.000,0.000,0.003,1.297,1.308,0.131,0.149,2.888,2.214,0.504,2.718,3.418
1780272439495,0.000,0.000,0.000,0.000,0.933,0.878,4.523,4.702,11.036,9.173,0.520,9.693,7.103
1780272439544,0.000,0.000,0.000,0.003,1.035,1.057,5.398,5.908,13.401,11.444,0.553,11.997,13.018
1780272439604,0.003,0.000,0.000,0.003,1.173,1.148,5.456,5.901,13.684,12.177,0.586,12.763,13.285
1780272439682,0.000,0.003,0.000,0.003,1.512,1.476,1.709,2.022,6.725,5.632,0.586,6.218,6.885
1780272439744,0.003,0.000,0.000,0.003,1.315,1.352,0.255,0.313,3.241,2.824,0.520,3.344,3.661
1780272439828,3.426,3.236,3.597,3.787,0.105,0.123,0.076,0.083,14.433,0.691,6.682,7.373,6.715
1780272439885,4.392,4.191,6.269,6.090,0.007,0.010,0.069,0.076,21.104,0.301,18.689,18.990,14.473
1780272439940,3.419,3.222,6.396,6.057,0.000,0.003,0.368,0.462,19.927,0.447,17.671,18.118,17.212
1780272440005,3.295,3.568,5.478,5.398,0.000,0.000,0.430,0.535,18.704,0.520,16.866,17.386,15.176
1780272440061,3.025,2.777,4.716,4.931,0.000,0.003,0.969,1.144,17.565,1.009,14.896,15.905,14.764
1780272440122,3.630,3.488,3.940,4.027,0.000,0.003,1.111,1.323,17.522,1.229,14.497,15.726,14.255
1780272440180,2.365,2.722,3.316,3.295,0.003,0.010,4.548,4.902,21.161,7.700,11.868,19.568,18.279
1780272440221,2.558,2.380,2.620,2.620,3.455,3.196,4.199,4.563,25.591,13.479,10.101,23.580,23.127
1780272440258,2.383,2.263,2.281,2.321,3.018,2.912,4.337,4.749,24.264,13.601,9.450,23.051,23.200
1780272440347,2.646,2.511,2.485,2.617,1.818,1.840,1.217,1.490,16.624,5.803,10.012,15.815,15.055
1780272440405,2.354,2.376,2.398,2.434,1.498,1.505,1.006,1.180,14.751,4.265,9.483,13.748,12.727
1780272440460,2.372,2.092,2.176,2.263,1.406,1.410,1.217,1.443,14.379,4.167,8.823,12.990,12.024
1780272440518,1.702,1.848,1.807,1.643,1.027,1.071,4.151,4.840,18.089,9.637,7.098,16.735,15.903
1780272440572,1.855,1.425,1.366,1.607,1.184,1.184,4.523,5.008,18.152,11.534,6.414,17.948,17.285
1780272440651,1.519,1.410,1.304,1.461,1.337,1.312,4.545,4.960,17.848,11.680,5.966,17.646,17.236
1780272440691,1.275,1.374,1.177,1.093,1.006,1.031,7.392,8.755,23.103,16.280,4.932,21.212,19.176
1780272440737,0.933,0.841,0.692,1.053,1.162,1.108,9.097,9.834,24.720,19.332,3.972,23.304,23.127
1780272440795,1.603,1.600,1.425,1.479,1.891,1.858,2.004,2.285,14.145,7.488,6.446,13.934,15.055
1780272440881,0.222,1.447,1.498,0.218,1.071,1.133,4.858,5.259,15.706,10.826,3.760,14.586,13.988
1780272440947,4.855,1.148,0.164,0.105,1.290,1.232,5.033,5.438,19.265,12.144,3.524,15.668,16.170
1780272440995,1.173,0.940,0.634,0.102,1.334,1.330,4.913,5.460,15.886,12.380,2.328,14.708,14.885
1780272441038,1.151,0.787,1.355,0.320,1.239,1.268,4.847,5.183,16.150,11.876,4.102,15.978,14.109
1780272441104,2.230,1.111,2.143,1.275,1.210,1.221,4.548,4.917,18.655,11.322,6.682,18.004,17.236
1780272441172,1.738,1.286,1.585,1.348,2.274,1.578,4.261,4.709,18.779,12.210,6.178,18.388,17.576
1780272441225,1.720,1.381,1.490,1.454,1.888,2.084,4.180,4.581,18.778,12.617,6.210,18.827,17.891
1780272441280,0.663,1.745,1.902,0.543,2.106,2.343,1.519,1.793,12.614,7.969,5.014,12.983,15.079
1780272441321,0.313,1.753,1.826,0.200,2.336,2.372,0.929,1.006,10.735,6.048,4.395,10.443,9.794
1780272441405,3.834,1.986,1.727,3.852,2.055,2.143,0.623,0.754,16.974,4.973,5.673,10.646,10.812
1780272441473,3.003,1.928,1.702,3.692,1.764,1.968,1.133,1.290,16.480,5.079,6.113,11.192,10.085
1780272441531,2.945,2.132,1.111,3.273,1.308,1.246,4.078,4.428,20.521,9.580,5.787,15.367,14.570
1780272441575,5.212,1.614,0.404,1.188,1.410,1.523,4.180,4.607,20.138,11.070,5.803,16.873,16.364
1780272441627,5.248,2.022,0.036,0.149,2.325,2.012,4.009,4.370,20.171,11.965,7.236,19.201,16.897
1780272441707,4.804,4.228,1.279,0.903,3.630,3.739,3.499,3.798,25.880,13.943,9.002,22.945,21.236
1780272441761,1.556,5.241,6.313,0.776,3.812,3.772,3.145,3.513,28.128,13.740,11.428,25.168,23.588
1780272441815,3.222,3.233,7.326,3.830,3.069,3.604,3.069,3.437,30.790,12.649,13.292,25.941,24.388
1780272441878,2.803,0.535,4.877,3.768,2.974,3.094,1.312,1.494,20.857,8.262,6.332,14.594,17.915
1780272441964,2.872,3.214,1.917,3.189,2.402,2.103,0.765,0.929,17.391,5.820,6.715,12.535,9.697
1780272442035,5.420,5.274,4.771,4.548,1.895,2.504,0.240,0.306,24.958,4.892,18.542,23.434,21.042
1780272442089,4.800,4.997,4.268,4.898,2.613,2.289,0.390,0.495,24.750,5.315,17.476,22.791,21.842
1780272442144,4.359,4.454,3.892,3.925,2.668,2.504,0.309,0.419,22.530,5.461,16.003,21.464,19.903
1780272442231,3.765,0.251,3.677,0.200,2.489,2.609,1.020,1.206,15.217,6.113,7.952,14.065,13.576
1780272442291,2.828,0.112,3.039,0.069,2.500,2.274,1.126,1.301,13.249,6.072,6.267,12.339,11.442
1780272442357,2.012,3.983,2.631,2.937,2.026,2.183,0.634,0.729,17.135,5.006,11.412,16.418,15.006
1780272442410,2.201,3.849,2.416,3.313,2.624,2.252,0.451,0.579,17.685,5.291,11.746,17.037,15.612
1780272442501,2.187,3.076,2.391,2.525,2.343,2.176,0.153,0.182,15.033,4.745,10.158,14.903,14.303
1780272442560,2.325,2.675,2.398,2.157,2.241,2.358,0.160,0.178,14.492,4.713,9.540,14.253,13.309
1780272442615,2.048,2.296,2.135,1.975,2.325,2.329,0.138,0.153,13.399,4.770,8.669,13.439,12.630
1780272442678,0.368,2.241,0.335,2.066,2.416,2.471,0.164,0.185,10.246,4.916,5.339,10.255,9.721
1780272442764,0.123,1.483,0.043,1.545,2.154,2.154,0.677,0.834,9.013,4.973,3.760,8.733,8.315
1780272442837,2.504,1.144,1.669,1.592,2.103,2.012,0.878,1.002,12.904,4.997,7.236,12.233,10.715
1780272442919,0.196,1.363,0.069,2.004,0.182,0.244,1.483,1.764,7.305,2.938,4.061,6.999,5.939
1780272443013,0.010,0.860,0.010,1.771,0.007,0.007,1.425,1.592,5.682,1.929,3.101,5.030,4.655
1780272443083,2.897,0.277,0.743,1.563,0.003,0.003,0.258,0.240,5.984,0.618,5.185,5.803,6.061
1780272443158,3.601,0.018,1.720,1.129,0.007,0.018,8.675,9.440,24.608,15.018,6.707,21.725,21.212
1780272443213,3.499,0.557,2.263,2.358,0.000,0.000,1.647,1.199,11.523,4.216,8.042,12.258,14.230
1780272443276,3.648,1.268,1.731,2.464,0.000,0.003,1.242,1.355,11.711,1.684,9.426,11.110,8.267
1780272443338,2.004,1.057,1.479,1.680,0.003,0.010,4.607,5.183,16.023,8.465,6.446,14.911,15.418
1780272443379,2.190,0.973,1.093,1.840,0.003,0.010,4.917,5.303,16.329,9.393,6.723,16.116,15.273
1780272443458,2.052,1.049,1.104,1.990,0.000,0.003,1.767,1.928,9.893,3.589,6.544,10.133,13.964
1780272443539,2.274,0.072,0.051,2.427,0.000,0.000,0.266,0.258,5.348,0.748,5.152,5.900,4.970
1780272443600,0.503,5.777,6.786,0.641,4.151,3.860,0.083,0.102,21.903,6.764,10.598,17.362,19.588
1780272443664,0.098,1.272,3.717,0.047,1.527,1.618,7.920,8.368,24.567,17.501,2.531,20.032,13.624
1780272443725,0.010,0.156,0.550,0.003,2.292,2.150,1.381,1.596,8.138,9.157,0.838,9.995,17.479
1780272443816,0.000,0.003,0.010,0.000,1.020,1.119,5.146,5.616,12.914,11.949,0.553,12.502,10.594
1780272443860,0.000,0.003,0.003,0.003,1.257,1.210,5.310,5.791,13.577,12.673,0.537,13.210,13.503
1780272443912,0.000,0.000,0.000,0.003,0.273,0.200,5.485,5.904,11.865,11.298,0.545,11.843,12.630
1780272443967,0.003,0.003,0.003,0.003,0.014,0.018,1.618,1.935,3.597,3.451,0.520,3.971,4.024
1780272444052,0.000,0.003,0.003,0.003,5.412,0.003,0.211,0.284,5.919,3.923,0.512,4.435,5.309
1780272444124,0.003,0.000,0.000,0.003,3.342,3.309,0.120,0.134,6.911,4.721,0.553,5.274,9.939
1780272444183,0.000,0.000,0.000,0.003,1.716,1.676,0.123,0.134,3.652,2.865,0.545,3.410,6.327
1780272444249,0.000,0.000,0.000,0.003,1.337,1.432,0.896,1.170,4.838,2.873,0.520,3.393,5.188
1780272444310,0.000,0.000,0.000,0.003,1.286,1.275,1.210,1.359,5.133,2.979,0.504,3.483,4.315
1780272444364,0.000,0.000,0.000,0.003,0.929,0.973,5.062,5.445,12.412,9.637,0.529,10.166,8.921
1780272444421,0.003,0.000,0.000,0.003,1.210,1.180,5.478,5.926,13.800,12.030,0.561,12.591,13.576
1780272444456,0.000,0.000,0.000,0.003,1.261,1.301,5.339,5.923,13.827,12.299,0.545,12.844,13.430
1780272444496,0.000,0.000,0.000,0.003,1.275,1.323,5.318,5.813,13.732,12.291,0.553,12.844,13.358
1780272444582,0.000,0.003,0.000,0.000,1.618,1.603,1.614,1.920,6.758,5.641,0.529,6.170,6.764
1780272444649,0.003,0.000,0.000,0.003,1.702,1.753,0.200,0.244,3.905,3.085,0.520,3.605,3.539
1780272444717,0.003,0.000,0.000,0.003,2.022,1.950,0.102,0.112,4.192,2.962,0.512,3.474,3.539
1780272444786,0.000,0.000,0.000,0.003,1.924,1.986,0.123,0.138,4.174,2.922,0.520,3.442,4.121
1780272444855,0.003,0.000,0.000,0.003,1.760,1.764,0.149,0.160,3.839,2.678,0.504,3.182,3.539
1780272444910,0.000,0.000,0.000,0.003,1.567,1.592,0.995,1.108,5.265,3.052,0.529,3.581,3.976
1780272444959,0.000,0.000,0.000,0.003,1.432,1.242,0.933,1.078,4.688,2.792,0.520,3.312,4.364
1780272445011,0.000,0.000,0.000,0.003,1.155,1.279,1.228,1.436,5.101,2.987,0.537,3.524,5.964
1780272445082,0.003,0.000,0.000,0.003,1.304,1.272,1.381,1.570,5.533,3.215,0.520,3.735,5.697
1780272445122,0.000,0.000,0.003,0.003,1.206,1.261,1.458,1.691,5.622,3.264,0.512,3.776,4.873
1780272445177,0.000,0.000,0.000,0.003,0.882,0.900,4.676,5.431,11.892,9.450,0.545,9.995,7.539
1780272445231,0.000,0.000,0.000,0.000,1.071,1.119,5.580,5.934,13.704,11.843,0.561,12.404,13.261
1780272445288,0.000,0.000,0.000,0.003,1.184,1.155,5.387,5.875,13.604,12.177,0.569,12.746,13.261
1780272445338,0.003,0.000,0.000,0.003,1.217,1.188,5.343,5.773,13.527,12.128,0.569,12.697,13.067
1780272445407,0.000,0.000,0.000,0.003,1.549,1.534,1.188,1.253,5.527,4.623,0.537,5.160,11.952
1780272445456,0.000,0.000,0.000,0.003,1.341,1.374,0.273,0.338,3.329,2.661,0.512,3.173,3.685
1780272445512,0.000,0.000,0.000,0.003,1.261,1.253,0.087,0.102,2.706,2.124,0.504,2.628,2.958
1780272445596,0.000,0.000,0.000,0.003,0.109,0.131,0.083,0.112,0.438,0.618,0.496,1.114,1.842
1780272445661,0.000,0.000,0.000,0.003,0.010,0.010,0.153,0.167,0.343,0.317,0.504,0.821,0.897
1780272445713,0.003,0.000,0.000,0.003,0.003,0.003,0.805,0.940,1.757,0.740,0.512,1.252,1.139
1780272445790,0.000,0.000,0.000,0.003,0.000,0.003,1.494,1.640,3.140,1.473,0.496,1.969,2.158
1780272445853,0.900,0.998,0.878,1.053,0.000,0.003,1.406,1.611,6.849,1.497,1.774,3.271,3.176
1780272445930,4.501,4.086,5.934,5.788,0.000,0.000,0.998,1.184,22.491,1.180,15.197,16.377,16.097
1780272445983,3.134,3.393,6.418,6.203,0.000,0.000,0.969,1.119,21.236,1.123,17.704,18.827,15.879
1780272446032,3.645,0.798,6.294,1.370,0.000,0.003,1.242,1.425,14.777,1.351,11.680,13.031,14.836
1780272446143,3.940,0.007,3.841,0.014,0.000,0.003,1.618,1.807,11.230,1.790,7.985,9.775,9.527
1780272446197,3.090,3.823,2.711,5.044,0.000,0.000,1.246,1.406,17.320,1.473,13.447,14.920,13.261
1780272446259,2.824,1.705,2.777,6.458,0.000,0.003,1.450,1.694,16.911,1.701,13.227,14.928,13.770
1780272446321,2.569,1.283,2.427,5.128,0.003,0.007,4.483,4.800,20.700,7.553,11.493,19.046,17.600
1780272446361,2.759,3.007,2.525,4.545,0.000,0.003,2.055,2.412,17.306,4.371,12.568,16.939,17.624
1780272446414,2.781,2.897,2.784,3.962,0.000,0.000,1.151,1.341,14.916,1.888,11.908,13.796,13.285
1780272446477,2.883,2.609,2.449,3.634,0.000,0.000,1.086,1.286,13.947,1.318,11.518,12.836,11.733
1780272446534,0.707,2.810,2.726,1.170,0.000,0.000,1.293,1.476,10.182,1.424,7.488,8.912,8.994
1780272446594,4.086,2.635,2.434,4.140,0.003,0.003,1.137,1.275,15.713,1.269,8.017,9.286,8.679
1780272446686,3.867,2.063,1.869,4.457,0.003,0.000,0.998,1.140,14.397,1.107,7.936,9.043,7.636
1780272446756,0.874,4.647,3.819,1.137,0.003,0.003,1.472,1.651,13.606,1.587,4.949,6.536,7.152
1780272446825,4.224,4.078,7.938,1.760,0.000,0.003,1.264,1.450,20.717,1.497,15.653,17.150,16.558
1780272446880,1.899,7.311,8.474,1.589,0.000,0.003,1.479,1.647,22.402,1.766,16.768,18.534,16.582
1780272446941,1.027,7.381,4.333,0.309,0.000,0.010,4.231,4.632,21.923,7.187,12.812,19.999,16.776
1780272446998,1.020,7.078,7.424,0.477,0.000,0.010,4.355,4.778,25.142,8.392,13.667,22.059,20.824
1780272447052,1.450,7.191,4.297,0.776,0.000,0.003,1.622,1.891,17.230,3.646,11.843,15.489,17.382
1780272447106,4.308,3.101,6.305,0.291,0.000,0.000,0.375,0.451,14.831,1.147,10.704,11.851,12.364
1780272447194,2.930,3.612,4.822,0.816,0.000,0.000,0.127,0.142,12.449,0.284,8.669,8.953,8.364
1780272447251,2.540,6.036,4.013,3.572,0.000,0.003,0.127,0.142,16.433,0.252,13.178,13.430,11.418
1780272447338,2.518,4.796,3.371,3.473,3.225,3.163,0.116,0.131,20.793,5.828,12.503,18.331,19.297
1780272447398,0.528,4.651,0.790,3.630,1.924,2.033,0.947,1.126,15.629,4.810,8.660,13.470,13.552
1780272447467,1.742,3.459,0.051,2.996,1.541,1.534,1.155,1.352,13.830,4.216,6.487,10.703,11.079
1780272447551,1.188,2.154,0.010,2.697,1.483,1.428,1.213,1.410,11.583,4.143,5.063,9.206,8.994
1780272447627,4.045,1.447,4.286,1.673,0.109,0.138,0.907,1.078,13.683,1.497,10.191,11.688,10.109
1780272447707,3.867,2.482,3.382,2.194,0.003,0.007,1.133,1.312,14.380,1.294,10.394,11.688,10.400
1780272447768,3.510,0.470,3.338,0.386,0.000,0.003,1.268,1.494,10.469,1.416,6.845,8.261,9.139
1780272447846,2.340,0.029,2.679,3.105,0.000,0.003,1.312,1.541,11.009,1.497,5.136,6.633,7.515
1780272447917,1.115,0.040,2.165,3.105,0.000,0.003,1.629,1.906,9.963,1.880,3.833,5.713,5.964
1780272447966,0.965,0.065,2.165,2.299,0.003,0.003,1.713,1.924,9.137,1.937,3.752,5.689,5.430
1780272448017,0.488,0.280,2.248,2.365,0.003,0.003,1.822,2.081,9.290,2.083,3.418,5.501,5.261
1780272448086,0.575,0.415,2.467,1.199,0.003,0.003,1.687,1.924,8.273,1.937,3.703,5.640,5.188
1780272448163,0.951,0.641,2.525,0.951,0.000,0.003,1.421,1.581,8.073,1.595,4.094,5.689,5.236
1780272448247,1.082,0.025,3.010,0.029,0.000,0.003,1.359,1.556,7.064,1.497,4.501,5.998,5.600
1780272448307,0.295,5.773,2.660,2.879,0.000,0.000,1.195,1.374,14.176,1.383,10.573,11.956,9.285
1780272448389,0.127,6.079,3.524,1.323,0.000,0.000,0.215,0.269,11.537,0.431,10.134,10.565,10.667
1780272448447,3.335,4.895,3.258,1.888,4.137,3.867,0.142,0.164,21.686,6.723,9.165,15.888,14.400
1780272448503,3.429,2.733,3.754,3.659,2.267,2.380,0.867,0.995,20.084,5.584,8.620,14.204,14.788
1780272448540,4.680,2.926,3.378,4.924,1.662,1.574,0.769,0.918,20.831,4.200,11.794,15.994,13.358
1780272448604,6.477,3.670,3.353,6.109,1.293,1.253,0.641,0.747,23.543,3.272,16.760,20.032,18.424
1780272448678,5.113,3.072,3.094,6.746,1.293,1.312,0.637,0.758,22.025,3.256,17.378,20.634,18.521
1780272448752,4.716,2.781,3.367,6.149,1.392,1.414,0.185,0.225,20.229,3.044,16.556,19.600,17.600
1780272448813,3.765,2.937,3.521,4.603,1.505,1.487,0.131,0.149,18.098,3.076,13.113,16.189,14.836
1780272448879,2.314,3.386,3.761,2.052,1.494,1.505,0.094,0.105,14.711,3.060,9.320,12.380,11.030
1780272448965,5.073,3.429,2.456,4.964,1.530,1.366,0.116,0.131,19.065,2.971,14.318,17.289,15.224
1780272449036,0.397,0.371,0.269,0.306,1.764,1.796,0.131,0.142,5.176,3.524,2.262,5.786,6.473
1780272449093,0.032,0.021,0.014,0.021,2.172,3.028,0.109,0.123,5.520,5.347,0.870,6.217,4.558
1780272449168,0.010,0.003,0.003,0.003,2.041,2.070,7.880,8.277,20.287,15.645,0.594,16.239,12.897
1780272449228,0.000,0.000,0.003,0.003,2.500,2.496,1.126,0.860,6.988,7.277,0.561,7.838,8.242
1780272449298,0.003,0.003,0.003,0.003,2.285,1.771,1.964,2.289,8.321,6.129,0.545,6.674,5.842
1780272449369,0.430,0.524,0.269,0.426,1.818,1.614,5.493,5.868,16.442,12.787,0.936,13.723,12.994
1780272449439,0.061,0.069,0.025,0.036,0.160,0.222,5.977,6.448,12.998,12.022,0.602,12.624,13.212
1780272449513,2.861,4.366,2.777,4.632,0.007,0.010,1.501,1.705,17.859,3.296,8.123,11.419,8.994
1780272449575,0.309,4.836,0.349,6.378,0.000,0.003,0.211,0.269,12.355,0.667,10.386,11.053,9.964
1780272449627,0.029,3.991,0.029,5.759,0.003,0.000,0.054,0.061,9.926,0.284,9.369,9.653,9.139
1780272449702,0.007,3.553,0.007,4.982,0.000,0.003,0.047,0.058,8.657,0.187,8.514,8.701,7.976
1780272449758,0.007,3.451,0.003,4.202,0.003,0.000,0.094,0.112,7.872,0.203,7.537,7.740,7.273
1780272449848,0.003,3.101,0.003,3.131,0.003,0.000,0.871,1.064,8.176,0.773,6.324,7.097,6.667
1780272449899,0.003,2.598,0.000,2.387,0.003,0.010,4.742,5.613,15.356,8.319,5.225,13.544,6.764
1780272449995,0.003,2.511,0.000,1.891,0.007,0.010,5.496,5.966,15.884,10.712,4.680,15.392,15.152
1780272450055,0.003,3.116,0.003,2.044,0.000,0.000,1.622,1.858,8.646,2.971,5.307,8.278,9.067
1780272450129,0.003,3.025,0.003,2.135,0.000,0.003,0.973,1.119,7.261,1.196,5.404,6.600,5.842
1780272450198,3.860,2.474,6.262,1.370,0.000,0.000,1.024,1.199,16.189,1.098,12.861,13.959,13.139
1780272450258,1.166,2.464,5.966,1.687,0.000,0.010,4.538,5.019,20.850,7.928,11.054,18.982,16.558
1780272450326,2.398,2.635,4.990,1.600,0.003,0.010,4.844,5.208,21.688,9.279,11.216,20.495,20.097
1780272450385,2.033,2.741,4.104,2.307,0.000,0.010,4.654,5.172,21.021,9.304,10.980,20.284,19.442
1780272450444,2.187,2.289,2.945,1.778,3.710,3.681,4.031,4.494,25.115,14.285,9.369,23.654,20.364
1780272450517,2.442,2.777,2.824,2.522,2.493,2.365,0.823,0.951,17.197,6.471,10.345,16.816,15.636
1780272450571,2.584,0.426,2.690,0.415,1.877,2.015,0.812,0.954,11.773,4.965,6.585,11.550,11.297
1780272450627,2.402,0.036,2.482,0.032,1.837,1.826,1.253,1.534,11.402,5.014,5.030,10.044,9.673
1780272450686,1.392,0.007,1.177,0.010,1.396,1.257,4.494,5.008,14.741,10.956,2.840,13.796,12.509
1780272450761,1.443,0.003,0.513,0.007,1.370,1.421,4.880,5.245,14.882,12.128,2.498,14.626,14.424
1780272450835,1.479,3.473,0.375,5.423,1.519,1.425,1.498,1.760,16.952,5.860,10.150,16.010,15.224
1780272450905,0.284,0.266,0.036,0.721,0.893,0.922,8.536,9.119,20.777,17.712,1.758,19.470,15.636
1780272450972,0.010,0.018,0.000,0.032,1.581,1.388,9.003,9.677,21.709,20.447,0.814,21.261,22.109
1780272451034,3.455,3.375,2.194,0.823,2.252,2.296,2.529,2.959,19.883,8.962,2.865,11.827,15.733
1780272451091,5.635,5.646,5.646,4.920,0.918,0.980,4.035,4.344,32.124,9.483,16.263,25.746,22.133
1780272451150,6.047,6.327,3.838,2.460,1.705,1.468,4.071,4.541,30.457,11.094,17.655,28.749,28.048
1780272451184,5.427,6.404,4.381,3.069,1.574,1.735,3.907,4.312,30.809,10.997,19.715,30.712,26.982
1780272451237,4.669,5.325,5.015,5.041,2.296,2.256,3.776,4.173,32.551,11.908,18.551,30.459,29.115
1780272451318,4.574,4.964,4.151,4.570,0.102,0.193,4.206,4.585,27.345,8.905,17.541,26.446,24.994
1780272451396,3.998,4.100,3.619,3.932,0.003,0.018,4.333,4.683,24.686,8.603,15.164,23.767,22.424
1780272451458,3.914,1.217,3.251,1.232,0.003,0.010,4.971,5.372,19.970,9.743,6.137,15.880,15.055
1780272451510,3.510,2.022,7.639,1.946,0.000,0.003,1.315,1.578,18.013,3.899,13.455,17.354,17.745
1780272451566,1.957,2.347,7.260,2.737,0.000,0.000,0.222,0.207,14.730,0.936,15.376,16.312,12.364
1780272451624,3.717,0.277,6.776,0.368,0.000,0.000,0.072,0.083,11.293,0.431,10.354,10.785,11.927
1780272451689,0.535,5.456,5.547,7.206,0.003,0.018,6.870,7.800,33.435,11.355,17.012,28.367,18.545
1780272451752,1.716,1.760,5.620,8.102,0.003,0.010,4.527,5.019,26.757,9.426,16.361,25.787,25.285
1780272451817,1.800,3.196,4.949,6.743,0.003,0.010,4.184,4.596,25.481,8.473,16.548,25.021,24.121
1780272451855,1.585,4.366,4.556,6.050,0.000,0.007,4.140,4.589,25.293,8.416,15.824,24.240,23.733
1780272451934,2.154,3.918,3.943,5.022,0.003,0.010,4.239,4.632,23.921,8.465,14.847,23.312,22.279
1780272451974,2.438,4.191,3.572,4.457,0.003,0.010,4.312,4.614,23.597,8.522,13.854,22.376,21.236
1780272452018,2.143,3.794,3.553,3.757,0.003,0.007,4.279,4.672,22.208,8.490,13.162,21.652,20.315
1780272452086,2.934,3.437,3.440,3.524,0.000,0.000,1.330,1.589,16.254,2.564,12.763,15.327,14.497
1780272452145,2.161,2.369,2.507,2.507,0.007,0.018,8.252,8.682,26.503,14.497,9.361,23.858,20.679
1780272452192,2.103,2.110,2.088,2.022,0.003,0.021,8.758,9.389,26.494,16.393,8.481,24.874,24.606
1780272452267,2.642,2.489,2.555,2.635,0.003,0.003,2.409,2.456,15.192,4.721,10.085,14.806,15.273
1780272452342,2.106,1.979,1.990,2.055,0.000,0.010,4.953,5.252,18.345,8.612,8.188,16.800,12.121
1780272452396,1.465,1.494,1.498,1.483,4.002,3.721,4.428,4.877,22.968,15.221,6.235,21.456,20.024
1780272452471,1.519,1.392,1.341,1.428,2.795,2.657,4.534,5.030,20.696,14.367,5.917,20.284,19.976
1780272452505,1.458,1.516,1.337,1.312,2.398,2.584,4.574,4.993,20.172,13.911,5.795,19.706,19.176
1780272452545,1.436,1.399,1.275,1.385,2.405,2.398,4.494,5.000,19.792,13.593,5.722,19.315,18.861
1780272452585,1.337,1.414,1.304,1.315,2.248,2.310,4.472,4.979,19.379,13.398,5.624,19.022,18.400
1780272452625,1.221,1.217,1.067,1.188,2.208,2.230,4.610,4.979,18.720,13.357,4.590,17.947,18.109
1780272452678,0.207,0.222,0.156,0.244,2.332,2.325,4.687,5.201,15.374,13.732,1.619,15.351,15.321
1780272452727,0.043,0.047,0.025,0.058,2.219,2.238,4.782,5.124,14.536,13.626,0.757,14.383,14.230
1780272452777,4.651,2.886,1.942,0.390,2.274,2.394,4.392,4.822,23.751,13.374,2.515,15.889,15.612
1780272452870,7.676,7.129,4.410,3.929,2.274,2.445,0.765,0.998,29.626,6.772,20.797,27.569,27.879
1780272452925,8.365,7.326,1.611,1.359,2.602,2.675,0.557,0.703,25.198,5.982,17.606,23.588,21.915
1780272453033,6.014,6.003,3.969,3.794,2.037,2.234,2.959,3.254,30.264,10.012,19.055,29.067,28.267
1780272453100,5.525,5.627,4.712,4.917,0.207,0.258,1.013,1.199,23.458,3.369,19.796,23.165,21.164
1780272453143,5.256,5.161,4.005,4.672,0.029,0.025,0.885,1.009,21.042,1.880,18.510,20.390,17.842
1780272453206,4.658,4.585,3.874,4.486,0.000,0.007,1.126,1.283,20.019,1.636,16.687,18.323,17.091
1780272453260,3.881,3.615,3.244,3.564,0.003,0.007,3.637,3.925,21.876,6.072,14.236,20.308,17.382
1780272453325,1.057,1.031,0.893,1.100,0.000,0.003,2.329,2.620,9.033,3.776,3.549,7.325,11.733
1780272453396,0.061,0.054,0.051,0.047,0.000,0.003,1.472,1.753,3.441,2.417,0.862,3.279,3.273
1780272453457,0.007,0.010,0.007,0.007,0.003,0.000,0.360,0.364,0.758,0.870,0.569,1.439,1.479
1780272453536,0.007,0.003,0.003,0.003,0.000,0.003,0.189,0.207,0.415,0.390,0.520,0.910,0.994
1780272453602,0.003,0.003,0.003,0.003,0.000,0.003,0.222,0.269,0.506,0.374,0.504,0.878,0.994
1780272453640,0.003,0.003,0.003,0.003,0.003,0.003,1.108,1.221,2.347,1.082,0.512,1.594,1.091
1780272453682,0.003,0.000,0.000,0.003,0.000,0.003,1.345,1.545,2.899,1.530,0.504,2.034,2.303
1780272453752,0.000,0.000,0.000,0.003,4.056,0.003,1.046,1.246,6.354,4.061,0.529,4.590,4.994
1780272453809,0.003,0.000,0.000,0.003,4.038,3.903,0.801,0.962,9.710,5.738,0.553,6.291,10.061
1780272453869,0.000,0.000,0.000,0.003,2.587,2.697,1.093,1.297,7.677,4.884,0.545,5.429,8.679
1780272453952,0.007,0.003,0.000,0.003,2.427,2.584,1.399,1.574,7.997,4.973,0.529,5.502,6.497
1780272454004,0.000,0.000,0.000,0.003,1.742,1.909,4.403,4.851,12.908,9.759,0.586,10.345,11.564
1780272454044,0.000,0.000,0.000,0.003,2.168,1.855,4.909,5.332,14.267,12.006,0.569,12.575,13.455
1780272454085,0.000,0.000,0.000,0.003,2.187,2.190,4.847,5.208,14.435,12.193,0.561,12.754,14.206
1780272454146,0.000,0.000,0.000,0.003,1.924,2.092,4.720,5.095,13.834,11.933,0.577,12.510,15.321
1780272454184,0.000,0.000,0.000,0.007,1.833,1.826,4.625,5.081,13.372,11.778,0.577,12.355,14.570
1780272454234,0.003,0.000,0.000,0.000,1.993,2.248,1.713,1.961,7.918,6.748,0.537,7.285,12.339
1780272454321,0.000,0.000,0.003,0.003,1.618,1.334,1.447,1.665,6.070,3.874,0.529,4.403,4.897
1780272454387,0.003,0.000,0.000,0.003,0.933,0.984,4.589,5.015,11.527,9.865,0.553,10.418,12.291
1780272454468,0.000,0.000,0.000,0.003,1.195,1.166,5.092,5.507,12.963,11.493,0.561,12.054,13.188
1780272454540,0.000,0.000,0.000,0.003,1.151,1.184,4.971,5.489,12.798,11.542,0.594,12.136,12.800
1780272454589,0.003,0.000,0.000,0.000,1.235,1.202,4.993,5.398,12.831,11.526,0.610,12.136,12.533
1780272454623,0.000,0.000,0.000,0.003,1.191,1.224,4.971,5.339,12.728,11.428,0.577,12.005,12.267
1780272454672,0.000,0.000,0.000,0.003,1.574,1.519,1.735,2.238,7.069,6.316,0.561,6.877,10.788
1780272454715,0.003,0.000,0.003,0.003,1.421,1.370,0.936,1.129,4.865,3.573,0.520,4.093,4.170
1780272454761,0.000,0.000,0.000,0.003,1.323,1.308,0.772,0.929,4.335,2.938,0.545,3.483,3.661
1780272454843,0.000,0.000,0.000,0.003,1.210,1.232,0.783,0.918,4.146,2.653,0.504,3.157,3.564
1780272454894,0.003,0.000,0.003,0.003,1.264,1.232,1.049,1.202,4.756,2.881,0.512,3.393,3.636
1780272454973,0.000,0.000,0.000,0.003,1.257,1.235,1.075,1.250,4.820,2.946,0.512,3.458,3.830
1780272455027,0.000,0.000,0.003,0.007,1.242,1.221,1.334,1.490,5.297,3.231,0.529,3.760,3.903
1780272455064,0.000,0.000,0.000,0.003,1.239,1.232,1.341,1.538,5.353,3.312,0.520,3.832,4.170
1780272455130,0.000,0.003,0.000,0.003,0.207,0.251,1.458,1.629,3.551,2.238,0.512,2.750,3.394
1780272455189,0.000,0.000,0.000,0.003,0.010,0.018,1.476,1.676,3.183,1.815,0.504,2.319,2.352
1780272455247,0.000,0.000,0.000,0.003,0.003,0.003,1.315,1.512,2.836,1.587,0.520,2.107,2.182
1780272455307,0.000,0.000,0.000,0.003,0.000,0.003,1.304,1.527,2.837,1.546,0.504,2.050,2.109
1780272455355,0.003,0.000,0.000,0.003,0.003,0.003,1.581,1.775,3.368,1.823,0.512,2.335,2.085
1780272455404,0.000,0.000,0.000,0.003,0.003,0.003,1.578,1.822,3.409,1.896,0.496,2.392,2.473
1780272455485,0.000,0.000,0.000,0.003,0.000,0.003,1.461,1.673,3.140,1.750,0.504,2.254,2.376
1780272455544,0.000,0.000,0.000,0.003,0.000,0.003,1.458,1.643,3.107,1.693,0.504,2.197,2.279
1780272455595,0.000,0.000,0.000,0.003,0.000,0.003,1.224,1.396,2.626,1.416,0.496,1.912,2.036
1780272455685,0.003,0.000,0.000,0.003,0.000,0.003,1.585,1.764,3.358,1.798,0.520,2.318,2.303
1780272455747,0.000,0.000,0.000,0.003,0.000,0.003,1.483,1.669,3.158,1.717,0.537,2.254,2.376
1780272455783,0.000,0.000,0.000,0.003,0.003,0.003,1.570,1.753,3.332,1.807,0.520,2.327,2.327
1780272455828,0.000,0.000,0.000,0.003,0.000,0.003,1.476,1.676,3.158,1.741,0.496,2.237,2.473
1780272455870,0.000,0.000,0.000,0.003,0.003,0.003,1.450,1.654,3.113,1.701,0.504,2.205,2.230
1780272455924,0.000,0.000,0.000,0.003,0.000,0.003,1.454,1.647,3.107,1.693,0.496,2.189,2.279
1780272456013,0.000,0.000,0.000,0.003,0.000,0.003,1.184,1.366,2.556,1.391,0.496,1.887,2.109
1780272456072,0.000,0.000,0.000,0.003,0.000,0.003,1.155,1.363,2.524,1.334,0.488,1.822,1.915
1780272456125,0.000,0.000,0.000,0.003,0.003,0.000,1.417,1.603,3.026,1.611,0.480,2.091,1.939
1780272456222,0.000,0.000,0.000,0.003,0.003,0.003,1.436,1.654,3.099,1.684,0.496,2.180,2.230
1780272456291,0.000,0.003,0.000,0.003,0.000,0.000,1.479,1.636,3.121,1.693,0.520,2.213,2.303
1780272456349,0.000,0.000,0.000,0.003,0.000,0.003,1.417,1.636,3.059,1.693,0.504,2.197,2.279
1780272456400,0.003,0.000,0.000,0.003,0.000,0.003,1.414,1.658,3.081,1.676,0.496,2.172,2.230
1780272456459,0.000,0.000,0.000,0.003,0.000,0.003,1.283,1.509,2.798,1.530,0.496,2.026,2.206
1780272456551,0.000,0.003,0.000,0.003,0.000,0.003,1.279,1.487,2.775,1.489,0.512,2.001,2.061
1780272456609,0.000,0.003,0.000,0.003,0.003,0.003,1.563,1.775,3.350,1.790,0.496,2.286,2.109
1780272456662,0.000,0.000,0.000,0.003,0.000,0.003,1.585,1.800,3.391,1.864,0.496,2.360,2.473
1780272456744,0.003,0.000,0.000,0.003,0.000,0.003,1.352,1.523,2.884,1.562,0.512,2.074,2.327
1780272456811,0.000,0.000,0.000,0.003,0.003,0.007,1.574,1.771,3.358,1.831,0.504,2.335,2.448
1780272456859,0.003,0.000,0.003,0.003,0.000,0.003,1.341,1.519,2.872,1.595,0.496,2.091,2.352
1780272456911,0.000,0.000,0.000,0.007,0.003,0.003,0.360,0.466,0.839,0.691,0.496,1.187,1.479
1780272456967,0.003,0.003,0.000,0.003,0.000,0.003,1.461,1.716,3.189,1.619,0.488,2.107,1.430
1780272457038,0.007,0.000,0.000,0.003,0.000,0.000,1.447,1.673,3.130,1.717,0.512,2.229,2.327
1780272457106,0.000,0.000,0.000,0.003,0.000,0.003,1.468,1.665,3.139,1.701,0.496,2.197,2.279
1780272457156,0.000,0.000,0.000,0.003,0.000,0.003,1.665,1.902,3.573,1.986,0.504,2.490,2.497
1780272457192,0.000,0.000,0.000,0.003,0.000,0.003,1.622,1.848,3.476,1.937,0.504,2.441,2.642
1780272457271,0.000,0.000,0.000,0.003,0.000,0.003,1.826,2.044,3.876,2.165,0.520,2.685,2.618
1780272457327,0.000,0.000,0.000,0.003,0.000,0.003,1.603,1.796,3.405,1.921,0.512,2.433,2.545
1780272457365,0.000,0.000,0.000,0.003,0.000,0.000,1.432,1.673,3.108,1.750,0.504,2.254,2.424
1780272457416,0.003,0.000,0.000,0.003,0.000,0.003,1.552,1.767,3.328,1.815,0.496,2.311,2.303
1780272457476,0.000,0.000,0.000,0.007,0.000,0.003,1.556,1.760,3.326,1.839,0.512,2.351,2.448
1780272457548,0.000,0.000,0.000,0.003,0.000,0.003,1.399,1.629,3.034,1.684,0.529,2.213,2.303
1780272457613,0.003,0.000,0.000,0.003,0.000,0.003,1.417,1.625,3.051,1.660,0.504,2.164,2.230
1780272457674,0.003,0.000,0.000,0.000,0.000,0.003,1.417,1.625,3.048,1.644,0.496,2.140,2.206
1780272457724,0.000,0.003,0.000,0.003,0.000,0.003,1.366,1.618,2.993,1.652,0.496,2.148,2.182
1780272457809,0.003,0.000,0.000,0.003,0.000,0.003,1.374,1.603,2.986,1.636,0.520,2.156,2.206
1780272457869,0.003,0.000,0.000,0.003,0.000,0.003,0.422,0.495,0.926,0.659,0.504,1.163,1.164
1780272457918,0.000,0.000,0.003,0.003,0.003,0.003,1.261,1.414,2.687,1.400,0.504,1.904,1.697
1780272457987,0.000,0.003,0.000,0.003,0.000,0.003,1.432,1.629,3.070,1.636,0.512,2.148,2.279
1780272458043,0.000,0.000,0.000,0.003,0.000,0.003,1.552,1.760,3.318,1.790,0.529,2.319,2.327
1780272458080,0.000,0.000,0.000,0.003,0.000,0.003,1.651,1.899,3.556,1.953,0.537,2.490,2.570
1780272458136,0.000,0.000,0.000,0.003,0.000,0.003,1.476,1.683,3.165,1.741,0.504,2.245,2.642
1780272458188,0.000,0.000,0.000,0.003,4.574,4.118,1.239,1.406,11.340,8.457,0.545,9.002,10.739
1780272458225,0.000,0.000,0.000,0.003,3.101,3.200,1.184,1.359,8.847,7.114,0.529,7.643,9.139
1780272458273,0.000,0.000,0.000,0.000,1.979,2.026,1.246,1.417,6.668,5.632,0.520,6.152,6.327
1780272458345,0.000,0.003,0.000,0.003,1.454,1.519,1.290,1.468,5.737,4.436,0.512,4.948,5.164
1780272458419,0.000,0.003,0.000,0.003,1.406,1.450,1.319,1.487,5.668,4.257,0.512,4.769,4.824
1780272458462,0.003,0.000,0.000,0.003,1.414,1.370,1.530,1.716,6.036,4.428,0.504,4.932,4.848
1780272458510,0.003,0.000,0.000,0.003,1.388,1.428,1.337,1.516,5.675,4.306,0.512,4.818,4.970
1780272458595,0.000,0.000,0.003,0.003,1.363,1.363,1.505,1.775,6.012,4.452,0.520,4.972,5.042
1780272458663,0.000,0.000,0.000,0.003,1.694,1.651,1.308,1.487,6.143,4.721,0.520,5.241,5.236
1780272458728,0.000,0.000,0.000,0.003,2.044,1.997,1.490,1.687,7.221,5.478,0.504,5.982,6.109
1780272458780,0.000,0.000,0.000,0.003,1.643,2.084,1.534,1.716,6.980,5.331,0.512,5.843,6.133
1780272458857,0.000,0.000,0.000,0.000,1.953,1.891,1.476,1.709,7.029,5.486,0.529,6.015,5.915
1780272458929,0.000,0.000,0.000,0.003,2.150,2.241,1.312,1.545,7.251,5.714,0.504,6.218,6.739
1780272458991,0.000,0.000,0.000,0.003,1.811,2.161,1.334,1.560,6.869,5.388,0.520,5.908,5.842
1780272459045,0.000,0.000,0.000,0.000,1.749,1.549,1.370,1.603,6.271,4.973,0.520,5.493,5.648
1780272459129,0.000,0.000,0.000,0.003,1.745,1.811,1.596,1.869,7.024,5.339,0.520,5.859,5.939
1780272459210,0.000,0.000,0.000,0.003,0.422,0.517,1.406,1.625,3.973,3.011,0.504,3.515,3.903
1780272459273,0.003,0.000,0.000,0.000,1.126,1.031,0.379,0.503,3.042,2.205,0.512,2.717,4.921
1780272459317,0.000,0.000,0.000,0.003,1.224,1.202,0.328,0.422,3.179,2.148,0.529,2.677,5.697
1780272459362,0.000,0.000,0.000,0.000,1.184,1.202,1.396,1.556,5.338,3.068,0.537,3.605,5.236
1780272459418,0.000,0.000,0.000,0.007,1.283,1.166,1.964,2.190,6.610,3.964,0.520,4.484,5.527
1780272459474,0.000,0.000,0.000,0.003,1.177,1.202,2.376,2.660,7.418,4.672,0.512,5.184,5.721
1780272459518,0.000,0.000,0.000,0.003,0.944,0.995,4.519,5.146,11.607,9.238,0.545,9.783,7.273
1780272459568,0.000,0.000,0.000,0.003,1.137,1.057,4.971,5.518,12.686,11.135,0.553,11.688,12.339
1780272459629,0.000,0.000,0.003,0.003,1.140,1.170,4.964,5.474,12.754,11.420,0.553,11.973,12.533
1780272459731,0.000,0.000,0.000,0.003,1.549,1.458,1.283,1.509,5.802,5.079,0.529,5.608,5.988
1780272459782,0.000,0.000,0.003,0.003,1.348,1.359,0.273,0.349,3.335,2.865,0.512,3.377,3.830
1780272459820,0.000,0.000,0.000,0.003,1.301,1.337,0.153,0.174,2.968,2.319,0.529,2.848,3.030
1780272459885,0.000,0.003,0.000,0.003,0.149,0.182,0.138,0.153,0.628,0.781,0.504,1.285,1.891
1780272459941,0.000,0.000,0.000,0.003,0.014,0.010,0.827,0.954,1.808,0.927,0.504,1.431,1.309
1780272459992,0.000,0.000,0.000,0.003,0.003,0.003,1.173,1.319,2.501,1.253,0.496,1.749,1.697
1780272460043,0.000,0.000,0.000,0.003,0.003,0.003,1.399,1.643,3.051,1.595,0.504,2.099,2.061
1780272460108,0.000,0.000,0.000,0.003,0.000,0.003,1.443,1.680,3.129,1.717,0.520,2.237,2.303
1780272460171,1.447,1.082,0.794,1.381,0.000,0.003,1.432,1.614,7.753,1.660,1.693,3.353,3.176
1780272460238,4.089,6.043,6.845,5.598,0.000,0.003,0.725,0.852,24.155,1.001,17.663,18.664,15.636
1780272460302,1.396,6.192,6.211,5.390,0.000,0.000,0.820,0.958,20.967,1.033,17.167,18.200,16.509
1780272460358,1.479,5.190,4.570,3.295,0.000,0.003,1.468,1.669,17.674,1.709,10.761,12.470,11.879
1780272460463,0.025,0.080,0.061,0.061,0.000,0.003,1.614,1.858,3.702,1.969,1.115,3.084,2.594
1780272460521,0.003,0.007,0.007,0.007,0.000,0.003,1.990,2.285,4.302,2.417,0.602,3.019,2.982
1780272460583,0.000,0.003,0.003,0.003,0.000,0.003,1.877,2.154,4.043,2.336,0.545,2.881,3.030
1780272460649,0.003,0.000,0.003,0.003,0.000,0.003,1.993,2.256,4.261,2.458,0.520,2.978,3.030
1780272460715,1.472,1.647,0.969,1.651,0.000,0.003,1.975,2.285,10.002,2.564,2.458,5.022,4.388
1780272460790,4.563,5.008,5.737,5.310,0.000,0.000,0.991,1.184,22.793,1.457,18.371,19.828,20.048
1780272460847,3.480,4.111,4.880,4.465,0.000,0.003,0.823,0.995,18.757,1.123,15.881,17.004,16.970
1780272460898,2.795,3.244,4.016,4.002,0.000,0.000,0.976,1.199,16.232,1.261,13.642,14.903,13.697
1780272460989,2.307,0.298,3.619,0.568,0.000,0.003,1.323,1.527,9.645,1.595,6.959,8.554,7.903
1780272461051,2.201,0.025,3.408,0.047,0.000,0.003,1.592,1.815,9.091,1.921,5.991,7.912,7.321
1780272461109,1.432,4.020,2.890,6.878,0.003,0.000,1.447,1.654,18.324,1.896,13.024,14.920,12.242
1780272461173,1.935,2.001,3.112,7.811,0.000,0.003,1.352,1.581,17.795,1.855,14.301,16.156,15.612
1780272461230,1.742,1.713,3.535,6.776,0.000,0.003,1.552,1.753,17.074,2.043,13.487,15.530,16.679
1780272461310,1.654,2.912,2.741,5.449,0.000,0.003,1.632,1.913,16.304,2.214,12.397,14.611,14.085
1780272461377,0.185,3.699,0.309,4.512,0.000,0.003,1.683,1.957,12.348,2.254,8.823,11.077,10.594
1780272461429,0.018,3.389,0.018,3.043,0.000,0.003,1.673,1.964,10.108,2.173,6.528,8.701,8.679
1780272461517,0.003,2.719,0.003,2.114,0.000,0.003,1.592,1.884,8.318,2.051,5.046,7.097,6.764
1780272461596,3.440,1.873,6.185,1.374,0.000,0.003,1.144,1.352,15.371,1.514,11.998,13.512,11.345
1780272461651,1.115,2.792,4.815,1.651,0.000,0.000,0.273,0.335,10.981,0.610,10.549,11.159,10.667
1780272461718,1.698,2.653,5.325,2.132,0.000,0.000,0.160,0.178,12.146,0.325,11.542,11.867,11.612
1780272461775,0.659,2.835,3.513,1.137,0.003,0.000,0.215,0.269,8.631,0.341,7.350,7.691,9.309
1780272461845,2.522,3.244,0.346,0.885,0.000,0.000,0.379,0.492,7.868,0.488,4.867,5.355,5.236
1780272461899,3.429,2.522,0.065,0.459,0.000,0.003,1.683,1.862,10.023,1.774,3.760,5.534,5.115
1780272461952,0.572,2.106,0.142,0.623,0.003,0.003,1.815,2.048,7.312,2.148,3.410,5.558,4.921
1780272462048,2.766,2.059,4.749,1.312,0.000,0.003,1.829,2.099,14.817,2.376,10.036,12.412,11.612
1780272462109,1.381,2.700,3.747,1.545,0.000,0.003,1.760,2.008,13.144,2.303,9.637,11.940,11.176
1780272462159,2.474,2.088,3.371,1.450,0.003,0.007,3.903,4.585,17.881,7.000,8.913,15.913,14.836
1780272462221,1.629,2.190,2.883,1.210,0.003,0.007,4.282,4.880,17.084,8.481,7.936,16.417,17.648
1780272462262,2.172,2.201,2.693,1.450,0.000,0.003,2.609,2.996,14.124,5.299,8.408,13.707,13.842
1780272462314,2.084,2.329,2.525,1.840,0.000,0.003,1.840,2.128,12.749,2.840,8.465,11.305,10.715
1780272462391,1.848,2.197,2.157,1.877,0.000,0.003,1.676,1.982,11.740,2.816,7.952,10.768,9.455
1780272462446,1.611,2.256,1.899,1.676,0.000,0.003,1.410,1.662,10.517,2.173,7.334,9.507,9.479
1780272462487,1.702,1.935,1.764,1.724,0.003,0.003,1.607,1.848,10.586,2.181,7.073,9.254,8.121
1780272462576,0.102,1.545,0.076,1.388,3.787,3.491,1.443,1.622,13.454,8.156,3.516,11.672,13.164
1780272462642,0.010,1.527,0.003,1.406,1.993,1.917,1.585,1.851,10.292,6.023,3.231,9.254,9.261
1780272462703,0.003,1.020,0.000,0.834,1.509,1.468,2.252,2.580,9.666,6.015,2.319,8.334,7.855
1780272462771,2.307,1.093,1.104,0.134,1.140,1.137,4.417,4.818,16.150,10.109,2.165,12.274,10.230
1780272462831,5.616,0.980,3.568,0.021,1.425,1.089,3.994,4.468,21.161,10.476,6.927,17.403,15.152
1780272462916,4.596,1.527,3.593,0.010,1.720,1.811,3.706,4.144,21.107,10.769,8.717,19.486,19.515
1780272462973,3.903,2.409,2.620,0.007,2.114,2.245,1.283,1.632,16.213,7.106,8.652,15.758,16.145
1780272463026,0.845,1.370,0.590,0.083,2.372,2.267,1.388,1.694,10.609,6.422,2.759,9.181,9.067
1780272463145,1.629,2.577,6.502,1.016,1.629,1.851,3.404,3.819,22.427,9.824,9.401,19.225,19.855
1780272463200,3.634,3.772,5.270,1.261,1.472,1.261,3.167,3.623,23.460,9.287,13.813,23.100,19.442
1780272463239,4.060,3.007,6.834,2.755,1.421,1.279,3.076,3.473,25.905,9.010,14.326,23.336,24.218
1780272463293,1.414,1.822,2.766,1.742,1.716,2.074,3.484,3.929,18.947,10.533,8.262,18.795,20.097
1780272463364,4.078,0.317,5.175,0.138,2.015,1.833,3.404,3.841,20.801,10.630,7.733,18.363,21.503
1780272463435,3.094,0.014,4.505,0.018,1.647,1.578,3.480,3.925,18.261,10.345,7.342,17.687,15.976
1780272463496,2.850,0.003,3.284,0.007,1.877,1.818,1.217,1.516,12.572,6.015,6.381,12.396,13.745
1780272463557,3.098,0.003,3.050,0.003,1.694,1.698,0.907,1.097,11.550,4.802,6.137,10.939,10.473
1780272463653,2.715,0.003,2.310,0.007,1.800,1.789,0.236,0.295,9.155,4.029,5.356,9.385,8.873
1780272463715,2.267,4.133,1.549,5.409,1.465,1.589,0.663,0.794,17.869,3.980,12.910,16.890,13.721
1780272463765,2.303,3.214,1.756,6.232,1.771,1.596,0.841,0.991,18.704,4.501,12.576,17.077,17.042
1780272463833,2.679,3.685,1.961,4.862,1.724,1.778,0.900,1.075,18.664,4.818,12.633,17.451,18.036
1780272463895,2.646,2.715,2.168,3.973,1.745,1.545,3.010,3.357,21.159,8.856,11.363,20.219,18.691
1780272463964,2.201,2.154,1.140,3.765,2.128,2.063,3.306,3.798,20.555,10.671,8.970,19.641,18.691
1780272464020,4.038,1.432,2.730,3.123,2.099,2.128,3.127,3.521,22.198,10.427,11.184,21.611,20.242
1780272464070,2.489,1.293,1.581,2.755,2.092,2.146,3.459,3.870,19.685,10.834,7.187,18.021,18.497
1780272464163,0.116,1.406,0.029,2.252,2.566,2.580,3.473,3.874,16.296,11.746,4.257,16.003,15.297
1780272464240,3.677,1.563,3.386,1.968,2.511,2.569,1.323,1.556,18.553,7.578,6.585,14.163,13.673
1780272464302,1.261,0.215,1.611,0.287,2.766,2.934,1.421,1.694,12.189,7.562,1.961,9.523,9.382
1780272464358,0.200,0.014,0.215,0.025,2.832,2.704,1.563,1.829,9.382,7.692,0.765,8.457,8.364
1780272464418,0.014,0.003,0.010,0.007,3.287,3.105,1.796,2.110,10.332,8.978,0.586,9.564,9.697
1780272464493,4.341,3.983,3.962,3.495,3.838,3.634,2.609,2.974,28.836,11.632,8.620,20.252,20.703
1780272464554,6.316,6.050,3.295,3.637,3.838,4.111,1.024,1.308,29.579,9.564,19.283,28.847,26.158
1780272464611,3.659,5.423,3.003,4.454,4.075,4.089,2.409,2.719,29.831,12.161,12.967,25.128,25.091
1780272464709,2.372,4.603,2.197,4.293,0.338,0.528,1.869,2.219,18.419,5.087,10.923,16.010,14.836
1780272464777,5.332,3.608,4.796,3.681,0.010,0.021,1.261,1.501,20.210,2.474,16.581,19.055,17.212
1780272464832,5.033,3.670,4.264,3.506,0.003,0.003,1.199,1.410,19.088,2.091,16.100,18.191,16.630
1780272464895,4.228,3.532,3.867,3.298,0.000,0.003,1.129,1.370,17.427,1.912,14.350,16.262,15.855
1780272464954,3.827,2.241,3.459,2.223,0.003,0.003,1.337,1.600,14.693,2.148,10.875,13.023,13.139
1780272465024,3.287,0.240,3.145,0.211,0.003,0.007,1.447,1.756,10.096,2.287,6.943,9.230,8.509
1780272465080,2.591,0.171,2.668,0.098,0.000,0.003,0.546,0.750,6.827,1.221,5.860,7.081,7.248
1780272465137,1.844,3.141,2.310,2.781,0.000,0.000,0.255,0.309,10.640,0.577,10.085,10.662,9.042
1780272465236,2.004,3.484,2.474,2.431,0.000,0.000,0.207,0.262,10.862,0.431,10.402,10.833,9.964
1780272465301,2.041,2.839,2.139,2.208,0.000,0.000,0.360,0.495,10.082,0.594,9.434,10.028,8.945
1780272465363,0.233,0.331,0.262,0.273,0.000,0.000,0.703,0.874,2.676,0.968,1.831,2.799,3.442
1780272465422,0.014,0.018,0.014,0.010,0.000,0.000,0.754,0.936,1.746,1.033,0.797,1.830,1.964
1780272465474,0.003,0.003,0.003,0.003,0.000,0.003,0.546,0.707,1.268,0.814,0.561,1.375,1.648
1780272465545,0.000,0.003,0.003,0.003,0.003,0.003,0.543,0.714,1.272,0.781,0.545,1.326,1.382
1780272465601,0.000,0.003,0.003,0.007,4.297,0.000,0.488,0.626,5.424,3.410,0.520,3.930,3.491
1780272465642,0.000,0.000,0.000,0.003,4.111,3.776,0.907,1.053,9.850,5.942,0.577,6.519,9.139
1780272465696,0.003,0.000,0.003,0.003,2.522,2.580,1.607,1.796,8.514,5.779,0.594,6.373,10.376
1780272465749,0.003,0.000,0.003,0.003,2.176,2.154,1.519,1.778,7.636,5.234,0.569,5.803,9.285
1780272465810,0.003,0.000,0.003,0.003,1.891,1.924,2.015,2.310,8.149,5.421,0.537,5.958,6.885
1780272465872,0.000,0.000,0.000,0.003,1.490,1.355,4.166,4.589,11.603,9.238,0.561,9.799,11.224
1780272465914,0.003,0.000,0.003,0.003,1.724,1.640,4.184,4.753,12.310,10.427,0.602,11.029,12.339
1780272465947,0.003,0.000,0.003,0.007,1.596,1.614,4.144,4.614,11.981,10.565,0.594,11.159,13.333
1780272465984,0.000,0.000,0.000,0.003,2.015,2.114,4.013,4.516,12.661,10.964,0.594,11.558,13.939
1780272466056,0.000,0.000,0.003,0.003,1.902,1.928,4.089,4.581,12.506,10.744,0.577,11.321,13.624
1780272466132,0.000,0.000,0.000,0.003,1.957,2.019,2.077,2.482,8.538,6.772,0.561,7.333,8.727
1780272466199,0.003,0.000,0.003,0.003,1.465,1.235,4.286,4.709,11.704,9.735,0.561,10.296,10.885
1780272466235,0.000,0.003,0.000,0.000,1.323,1.173,4.282,4.774,11.555,10.142,0.569,10.711,11.758
1780272466281,0.000,0.000,0.000,0.003,1.162,1.264,4.137,4.632,11.198,10.044,0.602,10.646,12.606
1780272466346,0.000,0.000,0.000,0.003,1.261,1.188,4.191,4.607,11.250,10.028,0.577,10.605,12.727
1780272466418,0.000,0.000,0.000,0.003,1.439,1.421,2.165,2.464,7.492,5.803,0.577,6.380,8.655
1780272466482,0.000,0.000,0.000,0.003,1.053,1.064,4.366,4.829,11.315,9.474,0.561,10.035,10.715
1780272466532,0.003,0.000,0.000,0.003,1.202,1.166,4.432,4.880,11.686,10.337,0.569,10.906,11.588
1780272466594,0.000,0.000,0.000,0.003,1.217,1.213,4.250,4.844,11.527,10.313,0.569,10.882,11.418
1780272466682,0.000,0.000,0.000,0.003,1.224,1.232,4.217,4.694,11.370,10.199,0.586,10.785,11.152
1780272466753,0.000,0.000,0.000,0.003,0.102,0.142,1.866,2.179,4.292,4.582,0.553,5.135,8.606
1780272466816,0.000,0.000,0.000,0.000,0.010,0.010,0.375,0.364,0.759,1.009,0.512,1.521,1.673
1780272466871,0.000,0.000,0.000,0.003,0.003,0.003,0.225,0.273,0.507,0.504,0.520,1.024,0.994
1780272466947,0.000,0.000,0.003,0.003,0.003,0.000,0.222,0.280,0.511,0.382,0.520,0.902,1.042
1780272467000,0.000,0.000,0.000,0.003,0.003,0.003,1.374,1.560,2.943,1.571,0.512,2.083,1.842
1780272467052,0.003,0.000,0.000,0.003,0.000,0.003,1.636,1.826,3.471,2.067,0.512,2.579,2.642
1780272467124,0.003,0.000,0.000,0.003,0.003,0.003,1.880,2.139,4.031,2.555,0.512,3.067,3.152
1780272467187,0.000,0.000,0.000,0.003,0.003,0.000,1.640,1.877,3.523,2.246,0.537,2.783,3.030
1780272467263,0.000,0.000,0.000,0.003,0.000,0.003,1.454,1.738,3.198,2.035,0.529,2.564,2.739
1780272467314,0.003,0.000,0.000,0.003,0.000,0.003,1.680,1.964,3.653,2.303,0.512,2.815,2.618
1780272467363,0.000,0.000,0.000,0.003,0.000,0.003,1.490,1.727,3.223,2.067,0.520,2.587,2.885
1780272467422,0.000,0.000,0.003,0.000,0.000,0.003,1.461,1.680,3.147,1.969,0.537,2.506,2.618
1780272467485,0.007,0.000,0.000,0.003,0.003,0.003,1.476,1.691,3.183,1.961,0.520,2.481,2.618
1780272467525,0.000,0.000,0.000,0.003,0.000,0.003,1.640,1.902,3.548,2.246,0.529,2.775,2.594
1780272467581,0.000,0.003,0.000,0.003,0.000,0.003,1.629,1.851,3.489,2.205,0.512,2.717,2.861
1780272467643,0.003,0.000,0.000,0.003,0.000,0.003,1.585,1.837,3.431,2.165,0.520,2.685,2.764
1780272467698,0.000,0.000,0.003,0.003,0.003,0.003,1.556,1.829,3.397,2.165,0.512,2.677,2.764
1780272467776,0.000,0.000,0.000,0.000,0.003,0.003,1.603,1.811,3.420,2.140,0.504,2.644,2.739
1780272467828,0.003,0.000,0.000,0.003,0.000,0.003,1.585,1.826,3.420,2.148,0.504,2.652,2.764
1780272467875,0.003,0.000,0.000,0.003,0.003,0.003,1.454,1.698,3.164,1.978,0.496,2.474,2.618
1780272467935,0.000,0.000,0.000,0.003,0.003,0.003,1.421,1.680,3.110,1.937,0.529,2.466,2.545
1780272467997,0.000,0.000,0.000,0.003,0.000,0.003,1.549,1.822,3.377,2.083,0.512,2.595,2.691
1780272468047,0.000,0.000,0.000,0.003,0.000,0.003,1.450,1.694,3.150,1.969,0.504,2.473,2.642
1780272468100,0.000,0.000,0.000,0.003,0.000,0.003,1.458,1.676,3.140,1.945,0.504,2.449,2.545
1780272468164,0.000,0.000,0.000,0.003,0.000,0.003,1.436,1.662,3.104,1.929,0.504,2.433,2.570
1780272468220,0.000,0.000,0.000,0.003,0.000,0.003,1.468,1.662,3.136,1.937,0.496,2.433,2.594
1780272468300,0.000,0.000,0.000,0.003,0.000,0.003,1.428,1.669,3.103,1.929,0.504,2.433,2.570
1780272468349,0.003,0.000,0.000,0.003,0.000,0.003,1.447,1.665,3.121,1.937,0.529,2.466,2.545
1780272468390,0.000,0.003,0.000,0.003,0.000,0.003,1.563,1.796,3.368,2.075,0.512,2.587,2.642
1780272468441,0.003,0.000,0.003,0.003,0.000,0.000,0.503,0.652,1.164,0.976,0.529,1.505,2.036
1780272468511,0.003,0.000,0.000,0.003,0.000,0.003,1.406,1.600,3.015,1.709,0.512,2.221,2.279
1780272468570,0.003,0.000,0.000,0.003,0.000,0.003,1.567,1.851,3.427,2.100,0.496,2.596,2.739
1780272468619,0.000,0.000,0.000,0.003,0.000,0.003,1.581,1.873,3.460,2.173,0.504,2.677,2.764
1780272468684,0.000,0.000,0.000,0.003,0.000,0.003,1.837,2.099,3.942,2.490,0.537,3.027,3.030
1780272468742,0.003,0.000,0.000,0.003,0.000,0.003,1.713,2.012,3.734,2.417,0.529,2.946,3.127
1780272468825,0.000,0.003,0.000,0.003,0.003,0.003,1.483,1.709,3.204,2.026,0.512,2.538,2.788
1780272468893,0.000,0.000,0.000,0.003,0.000,0.003,1.472,1.676,3.154,1.969,0.512,2.481,2.570
1780272468945,0.000,0.000,0.000,0.003,0.000,0.007,1.454,1.680,3.144,1.937,0.537,2.474,2.570
1780272469031,0.000,0.000,0.000,0.003,0.003,0.003,1.753,1.950,3.712,2.319,0.512,2.831,2.885
1780272469081,0.000,0.003,0.000,0.003,0.000,0.000,1.498,1.709,3.213,2.059,0.520,2.579,2.836
1780272469120,0.003,0.000,0.000,0.003,0.000,0.007,1.432,1.669,3.114,1.953,0.520,2.473,2.570
1780272469167,0.000,0.000,0.000,0.003,0.000,0.003,0.619,0.758,1.383,1.033,0.520,1.553,1.939
1780272469233,0.000,0.000,0.000,0.000,0.000,0.003,1.388,1.600,2.991,1.717,0.529,2.246,1.527
1780272469298,0.000,0.000,0.003,0.000,0.000,0.003,1.702,1.971,3.679,2.287,0.529,2.816,3.006
1780272469364,0.000,0.000,0.000,0.003,0.000,0.003,1.713,1.993,3.712,2.368,0.537,2.905,3.030
1780272469401,0.000,0.000,0.000,0.003,0.000,0.003,1.702,1.986,3.694,2.368,0.537,2.905,2.982
1780272469444,0.000,0.000,0.000,0.003,0.000,0.003,1.592,1.851,3.449,2.230,0.545,2.775,2.909
1780272469483,0.003,0.000,0.000,0.003,0.003,0.003,1.807,2.048,3.867,2.466,0.545,3.011,2.982
1780272469550,0.003,0.000,0.000,0.003,0.000,0.003,0.670,0.765,1.444,1.107,0.520,1.627,3.030
1780272469629,0.000,0.000,0.000,0.003,0.000,0.003,1.574,1.807,3.387,2.043,0.520,2.563,2.691
1780272469698,0.003,0.000,0.003,0.003,0.003,0.003,1.807,2.103,3.925,2.531,0.529,3.060,2.909
1780272469760,0.000,0.000,0.000,0.003,0.000,0.003,1.570,1.855,3.431,2.238,0.529,2.767,2.909
1780272469822,1.632,5.478,6.633,2.077,0.000,0.003,0.940,1.100,17.863,1.473,12.380,13.853,11.030
1780272469921,2.084,5.671,6.455,2.088,3.061,2.952,0.714,0.863,23.888,6.389,13.056,19.445,19.030
1780272469978,1.643,4.749,5.777,2.077,1.782,1.851,1.082,1.290,20.251,5.071,11.811,16.882,15.103
1780272470021,1.833,5.073,5.689,1.527,1.589,1.509,1.082,1.279,19.581,4.639,11.208,15.847,14.836
1780272470093,4.279,2.748,4.866,5.616,1.191,1.297,1.086,1.272,22.355,4.037,15.620,19.657,18.012
1780272470162,4.315,2.106,4.592,5.339,1.326,1.293,1.093,1.290,21.354,4.167,15.873,20.040,17.721
1780272470230,3.757,2.201,4.432,4.282,1.363,1.334,1.286,1.487,20.142,4.485,14.448,18.933,17.455
1780272470290,2.959,0.335,4.115,0.572,1.738,1.793,1.552,1.837,14.901,5.706,8.262,13.968,13.891
1780272470351,3.043,0.036,3.254,0.036,1.676,1.745,1.654,1.913,13.357,5.795,6.642,12.437,11.564
1780272470435,2.423,1.239,1.979,1.694,2.012,1.873,1.756,2.015,14.991,6.284,6.145,12.429,11.273
1780272470505,2.453,3.685,1.669,4.723,1.731,1.796,1.334,1.538,18.929,5.429,11.859,17.288,15.806
1780272470559,2.456,3.433,1.775,4.330,1.778,1.909,1.439,1.683,18.803,5.681,11.583,17.264,16.242
1780272470634,2.770,2.562,1.818,3.586,1.498,1.490,1.694,1.990,17.408,5.673,10.476,16.149,15.976
1780272470713,1.177,2.278,0.681,2.679,1.654,1.468,3.663,3.998,17.598,9.776,6.829,16.605,16.315
1780272470776,0.167,1.942,0.102,2.281,1.625,1.709,3.696,4.169,15.691,10.752,4.672,15.424,14.885
1780272470837,2.066,1.447,1.873,1.144,1.844,1.778,2.332,2.489,14.973,7.757,6.984,14.741,14.691
1780272470894,2.084,1.632,3.641,1.742,1.749,1.662,1.764,2.084,16.358,6.430,8.913,15.343,14.255
1780272470975,2.281,1.742,2.835,1.049,1.366,1.461,3.327,3.692,17.753,9.076,7.838,16.914,15.952
1780272471029,1.173,1.902,2.668,1.523,1.549,1.494,3.462,3.809,17.580,9.711,7.374,17.085,16.630
1780272471069,2.095,2.037,2.824,1.337,1.665,1.629,2.154,2.547,16.288,7.733,8.115,15.848,15.491
1780272471120,2.066,1.764,2.223,1.724,1.724,1.702,2.004,2.259,15.466,6.764,7.610,14.374,13.697
1780272471179,0.415,0.564,0.608,0.393,1.855,1.837,2.146,2.507,10.325,7.032,2.458,9.490,9.309
1780272471262,0.021,0.014,0.021,0.018,1.789,1.844,2.547,2.883,9.137,7.806,0.691,8.497,8.412
1780272471317,0.003,0.003,0.003,0.007,1.950,1.957,2.584,2.956,9.463,8.351,0.537,8.888,8.679
1780272471384,0.000,0.003,0.000,0.003,2.587,2.493,2.464,2.748,10.298,8.937,0.512,9.449,9.309
1780272471435,0.000,0.000,0.000,0.007,2.522,2.405,2.387,2.751,10.072,8.791,0.520,9.311,9.600
1780272471524,0.000,0.003,0.000,0.003,2.351,2.398,2.558,2.934,10.247,9.067,0.545,9.612,9.576
1780272471574,0.003,0.000,0.003,0.003,2.296,2.365,2.208,2.507,9.385,8.319,0.537,8.856,9.261
1780272471629,0.000,0.000,0.003,0.003,2.358,2.354,2.183,2.533,9.434,8.278,0.545,8.823,8.848
1780272471684,0.003,0.000,0.000,0.003,2.376,2.394,2.205,2.493,9.474,8.286,0.553,8.839,8.897
1780272471765,0.003,0.000,0.000,0.003,2.402,2.380,2.114,2.351,9.253,8.034,0.561,8.595,8.606
1780272471817,0.000,0.000,0.000,0.003,2.522,2.496,1.191,1.363,7.575,6.845,0.545,7.390,7.564
1780272471874,0.003,0.000,0.000,0.003,2.361,2.383,0.841,1.057,6.648,6.015,0.529,6.544,6.715
1780272471938,0.000,0.000,0.000,0.003,2.398,2.442,1.027,1.279,7.149,6.210,0.537,6.747,6.473
1780272472031,0.000,0.000,0.000,0.003,2.176,2.084,1.159,1.352,6.774,5.795,0.545,6.340,6.376
1780272472080,0.000,0.000,0.000,0.003,1.931,1.866,2.012,2.318,8.130,6.699,0.537,7.236,6.448
1780272472136,0.003,0.000,0.000,0.000,1.913,1.924,2.150,2.438,8.428,7.155,0.537,7.692,7.806
1780272472192,0.000,0.000,0.000,0.003,2.084,2.004,1.202,1.450,6.743,5.982,0.529,6.511,6.667
1780272472265,0.000,0.000,0.000,0.003,1.979,2.019,1.166,1.359,6.526,5.510,0.529,6.039,6.109
1780272472316,0.000,0.003,0.000,0.003,1.902,1.869,2.004,2.376,8.157,6.764,0.520,7.284,7.176
1780272472353,0.000,0.000,0.003,0.003,2.059,2.008,1.403,1.669,7.145,6.218,0.537,6.755,7.636
1780272472402,0.000,0.000,0.000,0.003,2.310,2.201,1.942,2.230,8.686,7.171,0.520,7.691,6.473
1780272472470,0.000,0.000,0.000,0.003,2.325,2.434,1.155,1.381,7.298,6.528,0.545,7.073,8.097
1780272472551,0.003,0.000,0.000,0.003,2.416,2.336,1.133,1.308,7.199,6.243,0.529,6.772,6.618
1780272472603,0.000,0.003,0.000,0.000,2.289,2.321,1.115,1.323,7.051,6.153,0.520,6.673,6.739
1780272472657,0.000,0.000,0.000,0.003,2.095,2.194,2.055,2.329,8.676,7.187,0.545,7.732,7.515
1780272472696,0.000,0.000,0.000,0.003,2.117,2.092,2.095,2.438,8.745,7.521,0.529,8.050,8.097
1780272472780,0.000,0.000,0.003,0.003,2.223,2.223,1.202,1.392,7.046,6.341,0.529,6.870,7.030
1780272472840,0.000,0.000,0.000,0.003,2.121,2.125,2.106,2.325,8.680,7.293,0.537,7.830,7.733
1780272472896,0.000,0.000,0.000,0.003,0.364,0.444,2.347,2.726,5.884,4.875,0.545,5.420,5.794
1780272472936,0.003,0.000,0.003,0.003,0.047,0.061,1.709,1.840,3.666,3.133,0.529,3.662,3.782
1780272472985,0.003,0.003,0.000,0.003,0.007,0.010,1.155,1.417,2.598,2.010,0.537,2.547,2.618
1780272473063,0.000,0.000,0.000,0.003,0.000,0.007,1.330,1.574,2.914,1.969,0.512,2.481,2.448
1780272473115,0.000,0.000,0.000,0.003,0.000,0.003,2.270,2.496,4.772,3.426,0.504,3.930,3.564
1780272473169,0.000,0.000,0.000,0.000,0.000,0.003,1.217,1.472,2.692,2.181,0.504,2.685,3.539
1780272473231,0.003,0.000,0.003,0.003,0.000,0.003,1.330,1.592,2.934,2.002,0.512,2.514,2.473
1780272473293,0.000,0.003,0.000,0.003,0.007,0.007,2.183,2.500,4.703,3.199,0.529,3.728,3.515
1780272473356,0.492,0.699,0.554,0.776,0.000,0.003,1.439,1.632,5.595,2.328,1.017,3.345,3.321
1780272473421,6.429,0.342,0.317,6.757,0.000,0.003,0.579,0.718,15.145,1.188,11.851,13.039,11.564
1780272473487,6.200,2.657,1.895,6.043,0.000,0.003,0.677,0.852,18.327,1.147,14.652,15.799,13.891
1780272473571,5.631,2.905,2.540,4.789,0.000,0.003,1.618,1.829,19.315,2.417,13.512,15.929,13.430
1780272473628,5.008,2.930,2.759,4.880,0.000,0.003,1.829,2.084,19.493,3.028,13.414,16.442,15.103
1780272473684,4.643,3.178,2.897,4.261,0.000,0.003,1.694,1.997,18.673,2.946,13.414,16.360,14.618
1780272473740,4.206,4.111,3.932,4.002,0.003,0.003,0.776,0.976,18.009,1.644,15.417,17.061,15.370
1780272473800,3.608,3.845,3.685,3.233,0.000,0.003,1.512,1.756,17.642,2.376,14.122,16.498,15.030
1780272473857,3.393,3.444,3.174,3.054,0.000,0.003,1.654,1.884,16.606,2.702,12.901,15.603,14.279
1780272473913,3.105,3.171,2.959,2.959,0.000,0.000,0.750,0.954,13.898,1.416,12.055,13.471,13.212
1780272473979,2.839,2.854,2.547,2.784,0.003,0.003,0.579,0.765,12.374,1.041,11.054,12.095,10.885
1780272474034,2.730,2.646,2.482,2.558,0.000,0.000,0.641,0.780,11.837,1.025,10.166,11.191,10.376
1780272474124,2.354,2.252,1.939,2.154,0.000,0.000,0.845,1.016,10.560,1.269,8.962,10.231,9.164
1780272474180,2.340,2.179,1.920,2.150,0.000,0.000,0.769,0.940,10.298,1.196,8.758,9.954,9.164
1780272474230,2.030,2.048,1.924,1.822,0.000,0.003,0.688,0.863,9.378,1.090,8.026,9.116,8.509
1780272474292,1.964,1.968,1.629,1.720,0.000,0.003,0.725,0.882,8.891,1.090,7.602,8.692,7.564
1780272474347,1.753,1.767,1.578,1.658,0.000,0.000,0.754,0.940,8.450,1.139,6.910,8.049,7.636
1780272474399,1.724,1.691,1.607,1.498,0.000,0.003,0.670,0.841,8.034,1.041,6.878,7.919,7.030
1780272474454,1.665,1.614,1.454,1.447,0.000,0.003,0.590,0.732,7.505,0.919,6.414,7.333,6.861
1780272474523,0.233,0.182,0.145,0.164,0.000,0.000,0.703,0.863,2.290,1.001,1.424,2.425,2.594
1780272474582,0.018,0.010,0.010,0.007,0.000,0.003,0.725,0.885,1.658,1.017,0.651,1.668,1.624
1780272474662,0.003,0.003,0.003,0.003,0.000,0.000,0.758,0.907,1.677,1.041,0.496,1.537,1.648
1780272474725,0.000,0.000,0.003,0.003,0.000,0.003,0.787,0.933,1.729,1.066,0.472,1.538,1.673
1780272474790,0.000,0.000,0.000,0.003,0.000,0.000,0.936,1.093,2.032,1.229,0.480,1.709,1.891
1780272474843,0.000,0.003,0.000,0.003,0.000,0.000,0.820,1.002,1.828,1.139,0.480,1.619,1.939
1780272474911,0.000,0.003,0.000,0.003,0.000,0.000,0.714,0.849,1.569,0.993,0.504,1.497,1.648
1780272474960,0.003,0.000,0.003,0.003,0.000,0.003,0.831,1.006,1.849,1.098,0.512,1.610,1.648
1780272475002,0.000,0.003,0.000,0.003,0.000,0.000,1.089,1.242,2.337,1.351,0.504,1.855,1.818
1780272475061,0.000,0.000,0.000,0.000,3.725,0.003,0.947,1.151,5.826,3.744,0.504,4.248,4.558
1780272475125,0.000,0.003,0.000,0.003,3.998,3.736,1.428,1.764,10.932,6.731,0.545,7.276,10.642
1780272475195,0.000,0.000,0.000,0.003,2.292,2.369,1.753,2.001,8.418,5.795,0.545,6.340,10.182
1780272475249,0.000,0.003,0.000,0.003,2.412,2.369,2.015,2.354,9.156,6.186,0.553,6.739,8.048
1780272475307,0.000,0.000,0.000,0.003,1.964,1.946,4.126,4.625,12.664,10.004,0.553,10.557,10.715
1780272475375,0.000,0.000,0.000,0.003,2.084,2.099,4.177,4.723,13.086,11.127,0.569,11.696,12.752
1780272475431,0.000,0.000,0.000,0.003,2.059,1.953,4.002,4.559,12.576,10.899,0.577,11.476,14.424
1780272475466,0.003,0.000,0.000,0.000,1.778,1.844,4.049,4.527,12.201,10.728,0.569,11.297,14.012
1780272475518,0.000,0.000,0.000,0.003,2.026,2.139,2.052,2.201,8.421,6.731,0.553,7.284,10.642
1780272475587,0.000,0.000,0.000,0.000,1.658,1.494,4.231,4.632,12.015,9.548,0.537,10.085,9.333
1780272475657,0.000,0.000,0.000,0.003,1.221,1.290,4.217,4.818,11.549,10.288,0.545,10.833,12.485
1780272475710,0.000,0.000,0.000,0.003,1.173,1.180,4.166,4.771,11.293,10.166,0.561,10.727,13.430
1780272475746,0.000,0.000,0.000,0.003,1.232,1.213,4.286,4.716,11.450,10.256,0.561,10.817,12.606
1780272475797,0.000,0.000,0.000,0.000,1.191,1.206,4.512,4.993,11.902,10.679,0.561,11.240,12.194
1780272475831,0.000,0.000,0.000,0.003,1.195,1.239,4.534,5.011,11.982,10.728,0.561,11.289,11.927
1780272475871,0.003,0.000,0.000,0.003,1.210,1.184,4.512,4.986,11.898,10.663,0.553,11.216,11.758
1780272475928,0.000,0.000,0.003,0.003,1.232,1.235,4.392,4.891,11.756,10.541,0.577,11.118,11.539
1780272475982,0.003,0.000,0.003,0.003,1.210,1.253,4.341,4.804,11.617,10.419,0.586,11.005,11.394
1780272476015,0.000,0.000,0.000,0.003,1.275,1.264,4.206,4.785,11.533,10.345,0.577,10.922,11.297
1780272476065,0.000,0.000,0.003,0.003,1.509,1.465,1.826,2.281,7.087,5.641,0.537,6.178,10.521
1780272476132,0.000,0.000,0.000,0.003,1.312,1.290,1.432,1.709,5.746,4.078,0.529,4.607,4.703
1780272476235,0.003,0.000,0.000,0.003,0.051,0.072,0.353,0.375,0.857,1.041,0.504,1.545,2.885
1780272476294,0.003,0.000,0.000,0.003,0.007,0.010,1.108,1.268,2.399,1.432,0.520,1.952,1.552
1780272476346,0.000,0.000,0.000,0.003,0.000,0.003,1.421,1.687,3.114,1.872,0.520,2.392,2.279
1780272476405,0.003,0.000,0.000,0.003,0.000,0.003,1.501,1.705,3.215,1.969,0.504,2.473,2.594
1780272476447,0.000,0.000,0.000,0.007,0.000,0.003,1.454,1.727,3.191,2.002,0.496,2.498,2.618
1780272476492,0.000,0.000,0.000,0.003,0.000,0.003,1.443,1.742,3.191,1.986,0.512,2.498,2.594
1780272476559,0.000,0.000,0.000,0.003,0.003,0.003,1.447,1.735,3.191,1.986,0.512,2.498,2.618
1780272476616,0.003,0.000,0.000,0.003,0.000,0.003,1.432,1.716,3.157,1.994,0.512,2.506,2.594
1780272476674,2.361,2.132,1.654,2.103,0.000,0.003,1.283,1.512,11.048,1.774,4.379,6.153,4.873
1780272476795,4.056,3.787,5.041,5.197,0.000,0.003,0.863,1.031,19.978,1.286,16.369,17.655,17.188
1780272476858,3.182,2.894,4.118,4.093,0.000,0.003,1.275,1.458,17.023,1.750,13.626,15.376,14.279
1780272476921,2.391,2.197,3.346,3.316,0.000,0.003,1.596,1.895,14.744,2.319,11.176,13.495,12.533
1780272476973,2.121,1.855,2.992,2.861,0.000,0.003,1.549,1.840,13.221,2.328,9.540,11.868,11.539
1780272477036,1.683,1.264,2.256,2.154,0.000,0.007,3.747,4.082,15.193,6.821,7.415,14.236,14.206
1780272477097,1.261,1.100,1.990,2.139,0.000,0.007,3.838,4.330,14.665,7.741,6.601,14.342,15.297
1780272477159,5.478,0.233,5.883,0.408,0.003,0.003,1.479,1.782,15.269,3.231,6.894,10.125,15.588
1780272477222,2.518,1.363,5.872,3.532,0.000,0.003,0.287,0.349,13.924,0.936,11.811,12.747,14.473
1780272477314,2.278,1.735,7.133,4.250,0.000,0.000,0.145,0.167,15.708,0.358,13.976,14.334,16.436
1780272477374,2.070,2.270,7.005,3.994,0.000,0.000,0.167,0.185,15.691,0.341,15.148,15.489,13.503
1780272477431,2.573,2.081,5.314,3.553,0.000,0.000,0.543,0.667,14.731,0.748,13.414,14.162,14.691
1780272477471,2.974,2.544,4.545,3.459,0.000,0.000,0.732,0.896,15.150,1.025,13.349,14.374,16.824
1780272477514,2.478,2.741,4.195,3.459,0.000,0.000,1.060,1.228,15.161,1.489,12.584,14.073,15.152
1780272477570,2.795,2.857,3.641,3.211,0.000,0.003,0.936,1.162,14.605,1.400,12.242,13.642,13.939
1780272477623,2.792,2.781,3.207,3.131,0.000,0.000,0.266,0.317,12.494,0.545,11.721,12.266,12.097
1780272477691,3.028,0.411,0.455,3.058,0.000,0.000,0.225,0.298,7.475,0.415,7.358,7.773,7.297
1780272477761,2.974,4.293,4.563,2.391,0.000,0.003,0.940,1.119,16.283,1.147,8.547,9.694,9.309
1780272477877,3.003,4.585,4.643,2.099,0.000,0.000,0.218,0.229,14.777,0.472,9.784,10.256,9.964
1780272477947,2.726,5.059,5.135,1.902,0.000,0.003,0.182,0.207,15.214,0.341,11.159,11.500,10.376
1780272478009,1.939,3.284,3.466,1.658,0.007,0.025,8.813,9.513,28.705,14.293,7.195,21.488,15.442
1780272478067,2.788,2.117,2.321,2.482,0.000,0.003,1.920,2.321,13.952,4.981,6.951,11.932,18.448
1780272478139,2.088,0.896,1.137,2.438,0.003,0.010,4.395,4.979,15.946,8.408,5.600,14.008,12.800
1780272478189,2.256,0.579,0.459,2.449,0.003,0.010,4.658,5.124,15.538,9.149,5.128,14.277,14.206
1780272478228,2.103,0.667,0.419,2.555,0.003,0.007,4.501,5.011,15.266,9.067,5.445,14.512,13.867
1780272478298,2.894,1.016,1.283,2.872,0.000,0.003,1.257,1.399,10.724,2.735,6.650,9.385,10.958
1780272478394,2.770,1.119,1.315,2.963,0.000,0.000,0.251,0.328,8.746,0.675,6.894,7.569,7.127
1780272478460,2.613,1.468,1.450,3.244,0.000,0.000,0.127,0.145,9.047,0.317,7.252,7.569,6.739
1780272478512,2.693,1.822,1.680,3.072,0.000,0.000,0.105,0.116,9.488,0.260,7.838,8.098,7.055
1780272478572,2.380,1.654,1.232,3.152,0.000,0.000,0.674,0.831,9.923,1.115,7.285,8.400,7.297
1780272478638,2.598,1.133,0.780,3.156,0.000,0.003,1.016,1.239,9.925,1.343,7.032,8.375,7.661
1780272478689,2.544,0.933,0.605,2.970,0.000,0.000,1.082,1.297,9.431,1.326,6.512,7.838,7.297
1780272478732,2.682,0.845,0.561,2.937,0.000,0.003,0.896,1.060,8.984,1.107,6.650,7.757,7.152
1780272478792,2.438,0.714,0.375,2.912,0.000,0.003,0.874,1.038,8.354,1.041,6.194,7.235,6.739
1780272478830,2.536,0.692,0.371,2.737,0.000,0.000,0.397,0.368,7.101,0.569,6.161,6.730,6.206
1780272478936,2.125,0.448,0.211,2.285,3.320,3.316,0.645,0.754,13.104,6.560,5.087,11.647,13.552
1780272479003,3.437,2.708,0.120,0.404,1.928,1.815,0.167,0.200,10.779,4.338,4.420,8.758,9.988
1780272479070,1.928,1.450,3.080,1.184,6.663,6.375,0.087,0.102,20.869,11.672,6.495,18.167,13.673
1780272479143,1.516,0.590,4.443,3.105,6.273,6.254,0.076,0.094,22.351,11.640,9.865,21.505,22.061
1780272479198,0.867,3.276,3.943,3.528,3.080,3.495,0.105,0.120,18.414,6.536,11.721,18.257,16.703
1780272479257,1.144,6.491,4.024,3.349,1.676,1.840,0.579,0.677,19.780,4.216,14.546,18.762,15.442
1780272479327,3.171,6.757,0.408,0.280,1.221,1.221,4.024,4.330,21.412,9.588,10.720,20.308,18.909
1780272479377,4.891,5.660,0.138,0.021,1.304,1.261,4.111,4.567,21.953,10.516,10.500,21.016,21.042
1780272479483,2.638,6.553,5.237,3.510,1.578,1.570,1.235,1.479,23.800,5.567,14.310,19.877,22.109
1780272479562,0.167,0.495,0.317,0.273,1.906,1.880,0.754,0.900,6.692,4.574,2.482,7.056,8.412
1780272479617,0.109,0.317,0.032,0.517,1.574,1.585,0.266,0.317,4.717,3.646,0.919,4.565,4.388
1780272479691,3.936,5.390,4.960,5.795,0.841,0.849,0.116,0.131,22.018,2.083,17.964,20.047,17.964
1780272479740,4.789,5.179,4.082,4.286,1.232,1.213,0.601,0.725,22.107,3.036,17.395,20.431,18.909
1780272479782,4.060,4.935,2.241,3.189,1.509,1.487,1.129,1.396,19.946,4.175,12.910,17.085,16.582
1780272479841,1.024,4.567,2.741,0.524,1.556,1.581,1.406,1.603,15.002,4.639,7.203,11.842,11.224
1780272479880,0.379,3.809,6.364,2.380,0.882,0.907,3.408,3.608,21.737,7.041,10.402,17.443,12.388
1780272479932,1.465,4.177,7.515,0.674,1.264,1.334,1.778,2.125,20.332,5.982,11.737,17.719,20.461
1780272480033,2.945,2.806,7.796,3.889,1.654,1.563,1.078,1.261,22.992,4.485,15.083,19.568,18.036
1780272480098,4.592,2.697,5.934,5.547,1.614,1.611,0.218,0.273,22.486,3.663,15.612,19.275,19.055
1780272480156,0.707,0.626,1.221,0.911,2.741,2.544,1.057,1.272,11.079,6.153,3.394,9.547,9.988
1780272480230,0.047,0.032,0.051,0.032,2.795,2.868,1.545,1.796,9.166,7.342,0.911,8.253,8.194
1780272480292,0.007,0.003,0.007,0.007,2.478,2.595,1.632,1.888,8.617,6.943,0.618,7.561,7.564
1780272480348,0.003,0.003,0.003,0.007,2.540,2.547,1.651,1.880,8.634,6.748,0.577,7.325,7.588
1780272480411,1.505,0.360,0.382,1.483,2.289,2.482,1.392,1.596,11.489,6.300,1.351,7.651,7.515
1780272480471,5.175,4.705,4.975,5.387,1.680,1.687,0.674,0.816,25.099,4.517,17.167,21.684,16.679
1780272480583,4.990,4.567,5.544,5.022,2.405,2.321,0.743,0.911,26.503,5.608,18.892,24.500,23.055
1780272480653,0.812,0.674,1.133,1.596,3.174,3.065,1.658,1.888,14.000,7.781,3.369,11.150,11.661
1780272480715,0.065,0.061,0.083,0.131,2.642,2.642,1.855,2.194,9.673,7.545,0.984,8.529,8.630
1780272480784,0.007,0.003,0.007,0.007,2.580,2.617,1.807,2.033,9.061,7.212,0.602,7.814,7.855
1780272480848,1.931,2.773,2.981,2.810,2.449,2.391,1.355,1.560,18.250,6.398,4.574,10.972,10.255
1780272480907,3.152,4.672,6.145,5.041,1.906,1.928,0.816,0.987,24.647,5.054,14.586,19.640,18.303
1780272480966,2.212,3.586,6.739,4.352,2.332,2.354,0.841,1.027,23.443,5.527,13.951,19.478,18.279
1780272481031,2.299,3.127,6.433,4.884,2.464,2.595,0.878,1.024,23.704,6.015,13.431,19.446,17.624
1780272481124,0.174,3.163,1.501,6.247,2.930,2.868,1.126,1.341,19.350,7.041,8.644,15.685,14.667
1780272481186,0.021,2.977,0.320,7.833,2.635,2.671,1.180,1.414,19.051,6.593,10.419,17.012,15.830
1780272481245,0.954,2.992,0.072,7.475,2.402,2.507,1.538,1.782,19.722,6.756,9.971,16.727,15.636
1780272481321,1.603,0.944,3.254,6.801,2.179,2.248,1.458,1.658,20.145,6.113,9.702,15.815,14.230
1780272481376,0.459,1.093,5.296,6.178,2.055,2.143,1.250,1.450,19.924,5.657,11.127,16.784,15.152
1780272481441,3.827,5.657,4.683,6.057,1.727,1.840,1.020,1.191,26.002,4.859,18.778,23.637,21.261
1780272481493,4.024,5.934,3.593,5.693,1.982,1.902,1.053,1.246,25.427,5.177,18.201,23.378,21.721
1780272481547,5.697,2.566,3.710,4.567,2.394,2.223,1.242,1.454,23.853,5.917,12.022,17.939,19.055
1780272481654,2.391,0.995,3.367,7.574,1.990,2.008,1.232,1.472,21.029,5.502,11.916,17.418,15.200
1780272481713,4.250,0.441,1.713,6.983,2.070,2.063,1.454,1.662,20.636,5.779,11.583,17.362,16.388
1780272481771,5.252,0.127,0.353,6.739,2.409,2.464,1.392,1.614,20.350,6.438,12.030,18.468,17.358
1780272481856,5.558,0.962,1.191,6.469,2.886,2.824,1.406,1.632,22.928,7.391,12.519,19.910,17.745
1780272481910,4.333,3.532,4.702,4.275,3.178,3.284,1.119,1.337,25.760,7.651,12.079,19.730,19.127
1780272481967,3.247,3.331,6.309,0.893,2.835,2.708,1.221,1.399,21.943,6.845,10.826,17.671,16.364
1780272482034,6.017,1.006,3.903,0.911,2.369,2.318,1.053,1.246,18.823,5.852,10.508,16.360,15.588
1780272482086,5.613,0.156,4.548,0.127,2.168,2.190,1.443,1.735,17.980,6.145,9.824,15.969,15.273
1780272482176,3.962,0.007,3.965,0.010,2.194,2.179,1.498,1.753,15.568,6.202,7.969,14.171,13.455
1780272482237,2.824,4.928,3.021,4.235,1.906,1.767,1.006,1.155,20.842,4.997,15.042,20.039,14.497
1780272482291,3.167,5.729,3.152,4.399,0.430,0.317,1.020,1.202,19.416,2.490,15.897,18.387,16.752
1780272482367,3.145,4.538,3.193,4.024,0.010,0.018,1.268,1.505,17.701,1.733,14.611,16.344,16.097
1780272482418,3.393,4.056,3.098,3.728,0.003,0.007,1.272,1.447,17.004,1.644,14.000,15.644,14.788
1780272482473,2.956,3.473,3.028,3.229,0.003,0.000,0.601,0.729,14.019,0.984,12.682,13.666,12.339
1780272482528,3.050,3.203,2.715,3.003,0.000,0.003,1.155,1.359,14.488,1.334,11.859,13.193,11.612
1780272482567,2.872,2.967,2.708,2.587,0.003,0.003,1.235,1.494,13.869,1.522,11.013,12.535,11.539
1780272482614,2.383,2.609,2.474,2.263,0.000,0.003,1.345,1.534,12.611,1.611,9.743,11.354,10.642
1780272482695,2.351,2.449,2.340,2.063,0.000,0.003,0.564,0.729,10.499,0.805,9.320,10.125,9.067
1780272482755,2.281,2.179,2.052,2.059,0.000,0.003,0.320,0.426,9.320,0.488,8.571,9.059,8.533
1780272482822,2.132,2.059,1.935,1.899,0.000,0.000,0.193,0.236,8.454,0.341,8.286,8.627,7.709
1780272482897,1.909,1.775,1.698,1.702,0.000,0.000,0.266,0.353,7.703,0.358,7.285,7.643,7.103
1780272482953,1.385,1.137,1.042,0.998,0.003,0.010,4.304,4.596,13.475,6.593,4.542,11.135,6.376
1780272483029,0.156,0.109,0.091,0.083,0.003,0.003,1.749,2.117,4.311,3.101,1.123,4.224,5.770
1780272483086,0.014,0.007,0.007,0.003,0.003,0.003,1.053,1.199,2.289,1.758,0.618,2.376,2.230
1780272483123,0.003,0.003,0.003,0.007,0.003,0.000,0.390,0.492,0.901,1.050,0.520,1.570,2.061
1780272483189,0.003,0.003,0.003,0.003,0.000,0.000,0.164,0.185,0.361,0.374,0.488,0.862,1.115
1780272483228,0.000,0.000,0.003,0.003,0.000,0.003,0.940,1.119,2.068,0.895,0.463,1.358,1.309
1780272483278,0.000,0.003,0.003,0.003,0.000,0.000,1.115,1.326,2.450,1.172,0.480,1.652,1.818
1780272483347,0.000,0.003,0.003,0.003,0.000,0.003,1.530,1.807,3.349,1.676,0.504,2.180,2.182
1780272483420,0.000,0.000,0.000,0.003,4.341,0.003,1.417,1.654,7.418,4.558,0.520,5.078,5.818
1780272483478,0.003,0.000,0.003,0.003,3.499,3.473,1.334,1.527,9.842,5.885,0.545,6.430,10.812
1780272483535,0.000,0.000,0.003,0.003,2.310,2.194,1.330,1.578,7.418,4.851,0.553,5.404,9.867
1780272483607,0.000,0.000,0.000,0.003,1.902,1.877,1.257,1.519,6.558,4.200,0.561,4.761,8.897
1780272483653,0.000,0.000,0.000,0.003,1.778,1.829,1.301,1.476,6.387,3.972,0.529,4.501,7.006
1780272483709,0.003,0.003,0.000,0.003,1.727,1.745,1.858,2.205,7.544,4.444,0.529,4.973,5.648
1780272483769,0.000,0.003,0.000,0.003,1.257,1.078,4.898,5.540,12.779,10.402,0.561,10.963,11.758
1780272483814,0.000,0.000,0.000,0.003,1.151,1.359,5.146,5.624,13.283,11.534,0.569,12.103,15.030
1780272483856,0.000,0.000,0.000,0.003,1.348,1.334,5.062,5.544,13.291,11.908,0.594,12.502,15.370
1780272483934,0.000,0.000,0.000,0.003,1.807,1.698,5.150,5.671,14.329,12.494,0.577,13.071,14.570
1780272483988,0.000,0.000,0.000,0.003,1.931,2.026,5.252,5.675,14.887,12.861,0.577,13.438,14.279
1780272484026,0.000,0.000,0.000,0.003,1.909,1.924,5.146,5.635,14.617,12.755,0.569,13.324,13.842
1780272484100,0.003,0.000,0.000,0.003,2.048,2.114,1.745,1.935,7.848,5.844,0.545,6.389,11.297
1780272484168,0.000,0.000,0.003,0.003,1.778,1.516,1.283,1.494,6.077,3.947,0.529,4.476,4.994
1780272484237,0.000,0.000,0.000,0.003,1.246,1.297,0.947,1.122,4.615,2.979,0.520,3.499,5.115
1780272484310,2.977,2.682,2.460,3.101,2.150,1.993,0.608,0.725,16.696,4.688,4.892,9.580,11.685
1780272484386,2.343,4.789,6.247,2.529,1.290,1.323,0.692,0.816,20.029,3.369,12.226,15.595,13.164
1780272484446,2.489,2.905,7.093,2.930,0.929,0.951,4.060,4.395,25.752,9.084,13.129,22.213,20.242
1780272484489,4.173,4.738,4.428,5.270,0.987,0.969,4.086,4.548,29.199,9.865,15.840,25.705,24.291
1780272484549,3.911,4.111,4.683,5.660,1.210,1.184,3.965,4.457,29.181,10.231,16.353,26.584,24.606
1780272484607,3.003,4.213,2.726,1.585,1.549,1.494,4.519,4.924,24.013,11.575,9.092,20.667,22.036
1780272484669,0.976,3.386,0.867,2.077,1.483,1.461,4.687,5.077,20.014,11.933,5.787,17.720,17.164
1780272484749,5.318,2.179,5.398,5.157,1.436,1.425,1.093,1.213,23.219,5.266,15.889,21.155,22.836
1780272484831,3.575,2.591,5.485,4.264,1.396,1.388,0.149,0.182,19.030,3.239,15.400,18.639,16.921
1780272484894,2.963,2.482,5.044,3.856,1.406,1.385,0.112,0.131,17.379,2.954,13.675,16.629,15.709
1780272484957,3.273,2.522,4.282,3.244,1.337,1.283,0.324,0.433,16.698,3.459,13.015,16.474,15.418
1780272485001,3.178,2.493,3.706,3.174,1.308,1.330,0.874,1.027,17.090,3.923,12.323,16.246,15.321
1780272485041,2.886,2.540,3.284,2.759,1.611,1.421,1.097,1.293,16.891,4.216,11.322,15.538,15.055
1780272485106,2.584,2.070,2.391,2.289,1.625,1.377,4.045,4.490,20.871,10.362,9.531,19.893,18.279
1780272485139,2.511,2.015,2.208,2.092,1.581,1.727,4.180,4.712,21.026,11.216,8.856,20.072,19.733
1780272485177,2.358,1.968,2.340,2.270,2.106,2.132,2.095,1.935,17.204,7.708,9.157,16.865,19.127
1780272485271,1.432,1.443,1.308,1.417,1.414,1.527,8.540,9.086,26.167,17.419,6.113,23.532,23.103
1780272485342,2.033,1.957,1.786,2.033,2.467,2.558,1.140,1.334,15.308,9.043,7.798,16.841,19.927
1780272485425,1.735,1.607,1.651,1.760,1.323,1.494,4.625,5.124,19.319,11.697,7.032,18.729,17.552
1780272485487,1.549,1.352,1.133,1.345,1.891,2.117,4.672,5.143,19.202,13.317,5.543,18.860,18.764
1780272485524,1.319,1.133,0.911,1.359,2.278,2.095,4.556,5.044,18.695,13.528,5.486,19.014,18.691
1780272485573,1.614,1.428,1.414,1.436,1.975,1.578,4.625,5.030,19.100,12.617,5.925,18.542,18.352
1780272485625,1.374,1.115,1.159,1.297,1.498,1.607,4.570,5.048,17.668,12.193,5.404,17.597,17.188
1780272485662,1.560,0.572,1.385,0.681,1.545,1.570,4.574,5.128,17.015,12.226,4.460,16.686,16.824
1780272485711,1.337,0.109,1.210,0.131,1.549,1.523,4.658,5.099,15.616,12.258,3.231,15.489,15.297
1780272485791,0.805,0.047,0.918,3.069,1.534,1.549,4.643,5.019,17.584,12.087,2.401,14.488,14.255
1780272485882,1.064,0.051,0.524,2.095,1.884,1.837,1.436,1.680,10.571,6.446,2.214,8.660,8.267
1780272485941,0.324,2.854,0.284,1.811,1.570,1.570,0.750,0.893,10.056,4.436,4.672,9.108,8.339
1780272486020,0.098,2.675,0.317,0.397,2.380,1.895,0.656,0.790,9.208,5.356,3.703,9.059,8.582
1780272486091,0.091,2.653,0.699,0.153,2.026,2.161,0.696,0.838,9.317,5.046,3.809,8.855,8.994
1780272486162,1.862,0.324,1.078,0.091,2.030,2.248,1.337,1.501,10.471,5.746,3.223,8.969,8.679
1780272486217,3.120,0.021,0.860,0.021,2.409,2.336,1.458,1.720,11.945,6.577,4.387,10.964,10.279
1780272486260,3.397,0.007,0.619,0.010,2.125,2.194,3.790,4.122,16.264,10.288,4.289,14.577,13.673
1780272486328,2.762,0.860,0.484,3.269,2.332,2.259,1.789,1.869,15.624,7.724,5.820,13.544,15.176
1780272486404,0.328,3.182,0.729,2.059,1.796,1.796,3.827,4.093,17.810,10.052,5.551,15.603,14.400
1780272486463,0.138,3.174,1.403,0.765,1.931,1.935,4.071,4.508,17.925,11.640,5.046,16.686,16.485
1780272486538,0.076,1.272,0.400,0.138,2.398,2.380,1.716,1.818,10.198,7.480,2.002,9.482,9.867
1780272486604,0.007,0.156,0.036,0.014,2.369,2.227,1.111,1.341,7.261,6.113,0.724,6.837,7.030
1780272486661,2.256,2.708,2.022,0.776,2.959,2.905,1.027,1.191,15.844,6.699,1.684,8.383,7.927
1780272486713,7.177,2.310,6.163,1.235,1.971,2.176,0.856,1.027,22.915,5.494,12.405,17.899,12.509
1780272486774,7.997,0.164,3.648,0.098,2.208,2.263,1.151,1.304,18.833,5.795,12.055,17.850,16.388
1780272486847,5.172,0.010,5.299,0.014,2.321,2.467,1.272,1.512,18.067,6.430,9.947,16.377,15.855
1780272486927,4.665,0.003,4.374,0.010,0.236,0.287,1.720,2.026,13.321,3.321,8.913,12.234,11.176
1780272486974,4.005,0.003,3.677,0.007,0.036,0.051,3.612,3.903,15.294,6.039,7.578,13.617,10.497
1780272487029,3.564,0.003,3.480,0.010,0.003,0.007,2.445,2.525,12.037,4.330,7.171,11.501,14.618
1780272487094,3.032,0.003,3.375,0.007,0.000,0.003,1.363,1.596,9.379,2.246,6.471,8.717,7.830
1780272487158,2.340,0.003,3.349,0.007,0.003,0.003,1.213,1.421,8.339,1.717,5.844,7.561,7.297
1780272487230,2.041,2.963,3.156,1.683,0.000,0.000,0.371,0.349,10.563,0.724,7.838,8.562,8.218
1780272487284,1.669,5.835,2.945,4.516,0.000,0.000,0.182,0.200,15.347,0.431,13.789,14.220,13.042
1780272487341,1.957,5.525,3.134,4.199,0.000,0.003,0.780,0.914,16.512,0.968,14.513,15.481,14.230
1780272487406,2.241,4.680,3.072,3.583,0.000,0.003,0.896,1.082,15.557,1.261,13.536,14.797,14.570
1780272487481,2.569,4.024,2.967,2.850,0.000,0.000,0.309,0.400,13.119,0.691,12.462,13.153,11.709
1780272487548,2.577,3.127,2.843,2.544,0.000,0.003,0.874,1.115,13.083,1.155,10.923,12.078,11.273
1780272487607,2.609,2.817,2.402,2.361,0.000,0.000,0.889,1.089,12.167,1.212,10.394,11.606,10.255
1780272487658,2.595,2.587,2.533,2.165,0.000,0.000,0.313,0.306,10.499,0.586,9.922,10.508,9.964
1780272487711,2.212,2.369,2.033,2.125,0.000,0.003,0.918,1.082,10.742,1.066,9.019,10.085,8.752
1780272487764,2.227,2.456,2.146,2.117,0.000,0.003,0.349,0.448,9.746,0.667,8.986,9.653,8.873
1780272487814,2.019,2.336,1.982,1.888,0.000,0.000,0.207,0.262,8.694,0.407,8.433,8.840,8.121
1780272487871,1.968,2.004,1.811,1.942,0.000,0.003,1.148,1.308,10.184,1.253,7.879,9.132,8.073
1780272487929,1.796,1.848,1.651,1.614,0.000,0.003,1.745,1.968,10.625,2.148,7.260,9.408,8.388
1780272488018,1.673,1.778,1.501,1.458,0.000,0.000,1.210,1.388,9.008,1.986,6.691,8.677,7.733
1780272488077,1.640,1.662,1.487,1.512,0.000,0.000,0.349,0.426,7.076,0.789,6.422,7.211,7.055
1780272488139,1.640,1.607,1.530,1.414,0.000,0.003,0.167,0.182,6.543,0.341,6.512,6.853,5.939
1780272488199,1.574,1.447,1.272,1.334,0.000,0.000,0.127,0.138,5.892,0.260,6.031,6.291,5.915
1780272488256,0.987,1.060,1.031,0.623,0.003,0.014,7.683,8.091,19.492,10.923,3.996,14.919,8.315
1780272488310,1.348,1.162,0.954,1.137,0.000,0.003,2.318,2.675,9.597,4.900,5.054,9.954,15.418
1780272488374,1.060,1.067,0.929,0.823,0.003,0.010,4.614,5.066,13.572,7.952,4.273,12.225,12.073
1780272488441,0.167,0.131,0.102,0.083,0.000,0.003,2.347,2.733,5.566,4.371,1.334,5.705,7.661
1780272488533,0.003,0.003,0.007,0.003,0.003,0.003,0.448,0.594,1.064,1.164,0.512,1.676,1.552
1780272488575,0.000,0.003,0.003,0.003,0.007,0.018,5.729,5.799,11.562,8.929,0.488,9.417,5.842
1780272488615,0.000,0.000,0.003,0.003,0.000,0.000,2.620,3.087,5.713,4.208,0.512,4.720,14.909
1780272488676,0.000,0.000,0.000,0.003,0.003,0.010,4.920,5.423,10.359,9.263,0.520,9.783,9.818
1780272488726,0.003,0.000,0.003,0.003,0.003,0.014,5.394,5.726,11.146,10.573,0.512,11.085,11.612
1780272488767,0.000,0.000,0.003,0.003,0.000,0.000,2.044,1.519,3.569,4.656,0.512,5.168,7.976
1780272488820,0.003,0.000,0.003,0.000,0.000,0.000,0.302,0.338,0.646,1.286,0.504,1.790,1.261
1780272488886,0.003,0.000,0.000,0.003,3.703,0.003,0.185,0.207,4.104,3.019,0.512,3.531,3.782
1780272488956,0.000,0.000,0.000,0.003,3.112,3.233,0.153,0.174,6.675,4.379,0.545,4.924,9.721
1780272489015,0.000,0.000,0.000,0.000,2.741,2.803,0.852,1.002,7.398,4.647,0.537,5.184,9.139
1780272489072,0.000,0.000,0.000,0.007,2.289,2.208,1.188,1.377,7.069,4.411,0.537,4.948,8.752
1780272489153,0.000,0.000,0.000,0.003,1.928,1.971,1.472,1.713,7.087,4.273,0.529,4.802,7.442
1780272489216,0.000,0.000,0.000,0.003,2.183,3.101,1.534,1.720,8.541,5.714,0.529,6.243,6.036
1780272489277,0.000,0.000,0.000,0.003,4.632,4.647,4.410,5.026,18.718,13.919,0.569,14.488,14.473
1780272489312,0.000,0.000,0.000,0.003,4.935,5.099,4.716,5.234,19.987,15.368,0.577,15.945,17.964
1780272489351,0.003,0.000,0.003,0.000,4.928,5.602,4.661,5.092,20.289,16.011,0.586,16.597,18.642
1780272489436,0.000,0.000,0.000,0.003,5.015,5.580,4.538,4.917,20.053,15.995,0.634,16.629,19.588
1780272489501,0.000,0.000,0.000,0.003,5.828,5.576,1.188,1.560,14.155,10.744,0.610,11.354,17.842
1780272489557,0.003,0.000,0.000,0.003,5.653,5.726,1.173,1.414,13.972,9.165,0.569,9.734,9.964
1780272489599,0.000,0.000,0.000,0.003,5.944,5.897,4.056,4.217,20.117,14.082,0.561,14.643,12.655
1780272489640,0.000,0.000,0.000,0.000,5.948,5.955,4.661,5.041,21.605,16.434,0.561,16.995,18.158
1780272489695,0.000,0.000,0.000,0.003,5.853,5.919,4.625,5.066,21.466,16.841,0.618,17.459,18.012
1780272489761,0.003,0.000,0.000,0.003,5.897,5.996,1.104,1.293,14.296,10.443,0.561,11.004,11.879
1780272489829,0.000,0.000,0.003,0.003,6.039,6.134,0.185,0.215,12.579,8.498,0.553,9.051,9.600
1780272489879,0.000,0.000,0.000,0.003,6.480,6.462,0.448,0.597,13.990,9.149,0.545,9.694,9.479
1780272489959,0.000,0.000,0.003,0.003,6.520,6.561,0.794,0.940,14.821,9.507,0.553,10.060,10.594
1780272490028,0.000,0.000,0.000,0.003,6.455,6.170,0.838,0.984,14.450,9.312,0.545,9.857,10.279
1780272490110,0.000,0.000,0.000,0.003,7.643,7.435,0.998,1.170,17.249,14.765,0.569,15.334,16.097
1780272490172,0.003,0.000,0.000,0.000,7.880,7.873,1.038,1.206,18.000,15.840,0.586,16.426,15.830
1780272490212,0.000,0.000,0.000,0.003,8.259,8.394,1.013,1.173,18.842,16.532,0.602,17.134,17.285
1780272490266,0.000,0.003,0.000,0.003,7.526,8.008,1.046,1.242,17.828,16.011,0.594,16.605,16.242
1780272490332,0.000,0.000,0.000,0.003,7.680,7.577,3.754,4.115,23.129,20.765,0.602,21.367,20.509
1780272490373,0.000,0.000,0.000,0.000,7.971,7.454,1.735,2.092,19.252,18.087,0.594,18.681,18.715
1780272490426,0.000,0.000,0.000,0.003,8.310,8.248,0.907,1.075,18.543,16.613,0.610,17.223,16.121
1780272490484,0.000,0.000,0.000,0.003,8.110,7.862,0.780,0.951,17.706,15.929,0.610,16.539,16.679
1780272490550,0.000,0.000,0.000,0.003,8.361,7.421,0.973,1.166,17.924,15.848,0.602,16.450,16.412
1780272490628,0.003,0.000,0.000,0.003,7.567,7.607,1.042,1.228,17.450,15.262,0.594,15.856,16.630
1780272490696,0.003,0.000,0.003,0.003,0.743,0.944,1.848,2.121,5.665,4.770,0.545,5.315,4.242
1780272490733,0.000,0.000,0.000,0.003,0.105,0.149,1.658,1.880,3.795,3.028,0.529,3.557,2.570
1780272490779,0.000,0.000,0.003,0.003,0.021,0.029,1.753,1.953,3.762,2.189,0.512,2.701,2.279
1780272490851,0.000,0.000,0.000,0.003,4.107,3.903,1.399,1.570,10.982,8.408,0.569,8.977,12.024
1780272490900,0.000,0.000,0.000,0.003,2.653,2.547,1.381,1.611,8.195,6.642,0.545,7.187,7.273
1780272490956,0.000,0.000,0.000,0.003,1.724,1.822,1.585,1.796,6.930,5.291,0.553,5.844,6.109
1780272491010,0.000,0.000,0.000,0.003,1.519,1.479,1.494,1.705,6.200,4.688,0.529,5.217,5.285
1780272491073,0.003,0.000,0.003,0.003,0.174,0.149,1.589,1.818,3.739,2.417,0.520,2.937,2.909
1780272491162,0.000,0.000,0.000,0.003,4.764,3.874,0.995,1.159,10.795,8.864,0.553,9.417,13.309
1780272491226,0.000,0.000,0.000,0.003,2.092,2.103,1.279,1.461,6.938,5.559,0.537,6.096,6.230
1780272491288,0.003,0.000,0.000,0.003,1.611,1.640,1.662,1.953,6.872,5.103,0.553,5.656,5.503
1780272491356,0.000,0.000,0.003,0.003,1.527,1.541,0.386,0.499,3.959,3.573,0.512,4.085,4.436
1780272491397,0.000,0.000,0.003,0.000,1.396,1.436,1.173,1.498,5.506,3.996,0.504,4.500,4.485
1780272491440,0.000,0.000,0.000,0.003,1.385,1.414,1.607,1.811,6.220,4.371,0.537,4.908,4.752
1780272491496,0.003,0.000,0.003,0.003,1.345,1.396,1.720,1.997,6.467,4.599,0.512,5.111,5.091
1780272491548,0.003,0.000,0.000,0.003,1.385,1.410,1.436,1.592,5.829,4.281,0.520,4.801,5.139
1780272491614,0.000,0.003,0.000,0.003,1.439,1.396,1.363,1.530,5.734,4.183,0.520,4.703,4.703
1780272491716,0.000,0.000,0.000,0.000,1.403,1.421,1.355,1.527,5.706,4.143,0.529,4.672,4.630
1780272491773,0.000,0.003,0.000,0.003,1.425,1.476,0.437,0.554,3.898,3.475,0.512,3.987,4.073
1780272491827,0.003,0.000,0.000,0.003,1.348,1.374,1.217,1.454,5.399,3.850,0.512,4.362,4.218
1780272491901,0.000,0.003,0.000,0.003,1.359,1.396,1.611,1.840,6.212,4.403,0.529,4.932,4.994
1780272491953,0.000,0.000,0.000,0.003,2.999,2.992,1.465,1.676,9.135,6.642,0.553,7.195,5.673
1780272492004,0.000,0.000,0.000,0.000,2.832,2.755,1.487,1.680,8.754,6.862,0.545,7.407,8.606
1780272492062,0.000,0.000,0.000,0.000,2.402,2.292,1.293,1.476,7.463,6.096,0.537,6.633,7.273
1780272492124,0.000,0.000,0.003,0.003,2.467,1.931,1.232,1.439,7.075,5.681,0.537,6.218,5.867
1780272492217,0.003,0.000,0.000,0.007,2.055,2.216,1.272,1.450,7.003,5.494,0.529,6.023,6.376
1780272492254,0.000,0.000,0.003,0.003,2.004,2.125,1.272,1.458,6.865,5.347,0.520,5.867,5.818
1780272492312,0.000,0.000,0.003,0.003,1.928,1.658,1.304,1.501,6.397,4.965,0.520,5.485,5.794
1780272492372,0.000,0.000,0.000,0.003,1.509,1.654,1.589,1.796,6.551,4.843,0.537,5.380,5.430
1780272492440,0.000,0.000,0.000,0.003,0.131,0.193,1.490,1.680,3.497,2.238,0.545,2.783,2.618
1780272492515,0.000,0.000,0.003,0.003,6.054,0.014,1.654,1.899,9.627,5.584,0.512,6.096,7.127
1780272492571,0.000,0.000,0.000,0.003,4.206,3.932,0.411,0.506,9.058,5.852,0.529,6.381,10.085
1780272492627,0.000,0.000,0.000,0.003,2.084,2.063,1.115,1.334,6.599,4.110,0.529,4.639,7.442
1780272492714,0.000,0.000,0.000,0.003,1.381,1.377,1.563,1.822,6.146,3.630,0.529,4.159,5.188
1780272492766,0.000,0.000,0.000,0.007,1.268,1.250,2.358,2.628,7.511,4.485,0.504,4.989,4.752
1780272492834,0.000,0.000,0.000,0.003,0.958,0.991,5.143,5.609,12.704,10.199,0.545,10.744,10.788
1780272492870,0.000,0.000,0.000,0.003,1.111,1.100,5.343,5.817,13.374,11.632,0.553,12.185,13.067
1780272492914,0.000,0.000,0.000,0.003,1.188,1.188,5.314,5.777,13.470,11.965,0.553,12.518,13.188
1780272492985,0.000,0.000,0.000,0.003,1.155,1.173,5.234,5.620,13.185,11.794,0.569,12.363,13.018
1780272493059,0.000,0.000,0.003,0.000,1.581,1.600,0.532,0.623,4.339,4.542,0.529,5.071,10.473
1780272493152,2.704,3.200,5.711,5.372,0.061,0.069,8.015,8.368,33.500,13.569,15.441,29.010,31.127
1780272493216,3.849,3.980,6.112,5.912,0.003,0.007,1.239,1.421,22.523,3.630,19.137,22.767,20.461
1780272493260,3.247,3.090,5.489,5.183,0.003,0.014,4.002,4.239,25.267,6.967,15.791,22.758,17.212
1780272493311,3.123,3.025,4.862,4.716,0.003,0.010,4.399,4.800,24.938,8.473,15.636,24.109,21.624
1780272493363,3.178,3.116,4.140,4.042,0.003,0.010,4.516,4.949,23.954,8.856,13.781,22.637,22.133
1780272493401,3.141,3.010,3.823,3.747,0.000,0.010,4.497,4.898,23.126,8.872,13.642,22.514,20.533
1780272493445,3.265,3.120,3.419,3.404,0.003,0.010,4.534,4.913,22.668,8.864,12.584,21.448,20.703
1780272493517,3.382,3.225,3.265,3.553,0.000,0.003,1.060,1.144,15.632,2.271,12.844,15.115,14.570
1780272493569,2.813,2.916,3.196,3.131,0.003,0.000,0.222,0.266,12.547,0.757,11.892,12.649,11.079
1780272493657,2.762,2.555,2.522,2.690,0.000,0.003,0.729,0.903,12.164,0.822,10.402,11.224,10.255
1780272493723,2.201,1.920,1.913,2.070,0.003,0.010,4.406,4.774,17.297,7.252,8.058,15.310,13.842
1780272493760,1.818,1.866,1.822,1.891,0.003,0.010,4.669,5.161,17.240,8.815,7.619,16.434,16.242
1780272493798,1.786,1.767,1.738,1.530,0.003,0.010,4.625,5.164,16.623,9.645,6.992,16.637,16.558
1780272493862,2.259,1.946,1.909,2.070,0.000,0.003,1.753,2.019,11.959,3.703,8.083,11.786,10.739
1780272493915,1.436,1.155,1.177,1.053,0.007,0.025,7.942,8.398,21.193,13.903,4.997,18.900,15.200
1780272493967,1.108,0.255,1.089,0.189,0.007,0.021,9.130,9.746,21.545,16.662,3.321,19.983,20.436
1780272494035,1.432,0.010,1.024,0.010,0.003,0.010,5.646,6.170,14.305,11.542,2.751,14.293,13.964
1780272494089,0.645,0.003,0.386,0.003,4.042,3.663,4.825,5.245,18.812,16.100,1.701,17.801,18.376
1780272494178,1.275,0.000,0.043,0.007,1.796,1.884,4.949,5.503,15.457,13.341,1.758,15.099,15.200
1780272494223,1.632,0.003,0.025,0.003,1.549,1.516,4.990,5.423,15.141,12.812,2.100,14.912,14.497
1780272494278,2.015,0.112,0.040,1.465,1.377,1.414,4.840,5.288,16.551,12.201,2.832,15.033,14.521
1780272494337,1.917,2.970,0.021,5.729,1.137,1.115,4.293,4.632,21.814,10.638,9.833,20.471,19.321
1780272494390,2.741,1.224,0.018,5.314,1.330,1.330,4.195,4.581,20.733,10.818,8.897,19.715,20.315
1780272494448,3.050,1.961,3.827,4.880,1.330,1.312,4.027,4.399,24.786,10.533,9.108,19.641,20.436
1780272494505,3.564,2.974,4.785,2.048,1.439,1.425,4.107,4.410,24.752,10.695,8.473,19.168,20.436
1780272494572,3.728,4.909,4.530,1.662,2.048,1.753,1.315,1.578,21.523,6.349,9.019,15.368,14.255
1780272494635,4.257,2.988,4.060,3.725,1.640,1.713,0.619,0.769,19.771,4.346,11.078,15.424,13.479
1780272494724,4.195,1.257,1.720,3.710,1.986,1.837,0.754,0.907,16.366,4.615,8.685,13.300,12.194
1780272494796,3.601,0.404,0.663,3.316,2.351,2.606,1.133,1.323,15.397,5.974,7.244,13.218,12.679
1780272494843,3.141,1.519,1.811,3.564,2.179,2.329,0.936,1.129,16.608,5.641,7.798,13.439,12.824
1780272494892,3.331,1.950,2.063,3.171,2.084,2.391,0.841,0.976,16.807,5.299,7.830,13.129,12.145
1780272494955,3.287,0.616,0.780,3.484,2.143,1.975,0.973,1.155,14.413,5.046,6.959,12.005,11.079
1780272495008,2.525,0.707,0.594,3.254,2.336,2.227,0.976,1.170,13.789,5.559,6.446,12.005,10.715
1780272495088,2.358,1.239,0.954,3.276,2.762,2.956,0.838,1.006,15.389,6.617,6.398,13.015,13.018
1780272495149,2.580,0.667,0.422,3.240,2.824,2.908,0.732,0.871,14.244,6.642,6.495,13.137,12.194
1780272495259,3.834,6.663,3.211,0.856,2.897,2.985,0.583,0.714,21.743,6.682,13.137,19.819,18.958
1780272495322,0.564,5.955,3.112,1.993,3.098,3.244,0.940,1.093,19.999,7.431,9.711,17.142,16.145
1780272495378,0.619,5.099,1.578,1.720,2.916,2.792,1.071,1.272,17.067,7.049,7.814,14.863,14.303
1780272495429,2.799,4.111,3.207,3.378,2.646,2.719,0.714,0.871,20.445,6.422,11.143,17.565,16.145
1780272495484,3.787,3.852,2.223,4.326,2.569,2.598,0.561,0.677,20.593,6.056,13.341,19.397,17.915
1780272495535,4.049,3.757,2.646,4.534,2.930,2.912,0.594,0.729,22.151,6.520,14.456,20.976,19.733
1780272495597,3.455,3.353,2.518,3.885,2.912,2.905,0.579,0.743,20.350,6.414,13.203,19.617,18.400
1780272495655,3.105,3.203,2.693,3.196,2.759,2.850,0.758,0.907,19.471,6.568,11.884,18.452,17.309
1780272495708,2.861,2.828,2.449,2.730,2.675,2.741,0.852,1.006,18.142,6.324,11.021,17.345,16.315
1780272495804,2.744,2.751,2.391,2.642,0.102,0.171,1.257,1.436,13.494,2.319,10.394,12.713,11.442
1780272495870,2.445,2.584,2.365,2.289,0.007,0.014,1.432,1.629,12.765,1.986,9.686,11.672,10.642
1780272495910,2.329,2.321,2.055,2.172,0.000,0.007,1.334,1.563,11.781,1.864,9.100,10.964,9.842
1780272495962,2.216,2.230,1.880,2.030,0.003,0.003,1.253,1.432,11.047,1.684,8.603,10.287,9.406
1780272496023,2.008,2.044,1.899,1.982,0.000,0.003,1.246,1.476,10.658,1.628,7.936,9.564,9.018
1780272496077,1.877,1.928,1.716,1.607,0.000,0.003,1.283,1.472,9.886,1.628,7.415,9.043,8.315
1780272496146,1.993,1.837,1.738,1.713,0.000,0.003,0.262,0.349,7.895,0.626,7.301,7.927,7.685
1780272496207,0.280,0.328,0.280,0.309,0.000,0.003,1.202,1.381,3.783,1.302,1.725,3.027,4.048
1780272496272,0.014,0.010,0.010,0.007,0.003,0.003,1.570,1.807,3.424,1.855,0.691,2.546,2.594
1780272496360,0.003,0.003,0.003,0.003,0.000,0.003,1.596,1.858,3.469,1.953,0.496,2.449,2.594
1780272496424,0.000,0.003,0.003,0.003,0.000,0.003,1.614,1.829,3.455,1.945,0.480,2.425,2.570
1780272496474,0.000,0.003,0.003,0.007,0.000,0.003,0.320,0.411,0.747,0.846,0.496,1.342,2.424
1780272496534,0.003,0.003,0.000,0.003,0.000,0.000,0.182,0.196,0.387,0.415,0.504,0.919,1.261
1780272496586,0.000,0.000,0.000,0.003,0.000,0.000,0.284,0.349,0.636,0.463,0.520,0.983,1.236
1780272496654,0.000,0.000,0.000,0.003,0.000,0.000,0.306,0.419,0.728,0.496,0.520,1.016,1.139
1780272496739,0.003,0.000,0.000,0.003,4.381,0.003,1.385,1.636,7.411,4.273,0.529,4.802,4.776
1780272496793,0.000,0.000,0.000,0.003,3.652,3.448,1.363,1.556,10.022,6.202,0.553,6.755,9.406
1780272496849,0.000,0.003,0.000,0.003,2.332,2.533,1.833,2.154,8.858,5.584,0.553,6.137,9.333
1780272496917,0.003,0.003,0.000,0.003,1.971,2.070,1.607,1.877,7.534,4.786,0.553,5.339,8.800
1780272496977,0.003,0.000,0.003,0.003,2.048,2.252,2.259,2.478,9.046,5.494,0.537,6.031,6.885
1780272497045,0.003,0.000,0.000,0.003,1.753,1.873,4.942,5.376,13.950,11.355,0.561,11.916,13.042
1780272497087,0.000,0.000,0.000,0.003,1.760,1.683,5.113,5.518,14.077,12.039,0.569,12.608,15.103
1780272497124,0.000,0.000,0.000,0.003,1.683,1.786,5.070,5.474,14.016,12.193,0.594,12.787,15.297
1780272497186,0.007,0.000,0.000,0.003,1.643,1.669,5.248,5.689,14.259,12.560,0.561,13.121,14.255
1780272497283,0.003,0.000,0.000,0.007,1.939,1.512,1.786,2.110,7.357,6.023,0.553,6.576,7.685
1780272497345,0.000,0.000,0.000,0.000,0.940,1.053,4.691,5.048,11.732,9.995,0.569,10.564,8.242
1780272497385,0.003,0.000,0.000,0.003,1.144,1.155,4.938,5.420,12.663,11.135,0.569,11.704,14.352
1780272497434,0.000,0.003,0.000,0.003,1.585,1.512,2.004,2.471,7.578,5.860,0.545,6.405,14.012
1780272497502,0.003,0.000,0.000,0.003,1.301,1.330,1.268,1.461,5.366,3.589,0.545,4.134,4.582
1780272497561,0.000,0.000,0.003,0.003,0.907,0.958,4.913,5.339,12.123,9.572,0.553,10.125,9.115
1780272497600,0.000,0.000,0.000,0.000,1.078,1.071,5.183,5.671,13.003,11.225,0.553,11.778,12.873
1780272497645,0.003,0.000,0.000,0.003,1.108,1.155,5.164,5.653,13.086,11.713,0.553,12.266,12.921
1780272497707,0.000,0.000,0.000,0.003,1.530,1.519,1.738,1.851,6.641,5.209,0.529,5.738,5.818
1780272497807,0.000,0.003,0.000,0.003,0.087,0.109,0.291,0.298,0.791,1.017,0.520,1.537,1.745
1780272497862,3.338,3.513,3.980,3.287,0.010,0.007,0.127,0.142,14.404,0.390,8.213,8.603,5.770
1780272497918,1.563,3.703,7.271,2.675,0.000,0.003,0.131,0.149,15.495,0.284,11.713,11.997,11.612
1780272497987,0.338,5.168,6.571,0.451,0.000,0.003,0.736,0.907,14.174,0.814,11.241,12.055,11.685
1780272498052,0.998,4.836,5.719,0.794,0.000,0.003,1.155,1.330,14.835,1.261,10.883,12.144,10.352
1780272498105,0.827,4.902,5.099,0.944,0.000,0.003,1.213,1.410,14.398,1.416,10.036,11.452,10.909
1780272498159,0.211,4.392,4.815,0.222,0.000,0.003,1.505,1.716,12.864,1.733,9.312,11.045,10.230
1780272498220,0.123,3.510,2.883,0.703,0.003,0.007,4.647,5.051,16.927,7.846,6.577,14.423,13.479
1780272498336,0.003,2.941,0.036,4.191,0.000,0.003,1.567,1.844,10.585,2.596,7.130,9.726,9.285
1780272498383,2.518,2.467,1.556,3.375,0.000,0.003,0.397,0.477,10.793,1.090,8.603,9.693,8.873
1780272498433,3.320,2.216,5.613,2.894,0.000,0.000,0.145,0.160,14.348,0.431,12.828,13.259,12.388
1780272498491,1.275,2.172,6.032,3.039,0.000,0.003,1.057,1.210,14.788,1.131,12.266,13.397,12.218
1780272498532,2.587,2.299,5.099,2.908,0.000,0.000,1.264,1.458,15.615,1.465,12.617,14.082,13.697
1780272498589,2.937,1.964,3.754,2.278,0.000,0.010,3.703,4.410,19.056,6.577,10.923,17.500,14.400
1780272498646,3.171,2.176,3.032,2.281,0.003,0.010,4.344,4.858,19.875,8.522,10.443,18.965,18.424
1780272498697,3.080,2.453,2.868,2.522,0.000,0.003,1.931,2.041,14.898,3.622,10.704,14.326,14.642
1780272498758,2.540,2.402,2.704,2.573,0.000,0.003,1.115,1.326,12.663,1.701,10.183,11.884,10.521
1780272498858,2.354,2.183,2.103,2.307,0.000,0.003,1.151,1.366,11.467,1.416,8.856,10.272,9.721
1780272498912,1.771,1.775,1.694,1.800,4.282,3.757,0.936,1.104,17.119,7.667,7.399,15.066,13.964
1780272498991,1.549,0.269,1.417,0.302,1.767,1.895,4.344,4.712,16.255,10.907,4.094,15.001,14.303
1780272499054,1.301,4.610,0.240,0.091,1.403,1.421,4.592,4.993,18.651,11.664,3.337,15.001,15.055
1780272499113,0.732,6.980,3.717,0.080,1.206,1.250,4.213,4.596,22.774,10.769,7.578,18.347,17.309
1780272499171,0.874,8.700,4.217,0.080,1.519,1.512,1.738,1.993,20.633,6.536,9.556,16.092,16.582
1780272499222,1.764,7.155,3.247,0.087,1.530,1.512,1.071,1.261,17.627,4.737,9.759,14.496,13.430
1780272499292,2.351,7.311,3.491,0.091,1.352,1.406,1.075,1.235,18.312,4.590,9.857,14.447,13.479
1780272499365,2.467,6.568,3.123,0.094,1.417,1.410,1.323,1.538,17.940,4.599,8.994,13.593,12.800
1780272499438,2.474,4.217,5.806,4.301,1.188,1.242,0.798,0.914,20.940,3.549,13.186,16.735,14.909
1780272499513,3.568,1.658,3.211,4.352,1.483,1.461,0.911,1.027,17.671,3.907,10.142,14.049,12.752
1780272499578,3.244,0.572,0.298,4.793,1.432,1.414,1.188,1.381,14.322,4.216,8.213,12.429,11.855
1780272499620,3.054,1.414,0.670,4.377,1.363,1.348,1.592,1.840,15.658,4.623,8.140,12.763,11.758
1780272499670,2.423,0.882,0.539,4.148,1.115,1.097,3.794,4.162,18.160,8.392,7.065,15.457,12.000
1780272499726,3.025,0.411,0.455,3.747,1.519,1.494,1.880,2.172,14.703,5.934,7.203,13.137,12.655
1780272499806,3.783,1.399,1.694,3.462,1.472,1.377,1.323,1.483,15.993,4.525,8.221,12.746,11.685
1780272499897,4.468,2.092,0.623,3.131,1.815,1.632,0.353,0.408,14.522,4.306,8.783,13.089,11.830
1780272499958,5.175,2.967,1.439,4.341,2.048,2.099,0.809,0.954,19.832,5.014,12.315,17.329,14.909
1780272500035,6.495,2.948,4.078,5.554,1.538,1.760,0.215,0.255,22.843,3.565,18.477,22.042,19.612
1780272500095,4.723,3.878,4.129,3.404,1.760,1.705,0.987,1.108,21.694,4.493,12.763,17.256,15.345
1780272500136,2.693,4.158,4.414,1.691,2.110,2.055,1.235,1.428,19.784,5.421,10.378,15.799,14.933
1780272500204,1.848,4.825,2.635,3.444,2.325,2.351,1.293,1.483,20.204,6.218,9.955,16.173,14.012
1780272500259,3.604,4.866,3.280,4.760,1.950,2.012,1.002,1.151,22.625,5.201,14.953,20.154,17.721
1780272500327,4.312,1.476,0.893,4.785,1.953,2.310,1.202,1.399,18.330,5.478,10.386,15.864,15.079
1780272500412,3.218,2.664,2.806,4.330,1.567,1.720,1.355,1.552,19.212,4.884,8.709,13.593,12.776
1780272500489,1.086,4.399,4.825,3.513,1.622,1.534,1.144,1.370,19.493,4.615,9.914,14.529,13.455
1780272500572,1.191,5.799,6.531,2.879,1.370,1.465,0.831,1.002,21.068,3.907,15.425,19.332,17.964
1780272500638,1.676,5.813,6.061,2.937,1.530,1.512,0.225,0.284,20.038,3.435,16.011,19.446,17.455
1780272500695,1.319,5.405,5.733,2.154,1.603,1.563,0.882,1.006,19.665,4.053,13.333,17.386,16.533
1780272500748,0.659,4.567,5.339,0.860,1.600,1.676,1.483,1.691,17.875,4.965,11.013,15.978,14.691
1780272500820,0.415,3.532,5.062,0.477,1.290,1.417,3.951,4.264,20.408,9.572,9.255,18.827,18.036
1780272500891,0.189,3.787,4.552,0.116,1.789,1.673,1.840,2.121,16.067,6.666,8.620,15.286,14.691
1780272500983,0.080,3.338,4.443,0.007,1.643,1.632,1.603,1.822,14.568,5.396,7.895,13.291,12.364
1780272501043,4.082,2.839,4.056,4.242,1.399,1.458,1.589,1.782,21.447,4.989,12.055,17.044,15.491
1780272501115,4.902,0.360,3.973,3.630,1.567,1.578,1.640,1.895,19.545,5.356,10.801,16.157,15.345
1780272501181,4.224,0.029,3.787,0.273,1.574,1.589,1.950,2.227,15.653,6.324,8.465,14.789,13.430
1780272501242,3.845,0.054,2.908,0.441,1.724,1.778,1.837,2.092,14.679,6.365,6.455,12.820,12.824
1780272501301,3.160,0.087,2.598,0.244,1.742,1.698,1.632,1.858,13.019,5.706,5.877,11.583,10.861
1780272501351,1.122,3.761,2.219,2.821,1.476,1.574,1.560,1.833,16.366,5.291,8.107,13.398,11.297
1780272501430,0.160,4.009,2.766,1.024,1.676,1.611,1.479,1.738,14.463,5.250,7.562,12.812,11.661
1780272501511,0.065,3.750,2.635,0.123,1.669,1.665,1.538,1.775,13.220,5.339,6.723,12.062,11.442
1780272501593,0.007,0.178,0.134,0.007,2.168,2.154,1.880,2.135,8.663,6.560,1.123,7.683,7.394
1780272501652,0.000,0.010,0.010,0.003,2.208,2.259,2.001,2.252,8.743,6.992,0.651,7.643,7.782
1780272501719,1.982,2.022,2.099,1.268,2.525,2.504,1.964,2.278,16.642,7.643,1.855,9.498,9.673
1780272501782,5.893,5.664,4.734,4.632,2.431,2.515,0.998,1.144,28.011,6.471,14.562,21.033,18.036
1780272501840,6.437,6.054,4.570,4.490,2.321,2.423,0.772,0.933,28.000,5.966,19.674,25.640,23.273
1780272501887,5.857,5.482,4.384,4.610,2.810,2.803,0.765,0.907,27.618,6.568,19.373,25.941,24.170
1780272501928,4.990,4.873,4.425,4.446,2.690,2.803,0.860,1.013,26.100,6.593,18.233,24.826,23.321
1780272501987,4.946,2.941,4.107,3.018,0.346,0.400,1.592,1.840,19.190,3.426,13.439,16.865,15.806
1780272502072,3.240,0.218,4.016,0.105,0.007,0.010,1.935,2.212,11.743,2.905,7.236,10.141,9.697
1780272502132,2.343,0.036,3.382,1.541,0.003,0.007,2.001,2.278,11.591,2.905,5.982,8.887,8.218
1780272502198,1.523,0.072,3.072,1.935,0.003,0.003,2.001,2.325,10.934,2.938,5.054,7.992,7.636
1780272502260,1.381,0.131,2.872,1.330,0.000,0.003,1.826,2.055,9.598,2.629,4.582,7.211,7.055
1780272502314,0.933,0.532,2.970,1.337,0.000,0.003,0.608,0.776,7.159,1.155,4.379,5.534,5.818
1780272502380,0.761,2.635,3.087,0.302,0.000,0.000,0.714,0.849,8.348,1.009,5.054,6.063,5.697
1780272502437,0.772,5.777,2.591,3.258,0.000,0.000,0.386,0.481,13.265,0.716,11.428,12.144,11.442
1780272502510,1.129,5.186,2.985,3.521,0.000,0.003,1.381,1.570,15.775,1.831,12.226,14.057,12.897
1780272502583,1.895,4.326,3.371,2.770,0.000,0.003,0.699,0.896,13.960,1.245,11.746,12.991,12.776
1780272502635,2.084,3.736,2.879,2.405,0.000,0.003,1.436,1.713,14.256,1.994,10.614,12.608,11.952
1780272502690,2.055,3.386,2.894,1.979,0.000,0.000,0.721,0.871,11.906,1.245,10.126,11.371,10.958
1780272502740,2.030,2.850,2.613,1.997,0.000,0.003,1.669,1.909,13.071,2.181,9.165,11.346,10.327
1780272502812,0.287,2.660,0.342,2.128,0.000,0.007,2.055,2.332,9.811,2.865,5.714,8.579,7.806
1780272502868,2.431,2.004,0.043,1.899,0.000,0.003,1.837,2.143,10.360,2.661,4.485,7.146,7.006
1780272502944,1.997,1.188,0.007,2.026,0.000,0.000,0.874,1.031,7.123,1.676,3.638,5.314,5.139
1780272503025,3.892,0.342,2.941,1.479,0.000,0.000,0.269,0.346,9.269,0.577,8.327,8.904,7.152
1780272503104,2.456,1.180,2.755,0.885,0.000,0.000,0.218,0.295,7.789,0.447,6.487,6.934,6.521
1780272503145,1.319,1.410,2.332,0.393,0.000,0.000,0.204,0.258,5.916,0.415,5.160,5.575,6.036
1780272503189,0.386,1.796,2.445,0.109,0.000,0.000,0.441,0.539,5.716,0.586,5.022,5.608,5.018
1780272503249,0.094,1.607,2.084,0.010,0.000,0.000,0.320,0.419,4.534,0.529,4.175,4.704,4.776
1780272503315,3.054,1.683,2.456,3.171,0.000,0.000,0.233,0.295,10.892,0.439,5.502,5.941,5.503
1780272503374,3.025,1.669,1.687,4.964,0.000,0.000,0.368,0.488,12.201,0.561,7.114,7.675,6.497
1780272503438,4.844,1.505,1.775,6.178,0.000,0.000,0.317,0.437,15.056,0.545,9.938,10.483,9.721
1780272503499,6.229,1.713,1.450,7.042,0.000,0.000,0.258,0.342,17.034,0.488,13.553,14.041,11.200
1780272503587,2.143,0.204,0.174,4.647,0.000,0.003,0.583,0.707,8.461,0.732,4.713,5.445,4.121
1780272503664,0.196,0.014,0.010,0.251,0.003,0.000,0.215,0.266,0.955,0.472,0.936,1.408,1.503
1780272503717,0.010,0.003,0.003,0.010,0.000,0.003,0.171,0.193,0.393,0.350,0.610,0.960,1.212
1780272503759,0.007,0.003,0.003,0.007,0.000,0.000,0.174,0.193,0.387,0.350,0.529,0.879,1.115
1780272503831,0.007,0.000,0.003,0.003,4.202,0.003,0.153,0.171,4.542,3.085,0.545,3.630,3.515
1780272503892,0.003,0.003,0.003,0.003,3.823,3.335,0.189,0.222,7.581,4.810,0.561,5.371,9.309
1780272503958,0.000,0.000,0.000,0.003,2.059,2.084,4.322,4.804,13.272,9.955,0.561,10.516,11.491
1780272503994,0.000,0.003,0.000,0.000,1.873,1.928,4.884,5.376,14.064,11.827,0.569,12.396,14.667
1780272504036,0.003,0.003,0.000,0.003,1.745,1.753,5.128,5.733,14.368,12.454,0.569,13.023,14.133
1780272504096,0.003,0.000,0.003,0.003,1.596,1.873,5.179,5.613,14.270,12.503,0.586,13.089,13.745
1780272504152,0.000,0.000,0.000,0.000,1.702,1.250,5.099,5.540,13.591,12.112,0.561,12.673,13.358
1780272504193,0.003,0.000,0.000,0.003,1.301,1.261,4.946,5.390,12.904,11.575,0.569,12.144,13.867
1780272504236,0.000,0.000,0.000,0.003,1.199,1.275,4.800,5.234,12.511,11.208,0.577,11.785,14.691
1780272504277,0.000,0.000,0.000,0.000,1.239,1.202,4.669,5.175,12.285,11.119,0.561,11.680,14.788
1780272504357,0.000,0.000,0.000,0.003,1.570,1.585,1.337,1.713,6.208,5.282,0.569,5.851,8.339
1780272504421,0.000,0.000,0.000,0.003,1.392,1.406,0.244,0.302,3.347,2.824,0.520,3.344,4.121
1780272504496,0.000,0.000,0.000,0.003,0.944,0.976,4.669,5.288,11.880,9.865,0.561,10.426,11.467
1780272504565,0.138,0.127,0.102,0.156,0.149,0.178,5.026,5.595,11.471,10.394,0.602,10.996,11.879
1780272504623,3.039,2.937,3.382,4.056,0.014,0.018,4.381,4.909,22.736,9.043,7.928,16.971,15.297
1780272504685,2.974,4.767,6.509,6.021,0.000,0.003,0.809,0.984,22.067,3.117,18.282,21.399,20.824
1780272504726,2.507,4.556,6.604,6.178,0.003,0.000,0.189,0.229,20.266,1.098,18.249,19.347,17.552
1780272504767,2.048,4.049,6.469,5.616,0.000,0.003,0.069,0.083,18.337,0.415,17.354,17.769,15.855
1780272504810,2.099,3.790,6.090,5.150,0.000,0.000,0.080,0.094,17.303,0.293,16.581,16.874,14.739
1780272504864,2.620,2.948,5.638,3.885,0.000,0.003,0.112,0.123,15.329,0.268,13.813,14.081,13.309
1780272504918,3.371,0.473,4.957,0.663,0.000,0.000,0.131,0.145,9.740,0.268,9.637,9.905,9.212
1780272504973,3.608,0.080,3.943,0.120,0.000,0.000,0.903,1.013,9.667,0.903,7.700,8.603,7.806
1780272505043,2.522,0.007,2.230,0.014,0.003,0.021,8.372,8.777,21.946,12.934,4.973,17.907,12.921
1780272505120,1.891,0.003,1.009,0.007,0.007,0.021,9.145,9.735,21.818,17.297,3.565,20.862,21.067
1780272505176,2.427,0.000,1.341,0.007,0.003,0.010,5.824,6.276,15.888,11.949,4.200,16.149,15.733
1780272505230,2.551,0.003,1.035,0.003,0.003,0.010,5.438,6.039,15.082,11.021,3.988,15.009,14.570
1780272505284,2.657,0.000,1.253,0.007,0.003,0.010,5.445,5.791,15.166,10.614,4.257,14.871,14.545
1780272505345,2.511,0.258,0.925,1.323,0.003,0.010,5.172,5.682,15.884,10.288,4.314,14.602,14.545
1780272505404,2.405,3.069,0.936,5.303,0.003,0.010,4.647,5.044,21.417,9.173,11.054,20.227,19.224
1780272505456,2.741,3.473,1.155,5.474,0.003,0.010,4.403,4.836,22.095,8.888,12.291,21.179,20.558
1780272505488,2.773,2.431,1.775,5.070,0.003,0.010,4.457,4.866,21.385,8.856,11.819,20.675,20.024
1780272505543,3.160,2.595,1.891,4.479,0.003,0.007,4.370,4.760,21.265,8.701,11.819,20.520,19.491
1780272505606,3.047,2.748,2.566,3.885,0.000,0.003,1.651,1.749,15.649,3.272,11.990,15.262,13.891
1780272505686,1.388,2.646,2.431,1.443,3.659,3.222,0.510,0.637,15.936,6.796,7.781,14.577,16.752
1780272505760,0.189,2.697,2.697,0.229,1.913,1.851,0.153,0.185,9.914,4.135,5.991,10.126,9.576
1780272505826,3.739,2.587,1.530,3.586,1.436,1.476,0.127,0.138,14.619,3.117,5.958,9.075,8.800
1780272505901,4.242,2.540,2.125,3.710,1.319,1.359,0.134,0.149,15.578,2.808,8.237,11.045,10.255
1780272505956,3.969,2.751,1.775,3.688,1.337,1.319,0.539,0.667,16.045,3.109,8.473,11.582,10.352
1780272506012,4.038,2.478,1.917,4.151,1.301,1.352,0.831,0.991,17.059,3.410,8.424,11.834,10.812
1780272506100,3.670,2.427,2.172,3.553,1.942,1.326,0.863,0.998,16.951,4.224,8.091,12.315,11.127
1780272506166,3.371,2.230,1.964,2.934,2.967,2.467,1.111,1.250,18.294,6.748,7.594,14.342,12.630
1780272506259,3.911,1.680,2.577,0.860,4.435,4.527,3.659,4.100,25.749,15.238,8.888,24.126,23.006
1780272506314,3.710,3.298,2.329,2.219,4.745,4.902,3.572,3.936,28.711,15.767,10.964,26.731,25.382
1780272506383,3.809,5.062,3.360,2.515,2.270,2.824,1.170,1.385,22.395,7.960,14.603,22.563,20.727
1780272506444,0.466,0.852,0.448,0.484,2.325,2.048,1.567,1.807,9.997,5.999,2.808,8.807,11.491
1780272506496,0.036,0.058,0.025,0.021,1.585,1.749,1.567,1.778,6.819,5.152,1.009,6.161,6.303
1780272506561,0.003,0.003,0.003,0.003,1.078,1.115,4.676,4.990,11.871,10.077,0.643,10.720,9.964
1780272506638,0.105,0.510,0.185,0.014,1.687,1.665,2.343,2.453,8.962,6.927,0.716,7.643,11.418
1780272506712,4.640,5.591,0.871,0.659,1.210,1.286,0.991,1.173,16.421,4.013,9.637,13.650,13.261
1780272506796,2.135,4.760,6.178,6.524,1.188,1.246,0.189,0.193,22.413,2.767,17.663,20.430,19.176
1780272506868,0.218,0.342,0.386,0.419,2.190,1.891,1.381,1.541,8.368,5.242,2.881,8.123,7.248
1780272506921,0.007,0.029,0.032,0.029,2.442,2.183,1.355,1.600,7.677,5.917,1.025,6.942,6.448
1780272506981,0.003,0.003,0.007,0.007,1.917,2.278,1.516,1.749,7.480,5.844,0.618,6.462,6.739
1780272507049,3.994,4.895,5.591,5.303,1.268,1.086,0.783,0.954,23.874,3.614,17.834,21.448,17.503
1780272507109,2.168,6.302,0.958,1.221,2.212,2.332,1.235,1.468,17.896,5.649,10.077,15.726,15.952
1780272507185,3.309,5.270,3.109,1.020,2.030,2.066,1.297,1.523,19.624,5.584,9.084,14.668,14.885
1780272507249,1.476,4.997,8.518,0.244,1.687,1.851,1.385,1.567,21.725,5.217,12.812,18.029,16.485
1780272507337,5.059,2.868,5.299,6.207,1.403,1.745,1.133,1.330,25.044,4.517,16.166,20.683,18.788
1780272507395,3.677,1.290,1.038,6.648,1.950,1.993,1.312,1.527,19.435,5.543,11.273,16.816,17.018
1780272507456,4.895,1.246,0.204,5.201,2.074,1.964,1.552,1.800,18.936,5.868,10.394,16.262,15.418
1780272507525,2.711,0.277,0.823,5.853,2.234,2.387,1.512,1.793,17.590,6.512,8.156,14.668,14.085
1780272507586,1.946,0.936,1.891,5.511,2.595,2.577,1.618,1.869,18.943,7.138,7.667,14.805,13.430
1780272507668,2.041,1.035,1.906,4.971,2.937,2.850,1.512,1.745,18.997,7.505,7.057,14.562,13.867
1780272507741,2.022,0.714,1.993,4.425,2.821,2.843,1.308,1.538,17.664,7.236,6.544,13.780,13.770
1780272507810,1.724,0.222,2.908,4.720,2.996,2.992,0.390,0.532,16.484,6.455,7.407,13.862,13.188
1780272507893,1.272,0.251,4.891,5.952,2.467,2.569,0.185,0.222,17.809,5.307,10.858,16.165,15.297
1780272507955,0.331,0.517,5.132,4.800,2.398,2.478,0.998,1.159,17.813,5.877,8.587,14.464,14.255
1780272508009,0.637,0.885,4.377,2.974,2.409,2.372,1.301,1.487,16.442,6.113,6.691,12.804,12.533
1780272508050,3.156,0.619,4.213,1.100,2.146,2.165,1.166,1.352,15.917,5.681,7.985,13.666,12.776
1780272508105,3.572,4.381,2.923,3.925,1.745,1.753,1.089,1.268,20.656,4.924,14.415,19.339,14.812
1780272508162,3.699,5.150,2.879,4.589,1.869,1.866,0.860,1.057,21.969,4.794,15.783,20.577,19.224
1780272508201,3.375,4.993,3.440,4.979,0.415,0.495,0.984,1.173,19.854,2.816,16.100,18.916,18.230
1780272508268,3.528,4.096,3.028,3.400,0.021,0.029,1.148,1.308,16.558,1.619,13.935,15.554,15.200
1780272508339,3.203,3.608,2.919,3.674,0.003,0.003,1.428,1.600,16.438,1.790,13.105,14.895,14.036
1780272508423,2.883,3.185,2.715,2.770,0.000,0.003,1.250,1.458,14.264,1.611,11.404,13.015,11.976
1780272508473,2.642,2.857,2.555,2.580,0.000,0.007,1.199,1.377,13.217,1.514,10.435,11.949,11.345
1780272508531,2.398,2.489,2.267,2.270,0.000,0.000,0.430,0.543,10.397,0.781,9.654,10.435,9.527
1780272508585,2.558,2.365,2.190,2.340,0.000,0.003,0.222,0.291,9.969,0.447,9.295,9.742,8.873
1780272508645,1.928,2.146,2.059,1.902,0.000,0.003,0.309,0.408,8.755,0.455,8.449,8.904,7.903
1780272508703,2.161,2.055,1.909,1.928,0.000,0.003,0.262,0.342,8.660,0.423,8.066,8.489,7.976
1780272508785,1.939,1.800,1.603,1.727,0.000,0.003,1.334,1.556,9.962,1.473,7.350,8.823,7.782
1780272508856,0.167,0.178,0.156,0.102,0.000,0.003,1.942,2.219,4.767,2.254,1.408,3.662,3.539
1780272508933,0.003,0.007,0.003,0.007,0.003,0.010,4.975,5.525,10.533,8.848,0.602,9.450,10.061
1780272508986,0.000,0.003,0.003,0.003,0.003,0.010,5.121,5.591,10.734,10.329,0.545,10.874,11.345
1780272509038,0.003,0.003,0.003,0.003,0.000,0.003,2.711,2.835,5.561,5.046,0.520,5.566,7.806
1780272509098,0.003,0.003,0.003,0.003,0.000,0.003,0.947,1.082,2.044,1.660,0.520,2.180,2.618
1780272509156,0.000,0.003,0.003,0.003,0.000,0.000,0.357,0.444,0.810,0.651,0.504,1.155,1.430
1780272509212,0.003,0.000,0.000,0.003,0.000,0.003,0.528,0.656,1.193,0.651,0.504,1.155,1.139
1780272509283,0.000,0.000,0.000,0.003,3.805,0.000,0.415,0.550,4.773,3.166,0.512,3.678,4.073
1780272509340,0.003,0.000,0.000,0.003,3.677,3.652,1.450,1.687,10.472,5.982,0.545,6.527,10.497
1780272509406,0.000,0.000,0.000,0.000,2.154,2.172,1.673,1.931,7.930,5.054,0.569,5.623,8.630
1780272509462,0.003,0.000,0.000,0.003,1.917,1.964,1.924,2.146,7.957,4.965,0.537,5.502,7.200
1780272509519,0.003,0.000,0.003,0.003,1.702,1.818,2.026,2.340,7.895,4.924,0.537,5.461,6.303
1780272509575,0.000,0.000,0.000,0.003,1.210,1.002,4.771,5.128,12.114,9.987,0.545,10.532,11.224
1780272509620,0.003,0.000,0.000,0.000,1.038,1.184,4.887,5.423,12.535,10.980,0.561,11.541,13.988
1780272509663,0.000,0.000,0.000,0.003,1.148,1.137,4.928,5.380,12.596,11.216,0.577,11.793,14.545
1780272509713,0.000,0.000,0.000,0.003,1.268,1.242,5.062,5.474,13.049,11.623,0.569,12.192,13.479
1780272509753,0.003,0.000,0.003,0.003,1.552,1.541,2.343,2.726,8.171,6.341,0.561,6.902,11.976
1780272509818,0.003,0.000,0.000,0.003,1.024,1.060,4.355,5.037,11.482,9.271,0.553,9.824,5.503
1780272509882,0.003,0.000,0.003,0.003,1.115,1.119,5.048,5.489,12.780,11.273,0.577,11.850,12.630
1780272509938,0.000,0.000,0.000,0.003,1.195,1.206,4.968,5.401,12.773,11.452,0.577,12.029,12.533
1780272510020,4.647,5.762,5.533,6.575,0.069,0.051,0.667,0.863,24.167,2.498,19.910,22.408,21.794
1780272510085,3.798,5.842,3.127,3.437,3.265,2.941,0.174,0.225,22.809,5.535,13.919,19.454,18.424
1780272510139,4.148,4.534,4.250,4.796,1.888,2.059,0.076,0.091,21.842,4.013,15.059,19.072,17.455
1780272510199,2.008,4.315,5.751,3.666,1.570,1.552,0.109,0.120,19.091,3.272,13.390,16.662,15.370
1780272510260,1.946,3.827,5.270,3.306,1.348,1.366,0.506,0.634,18.203,3.679,12.185,15.864,13.867
1780272510323,0.590,3.703,4.811,1.487,1.381,1.403,1.115,1.286,15.776,4.338,9.434,13.772,12.752
1780272510363,1.035,3.156,4.599,0.995,1.067,1.108,3.535,3.750,19.245,8.481,8.091,16.572,12.339
1780272510409,4.144,2.584,3.849,4.483,0.896,0.874,3.896,4.235,24.961,9.190,13.626,22.816,17.333
1780272510462,4.534,1.450,3.262,4.596,0.794,0.867,7.957,8.467,31.927,15.384,12.429,27.813,24.485
1780272510537,3.849,1.895,3.094,4.093,1.202,1.144,8.208,8.733,32.218,17.802,13.032,30.834,29.600
1780272510610,3.900,2.256,3.098,3.761,1.636,1.578,4.753,5.208,26.190,13.097,12.739,25.836,24.655
1780272510646,3.488,2.467,3.262,3.295,1.458,1.472,4.665,4.975,25.082,12.006,12.421,24.427,22.958
1780272510690,3.561,2.358,2.996,3.123,1.406,1.406,4.556,4.968,24.374,11.721,11.819,23.540,22.376
1780272510750,3.083,2.464,2.697,2.784,1.363,1.396,4.534,4.935,23.256,11.534,10.948,22.482,21.527
1780272510806,2.245,2.474,2.657,2.372,1.392,1.326,4.563,4.898,21.927,11.493,9.719,21.212,20.412
1780272510865,2.671,1.461,2.423,1.778,1.370,1.388,4.574,5.000,20.665,11.632,8.188,19.820,19.612
1780272510918,2.274,2.081,1.928,2.099,1.275,1.297,4.355,4.891,20.200,11.265,8.327,19.592,18.836
1780272510957,1.053,2.033,2.022,1.170,1.443,1.410,4.512,5.022,18.665,11.640,6.398,18.038,17.891
1780272510995,0.441,2.168,2.084,0.317,2.139,1.512,4.428,4.866,17.955,12.397,5.234,17.631,17.164
1780272511069,0.072,2.055,1.793,0.087,1.895,2.161,4.472,4.833,17.368,12.568,4.346,16.914,16.752
1780272511143,0.054,2.361,2.197,0.072,2.223,2.270,1.385,1.694,12.256,6.870,4.908,11.778,13.164
1780272511205,0.047,2.274,2.241,0.065,2.281,2.267,0.287,0.277,9.739,4.965,4.851,9.816,9.067
1780272511268,2.445,2.318,2.267,2.547,1.796,1.920,0.710,0.896,14.899,4.558,5.274,9.832,9.018
1780272511344,2.278,2.219,1.778,2.733,1.840,1.414,1.071,1.242,14.575,4.395,5.185,9.580,9.188
1780272511404,2.515,2.361,1.935,2.504,1.454,1.640,1.319,1.498,15.226,4.566,5.396,9.962,9.479
1780272511457,1.662,1.990,1.669,2.307,1.268,1.498,3.750,4.363,18.507,9.588,5.006,14.594,11.830
1780272511499,1.348,2.092,1.465,0.925,1.694,1.570,4.366,4.712,18.172,11.420,4.387,15.807,16.121
1780272511552,2.602,1.636,1.443,3.160,1.552,1.709,4.027,4.388,20.517,11.233,8.603,19.836,18.764
1780272511605,3.951,0.306,2.125,1.487,2.176,1.993,1.570,1.647,15.255,6.910,7.464,14.374,14.933
1780272511686,3.976,3.677,0.167,0.222,2.114,1.756,0.973,1.151,14.036,5.771,5.852,11.623,10.327
1780272511748,3.532,4.217,0.021,0.637,2.427,2.314,1.272,1.465,15.885,6.349,5.828,12.177,11.612
1780272511807,2.649,2.744,3.488,3.696,1.869,2.278,0.951,1.119,18.794,5.372,6.984,12.356,11.612
1780272511876,3.521,1.578,4.333,4.410,2.176,1.953,0.973,1.108,20.052,5.217,9.255,14.472,13.212
1780272511946,3.951,1.195,2.628,4.672,2.234,2.227,1.067,1.257,19.231,5.868,9.027,14.895,13.964
1780272512004,3.080,5.113,6.856,3.269,2.208,2.358,0.856,1.006,24.746,5.868,17.313,23.181,19.709
1780272512078,0.422,5.981,6.076,0.433,2.682,2.522,1.126,1.304,20.546,6.544,12.714,19.258,18.303
1780272512151,3.754,5.015,5.328,1.939,3.389,3.597,1.082,1.279,25.383,8.042,11.282,19.324,18.255
1780272512237,4.953,0.390,4.596,0.160,3.058,3.254,1.352,1.574,19.337,7.912,8.685,16.597,15.685
1780272512307,3.965,0.838,3.641,0.127,0.178,0.255,4.078,4.596,17.678,8.408,7.073,15.481,14.497
1780272512369,3.429,0.903,3.874,0.156,0.010,0.018,1.818,2.088,12.296,3.622,6.821,10.443,9.673
1780272512438,2.744,1.713,3.593,0.105,0.003,0.007,1.272,1.490,10.927,2.010,6.349,8.359,7.661
1780272512494,0.987,5.638,2.959,2.916,0.000,0.003,1.447,1.629,15.579,2.051,10.557,12.608,8.994
1780272512551,1.020,5.708,3.309,3.050,0.000,0.003,1.140,1.352,15.582,1.741,11.298,13.039,13.139
1780272512630,1.224,4.756,3.455,2.150,0.000,0.003,1.334,1.512,14.434,1.831,10.297,12.128,11.345
1780272512710,1.643,4.049,3.367,1.851,0.000,0.003,1.199,1.428,13.540,2.018,9.800,11.818,11.224
1780272512777,2.431,3.364,3.076,2.442,0.000,0.003,0.324,0.364,12.004,0.797,10.378,11.175,10.448
1780272512843,2.598,3.072,2.777,2.606,0.000,0.003,0.225,0.287,11.568,0.504,10.459,10.963,9.867
1780272512894,2.409,2.908,2.631,2.456,0.000,0.000,0.200,0.251,10.855,0.455,9.816,10.271,9.697
1780272512959,2.194,2.638,2.515,1.935,0.000,0.000,0.218,0.269,9.769,0.463,9.084,9.547,8.339
1780272513013,2.055,2.482,2.398,1.807,0.003,0.003,0.251,0.309,9.308,0.488,8.213,8.701,8.121
1780272513054,1.796,2.227,2.132,1.643,0.000,0.003,0.900,1.024,9.725,1.147,7.602,8.749,7.467
1780272513122,1.906,2.132,1.993,1.826,0.000,0.003,1.224,1.417,10.501,1.554,7.708,9.262,8.461
1780272513180,2.041,1.840,1.705,1.775,0.000,0.003,1.140,1.337,9.841,1.505,7.619,9.124,8.267
1780272513250,2.157,1.895,1.767,2.004,0.000,0.000,0.233,0.277,8.333,0.618,7.724,8.342,7.830
1780272513309,1.745,1.771,1.509,1.578,0.000,0.000,0.160,0.174,6.937,0.415,7.073,7.488,6.642
1780272513375,1.906,1.753,1.687,1.622,0.000,0.000,0.131,0.142,7.241,0.366,7.089,7.455,7.152
1780272513433,0.306,0.295,0.255,0.207,0.000,0.000,0.153,0.174,1.390,0.374,2.108,2.482,2.473
1780272513490,0.040,0.036,0.032,0.014,0.000,0.000,0.160,0.167,0.449,0.358,0.740,1.098,1.018
1780272513546,0.003,0.007,0.007,0.003,0.000,0.000,0.134,0.149,0.303,0.341,0.529,0.870,1.042
1780272513594,0.000,0.003,0.007,0.000,0.000,0.003,1.530,1.687,3.230,1.741,0.496,2.237,1.794
1780272513666,0.003,0.003,0.003,0.003,0.000,0.000,1.986,2.259,4.257,2.775,0.504,3.279,3.248
1780272513716,0.003,0.003,0.003,0.003,0.003,0.003,1.971,2.318,4.307,2.816,0.569,3.385,3.564
1780272513759,0.003,0.000,0.003,0.003,0.000,0.003,1.683,1.931,3.626,2.254,0.512,2.766,2.909
1780272513810,0.000,0.000,0.003,0.003,0.000,0.003,1.570,1.877,3.456,2.002,0.512,2.514,2.570
1780272513889,0.007,0.000,0.003,0.007,0.000,0.003,1.611,1.826,3.457,1.961,0.512,2.473,2.594
1780272513958,0.000,0.000,0.000,0.000,4.250,0.003,0.338,0.433,5.024,3.451,0.529,3.980,4.824
1780272514026,0.000,0.000,0.000,0.003,3.575,3.466,0.215,0.273,7.532,4.631,0.545,5.176,8.873
1780272514077,0.003,0.000,0.000,0.003,2.391,2.314,0.969,1.279,6.959,4.411,0.537,4.948,7.903
1780272514130,0.003,0.003,0.000,0.003,2.066,2.095,1.600,1.837,7.607,4.664,0.537,5.201,7.370
1780272514193,0.000,0.000,0.003,0.007,1.858,1.964,1.837,2.135,7.804,4.761,0.537,5.298,6.327
1780272514243,0.000,0.000,0.000,0.000,1.581,1.567,4.596,4.913,12.657,10.093,0.561,10.654,7.709
1780272514294,0.003,0.000,0.000,0.003,1.709,1.782,4.906,5.376,13.779,11.746,0.569,12.315,14.909
1780272514352,0.000,0.000,0.000,0.003,1.800,1.891,4.953,5.321,13.968,12.120,0.594,12.714,15.370
1780272514414,0.000,0.000,0.000,0.003,1.968,1.950,2.099,2.504,8.524,6.218,0.553,6.771,8.339
1780272514495,0.000,0.000,0.000,0.003,1.709,1.826,1.607,1.822,6.967,4.322,0.529,4.851,5.406
1780272514567,0.000,0.000,0.000,0.003,1.027,0.980,4.672,5.044,11.726,9.108,0.553,9.661,5.552
1780272514620,0.000,0.000,0.000,0.003,1.057,1.078,4.869,5.416,12.423,10.826,0.586,11.412,14.570
1780272514653,0.000,0.000,0.003,0.003,1.170,1.140,4.764,5.354,12.434,11.127,0.586,11.713,15.733
1780272514707,0.000,0.000,0.000,0.003,1.534,1.527,2.044,2.354,7.462,6.259,0.586,6.845,14.085
1780272514757,0.000,0.000,0.000,0.003,1.396,1.392,1.385,1.603,5.779,3.988,0.553,4.541,5.455
1780272514815,1.279,1.304,0.929,1.221,0.911,0.951,4.742,5.037,16.374,9.678,2.116,11.794,11.079
1780272514892,4.304,4.669,5.620,5.704,0.112,0.087,3.834,4.290,28.620,8.188,17.834,26.022,25.552
1780272514951,3.149,3.382,6.101,6.160,0.007,0.007,1.293,1.607,21.706,3.133,18.103,21.236,20.945
1780272514999,3.455,3.389,5.540,5.595,0.003,0.003,0.816,0.991,19.792,1.465,16.849,18.314,17.212
1780272515049,3.167,3.233,5.132,5.088,0.000,0.003,0.798,0.951,18.372,1.082,16.166,17.248,15.200
1780272515086,3.284,3.182,4.676,4.712,0.000,0.003,0.816,0.991,17.664,1.041,15.352,16.393,14.788
1780272515139,3.557,2.318,4.337,3.028,0.000,0.003,1.177,1.363,15.783,1.334,12.283,13.617,13.842
1780272515208,3.550,0.269,3.732,0.331,0.000,0.003,1.530,1.735,11.150,1.774,8.017,9.791,9.382
1780272515271,3.076,0.061,2.668,0.091,0.000,0.000,1.669,1.961,9.526,2.002,5.999,8.001,7.636
1780272515341,2.482,0.007,1.698,0.010,0.003,0.010,4.782,5.208,14.200,8.359,4.599,12.958,13.067
1780272515420,1.935,0.003,1.060,0.003,0.003,0.010,4.847,5.347,13.208,9.564,3.557,13.121,12.630
1780272515491,2.959,0.003,0.998,0.007,0.000,0.003,0.488,0.674,5.132,2.743,4.240,6.983,6.109
1780272515541,2.908,0.000,1.057,0.003,0.000,0.000,0.174,0.200,4.342,1.098,4.297,5.395,4.727
1780272515597,2.602,2.536,0.849,5.194,0.000,0.003,0.131,0.149,11.464,0.415,8.807,9.222,8.485
1780272515665,2.055,2.256,0.349,5.883,0.007,0.018,7.709,8.008,26.285,13.194,10.313,23.507,16.679
1780272515703,2.208,2.905,0.335,5.062,0.003,0.018,8.613,9.123,28.267,15.441,10.378,25.819,26.812
1780272515750,3.050,3.109,1.275,4.953,0.000,0.000,1.877,2.201,16.465,5.852,12.218,18.070,22.158
1780272515804,2.813,2.485,1.705,4.086,0.003,0.010,4.421,4.764,20.287,8.465,10.964,19.429,16.242
1780272515860,1.888,2.270,1.862,2.187,0.003,0.010,4.997,5.394,18.611,9.629,7.716,17.345,16.897
1780272515959,2.569,2.150,1.899,2.263,3.214,3.098,4.563,4.887,24.643,14.350,4.794,19.144,20.630
1780272516023,0.295,0.269,1.804,5.143,1.716,1.735,4.559,4.942,20.463,12.307,5.746,18.053,17.964
1780272516080,0.076,0.072,1.556,5.923,1.840,1.760,1.239,1.530,13.996,6.568,6.723,13.291,13.745
1780272516130,3.564,0.277,1.228,6.273,1.490,1.476,0.273,0.335,14.916,4.013,8.807,12.820,10.594
1780272516194,6.003,3.236,0.944,4.691,2.500,2.566,0.094,0.109,20.143,5.095,13.764,18.859,17.503
1780272516255,3.149,3.371,2.077,3.728,4.027,3.856,0.094,0.116,20.418,7.830,11.151,18.981,18.618
1780272516309,3.757,2.566,2.733,1.789,4.461,4.388,0.360,0.455,20.509,8.734,11.111,19.845,18.497
1780272516375,1.873,4.596,3.579,2.660,3.433,3.973,0.951,1.108,22.173,7.529,11.868,19.397,19.612
1780272516461,3.429,5.511,3.120,2.660,1.399,1.242,3.659,3.936,24.956,8.774,13.667,22.441,21.164
1780272516499,1.939,4.457,1.815,0.809,1.428,1.458,4.352,4.694,20.952,10.736,8.677,19.413,22.933
1780272516553,3.178,4.661,1.359,2.420,1.286,1.348,4.220,4.643,23.115,10.899,8.644,19.543,19.224
1780272516592,2.668,3.101,4.596,5.030,1.071,1.129,3.852,4.202,25.649,9.914,13.463,23.377,21.842
1780272516644,2.671,3.291,5.296,3.101,1.665,1.603,1.264,1.724,20.615,5.860,13.658,19.518,21.770
1780272516718,0.171,0.302,0.379,0.320,1.855,1.888,1.006,1.206,7.127,4.859,2.051,6.910,7.248
1780272516776,0.010,0.014,0.025,0.014,1.479,1.560,1.155,1.377,5.634,4.297,0.870,5.167,4.921
1780272516815,0.003,0.003,0.007,0.007,1.377,1.414,1.366,1.567,5.744,4.322,0.651,4.973,5.527
1780272516857,0.003,0.003,0.007,0.007,1.370,1.366,1.410,1.614,5.780,4.322,0.586,4.908,5.915
1780272516922,0.003,0.003,0.003,0.003,1.403,1.454,1.465,1.665,5.999,4.452,0.569,5.021,5.455
1780272517015,0.000,0.003,0.003,0.007,1.636,1.676,1.326,1.519,6.170,4.729,0.561,5.290,5.309
1780272517091,0.000,0.000,0.003,0.003,1.913,2.055,1.509,1.745,7.228,5.543,0.553,6.096,6.085
1780272517128,0.003,0.000,0.000,0.003,1.618,2.165,1.527,1.749,7.065,5.624,0.553,6.177,6.061
1780272517182,0.608,0.557,0.532,0.736,2.052,2.070,1.366,1.607,9.528,5.649,1.033,6.682,6.448
1780272517273,3.145,2.278,2.770,3.451,1.935,2.033,1.213,1.403,18.228,5.339,4.745,10.084,9.552
1780272517326,5.503,0.481,0.510,6.068,1.786,1.716,0.995,1.144,18.203,4.607,10.305,14.912,12.533
1780272517380,3.477,0.874,0.590,6.936,1.913,1.614,1.221,1.410,18.035,5.030,10.614,15.644,14.497
1780272517452,1.822,2.281,0.207,6.065,1.946,2.321,1.097,1.264,17.003,5.437,8.351,13.788,13.018
1780272517553,1.545,2.438,0.823,4.472,2.905,2.679,1.308,1.472,17.642,7.024,6.870,13.894,13.309
1780272517643,1.283,3.947,0.492,6.484,2.482,2.711,1.111,1.293,19.803,6.593,9.173,15.766,14.497
1780272517701,1.811,3.914,0.510,7.198,2.453,2.412,1.024,1.177,20.499,6.048,9.881,15.929,15.273
1780272517787,2.022,2.952,1.530,7.253,2.183,2.230,1.140,1.348,20.658,5.714,9.556,15.270,14.279
1780272517849,1.301,1.046,3.696,7.005,2.015,2.048,1.027,1.202,19.340,5.291,10.231,15.522,14.497
1780272517913,1.191,0.171,5.048,6.222,2.037,1.964,0.998,1.170,18.801,5.152,11.094,16.246,14.958
1780272517981,0.196,0.375,4.643,4.997,2.055,2.106,1.108,1.290,16.770,5.372,8.807,14.179,13.624
1780272518069,0.885,1.133,4.053,2.055,2.059,2.128,1.345,1.552,15.210,5.608,5.982,11.590,11.006
1780272518138,3.112,0.575,3.415,0.670,2.033,1.993,1.337,1.549,14.684,5.600,6.153,11.753,11.200
1780272518195,3.411,0.630,3.080,0.138,2.012,2.044,1.009,1.170,13.494,5.168,6.398,11.566,11.200
1780272518262,2.722,0.681,3.061,0.087,2.022,2.012,1.140,1.297,13.022,5.217,5.706,10.923,10.958
1780272518338,2.329,0.736,3.211,0.112,0.160,0.225,1.184,1.414,9.371,2.140,5.657,7.797,7.127
1780272518396,1.545,5.369,2.700,3.655,0.007,0.014,0.349,0.349,13.988,0.757,11.827,12.584,11.491
1780272518458,2.070,5.740,2.704,3.604,0.003,0.003,0.743,0.838,15.705,0.919,13.121,14.040,12.945
1780272518530,2.617,4.465,2.923,3.681,0.000,0.003,1.046,1.228,15.963,1.261,13.194,14.455,14.424
1780272518597,2.817,3.703,2.959,2.864,0.000,0.003,1.129,1.312,14.787,1.383,12.087,13.470,12.533
1780272518667,2.777,3.120,2.693,2.671,0.000,0.003,0.951,1.122,13.337,1.180,11.282,12.462,11.200
1780272518722,2.598,2.770,2.522,2.617,0.000,0.003,0.251,0.295,11.056,0.537,10.183,10.720,10.618
1780272518775,2.110,2.256,2.015,1.851,0.003,0.010,3.994,4.213,16.452,7.065,8.547,15.612,12.412
1780272518844,1.884,1.771,1.767,1.698,0.003,0.010,4.574,5.084,16.791,9.027,7.350,16.377,16.073
1780272518898,2.099,1.964,1.694,1.906,0.000,0.000,2.012,1.950,11.625,3.890,8.034,11.924,11.321
1780272518972,1.097,1.137,0.951,0.765,0.010,0.021,8.423,8.988,21.392,14.090,4.208,18.298,18.570
1780272519035,0.131,0.098,0.087,0.083,0.007,0.018,9.283,9.899,19.606,17.680,1.245,18.925,19.830
1780272519114,0.003,0.007,0.003,0.007,0.000,0.003,2.733,3.109,5.865,5.217,0.586,5.803,7.055
1780272519166,0.000,0.003,0.000,0.003,0.007,0.010,5.277,5.850,11.150,9.531,0.529,10.060,4.606
1780272519204,0.000,0.003,0.003,0.000,0.007,0.010,5.788,6.174,11.985,10.850,0.529,11.379,12.000
1780272519253,0.003,0.000,0.003,0.003,0.003,0.014,5.682,6.134,11.842,11.070,0.553,11.623,11.733
1780272519292,0.000,0.000,0.000,0.003,0.003,0.010,5.591,6.094,11.701,11.029,0.561,11.590,11.758
1780272519350,0.000,0.000,0.000,0.003,2.803,0.010,5.274,5.671,13.761,12.356,0.545,12.901,11.806
1780272519401,0.003,0.000,0.003,0.003,3.506,0.010,4.942,5.405,13.872,12.226,0.634,12.860,15.903
1780272519461,0.000,0.000,0.000,0.003,2.894,3.251,1.239,1.538,8.925,7.496,0.586,8.082,13.988
1780272519521,0.003,0.003,0.000,0.003,2.223,2.216,0.215,0.266,4.929,3.939,0.569,4.508,8.461
1780272519589,0.000,0.000,0.000,0.003,1.899,1.899,0.105,0.116,4.022,2.962,0.553,3.515,6.473
1780272519629,0.003,0.000,0.003,0.003,1.698,1.975,0.153,0.167,4.002,2.824,0.520,3.344,4.703
1780272519676,0.000,0.000,0.000,0.003,1.275,1.159,4.242,4.873,11.552,9.108,0.537,9.645,4.121
1780272519715,0.000,0.000,0.000,0.003,1.195,1.035,5.226,5.624,13.083,11.216,0.569,11.785,13.721
1780272519754,0.000,0.000,0.000,0.003,1.067,1.173,5.237,5.635,13.115,11.623,0.594,12.217,14.812
1780272519790,0.000,0.000,0.000,0.003,1.148,1.217,5.197,5.573,13.138,11.705,0.602,12.307,14.812
1780272519830,0.000,0.003,0.000,0.003,1.570,1.527,2.493,2.839,8.435,7.293,0.569,7.862,13.309
1780272519908,0.003,0.000,0.003,0.003,1.337,1.341,1.585,1.775,6.047,3.793,0.529,4.322,4.848
1780272519974,0.003,0.000,0.003,0.003,0.929,0.944,5.011,5.328,12.221,9.556,0.553,10.109,5.697
1780272520027,0.000,0.000,0.000,0.000,1.129,1.111,5.328,5.733,13.301,11.721,0.586,12.307,12.994
1780272520103,5.277,0.564,5.584,1.162,1.800,1.764,4.293,4.589,25.033,11.827,10.052,21.879,22.424
1780272520164,4.734,0.160,5.241,0.667,1.917,1.891,1.385,1.625,17.620,7.049,9.670,16.719,16.703
1780272520214,4.738,0.069,4.523,0.590,1.629,1.640,0.280,0.360,13.829,3.964,8.612,12.576,12.145
1780272520276,3.987,0.029,4.290,0.338,1.498,1.439,0.116,0.123,11.820,3.150,7.985,11.135,10.255
1780272520313,3.648,0.025,3.685,0.342,1.396,1.432,0.120,0.131,10.779,3.011,7.277,10.288,9.527
1780272520357,3.098,2.318,3.419,2.489,1.221,1.290,0.484,0.586,14.905,2.946,8.856,11.802,9.139
1780272520419,2.595,3.524,3.080,5.926,1.104,1.086,0.441,0.550,18.306,2.792,13.715,16.507,14.885
1780272520492,2.456,2.861,3.054,5.441,1.352,1.308,0.922,1.067,18.461,3.459,13.064,16.523,15.273
1780272520560,0.951,3.827,3.156,2.033,1.443,1.443,1.326,1.505,15.684,4.183,9.279,13.462,13.261
1780272520647,0.236,3.167,2.697,0.379,1.053,1.097,4.486,4.920,18.035,10.020,6.560,16.580,15.588
1780272520715,3.338,3.021,0.338,0.204,1.724,1.673,1.651,1.625,13.574,5.999,4.827,10.826,11.661
1780272520787,3.659,2.318,0.069,0.182,1.607,1.800,0.236,0.244,10.115,3.866,4.363,8.229,8.097
1780272520849,4.632,2.070,0.083,0.112,1.476,1.724,0.076,0.083,10.256,3.467,4.884,8.351,7.733
1780272520889,5.219,1.877,0.112,0.080,1.840,1.829,0.080,0.094,11.131,3.630,5.600,9.230,9.115
1780272520947,4.067,1.632,2.496,4.417,2.081,2.114,0.098,0.109,17.014,4.118,8.384,12.502,9.867
1780272521047,3.885,2.507,4.388,5.259,1.691,1.848,0.072,0.087,19.737,3.492,12.918,16.410,14.545
1780272521111,4.417,3.047,3.426,5.759,1.545,1.545,0.503,0.605,20.847,3.394,13.365,16.759,15.564
1780272521208,3.856,2.872,3.247,4.971,1.840,1.899,0.776,0.925,20.386,4.477,12.169,16.646,15.855
1780272521279,3.841,2.507,2.744,4.261,0.178,0.200,4.421,4.774,22.926,8.196,10.899,19.095,17.479
1780272521344,3.400,2.737,2.916,4.206,0.007,0.018,4.643,4.964,22.891,9.051,11.404,20.455,19.103
1780272521383,4.388,2.431,2.522,4.333,0.007,0.014,4.545,4.800,23.040,8.799,12.535,21.334,19.903
1780272521425,4.330,2.606,2.500,5.201,0.003,0.003,1.924,1.716,18.283,3.760,14.057,17.817,19.782
1780272521487,4.129,2.970,2.959,4.505,0.003,0.003,0.965,1.104,16.638,1.514,13.878,15.392,14.036
1780272521555,3.178,3.116,2.649,4.275,0.000,0.003,1.177,1.348,15.746,1.416,13.243,14.659,12.606
1780272521612,2.708,2.646,2.591,3.287,0.003,0.010,4.071,4.435,19.751,6.642,10.972,17.614,16.533
1780272521664,1.261,3.043,3.036,1.563,0.000,0.003,1.778,2.070,12.754,3.101,8.376,11.477,13.721
1780272521752,0.295,2.675,3.287,0.298,0.000,0.000,1.122,1.315,8.992,1.872,6.666,8.538,7.152
1780272521821,2.299,2.474,3.276,1.899,0.003,0.003,1.443,1.687,13.084,1.969,6.845,8.814,8.315
1780272521891,3.852,1.632,2.686,5.383,3.812,3.535,1.170,1.363,23.433,7.570,11.216,18.786,19.661
1780272521941,3.703,1.527,2.697,4.505,1.767,1.891,3.666,3.998,23.754,9.865,11.176,21.041,18.909
1780272521995,4.461,1.465,2.420,4.468,1.414,1.458,3.991,4.439,24.116,10.606,12.120,22.726,21.600
1780272522067,4.107,0.546,2.948,2.201,1.428,1.465,4.202,4.570,21.467,10.980,9.409,20.389,19.491
1780272522113,3.863,2.063,2.354,0.532,1.538,1.538,4.169,4.702,20.759,11.330,7.081,18.411,18.618
1780272522167,3.761,2.905,1.622,0.127,1.844,1.891,1.498,1.815,15.463,6.821,5.665,12.486,15.152
1780272522263,2.664,2.059,0.594,0.167,1.556,1.607,0.845,1.009,10.501,4.314,4.045,8.359,7.709
1780272522333,2.697,0.324,0.072,5.022,1.352,1.334,0.732,0.856,12.389,3.516,7.537,11.053,10.473
1780272522402,3.094,2.864,5.482,4.231,1.264,1.304,0.947,1.078,20.264,3.606,10.516,14.122,13.358
1780272522456,3.553,3.666,3.870,1.556,1.468,1.447,1.272,1.406,18.238,4.346,8.766,13.112,13.042
1780272522514,2.835,3.371,5.496,4.002,0.954,1.046,3.455,3.838,24.997,8.367,11.005,19.372,16.703
1780272522578,3.408,4.115,3.645,2.795,1.643,1.556,1.585,1.833,20.580,6.048,10.549,16.597,17.721
1780272522625,3.626,2.103,3.047,3.907,1.541,1.589,1.447,1.680,18.940,5.128,9.442,14.570,14.085
1780272522677,3.998,0.852,0.933,3.849,1.509,1.512,1.290,1.498,15.441,4.647,8.481,13.128,12.558
1780272522776,5.653,0.699,0.032,3.196,1.946,1.713,1.170,1.348,15.757,5.258,9.010,14.268,12.509
1780272522840,5.675,0.320,0.014,4.056,2.372,2.908,0.874,1.031,17.250,6.113,9.711,15.824,14.885
1780272522900,4.665,0.032,0.014,5.952,2.897,2.653,0.710,0.856,17.779,6.161,10.655,16.816,15.539
1780272522956,5.212,0.907,1.796,6.969,2.402,2.748,0.652,0.809,21.495,5.722,11.990,17.712,16.582
1780272523016,2.660,1.567,2.908,7.701,2.030,2.274,0.211,0.255,19.606,4.509,11.461,15.970,16.315
1780272523092,2.077,3.867,6.805,8.015,1.498,1.782,0.703,0.831,25.578,4.037,18.746,22.783,21.891
1780272523126,1.968,2.420,7.300,7.392,1.888,1.993,0.845,0.995,24.801,4.672,18.209,22.881,20.921
1780272523177,2.299,0.794,6.732,2.908,2.857,2.668,1.308,1.527,21.093,6.731,11.355,18.086,17.455
1780272523274,2.128,1.771,5.482,1.006,2.653,2.628,1.268,1.472,18.408,6.739,7.659,14.398,13.842
1780272523327,1.053,1.658,5.267,1.888,2.864,2.897,1.549,1.753,18.929,7.439,7.643,15.082,13.552
1780272523398,1.487,1.323,5.190,2.679,2.354,2.420,3.648,4.075,23.176,10.923,7.928,18.851,17.891
1780272523439,2.657,1.290,6.207,1.775,2.449,2.536,1.920,2.234,21.068,8.929,8.709,17.638,17.285
1780272523498,6.170,0.222,6.302,0.215,2.176,2.256,1.283,1.450,20.074,6.292,11.648,17.940,16.533
1780272523560,5.646,2.358,6.364,3.615,2.114,2.099,1.060,1.232,24.488,5.567,14.570,20.137,18.788
1780272523628,4.486,3.171,6.834,5.923,2.012,1.957,0.954,1.122,26.459,5.120,18.966,24.086,21.624
1780272523695,4.330,1.833,0.823,4.293,2.197,2.212,3.743,4.169,23.600,10.793,9.279,20.072,18.812
1780272523789,1.206,6.269,5.485,0.411,2.391,2.354,1.487,1.742,21.345,7.594,11.941,19.535,19.830
1780272523861,1.716,5.525,5.740,2.033,2.256,2.252,0.940,1.122,21.584,5.836,12.787,18.623,17.115
1780272523934,4.942,5.026,3.276,4.530,1.982,2.074,0.623,0.754,23.207,4.916,16.109,21.025,19.467
1780272523998,4.767,4.661,3.925,4.698,0.211,0.266,0.944,1.137,20.609,2.091,17.020,19.111,17.358
1780272524058,4.279,4.261,3.692,4.224,0.010,0.018,1.177,1.348,19.009,1.684,16.027,17.711,16.024
1780272524112,3.732,3.754,3.386,3.506,0.003,0.003,1.206,1.352,16.942,1.611,13.935,15.546,14.473
1780272524192,3.316,3.280,2.996,3.120,0.000,0.003,1.224,1.432,15.371,1.636,12.372,14.008,13.042
1780272524303,0.164,2.744,0.109,2.770,0.000,0.003,1.560,1.767,9.117,1.961,5.991,7.952,7.539
1780272524375,2.821,1.764,2.004,2.063,0.000,0.003,0.481,0.594,9.730,0.797,9.287,10.084,8.267
1780272524431,3.225,1.877,2.711,2.318,0.000,0.003,1.239,1.381,12.754,1.424,9.784,11.208,10.085
1780272524507,2.730,1.745,2.059,2.044,0.000,0.003,1.403,1.636,11.620,1.815,8.823,10.638,9.915
1780272524564,2.602,0.280,2.066,0.306,0.000,0.000,1.534,1.789,8.577,1.994,5.673,7.667,8.000
1780272524606,2.063,0.040,1.680,0.040,0.000,0.003,1.640,1.866,7.332,2.059,4.281,6.340,6.473
1780272524653,1.253,0.007,1.334,0.010,0.003,0.003,1.632,1.902,6.144,2.116,3.076,5.192,5.552
1780272524718,0.834,0.003,1.673,0.007,0.000,0.003,1.694,1.902,6.116,2.124,2.897,5.021,5.042
1780272524828,0.171,0.003,2.361,0.003,0.000,0.003,1.483,1.764,5.788,1.929,2.946,4.875,4.558
1780272524885,0.051,5.380,2.019,3.101,0.000,0.000,0.488,0.477,11.516,0.814,9.808,10.622,8.073
1780272524944,0.072,6.243,2.609,3.083,0.000,0.000,0.313,0.411,12.731,0.545,11.599,12.144,12.242
1780272525003,0.597,5.401,3.047,3.090,0.000,0.000,0.287,0.382,12.804,0.496,11.949,12.445,13.600
1780272525068,1.078,5.103,2.799,2.562,0.000,0.007,1.002,1.173,13.724,1.204,11.583,12.787,13.164
1780272525131,1.530,4.060,2.970,2.285,0.000,0.003,1.468,1.665,13.981,1.823,10.932,12.755,12.121
1780272525182,1.162,2.507,1.600,1.111,0.000,0.000,1.479,1.713,9.572,1.872,5.470,7.342,9.188
1780272525244,0.127,0.386,0.171,0.091,0.003,0.003,1.549,1.789,4.119,1.896,1.416,3.312,3.055
1780272525343,0.003,0.007,0.003,0.003,0.003,0.000,0.561,0.703,1.283,0.789,0.561,1.350,1.382
1780272525394,0.000,0.003,0.003,0.000,0.003,0.014,7.457,7.913,15.393,11.803,0.553,12.356,5.721
1780272525445,0.000,0.003,0.003,0.003,0.000,0.000,2.307,1.826,4.142,4.485,0.537,5.022,16.145
1780272525510,0.000,0.000,0.003,0.000,0.000,0.003,2.336,2.587,4.929,2.979,0.529,3.508,3.297
1780272525562,0.003,0.000,0.003,0.003,0.003,0.010,4.902,5.234,10.158,7.928,0.537,8.465,7.297
1780272525612,0.000,0.000,0.000,0.003,0.000,0.003,2.879,3.313,6.198,5.372,0.569,5.941,8.679
1780272525673,0.003,0.003,0.003,0.003,0.000,0.000,0.925,1.151,2.088,1.562,0.520,2.082,2.085
1780272525739,0.000,0.000,0.000,0.003,3.623,0.003,0.564,0.710,4.903,3.337,0.512,3.849,3.806
1780272525825,0.000,0.000,0.000,0.003,3.214,3.404,0.477,0.605,7.703,4.786,0.561,5.347,10.085
1780272525908,0.000,0.000,0.000,0.003,2.176,2.358,1.428,1.636,7.601,4.639,0.537,5.176,9.018
1780272525962,0.003,0.003,0.000,0.003,1.818,1.920,1.826,2.117,7.690,4.843,0.537,5.380,6.788
1780272525999,0.003,0.000,0.000,0.003,1.662,1.807,2.270,2.595,8.340,5.071,0.529,5.600,6.448
1780272526039,0.000,0.000,0.003,0.003,1.888,1.538,4.523,4.822,12.777,9.124,0.553,9.677,6.594
1780272526082,0.000,0.000,0.000,0.003,1.519,1.702,5.059,5.584,13.867,11.526,0.594,12.120,14.012
1780272526122,0.007,0.000,0.000,0.003,1.826,1.848,5.011,5.427,14.122,12.120,0.586,12.706,15.030
1780272526163,0.000,0.000,0.000,0.003,1.815,1.826,4.898,5.292,13.834,12.047,0.586,12.633,16.218
1780272526209,0.000,0.003,0.000,0.003,2.004,2.001,1.760,2.052,7.823,6.764,0.561,7.325,15.636
1780272526285,0.000,0.000,0.000,0.003,1.673,1.899,1.217,1.381,6.173,4.045,0.529,4.574,5.576
1780272526374,0.000,0.000,0.000,0.003,1.363,1.250,1.290,1.454,5.360,3.247,0.529,3.776,4.558
1780272526455,0.000,0.000,0.000,0.003,0.991,0.936,5.019,5.434,12.383,10.459,0.569,11.028,13.309
1780272526508,0.000,0.000,0.000,0.003,1.162,1.166,5.314,5.689,13.334,11.680,0.586,12.266,14.036
1780272526543,0.003,0.000,0.000,0.003,1.210,1.148,5.339,5.795,13.498,12.006,0.577,12.583,13.576
1780272526589,0.000,0.000,0.000,0.003,1.261,1.261,5.281,5.737,13.543,12.071,0.586,12.657,13.333
1780272526626,0.003,0.000,0.000,0.003,1.232,1.224,5.248,5.682,13.392,11.973,0.586,12.559,13.042
1780272526671,0.000,0.000,0.000,0.003,1.206,1.235,5.186,5.627,13.257,11.892,0.569,12.461,12.921
1780272526732,0.000,0.000,0.003,0.000,1.574,1.476,1.848,2.110,7.011,5.746,0.537,6.283,7.927
1780272526800,0.000,0.000,0.000,0.003,1.348,1.334,0.984,1.148,4.817,3.312,0.512,3.824,3.952
1780272526885,0.000,0.000,0.000,0.003,1.261,1.304,0.211,0.255,3.034,2.230,0.529,2.759,3.127
1780272526956,0.003,0.000,0.000,0.003,1.224,1.264,0.127,0.142,2.763,2.026,0.496,2.522,2.885
1780272527032,0.000,0.000,0.000,0.003,0.164,0.120,0.944,1.108,2.339,1.343,0.512,1.855,2.279
1780272527080,0.003,0.000,0.000,0.003,0.014,0.014,1.173,1.374,2.581,1.294,0.520,1.814,1.842
1780272527135,0.003,0.000,0.000,0.003,0.003,0.003,1.465,1.651,3.128,1.571,0.520,2.091,2.109
1780272527201,0.003,0.000,0.000,0.003,0.003,0.007,1.228,1.403,2.647,1.351,0.496,1.847,1.964
1780272527250,0.000,0.003,0.000,0.003,0.000,0.003,1.436,1.654,3.099,1.546,0.504,2.050,1.891
1780272527292,0.000,0.000,0.000,0.003,0.003,0.003,1.581,1.804,3.394,1.725,0.512,2.237,2.230
1780272527351,0.000,0.000,0.000,0.000,0.003,0.003,1.596,1.822,3.424,1.790,0.529,2.319,2.376
1780272527425,0.000,0.000,0.000,0.000,0.000,0.003,1.363,1.556,2.922,1.522,0.496,2.018,2.279
1780272527507,0.007,0.000,0.000,0.003,0.000,0.003,1.490,1.669,3.172,1.603,0.512,2.115,2.206
1780272527602,2.919,2.923,3.699,3.615,0.000,0.003,1.206,1.396,15.761,1.375,6.625,8.000,8.121
1780272527666,4.494,4.742,5.890,5.832,0.000,0.000,0.739,0.893,22.590,0.960,18.233,19.193,18.133
1780272527716,2.926,3.185,6.119,5.835,0.000,0.000,0.849,0.991,19.905,1.009,17.289,18.298,17.042
1780272527755,1.643,3.983,4.045,5.503,0.003,0.000,1.148,1.385,17.710,1.343,13.781,15.124,14.230
1780272527802,0.747,3.947,1.035,5.022,0.000,0.000,1.396,1.574,13.721,1.579,10.028,11.607,11.127
1780272527858,0.149,3.900,0.131,4.231,0.000,0.003,1.600,1.775,11.789,1.823,7.993,9.816,9.406
1780272527916,3.364,2.518,3.109,2.657,0.003,0.010,3.932,4.490,20.083,6.902,11.583,18.485,15.176
1780272527972,2.737,2.759,4.997,2.868,0.000,0.003,1.749,2.026,17.139,2.954,12.836,15.790,15.152
1780272528049,2.686,2.507,4.111,3.098,0.000,0.003,1.421,1.636,15.462,1.888,12.014,13.902,12.921
1780272528142,3.036,2.555,3.291,2.562,0.000,0.003,1.600,1.811,14.858,1.978,11.005,12.983,12.145
1780272528203,2.391,0.222,2.569,0.262,0.003,0.010,4.406,4.782,14.645,7.846,6.056,13.902,12.364
1780272528242,2.139,0.029,1.767,0.036,0.003,0.010,4.880,5.212,14.076,8.962,4.428,13.390,13.673
1780272528296,1.592,2.114,0.918,3.506,0.000,0.003,1.709,2.012,11.854,3.296,8.726,12.022,12.945
1780272528350,2.176,2.875,1.837,4.377,0.000,0.003,1.075,1.293,13.636,1.701,10.826,12.527,11.273
1780272528402,2.212,2.730,1.191,3.400,0.003,0.010,4.042,4.384,17.972,7.203,9.173,16.376,15.079
1780272528462,1.993,2.001,1.552,2.890,0.003,0.007,4.432,4.811,17.689,8.481,8.693,17.174,16.291
1780272528503,2.292,1.997,1.523,2.551,0.000,0.007,4.348,4.749,17.467,8.612,8.213,16.825,16.436
1780272528564,1.880,1.796,1.643,2.238,0.003,0.010,4.301,4.738,16.609,8.612,7.700,16.312,15.733
1780272528676,2.150,1.935,1.833,2.121,0.000,0.000,1.366,1.545,10.950,2.450,8.083,10.533,8.945
1780272528745,1.869,0.207,1.713,0.153,4.184,3.768,0.251,0.313,12.458,7.716,4.436,12.152,14.109
1780272528806,1.173,0.007,0.867,0.014,2.238,2.369,0.123,0.142,6.933,5.054,2.718,7.772,8.315
1780272528860,1.417,0.003,0.539,0.007,1.632,1.600,0.914,1.060,7.172,4.297,2.490,6.787,6.133
1780272528914,1.669,0.003,0.455,0.003,1.417,1.468,1.366,1.549,7.930,4.452,2.580,7.032,6.788
1780272528979,1.519,0.003,0.072,0.003,1.046,1.089,4.246,4.658,12.636,9.466,2.116,11.582,10.521
1780272529034,2.055,0.058,0.025,0.856,1.180,1.213,4.399,4.811,14.597,10.736,2.564,13.300,13.333
1780272529077,2.146,1.516,0.014,3.969,1.119,1.221,3.983,4.370,18.338,10.272,5.673,15.945,15.685
1780272529172,3.065,2.977,0.295,6.006,1.534,1.479,0.922,1.144,17.422,5.103,11.892,16.995,16.218
1780272529267,3.470,2.022,1.436,4.825,1.388,1.381,0.481,0.623,15.626,3.500,11.640,15.140,14.012
1780272529345,3.050,2.321,2.001,3.648,1.392,1.319,1.042,1.268,16.041,4.037,10.598,14.635,14.036
1780272529408,2.467,2.030,1.724,2.711,1.093,1.166,3.546,3.965,18.702,8.628,8.880,17.508,15.467
1780272529465,2.307,1.778,1.658,2.165,1.585,1.290,3.798,4.133,18.714,10.191,8.009,18.200,17.479
1780272529526,2.423,2.824,1.705,0.459,2.066,2.376,1.716,1.796,15.365,7.399,5.486,12.885,15.176
1780272529599,2.033,3.069,0.426,0.138,1.935,2.183,1.020,1.232,12.036,5.608,3.166,8.774,8.679
1780272529678,1.833,0.266,0.025,3.922,2.208,2.106,0.663,0.834,11.857,5.054,5.877,10.931,9.964
1780272529764,2.296,0.116,0.021,3.706,1.909,2.066,0.903,1.082,12.099,5.054,6.186,11.240,10.545
1780272529821,1.968,0.105,0.029,3.371,1.997,1.782,1.221,1.399,11.872,5.168,5.714,10.882,10.230
1780272529891,2.405,0.182,0.094,2.988,2.088,2.139,1.279,1.490,12.665,5.649,5.592,11.241,10.861
1780272529943,2.081,0.630,0.269,2.843,2.700,3.280,1.355,1.567,14.725,7.749,5.860,13.609,12.945
1780272530008,1.374,1.046,0.328,1.895,3.532,3.364,1.035,1.202,13.776,8.172,4.200,12.372,12.485
1780272530075,3.892,1.148,3.670,1.235,2.857,2.762,1.140,1.315,18.019,7.065,4.932,11.997,11.491
1780272530148,6.794,0.112,2.679,0.153,4.738,4.906,0.758,0.893,21.033,10.354,8.180,18.534,18.642
1780272530239,5.037,0.091,3.757,0.094,5.627,5.325,0.725,0.903,21.559,11.623,8.237,19.860,20.291
1780272530307,4.202,0.018,3.134,0.094,4.683,4.534,0.995,1.166,18.826,10.305,7.374,17.679,16.824
1780272530373,3.338,0.047,3.295,0.142,4.483,4.377,1.129,1.359,18.170,10.215,6.495,16.710,16.776
1780272530442,2.693,0.495,3.462,0.098,0.503,0.630,1.552,1.760,11.193,4.460,6.381,10.841,10.133
1780272530509,2.314,4.691,3.087,3.586,0.025,0.025,1.377,1.611,16.716,2.303,12.315,14.618,13.091
1780272530561,2.741,5.547,2.726,4.465,0.007,0.007,1.078,1.279,17.850,1.766,14.725,16.491,15.055
1780272530623,2.679,4.632,3.152,3.976,0.003,0.003,1.206,1.403,17.054,1.774,13.886,15.660,15.273
1780272530688,2.952,3.790,3.028,3.411,0.003,0.003,1.180,1.377,15.744,1.701,12.779,14.480,13.673
1780272530767,3.061,0.368,3.032,0.284,0.003,0.003,1.377,1.592,9.720,1.872,7.187,9.059,7.952
1780272530842,2.205,0.021,2.511,0.010,0.000,0.003,0.411,0.517,5.678,0.862,4.965,5.827,5.503
1780272530903,1.315,0.007,2.372,0.007,0.000,0.003,0.379,0.481,4.564,0.602,4.094,4.696,4.121
1780272530980,0.568,4.683,1.891,3.470,0.000,0.003,1.038,1.184,12.837,1.253,10.761,12.014,10.545
1780272531020,0.747,5.748,2.351,2.781,0.000,0.003,1.108,1.272,14.010,1.440,11.314,12.754,11.976
1780272531063,1.206,4.516,2.872,2.591,0.000,0.000,1.093,1.315,13.593,1.522,11.184,12.706,11.394
1780272531122,1.578,4.217,2.591,2.766,0.000,0.000,0.995,1.210,13.357,1.400,10.842,12.242,11.758
1780272531174,1.756,3.553,2.748,2.183,0.003,0.003,1.122,1.326,12.694,1.546,10.345,11.891,11.564
1780272531233,1.877,3.295,2.471,2.234,0.000,0.000,1.067,1.268,12.212,1.481,9.816,11.297,10.448
1780272531310,2.055,2.675,2.314,1.931,0.003,0.003,1.454,1.658,12.093,1.896,9.076,10.972,10.085
1780272531365,1.993,2.197,2.135,1.651,0.000,0.000,1.326,1.505,10.807,1.774,8.245,10.019,9.406
1780272531428,2.001,2.092,1.935,1.775,0.000,0.000,0.368,0.477,8.648,1.115,8.001,9.116,8.000
1780272531502,1.917,1.840,1.669,1.570,0.000,0.000,0.222,0.280,7.498,0.553,7.342,7.895,7.103
1780272531555,0.506,2.026,0.513,1.673,0.000,0.000,0.189,0.207,5.114,0.374,5.144,5.518,5.455
1780272531612,0.167,1.129,0.123,0.998,0.003,0.021,7.935,8.401,18.777,10.630,2.832,13.462,6.642
1780272531685,1.917,1.330,1.283,1.297,0.000,0.000,0.878,0.677,7.382,2.450,6.137,8.587,9.867
1780272531738,2.176,1.166,1.516,1.410,0.000,0.003,1.826,2.004,10.101,2.303,6.406,8.709,7.006
1780272531829,1.476,1.086,1.144,1.020,0.003,0.010,4.774,5.066,14.579,8.115,4.884,12.999,13.430
1780272531898,1.716,1.119,1.078,1.242,0.000,0.003,1.873,2.161,9.192,3.280,5.754,9.034,11.661
1780272531970,0.317,0.244,0.222,0.207,0.003,0.010,4.742,5.121,10.866,8.001,1.628,9.629,9.455
1780272532048,0.014,0.014,0.010,0.007,0.007,0.018,8.631,9.072,17.773,13.756,0.634,14.390,13.842
1780272532105,0.000,0.003,0.003,0.003,0.003,0.014,8.941,9.447,18.414,15.384,0.577,15.961,16.291
1780272532158,0.000,0.003,0.003,0.003,0.000,0.003,3.123,3.521,6.656,6.642,0.537,7.179,7.200
1780272532213,0.000,0.000,0.000,0.000,0.000,0.003,2.522,2.784,5.309,3.508,0.496,4.004,3.564
1780272532278,0.000,0.000,0.000,0.003,0.003,0.010,5.354,5.737,11.107,9.263,0.529,9.792,9.042
1780272532355,0.000,0.003,0.003,0.003,0.003,0.003,2.285,2.547,4.847,4.200,0.520,4.720,7.394
1780272532418,0.000,0.000,0.003,0.003,0.000,0.000,0.313,0.400,0.719,1.098,0.512,1.610,1.164
1780272532471,0.003,0.000,0.000,0.003,0.000,0.003,0.153,0.171,0.333,0.455,0.504,0.959,0.897
1780272532512,0.000,0.000,0.000,0.003,0.000,0.000,0.131,0.149,0.283,0.325,0.504,0.829,0.897
1780272532588,0.000,0.000,0.000,0.000,3.790,0.003,0.138,0.156,4.087,2.987,0.520,3.507,3.297
1780272532665,0.000,0.000,0.000,0.003,2.948,3.083,0.171,0.211,6.416,4.240,0.545,4.785,9.697
1780272532722,0.003,0.000,0.000,0.003,2.420,2.482,1.013,1.180,7.101,4.379,0.553,4.932,8.485
1780272532776,0.000,0.000,0.000,0.003,2.114,2.139,1.210,1.355,6.821,4.224,0.537,4.761,7.564
1780272532826,0.003,0.000,0.003,0.003,2.380,2.515,1.654,1.884,8.442,4.989,0.537,5.526,6.667
1780272532888,0.000,0.000,0.000,0.003,1.873,1.745,5.256,5.423,14.300,11.029,0.561,11.590,12.873
1780272532940,0.000,0.000,0.003,0.003,1.796,1.877,5.390,5.671,14.740,12.592,0.577,13.169,14.812
1780272532981,0.000,0.000,0.000,0.003,1.822,1.906,5.259,5.544,14.534,12.722,0.594,13.316,15.952
1780272533032,0.000,0.000,0.000,0.003,2.176,2.212,2.099,2.394,8.884,7.700,0.561,8.261,13.745
1780272533136,0.000,0.000,0.003,0.003,1.673,1.848,1.133,1.286,5.946,3.695,0.529,4.224,5.430
1780272533209,0.003,0.000,0.000,0.003,1.009,0.929,5.092,5.482,12.518,9.906,0.594,10.500,9.988
1780272533244,0.000,0.000,0.000,0.003,0.984,1.119,5.328,5.682,13.116,11.371,0.602,11.973,15.345
1780272533283,0.000,0.000,0.000,0.003,1.162,1.166,5.285,5.642,13.258,11.713,0.586,12.299,15.442
1780272533320,0.000,0.000,0.000,0.003,1.239,1.177,5.252,5.606,13.277,11.851,0.586,12.437,15.200
1780272533368,0.000,0.000,0.000,0.000,1.592,1.596,2.248,2.183,7.619,6.202,0.545,6.747,13.697
1780272533423,0.000,0.000,0.000,0.003,1.432,1.461,0.386,0.492,3.774,2.987,0.537,3.524,4.194
1780272533478,0.000,0.000,0.000,0.003,0.874,0.918,5.135,5.205,12.135,9.442,0.553,9.995,5.455
1780272533545,0.000,0.000,0.000,0.003,1.089,1.104,5.420,5.915,13.531,12.006,0.553,12.559,13.309
1780272533644,0.000,0.000,0.000,0.003,0.091,0.116,5.456,5.824,11.490,10.842,0.569,11.411,12.145
1780272533718,4.465,4.490,5.904,5.883,0.003,0.007,0.430,0.517,21.699,2.352,16.735,19.087,17.164
1780272533779,1.443,1.323,6.138,6.025,0.007,0.021,7.541,7.913,30.411,12.169,14.847,27.016,20.970
1780272533832,3.834,3.440,4.840,3.994,0.003,0.018,8.095,8.569,32.793,15.221,13.789,29.010,29.406
1780272533894,3.229,0.685,5.635,1.111,0.000,0.003,1.888,2.165,14.716,3.874,10.004,13.878,12.509
1780272533954,3.615,0.047,3.943,0.072,0.003,0.010,4.986,5.376,18.052,8.840,7.830,16.670,14.691
1780272533995,3.346,0.007,3.222,0.014,0.003,0.010,5.350,5.719,17.671,10.069,6.870,16.939,16.509
1780272534046,2.930,0.051,2.602,0.091,0.003,0.010,5.409,5.711,16.807,10.362,5.787,16.149,15.612
1780272534096,2.598,1.924,2.088,1.997,0.003,0.010,5.168,5.500,19.288,9.995,7.285,17.280,16.073
1780272534204,2.686,2.132,2.143,5.095,0.000,0.007,4.672,4.968,21.703,9.027,11.648,20.675,19.830
1780272534264,3.010,2.923,2.653,4.483,0.000,0.000,1.191,1.392,15.652,2.612,12.698,15.310,14.739
1780272534329,2.905,2.744,2.700,3.892,0.000,0.000,0.612,0.721,13.574,0.993,11.973,12.966,11.976
1780272534379,3.010,2.879,2.456,3.408,0.000,0.003,0.732,0.831,13.319,0.838,11.412,12.250,11.612
1780272534423,2.686,2.730,2.547,3.087,0.000,0.000,0.867,1.006,12.923,0.936,10.842,11.778,10.667
1780272534477,2.839,0.572,2.587,0.681,0.000,0.003,1.541,1.720,9.943,1.603,6.992,8.595,8.727
1780272534534,2.511,0.072,2.070,0.102,0.003,0.003,1.519,1.709,7.989,1.684,5.046,6.730,6.303
1780272534582,2.026,0.010,1.330,0.021,0.003,0.010,4.479,4.756,12.635,7.781,3.719,11.500,8.364
1780272534638,2.055,0.003,1.286,0.010,0.003,0.003,2.001,2.223,7.584,3.467,3.516,6.983,8.509
1780272534726,1.895,0.003,0.492,0.007,0.000,0.003,1.760,1.935,6.095,2.116,2.962,5.078,4.776
1780272534791,2.187,0.003,0.422,0.007,0.003,0.003,1.600,1.822,6.047,1.880,3.085,4.965,4.921
1780272534847,2.358,0.000,0.145,0.003,0.003,0.010,4.651,5.011,12.181,7.610,2.987,10.597,6.618
1780272534908,0.736,2.103,0.116,2.001,0.003,0.010,4.909,5.292,15.170,9.401,3.182,12.583,12.824
1780272534965,0.164,3.429,0.667,2.496,0.003,0.000,0.849,0.663,8.271,2.458,5.071,7.529,9.988
1780272535031,0.069,3.845,1.151,0.408,4.264,3.677,0.102,0.123,13.639,7.741,5.054,12.795,14.085
1780272535095,3.010,1.476,2.223,1.286,5.879,5.609,0.083,0.098,19.664,11.591,5.510,17.101,14.279
1780272535150,2.679,0.685,3.568,2.289,6.739,6.907,0.083,0.094,23.044,12.763,8.962,21.725,20.994
1780272535231,1.447,1.177,4.370,1.862,4.344,5.263,0.109,0.131,18.703,9.995,11.680,21.675,18.982
1780272535295,3.058,6.222,0.346,0.218,2.522,2.562,1.166,1.279,17.373,6.300,8.066,14.366,15.879
1780272535361,4.184,3.816,0.287,0.018,1.228,1.319,4.242,4.559,19.653,9.881,6.878,16.759,15.200
1780272535423,2.708,3.152,0.404,0.371,1.323,1.326,4.395,4.822,18.501,11.135,5.787,16.922,17.188
1780272535472,3.145,1.195,2.460,4.319,1.541,1.574,1.581,1.811,17.626,5.925,9.271,15.196,16.509
1780272535548,2.741,1.210,3.061,5.824,1.348,1.388,0.969,1.151,17.692,4.029,10.614,14.643,13.285
1780272535614,0.532,0.284,1.002,0.867,1.698,1.669,1.060,1.250,8.362,4.411,2.360,6.771,6.570
1780272535682,0.029,0.018,0.083,0.058,1.450,1.483,1.337,1.541,5.999,4.346,0.765,5.111,5.164
1780272535759,0.003,0.003,0.003,0.003,1.363,1.396,1.775,1.950,6.496,4.753,0.577,5.330,5.285
1780272535828,0.003,0.003,0.007,0.003,1.399,1.396,1.775,1.968,6.554,4.818,0.577,5.395,5.430
1780272535881,0.608,0.524,0.812,0.849,1.392,1.414,1.782,1.942,9.323,4.835,1.025,5.860,5.794
1780272535956,3.120,3.069,3.174,3.291,1.195,1.221,1.643,1.826,18.539,4.428,5.852,10.280,9.964
1780272536011,4.796,2.518,2.697,6.109,1.086,1.100,1.272,1.450,21.028,3.809,11.746,15.555,14.352
1780272536088,3.918,1.199,1.665,6.138,1.359,1.381,1.283,1.487,18.430,4.216,10.500,14.716,14.133
1780272536148,3.382,1.476,2.041,5.431,1.596,1.359,1.275,1.458,18.018,4.509,10.118,14.627,13.576
1780272536203,2.321,2.416,3.309,5.099,2.525,1.891,0.871,1.009,19.441,5.331,11.770,17.101,14.570
1780272536280,3.411,4.308,5.850,4.519,3.663,3.860,0.550,0.663,26.824,7.684,17.085,24.769,21.721
1780272536338,0.448,5.387,1.519,6.265,4.228,4.406,0.743,0.871,23.867,8.954,12.210,21.164,21.164
1780272536389,0.065,4.064,0.225,7.891,3.958,3.998,0.827,0.936,21.964,8.555,11.754,20.309,19.370
1780272536450,0.014,3.470,0.021,7.745,3.561,3.572,1.089,1.272,20.744,8.091,11.021,19.112,18.158
1780272536509,0.010,3.225,0.010,7.760,3.211,3.269,1.148,1.337,19.970,7.700,10.687,18.387,17.430
1780272536561,0.010,3.364,0.007,7.534,2.967,3.141,1.385,1.563,19.971,7.545,10.712,18.257,16.776
1780272536644,0.102,3.830,0.153,6.947,2.726,2.675,1.425,1.662,19.520,7.163,10.248,17.411,16.170
1780272536711,3.061,3.987,3.462,5.693,2.835,2.985,1.210,1.392,24.625,7.106,14.814,21.920,19.248
1780272536783,0.255,5.092,0.182,5.281,2.697,2.875,1.436,1.651,19.469,7.016,10.777,17.793,16.800
1780272536833,4.399,3.528,5.729,6.068,1.687,1.950,1.170,1.370,25.901,5.299,17.476,22.775,19.782
1780272536886,2.022,3.648,6.852,5.638,1.950,1.899,1.002,1.195,24.206,4.940,17.452,22.392,21.164
1780272536940,2.095,3.152,6.838,5.682,2.518,2.416,0.925,1.126,24.752,5.868,16.825,22.693,21.503
1780272537003,2.748,2.536,5.722,5.212,3.674,3.652,1.046,1.239,25.829,8.229,15.881,24.110,21.745
1780272537071,3.856,1.509,1.807,6.112,4.610,4.771,1.148,1.366,25.179,10.175,12.071,22.246,20.436
1780272537153,4.425,0.145,0.532,7.333,4.155,4.137,3.338,3.586,27.651,13.813,11.111,24.924,22.667
1780272537228,3.863,1.122,1.370,7.158,4.425,4.363,1.556,1.775,25.632,11.013,10.069,21.082,20.048
1780272537303,4.395,0.149,0.393,6.947,4.111,4.137,1.151,1.348,22.631,9.352,10.712,20.064,19.394
1780272537364,2.646,2.365,1.829,4.235,3.218,3.499,1.370,1.622,20.784,8.237,7.179,15.416,14.691
1780272537425,1.078,2.930,3.229,1.137,2.948,3.065,1.414,1.607,17.408,7.472,5.054,12.526,12.897
1780272537485,4.833,5.008,4.049,5.106,1.993,2.489,0.703,0.794,24.975,5.722,17.028,22.750,20.024
1780272537547,5.164,5.288,3.706,4.651,2.908,2.916,0.196,0.236,25.065,5.966,18.062,24.028,22.836
1780272537606,4.275,4.621,3.834,4.410,2.602,2.617,0.907,1.042,24.308,6.267,16.467,22.734,21.503
1780272537686,3.830,3.809,3.422,3.619,2.762,2.628,1.355,1.516,22.941,6.967,14.301,21.268,19.612
1780272537763,3.586,0.171,3.222,0.218,2.733,2.697,1.687,1.942,16.256,7.545,7.610,15.155,14.836
1780272537837,2.525,0.025,2.777,0.014,2.372,2.365,1.782,1.953,13.813,6.796,5.754,12.550,12.388
1780272537894,1.848,3.772,2.252,2.671,1.753,1.833,1.596,1.858,17.583,5.673,10.443,16.116,14.473
1780272537947,1.928,3.900,2.347,3.134,1.789,1.848,1.490,1.724,18.160,5.559,11.102,16.661,15.806
1780272538013,2.132,3.364,2.387,2.587,1.909,1.924,1.516,1.709,17.528,5.649,10.451,16.100,15.030
1780272538051,2.044,3.014,2.259,2.361,1.986,2.008,1.439,1.651,16.762,5.698,9.727,15.425,14.497
1780272538101,2.084,2.759,2.161,2.307,0.273,0.375,1.530,1.724,13.213,3.207,9.540,12.747,11.927
1780272538157,2.299,2.598,2.336,2.135,0.025,0.040,1.643,1.858,12.934,2.295,9.434,11.729,10.618
1780272538226,2.205,2.234,1.935,1.964,0.003,0.007,1.436,1.662,11.446,1.904,8.603,10.507,9.455
1780272538302,2.143,0.138,2.132,0.076,0.000,0.003,0.743,0.889,6.124,0.993,4.729,5.722,5.600
1780272538368,1.162,0.025,1.683,0.010,0.003,0.003,0.776,0.918,4.580,0.911,3.256,4.167,3.855
1780272538428,0.863,3.550,1.476,3.120,0.003,0.003,1.585,1.786,12.386,1.831,8.717,10.548,8.121
1780272538488,0.612,3.575,2.125,2.230,0.003,0.003,1.501,1.673,11.722,1.864,8.750,10.614,9.697
1780272538544,1.352,3.273,2.187,2.099,0.000,0.003,1.658,1.866,12.438,2.091,8.986,11.077,9.939
1780272538604,0.182,0.357,0.258,0.229,0.003,0.000,0.411,0.437,1.877,0.748,2.132,2.880,3.030
1780272538671,0.014,0.018,0.010,0.003,0.000,0.000,0.459,0.583,1.087,0.577,0.667,1.244,1.115
1780272538746,0.003,0.003,0.003,0.003,0.000,0.003,0.754,0.944,1.713,0.830,0.529,1.359,1.406
1780272538806,0.003,0.000,0.003,0.000,0.000,0.003,0.918,1.097,2.024,1.001,0.488,1.489,1.576
1780272538882,0.000,0.000,0.003,0.003,0.000,0.003,1.913,2.216,4.138,2.254,0.496,2.750,2.909
1780272538946,0.000,0.000,0.003,0.003,3.703,0.007,2.001,2.321,8.038,5.046,0.504,5.550,5.818
1780272539012,0.000,0.000,0.000,0.003,2.850,2.999,1.632,1.888,9.372,6.170,0.553,6.723,11.491
1780272539062,0.000,0.007,0.000,0.003,2.165,2.238,1.600,1.811,7.824,5.038,0.553,5.591,9.309
1780272539106,0.000,0.000,0.000,0.003,1.855,1.931,1.640,1.884,7.313,4.623,0.545,5.168,7.394
1780272539163,0.003,0.000,0.000,0.003,1.669,1.877,1.971,2.219,7.742,4.770,0.529,5.299,6.133
1780272539205,0.003,0.000,0.000,0.003,1.589,1.570,2.263,2.478,7.906,4.859,0.537,5.396,5.939
1780272539263,0.000,0.000,0.000,0.003,1.006,1.009,4.523,5.124,11.665,9.369,0.553,9.922,7.782
1780272539325,0.003,0.000,0.000,0.003,1.093,1.162,5.051,5.431,12.743,11.168,0.586,11.754,14.521
1780272539371,0.000,0.000,0.000,0.003,1.232,1.202,5.099,5.616,13.152,11.632,0.577,12.209,13.745
1780272539405,0.000,0.000,0.000,0.003,1.188,1.250,5.190,5.704,13.335,11.900,0.577,12.477,13.455
1780272539478,0.000,0.000,0.000,0.003,1.206,1.199,5.175,5.595,13.178,11.778,0.610,12.388,12.897
1780272539535,0.000,0.000,0.003,0.003,1.177,1.221,5.004,5.478,12.886,11.632,0.586,12.218,12.630
1780272539575,0.000,0.000,0.000,0.003,1.479,1.567,2.646,2.467,8.162,6.862,0.561,7.423,10.085
1780272539621,0.000,0.000,0.000,0.000,1.432,1.403,1.024,1.191,5.050,4.061,0.537,4.598,4.509
1780272539683,0.003,0.000,0.003,0.003,1.228,1.275,0.827,0.965,4.304,2.840,0.520,3.360,3.685
1780272539775,3.050,2.730,4.599,4.683,0.051,0.065,0.156,0.171,15.505,0.618,8.872,9.490,10.473
1780272539864,4.315,3.696,5.762,5.795,0.003,0.003,0.375,0.466,20.415,0.545,17.403,17.948,18.424
1780272539918,2.383,3.160,5.722,5.686,0.000,0.003,0.761,0.911,18.626,0.879,16.841,17.720,14.909
1780272539959,3.306,4.096,4.877,4.709,0.000,0.003,1.027,1.170,19.188,1.155,15.791,16.946,16.097
1780272540008,2.274,3.167,4.836,4.556,0.000,0.003,1.115,1.312,17.263,1.343,14.643,15.986,14.352
1780272540064,2.850,3.018,3.706,3.375,0.003,0.010,3.983,4.461,21.406,7.106,12.600,19.706,18.570
1780272540102,2.263,2.817,3.535,3.193,0.003,0.010,4.395,4.745,20.961,8.319,11.518,19.837,18.812
1780272540154,1.961,2.609,3.167,2.471,4.107,3.670,1.592,1.501,21.078,9.434,10.557,19.991,21.915
1780272540231,2.591,2.533,2.755,2.916,2.135,2.307,0.182,0.215,15.634,4.851,10.516,15.367,14.764
1780272540320,2.788,2.340,2.442,2.547,1.447,1.483,0.153,0.178,13.378,3.190,9.816,13.006,12.679
1780272540423,2.638,0.091,2.270,0.109,1.385,1.432,1.290,1.476,10.691,4.143,5.242,9.385,9.139
1780272540488,0.375,0.069,1.210,4.472,0.984,1.020,4.224,4.749,17.103,9.385,4.013,13.398,11.224
1780272540544,0.091,0.087,0.601,4.946,1.166,1.228,4.654,4.986,17.759,11.151,4.021,15.172,15.345
1780272540610,0.091,0.087,0.390,3.732,1.355,1.359,4.672,5.033,16.719,11.623,2.718,14.341,14.958
1780272540669,0.236,0.083,0.164,1.833,1.308,1.392,4.683,5.066,14.765,11.746,1.717,13.463,13.600
1780272540724,2.412,3.207,0.193,4.975,1.352,1.385,1.487,1.370,16.381,5.714,9.808,15.522,16.267
1780272540768,3.163,2.558,0.331,5.912,1.355,1.472,0.517,0.648,15.956,4.013,10.940,14.953,14.376
1780272540831,3.805,0.444,0.102,5.682,1.694,1.479,0.182,0.229,13.617,3.589,9.580,13.169,12.921
1780272540923,4.060,1.731,0.061,2.066,2.146,2.146,0.827,0.944,13.981,4.957,5.771,10.728,10.085
1780272540983,2.580,3.885,0.025,0.441,1.505,1.764,3.983,4.297,18.480,10.321,4.688,15.009,11.588
1780272541039,2.248,4.312,0.007,0.390,2.095,1.687,4.213,4.570,19.522,11.534,5.054,16.588,16.000
1780272541109,2.121,3.911,0.007,2.095,2.653,2.580,1.057,1.293,15.717,7.374,5.299,12.673,16.073
1780272541171,2.351,1.483,3.849,5.314,2.004,2.132,0.215,0.255,17.603,4.810,8.522,13.332,11.976
1780272541237,3.437,0.178,0.360,4.315,1.851,1.691,0.149,0.164,12.145,3.719,8.123,11.842,10.642
1780272541301,2.781,0.076,0.018,5.197,1.450,1.760,0.597,0.703,12.582,3.907,8.188,12.095,11.030
1780272541374,2.777,1.308,0.280,4.352,2.190,1.848,0.922,1.049,14.726,4.997,8.148,13.145,12.824
1780272541462,2.606,3.626,3.207,3.378,1.570,1.589,0.951,1.129,18.056,4.395,12.104,16.499,15.733
1780272541518,0.539,3.557,0.809,3.466,1.742,1.687,1.275,1.447,14.522,4.932,7.960,12.892,13.188
1780272541574,0.083,2.977,0.065,2.773,1.778,1.702,1.067,1.184,11.629,4.721,6.153,10.874,10.764
1780272541636,0.007,2.376,0.007,1.931,1.691,1.702,1.191,1.348,10.253,4.761,4.647,9.408,9.285
1780272541699,0.003,2.143,0.003,1.454,1.811,1.713,0.991,1.137,9.255,4.761,3.882,8.643,8.485
1780272541785,0.003,2.478,0.000,1.283,1.822,1.913,0.222,0.229,7.950,4.094,4.004,8.098,7.588
1780272541829,0.003,2.522,0.000,1.108,2.285,2.139,0.149,0.167,8.373,4.436,3.931,8.367,8.145
1780272541896,0.007,4.209,0.003,2.609,2.347,2.474,0.160,0.164,11.973,5.006,7.138,12.144,9.576
1780272541986,0.120,7.428,0.568,0.834,2.533,2.628,0.612,0.718,15.441,5.714,7.505,13.219,12.873
1780272542044,0.976,0.947,5.770,5.051,2.267,2.380,0.459,0.575,18.425,5.217,9.686,14.903,16.170
1780272542100,0.809,0.845,3.911,0.794,2.518,2.522,0.834,0.954,13.187,5.771,6.235,12.006,12.073
1780272542164,3.564,0.266,4.887,0.371,2.427,2.438,0.991,1.195,16.139,5.991,8.310,14.301,15.055
1780272542225,4.825,0.029,3.229,0.047,2.289,2.329,1.067,1.206,15.021,5.828,8.319,14.147,13.212
1780272542297,3.885,0.007,4.071,0.014,0.153,0.244,1.541,1.742,11.657,2.572,8.026,10.598,9.939
1780272542349,3.696,0.003,3.433,0.007,0.014,0.025,1.505,1.680,10.363,2.026,7.317,9.343,8.582
1780272542431,2.402,0.003,3.306,0.007,0.000,0.007,1.756,1.986,9.467,2.214,5.991,8.205,8.048
1780272542502,2.263,0.003,3.477,0.007,0.000,0.003,1.625,1.866,9.244,2.075,5.893,7.968,7.661
1780272542558,2.001,0.003,3.298,0.003,0.003,0.003,1.417,1.618,8.346,1.798,5.535,7.333,7.200
1780272542612,1.735,0.003,3.499,0.003,0.000,0.000,0.349,0.426,6.015,0.708,5.494,6.202,6.764
1780272542667,1.177,5.729,2.762,3.845,0.003,0.000,0.171,0.193,13.880,0.431,12.739,13.170,11.321
1780272542723,1.858,5.977,2.937,3.353,0.000,0.000,0.153,0.171,14.449,0.350,13.544,13.894,14.352
1780272542766,0.616,5.711,1.020,2.879,0.000,0.000,0.178,0.207,10.611,0.341,10.565,10.906,10.255
1780272542827,0.040,4.676,0.054,3.761,0.000,0.003,1.122,1.246,10.902,1.131,8.669,9.800,9.164
1780272542887,0.007,2.642,0.010,2.434,0.003,0.010,4.563,5.095,14.764,7.920,5.657,13.577,13.430
1780272542969,0.003,1.538,0.007,2.292,0.003,0.010,4.815,5.230,13.898,9.857,4.371,14.228,13.430
1780272543053,1.964,1.461,0.291,2.897,0.000,0.003,1.359,1.618,9.593,2.490,5.706,8.196,6.715
1780272543105,4.610,0.597,3.167,2.022,0.007,0.018,7.249,8.277,25.947,12.551,9.955,22.506,14.109
1780272543141,4.691,0.368,3.535,1.818,0.007,0.018,8.416,8.941,27.794,15.457,10.166,25.623,26.667
1780272543204,3.586,0.878,2.624,2.154,0.007,0.018,8.252,8.839,26.358,15.995,9.393,25.388,26.982
1780272543260,3.258,2.059,2.303,3.014,0.000,0.003,1.855,2.150,14.642,5.315,10.158,15.473,20.945
1780272543321,0.492,2.183,0.400,2.835,0.003,0.010,4.942,5.325,16.190,9.238,5.925,15.163,10.885
1780272543391,0.014,1.301,0.014,1.888,0.003,0.010,5.493,5.893,14.616,10.565,3.866,14.431,14.133
1780272543462,3.542,0.667,2.631,1.818,0.003,0.010,4.898,5.267,18.836,9.759,9.377,19.136,17.309
1780272543499,4.559,1.228,3.459,2.351,0.000,0.000,1.589,1.862,15.048,4.680,11.754,16.434,18.642
1780272543575,0.929,0.204,0.451,0.313,0.000,0.000,0.153,0.149,2.199,0.659,2.458,3.117,2.594
1780272543641,0.080,0.021,0.036,0.010,0.000,0.000,0.080,0.091,0.318,0.301,0.732,1.033,1.042
1780272543703,0.007,0.003,0.003,0.003,0.000,0.000,0.080,0.094,0.190,0.244,0.553,0.797,1.358
1780272543756,0.003,0.000,0.003,0.003,0.000,0.003,0.127,0.142,0.281,0.260,0.529,0.789,1.285
1780272543801,0.003,0.000,0.000,0.003,0.000,0.003,1.024,1.180,2.213,0.895,0.529,1.424,1.745
1780272543844,0.003,0.000,0.000,0.003,0.000,0.000,1.217,1.417,2.640,1.196,0.520,1.716,2.206
1780272543906,0.000,0.000,0.000,0.003,0.000,0.003,1.519,1.683,3.208,1.505,0.529,2.034,2.012
1780272543995,0.003,0.000,0.000,0.007,4.191,0.003,1.439,1.625,7.268,4.224,0.537,4.761,6.885
1780272544051,0.007,0.000,0.000,0.003,3.324,3.634,1.388,1.600,9.956,5.754,0.569,6.323,11.564
1780272544118,0.000,0.000,0.000,0.003,2.212,2.212,1.512,1.694,7.633,4.729,0.553,5.282,8.873
1780272544193,0.000,0.000,0.000,0.003,1.840,1.855,1.450,1.676,6.824,4.208,0.529,4.737,7.394
1780272544257,0.000,0.000,0.000,0.003,1.607,1.986,1.764,1.957,7.317,4.240,0.529,4.769,5.721
1780272544315,0.000,0.000,0.000,0.003,1.279,0.984,5.099,5.671,13.036,10.419,0.569,10.988,10.327
1780272544350,0.000,0.003,0.000,0.000,1.067,1.166,5.463,5.832,13.531,11.591,0.577,12.168,14.376
1780272544403,0.000,0.000,0.000,0.000,1.133,1.173,5.332,5.719,13.357,11.916,0.586,12.502,15.273
1780272544439,0.000,0.000,0.000,0.003,1.224,1.188,5.270,5.657,13.342,11.941,0.577,12.518,15.467
1780272544520,0.000,0.000,0.000,0.003,1.629,1.574,1.997,2.252,7.455,6.341,0.553,6.894,13.406
1780272544593,0.000,0.000,0.003,0.003,1.312,1.323,1.385,1.552,5.578,3.451,0.529,3.980,4.485
1780272544653,0.000,0.000,0.000,0.003,0.852,0.918,5.084,5.259,12.116,10.142,0.545,10.687,10.376
1780272544725,0.000,0.000,0.000,0.003,1.129,1.166,5.434,5.755,13.487,11.892,0.561,12.453,13.042
1780272544802,3.251,2.762,2.956,3.134,0.102,0.123,1.228,1.443,14.999,3.947,5.518,9.465,12.679
1780272544864,4.815,4.625,6.101,6.032,0.003,0.007,0.149,0.131,21.863,0.683,18.355,19.038,17.915
1780272544916,2.591,2.544,5.485,5.321,0.010,0.018,6.415,7.483,29.867,11.070,15.400,26.470,18.691
1780272544953,3.717,3.641,5.194,5.081,0.000,0.003,2.412,1.720,21.768,4.778,17.175,21.953,23.273
1780272545002,3.634,3.211,5.070,4.891,0.000,0.000,0.729,0.863,18.398,1.538,16.027,17.565,16.218
1780272545061,3.564,2.580,4.082,4.242,0.003,0.010,4.282,4.607,23.370,7.081,13.854,20.935,16.897
1780272545096,3.386,2.916,3.561,3.674,0.003,0.010,4.607,5.070,23.227,8.693,13.211,21.904,21.067
1780272545136,3.251,2.766,3.251,3.357,0.003,0.010,4.698,5.121,22.457,9.124,12.372,21.496,20.436
1780272545194,0.670,3.561,0.630,1.939,0.000,0.003,1.662,1.687,10.152,3.215,6.617,9.832,11.394
1780272545259,3.710,3.367,0.098,0.557,0.000,0.003,0.167,0.211,8.113,0.740,5.136,5.876,5.648
1780272545345,4.275,2.620,0.098,0.120,0.000,0.000,0.058,0.065,7.236,0.219,5.225,5.444,4.824
1780272545406,3.710,2.183,3.612,4.016,0.000,0.000,0.072,0.083,13.676,0.187,7.944,8.131,6.933
1780272545467,3.094,2.806,4.268,4.643,0.000,0.000,0.080,0.091,14.982,0.195,9.824,10.019,9.139
1780272545527,1.964,3.455,3.834,2.799,0.000,0.000,0.109,0.123,12.284,0.219,8.514,8.733,8.994
1780272545592,1.217,3.200,3.652,1.370,0.000,0.000,1.075,1.250,11.764,1.041,7.342,8.383,8.461
1780272545637,0.754,2.854,3.160,1.031,0.003,0.010,4.585,4.822,17.219,6.943,6.487,13.430,11.685
1780272545703,0.229,2.624,2.784,0.185,0.003,0.010,5.099,5.591,16.525,9.833,5.795,15.628,15.467
1780272545762,0.098,2.813,3.251,0.109,0.000,0.003,1.713,2.106,10.093,3.402,6.308,9.710,8.364
1780272545862,1.676,1.013,2.781,4.148,0.000,0.003,1.024,1.191,11.836,1.172,6.349,7.521,7.103
1780272545925,0.269,0.193,2.879,4.858,0.000,0.000,1.148,1.326,10.673,1.212,6.341,7.553,7.030
1780272545989,0.207,0.120,2.146,3.203,0.007,0.010,4.767,5.121,15.581,7.692,4.631,12.323,8.994
1780272546027,0.543,0.142,1.917,2.307,0.007,0.010,5.168,5.569,15.663,9.523,3.703,13.226,14.036
1780272546080,0.732,0.160,1.789,1.184,0.003,0.010,5.073,5.558,14.509,9.947,3.516,13.463,13.018
1780272546134,1.534,0.437,2.635,0.732,0.000,0.003,2.110,2.117,9.568,3.793,4.078,7.871,9.188
1780272546176,2.602,0.477,2.420,0.222,0.000,0.003,1.421,1.530,8.675,2.100,4.656,6.756,5.721
1780272546220,3.419,0.466,2.544,0.032,0.000,0.000,1.180,1.377,9.018,1.546,5.518,7.064,6.400
1780272546297,2.741,3.196,1.964,3.440,3.834,3.626,0.874,1.075,20.750,7.382,7.358,14.740,16.776
1780272546377,1.530,2.620,2.391,4.239,2.026,1.538,3.827,4.271,22.442,10.337,8.555,18.892,16.267
1780272546445,1.126,1.979,4.377,0.266,2.923,3.054,0.725,0.710,15.160,7.765,7.024,14.789,14.085
1780272546512,3.378,2.205,4.698,0.721,3.101,3.313,0.346,0.433,18.195,6.870,9.922,16.792,15.224
1780272546585,3.834,4.454,4.199,4.005,3.182,2.981,0.240,0.298,23.193,6.357,15.457,21.814,20.242
1780272546627,3.663,4.009,4.122,3.943,2.540,3.218,0.539,0.645,22.679,5.917,15.791,21.708,19.927
1780272546675,4.559,4.355,3.838,3.827,1.756,2.095,0.801,0.973,22.204,4.745,16.133,20.878,19.248
1780272546730,3.666,4.027,3.856,3.801,1.228,1.184,3.630,3.947,25.339,8.522,14.847,23.369,21.867
1780272546795,3.014,3.761,3.958,3.196,0.120,0.178,4.173,4.527,22.927,8.457,13.813,22.270,20.824
1780272546839,2.981,3.535,3.743,3.258,0.018,0.032,4.104,4.538,22.209,8.278,13.341,21.619,20.170
1780272546916,3.200,3.612,3.881,3.739,0.000,0.003,0.958,1.159,16.552,2.612,14.074,16.686,19.345
1780272546996,2.077,3.273,3.586,2.628,3.480,3.455,0.448,0.543,19.490,6.585,11.135,17.720,18.545
1780272547081,5.759,0.244,0.225,7.220,1.530,1.629,0.739,0.852,18.198,4.053,12.934,16.987,15.806
1780272547136,5.857,1.458,1.928,3.426,1.246,1.275,3.878,4.133,23.201,8.856,10.126,18.982,16.800
1780272547178,7.071,2.088,2.434,4.745,1.290,1.385,3.892,4.202,27.107,9.873,11.827,21.700,20.727
1780272547224,6.477,1.009,2.135,2.515,1.811,1.603,3.925,4.315,23.790,10.980,9.938,20.918,20.412
1780272547263,7.610,1.822,2.270,2.205,1.749,1.848,3.801,4.089,25.394,10.793,11.339,22.132,20.461
1780272547322,5.438,2.241,1.705,5.230,1.961,2.256,1.264,1.538,21.633,6.650,11.363,18.013,22.036
1780272547383,5.398,2.824,2.084,5.194,2.012,2.201,0.360,0.473,20.546,4.932,12.633,17.565,15.612
1780272547470,5.146,3.287,2.788,4.486,1.891,1.953,0.455,0.564,20.570,4.428,12.600,17.028,15.273
1780272547554,4.665,2.679,2.963,4.592,1.775,1.687,0.164,0.182,18.707,3.646,12.584,16.230,14.788
1780272547631,3.918,1.826,2.172,4.253,1.541,1.953,0.823,0.933,17.419,4.566,10.183,14.749,12.461
1780272547685,0.594,0.313,0.291,0.703,2.511,2.015,1.184,1.377,8.988,5.649,2.865,8.514,9.867
1780272547722,0.127,0.036,0.040,0.080,1.982,1.807,1.261,1.450,6.783,5.128,1.204,6.332,5.842
1780272547762,0.021,0.010,0.010,0.010,1.483,1.665,1.319,1.516,6.034,4.623,0.748,5.371,5.430
1780272547816,0.003,0.003,0.007,0.003,1.414,1.454,1.195,1.399,5.478,4.240,0.594,4.834,4.921
1780272547883,0.503,0.357,0.331,0.484,1.399,1.410,1.075,1.272,6.831,3.972,0.708,4.680,4.655
1780272547923,0.619,0.601,0.554,0.619,1.381,1.370,1.093,1.246,7.483,3.899,0.846,4.745,4.655
1780272548006,0.018,0.018,0.018,0.018,1.334,1.417,1.089,1.290,5.202,3.899,0.545,4.444,4.606
1780272548106,1.957,1.767,1.563,1.873,1.264,1.326,1.173,1.334,12.257,3.858,2.376,6.234,5.406
1780272548169,5.434,5.350,5.296,5.051,0.692,0.718,0.699,0.823,24.063,2.425,18.974,21.399,19.321
1780272548223,5.011,4.997,3.018,2.387,1.527,1.439,1.046,1.232,20.657,3.939,11.916,15.855,15.855
1780272548276,0.867,0.903,0.714,0.787,1.720,1.745,1.680,1.902,10.318,5.136,3.589,8.725,10.448
1780272548340,2.259,0.244,2.792,0.236,1.046,1.067,4.457,4.815,16.916,9.686,2.450,12.136,9.915
1780272548412,5.164,3.276,6.440,4.049,1.104,1.140,1.355,1.578,24.106,5.193,16.849,22.042,20.921
1780272548468,0.718,0.550,0.958,0.656,1.997,1.873,1.352,1.567,9.671,5.339,3.256,8.595,12.121
1780272548541,0.021,0.014,0.018,0.007,1.468,1.498,1.283,1.476,5.785,4.517,0.846,5.363,5.164
1780272548620,0.003,0.000,0.007,0.003,1.388,1.428,1.177,1.341,5.347,4.102,0.586,4.688,4.921
1780272548680,0.000,0.003,0.003,0.003,1.374,1.370,1.170,1.352,5.275,3.996,0.553,4.549,5.188
1780272548732,0.000,0.000,0.000,0.003,1.304,1.374,1.381,1.603,5.665,4.281,0.529,4.810,5.091
1780272548784,0.003,0.000,0.003,0.003,1.345,1.377,1.334,1.519,5.584,4.216,0.553,4.769,4.921
1780272548847,1.334,3.386,3.816,1.199,1.155,1.166,1.217,1.410,14.683,3.793,5.217,9.010,7.661
1780272548922,0.280,4.858,6.043,1.221,1.184,1.235,0.944,1.119,16.884,3.532,9.662,13.194,12.364
1780272548972,2.012,4.902,6.411,2.030,1.119,1.170,0.933,1.097,19.674,3.410,12.486,15.896,14.497
1780272549049,3.688,3.306,5.536,5.059,1.155,1.202,0.805,0.958,21.709,3.321,16.434,19.755,18.303
1780272549116,2.850,3.156,5.143,4.548,1.323,1.326,0.874,1.031,20.251,3.646,15.229,18.875,17.358
1780272549180,0.422,0.550,0.801,0.699,1.822,1.756,1.600,1.840,9.490,5.185,2.832,8.017,9.139
1780272549249,0.036,0.025,0.040,0.029,1.458,1.509,1.713,1.935,6.745,4.965,0.822,5.787,5.697
1780272549305,0.007,0.003,0.003,0.007,1.352,1.399,1.702,1.975,6.448,4.770,0.610,5.380,5.552
1780272549360,0.003,0.003,0.003,0.003,1.323,1.385,1.487,1.713,5.920,4.501,0.569,5.070,5.455
1780272549439,2.088,2.168,2.427,2.609,1.239,1.341,1.352,1.570,14.794,4.143,3.158,7.301,7.127
1780272549496,1.246,1.549,1.654,1.815,1.385,1.425,1.272,1.498,11.844,4.200,2.091,6.291,6.400
1780272549588,5.208,5.081,4.497,4.286,1.009,1.027,0.918,1.086,23.112,3.256,13.137,16.393,14.691
1780272549657,5.835,6.021,5.314,4.483,0.962,1.038,0.692,0.831,25.176,2.938,19.934,22.872,20.048
1780272549714,5.128,5.194,4.253,4.359,1.312,1.283,0.863,1.016,23.408,3.532,18.339,21.871,20.315
1780272549781,3.273,3.743,3.098,3.539,1.523,1.505,1.585,1.811,20.077,4.884,10.736,15.620,15.152
1780272549830,0.794,0.987,0.462,0.535,1.702,1.731,2.074,2.292,10.577,5.779,3.011,8.790,9.552
1780272549888,1.920,0.061,0.036,3.725,1.421,1.414,1.942,2.205,12.724,5.299,2.458,7.757,7.539
1780272549967,6.947,0.058,0.025,7.443,1.006,1.129,1.494,1.727,19.829,4.159,12.690,16.849,15.321
1780272550026,3.101,0.138,0.036,7.475,1.414,1.363,1.519,1.756,16.802,4.639,10.533,15.172,14.424
1780272550113,4.188,0.306,0.021,6.670,0.076,0.105,1.771,2.066,15.203,2.710,10.191,12.901,12.945
1780272550185,4.352,0.193,0.619,6.057,0.003,0.007,1.541,1.800,14.572,2.140,10.150,12.290,11.564
1780272550241,3.152,0.605,1.454,6.167,0.003,0.003,1.680,1.902,14.966,2.205,9.824,12.029,10.812
1780272550301,3.976,1.002,1.060,5.682,0.000,0.003,0.583,0.729,13.035,0.968,10.109,11.077,10.206
1780272550366,4.158,0.882,0.914,5.383,0.000,0.003,1.228,1.458,14.026,1.481,9.963,11.444,10.133
1780272550414,4.093,0.761,0.648,5.015,0.000,0.003,1.428,1.676,13.624,1.798,9.515,11.313,10.327
1780272550481,3.973,0.958,1.071,4.804,0.000,0.003,0.579,0.729,12.117,0.862,9.173,10.035,8.776
1780272550537,3.991,4.534,4.082,2.197,0.000,0.000,0.338,0.419,15.561,0.553,11.526,12.079,10.885
1780272550631,6.050,5.296,2.033,0.444,0.000,0.003,0.517,0.645,14.988,0.643,9.995,10.638,9.697
1780272550693,0.594,4.654,6.889,0.051,0.000,0.000,1.104,1.217,14.509,1.277,11.461,12.738,11.127
1780272550734,0.200,4.530,6.462,0.408,0.000,0.000,1.334,1.523,14.457,1.587,10.875,12.462,11.442
1780272550787,0.543,4.261,6.123,0.852,0.003,0.003,1.731,1.942,15.458,2.124,10.647,12.771,11.539
1780272550847,1.596,4.468,5.066,2.609,0.003,0.003,1.581,1.800,17.126,2.075,11.566,13.641,12.485
1780272550902,3.171,4.785,4.414,4.392,0.000,0.003,1.180,1.374,19.319,1.595,15.050,16.645,14.618
1780272550970,3.980,4.490,3.287,4.410,3.757,3.218,0.973,1.133,25.248,7.098,15.579,22.677,23.442
1780272551041,3.630,3.947,3.233,3.936,1.902,1.950,1.013,1.206,20.817,5.291,14.269,19.560,19.055
1780272551141,3.178,2.777,3.080,2.547,1.403,1.436,1.425,1.680,17.526,4.680,10.647,15.327,14.739
1780272551209,2.988,0.280,2.806,0.134,1.490,1.450,1.760,2.008,12.916,5.095,6.406,11.501,11.030
1780272551264,2.066,0.014,2.318,0.014,1.519,1.421,1.866,2.139,11.357,5.201,4.631,9.832,9.697
1780272551322,1.221,0.007,2.012,0.007,1.374,1.396,2.238,2.533,10.788,5.624,3.825,9.449,8.800
1780272551386,0.940,0.003,2.343,0.003,1.406,1.396,1.961,2.172,10.224,5.250,3.679,8.929,8.873
1780272551436,0.878,0.003,2.376,0.007,1.381,1.443,1.622,1.866,9.576,4.827,3.687,8.514,8.121
1780272551494,0.903,0.003,2.941,0.007,0.167,0.236,0.834,0.958,6.049,1.774,4.167,5.941,6.376
1780272551557,0.783,2.168,2.890,0.298,0.010,0.010,1.581,1.848,9.588,1.961,4.835,6.796,6.570
1780272551643,0.637,5.678,2.970,4.184,0.000,0.003,1.210,1.392,16.074,1.571,12.787,14.358,14.206
1780272551712,1.767,5.449,3.123,3.429,0.000,0.000,0.579,0.732,15.079,0.968,13.333,14.301,13.721
1780272551752,1.888,4.410,3.440,2.952,0.000,0.000,0.313,0.419,13.422,0.553,12.413,12.966,12.291
1780272551799,2.019,4.162,2.894,2.566,0.000,0.007,1.144,1.290,14.082,1.277,11.534,12.811,12.412
1780272551839,2.299,3.703,2.996,2.048,0.000,0.000,0.652,0.820,12.518,0.976,11.029,12.005,12.097
1780272551890,2.165,3.375,2.919,2.361,0.000,0.003,1.242,1.425,13.490,1.416,10.720,12.136,10.473
1780272551949,2.504,2.704,2.391,2.336,0.000,0.000,0.506,0.630,11.071,0.797,9.987,10.784,9.988
1780272552011,2.205,2.398,2.296,1.968,0.000,0.003,1.993,2.245,13.108,2.547,8.872,11.419,10.521
1780272552094,0.149,0.109,0.112,0.069,0.003,0.003,2.336,2.649,5.430,3.378,1.465,4.843,4.655
1780272552186,0.003,0.007,0.003,0.003,0.000,0.003,1.815,2.084,3.918,2.417,0.561,2.978,3.176
1780272552261,0.000,0.003,0.003,0.000,0.003,0.010,8.080,8.514,16.613,10.500,0.512,11.012,11.588
1780272552316,0.000,0.003,0.003,0.000,0.007,0.018,9.167,9.772,18.970,16.263,0.569,16.832,16.170
1780272552371,0.000,0.000,0.007,0.000,0.000,0.003,3.517,3.994,7.521,7.146,0.553,7.699,13.745
1780272552428,0.000,0.000,0.000,0.003,0.003,0.010,5.474,5.850,11.340,9.613,0.545,10.158,6.327
1780272552479,0.000,0.000,0.000,0.003,2.886,0.010,5.256,5.755,13.910,12.275,0.561,12.836,13.164
1780272552536,0.003,0.000,0.000,0.003,3.010,3.320,4.847,5.318,16.501,13.471,0.594,14.065,17.988
1780272552610,0.003,0.000,0.003,0.003,1.764,1.705,4.880,5.307,13.665,11.957,0.602,12.559,16.630
1780272552671,0.000,0.000,0.003,0.003,1.687,1.724,1.760,2.077,7.254,5.673,0.594,6.267,11.491
1780272552734,0.000,0.000,0.003,0.003,1.461,1.403,0.251,0.244,3.365,2.783,0.537,3.320,4.170
1780272552792,0.003,0.003,0.003,0.003,1.253,1.286,0.138,0.156,2.845,2.148,0.520,2.668,3.321
1780272552852,0.003,0.000,0.000,0.003,0.849,0.903,4.986,5.307,12.051,9.336,0.553,9.889,7.442
1780272552907,0.000,0.000,0.000,0.003,1.129,1.159,5.248,5.766,13.305,11.632,0.577,12.209,13.042
1780272552950,0.003,0.000,0.000,0.003,1.108,1.170,5.230,5.704,13.218,11.819,0.569,12.388,12.921
1780272553014,0.007,0.000,0.000,0.003,1.501,1.523,2.128,2.518,7.680,6.064,0.545,6.609,12.388
1780272553081,0.000,0.003,0.000,0.003,1.334,1.392,0.987,1.166,4.885,3.239,0.512,3.751,4.097
1780272553151,0.000,0.000,0.000,0.003,1.283,1.308,0.200,0.233,3.027,2.197,0.537,2.734,3.248
1780272553210,0.000,0.000,0.000,0.003,1.242,1.286,0.116,0.134,2.781,2.026,0.529,2.555,2.958
1780272553285,0.003,0.000,0.000,0.003,0.087,0.109,1.031,1.210,2.443,1.375,0.520,1.895,2.230
1780272553351,0.000,0.000,0.000,0.003,0.003,0.007,1.133,1.319,2.465,1.204,0.512,1.716,1.818
1780272553397,0.003,0.000,0.000,0.007,0.003,0.003,1.374,1.552,2.942,1.424,0.512,1.936,2.012
1780272553442,0.003,0.003,0.000,0.003,0.003,0.003,1.385,1.592,2.992,1.497,0.520,2.017,2.109
1780272553503,0.000,0.000,0.000,0.003,0.003,0.003,1.425,1.592,3.026,1.505,0.512,2.017,2.085
1780272553557,0.000,0.000,0.000,0.003,0.000,0.003,1.479,1.764,3.249,1.636,0.504,2.140,2.206
1780272553619,0.003,0.000,0.000,0.003,0.003,0.003,1.268,1.468,2.748,1.400,0.512,1.912,2.182
1780272553694,0.000,0.000,0.000,0.003,0.000,0.003,1.527,1.727,3.260,1.611,0.504,2.115,2.279
1780272553754,0.000,0.000,0.000,0.003,0.000,0.003,1.315,1.476,2.797,1.400,0.520,1.920,2.206
1780272553849,0.003,0.000,0.003,0.003,0.000,0.003,1.235,1.450,2.697,1.318,0.504,1.822,1.915
1780272553900,0.003,0.000,0.000,0.003,0.000,0.003,1.272,1.439,2.720,1.326,0.545,1.871,1.915
1780272553954,0.000,0.000,0.003,0.003,0.000,0.000,1.235,1.458,2.699,1.318,0.520,1.838,1.939
1780272554011,0.000,0.000,0.000,0.003,0.000,0.003,1.264,1.447,2.717,1.310,0.504,1.814,1.915
1780272554052,0.000,0.000,0.000,0.003,0.000,0.000,1.250,1.450,2.703,1.302,0.504,1.806,1.939
1780272554094,0.003,0.000,0.000,0.003,0.000,0.003,1.363,1.574,2.946,1.424,0.512,1.936,1.939
1780272554154,0.000,0.000,0.000,0.003,0.000,0.003,1.538,1.735,3.279,1.628,0.529,2.157,2.206
1780272554219,0.000,0.000,0.000,0.003,0.000,0.000,1.406,1.603,3.012,1.522,0.512,2.034,2.230
1780272554290,0.000,0.003,0.000,0.003,0.000,0.003,1.363,1.592,2.964,1.481,0.504,1.985,2.109
1780272554366,0.000,0.000,0.000,0.003,0.000,0.000,1.122,1.308,2.433,1.229,0.520,1.749,2.012
1780272554421,0.000,0.000,0.000,0.003,0.000,0.000,1.312,1.534,2.849,1.408,0.520,1.928,2.012
1780272554478,2.132,1.756,1.818,2.008,0.003,0.000,1.111,1.304,10.132,1.229,4.029,5.258,4.073
1780272554554,4.319,4.538,5.919,5.842,0.000,0.000,0.725,0.885,22.228,0.911,16.727,17.638,17.309
1780272554610,0.863,3.357,2.449,6.663,0.000,0.000,0.878,1.067,15.277,0.993,11.436,12.429,13.212
1780272554672,0.247,4.169,0.233,5.361,0.000,0.003,1.166,1.345,12.524,1.277,9.694,10.971,10.061
1780272554741,2.059,3.688,2.252,4.126,0.000,0.003,1.180,1.381,14.689,1.326,9.873,11.199,9.818
1780272554795,3.593,2.901,5.062,3.360,0.003,0.003,1.290,1.545,17.757,1.538,13.838,15.376,13.139
1780272554880,2.832,2.857,4.847,3.145,0.000,0.003,1.425,1.632,16.741,1.701,13.243,14.944,13.576
1780272554933,2.737,2.711,4.064,3.112,0.000,0.000,1.421,1.658,15.703,1.717,12.405,14.122,13.139
1780272554984,2.741,2.318,3.247,2.427,0.003,0.007,4.042,4.643,19.428,7.220,10.655,17.875,16.145
1780272555027,2.726,2.168,2.741,2.278,0.003,0.010,4.603,4.997,19.526,8.612,9.930,18.542,18.715
1780272555069,2.431,2.125,2.566,2.095,0.003,0.007,4.625,5.011,18.863,8.986,9.190,18.176,17.552
1780272555132,0.729,2.587,0.827,2.657,0.000,0.003,2.197,2.507,11.507,3.809,6.568,10.377,15.006
1780272555191,0.087,2.372,0.058,2.259,0.000,0.003,1.829,2.044,8.652,2.450,5.022,7.472,6.933
1780272555259,0.131,1.669,0.094,1.352,0.000,0.000,2.081,2.321,7.648,2.979,3.589,6.568,5.939
1780272555321,2.558,1.622,3.120,0.809,0.003,0.007,4.213,4.465,16.797,7.903,8.253,16.156,15.103
1780272555401,2.219,1.556,3.072,0.849,0.003,0.018,8.168,8.591,24.476,13.137,7.586,20.723,20.048
1780272555466,1.636,1.505,2.380,0.794,0.007,0.018,8.857,9.425,24.622,16.556,6.520,23.076,23.345
1780272555521,1.647,1.858,2.146,1.377,0.003,0.010,5.307,5.850,18.198,11.021,7.089,18.110,19.709
1780272555559,1.596,1.971,2.256,1.268,0.003,0.010,5.030,5.533,17.667,10.297,7.081,17.378,16.655
1780272555606,1.913,0.554,0.554,1.709,0.003,0.010,5.205,5.573,15.521,10.191,5.071,15.262,16.000
1780272555647,1.946,2.755,2.405,1.749,0.003,0.010,5.106,5.456,19.430,10.036,4.778,14.814,14.158
1780272555691,1.640,5.540,5.799,1.210,0.003,0.010,4.625,5.044,23.871,9.344,8.897,18.241,14.012
1780272555745,1.611,4.898,5.471,1.206,0.000,0.010,4.559,4.928,22.683,9.043,9.678,18.721,17.576
1780272555811,1.888,5.121,5.821,1.323,0.003,0.010,4.414,4.727,23.307,8.701,10.777,19.478,18.133
1780272555876,1.786,5.467,5.613,1.519,0.003,0.007,4.177,4.494,23.066,8.815,11.599,20.414,18.424
1780272555955,2.044,5.208,5.321,1.742,0.003,0.010,3.976,4.392,22.696,8.253,12.389,20.642,20.000
1780272556020,2.223,5.143,1.804,0.295,0.003,0.010,4.384,4.683,18.545,8.563,7.977,16.540,16.218
1780272556085,1.786,4.997,0.484,0.098,4.137,3.692,1.057,1.283,17.534,9.019,6.862,15.881,17.818
1780272556153,1.891,4.009,4.144,1.909,1.906,2.055,0.583,0.714,17.211,4.940,9.377,14.317,12.655
1780272556208,2.048,0.809,1.731,3.725,1.727,1.654,0.572,0.725,12.991,4.143,7.041,11.184,11.152
1780272556247,2.143,2.030,1.519,3.980,1.421,1.414,0.765,0.907,14.179,3.776,7.643,11.419,9.721
1780272556310,1.742,4.632,3.874,3.491,1.250,1.199,0.896,1.031,18.115,3.508,11.241,14.749,13.842
1780272556373,0.831,4.111,4.767,3.477,1.275,1.290,1.232,1.388,18.371,4.013,11.794,15.807,14.667
1780272556461,1.651,3.867,3.513,2.919,1.027,1.067,3.561,3.870,21.475,8.563,11.599,20.162,19.297
1780272556512,0.470,3.648,3.258,0.543,1.319,1.374,4.005,4.344,18.961,10.175,7.993,18.168,18.109
1780272556549,2.110,3.404,2.901,2.103,1.596,1.399,3.922,4.301,21.736,10.459,7.439,17.898,16.630
1780272556625,4.060,3.648,2.267,4.516,1.636,1.760,1.020,1.206,20.113,5.404,10.313,15.717,16.024
1780272556692,5.872,2.708,1.745,6.495,1.570,1.698,0.594,0.739,21.421,4.330,14.733,19.063,17.455
1780272556750,4.796,2.883,1.665,5.875,2.095,2.168,0.929,1.137,21.548,5.315,14.481,19.796,18.303
1780272556812,4.578,2.445,1.716,5.059,1.665,1.735,3.207,3.448,23.853,9.100,11.599,20.699,18.400
1780272556871,0.718,0.499,0.200,0.612,1.997,2.245,4.180,4.534,14.985,11.794,2.678,14.472,14.570
1780272556940,0.021,0.018,0.010,0.029,1.702,1.822,4.144,4.658,12.404,11.729,0.854,12.583,12.218
1780272557007,0.003,0.003,0.003,0.007,1.953,2.125,4.024,4.450,12.568,12.201,0.643,12.844,12.873
1780272557074,0.251,0.801,0.831,0.091,2.496,2.657,1.177,1.272,9.576,7.334,0.757,8.091,8.848
1780272557144,3.287,3.273,3.214,3.236,2.128,2.197,0.641,0.780,18.756,5.364,6.137,11.501,10.909
1780272557227,6.181,1.326,5.642,1.432,2.489,2.398,0.710,0.841,21.019,5.844,11.835,17.679,16.824
1780272557277,5.347,0.251,4.873,0.291,2.325,2.420,0.670,0.805,16.982,5.608,10.004,15.612,15.733
1780272557330,4.432,0.021,4.381,0.021,2.168,2.187,1.042,1.195,15.447,5.624,8.603,14.227,13.479
1780272557395,3.542,0.007,3.714,0.010,2.077,2.077,1.264,1.483,14.174,5.730,7.431,13.161,12.364
1780272557453,3.309,0.003,3.645,0.010,0.204,0.255,1.250,1.512,10.188,2.653,7.032,9.685,8.945
1780272557541,2.150,6.094,2.598,4.782,0.003,0.007,0.896,1.064,17.594,1.440,15.026,16.466,14.958
1780272557599,2.806,5.372,3.138,3.426,0.000,0.007,0.940,1.122,16.811,1.416,14.440,15.856,14.933
1780272557655,2.861,4.377,3.036,3.954,0.000,0.000,0.685,0.841,15.754,1.074,14.057,15.131,14.473
1780272557740,0.258,3.823,0.247,3.378,0.000,0.003,0.929,1.129,9.767,1.277,7.724,9.001,8.727
1780272557800,0.051,2.850,0.032,2.883,0.000,0.003,0.958,1.075,7.852,1.245,6.007,7.252,7.127
1780272557875,0.010,1.523,0.007,2.577,0.000,0.000,0.255,0.320,4.692,0.520,4.558,5.078,4.921
1780272557940,0.003,1.151,0.010,2.467,0.000,0.003,0.204,0.225,4.063,0.390,4.167,4.557,3.927
1780272558007,2.580,0.211,0.648,2.001,0.003,0.018,8.099,8.587,22.147,12.201,4.761,16.962,17.333
1780272558093,4.454,0.335,3.440,2.697,3.696,3.604,1.618,1.880,21.724,10.288,10.402,20.690,23.079
1780272558159,4.330,1.002,2.755,2.372,2.004,2.041,3.819,4.056,22.379,11.127,10.402,21.529,20.800
1780272558201,3.670,1.213,2.270,2.748,1.866,1.942,3.874,4.257,21.840,11.379,9.955,21.334,21.358
1780272558258,3.233,1.560,2.114,2.405,1.895,1.935,3.900,4.297,21.339,11.444,9.401,20.845,20.461
1780272558308,2.803,1.629,1.851,2.493,1.909,1.964,3.998,4.333,20.980,11.550,8.921,20.471,19.709
1780272558361,2.416,1.833,1.756,2.070,1.950,2.132,3.914,4.330,20.401,11.868,8.156,20.024,19.079
1780272558412,2.063,1.851,1.618,1.913,2.573,2.730,3.659,4.126,20.533,12.844,7.814,20.658,19.467
1780272558480,2.212,2.081,1.844,2.176,2.398,2.555,0.608,0.801,14.675,6.984,8.408,15.392,13.988
1780272558535,2.248,2.114,1.880,2.205,2.216,2.197,0.156,0.204,13.220,4.802,8.595,13.397,12.218
1780272558623,1.724,1.742,1.472,1.570,3.659,3.116,0.087,0.105,13.475,6.373,6.984,13.357,12.776
1780272558679,1.902,1.833,1.651,1.694,2.711,2.967,0.083,0.094,12.935,5.722,7.203,12.925,12.364
1780272558719,1.669,1.807,1.680,1.596,2.733,2.533,0.069,0.076,12.163,5.266,7.203,12.469,11.491
1780272558774,1.683,1.673,1.567,1.509,2.398,2.365,0.091,0.098,11.384,4.810,6.691,11.501,11.273
1780272558812,1.589,1.738,1.527,1.301,2.340,2.387,0.080,0.098,11.060,4.794,6.593,11.387,10.448
1780272558871,1.796,1.567,1.552,1.399,2.412,2.464,0.087,0.098,11.375,4.900,6.381,11.281,10.885
1780272558932,1.512,1.377,1.239,1.366,2.449,2.467,0.083,0.098,10.591,4.949,5.982,10.931,9.964
1780272559003,0.094,0.109,0.098,0.102,0.204,0.255,1.013,1.148,3.023,1.937,1.351,3.288,2.691
1780272559049,0.018,0.014,0.014,0.014,0.025,0.036,0.408,0.353,0.882,0.895,0.667,1.562,1.794
1780272559092,0.003,0.003,0.003,0.007,0.007,0.007,0.798,0.882,1.710,0.911,0.537,1.448,1.261
1780272559160,0.000,0.003,0.003,0.003,0.000,0.000,0.787,0.940,1.736,0.984,0.496,1.480,1.745
1780272559230,0.000,0.000,0.003,0.003,0.000,0.003,0.156,0.189,0.354,0.651,0.545,1.196,1.236
1780272559279,0.000,0.000,0.003,0.003,0.000,0.000,0.127,0.138,0.271,0.374,0.520,0.894,1.018
1780272559319,0.003,0.000,0.000,0.003,0.000,0.003,0.123,0.138,0.270,0.301,0.520,0.821,0.897
1780272559380,0.000,0.000,0.000,0.003,3.284,0.003,0.455,0.568,4.313,2.905,0.529,3.434,3.273
1780272559435,0.003,0.000,0.000,0.003,3.623,3.612,0.455,0.572,8.268,4.949,0.545,5.494,9.018
1780272559510,0.000,0.000,0.000,0.003,2.668,2.875,0.732,0.871,7.149,4.533,0.561,5.094,9.648
1780272559547,0.000,0.000,0.000,0.003,2.511,2.504,0.834,1.016,6.868,4.363,0.561,4.924,9.261
1780272559587,0.000,0.000,0.000,0.003,2.263,2.332,0.907,1.060,6.565,4.151,0.561,4.712,9.164
1780272559639,0.003,0.000,0.003,0.003,2.238,2.230,0.903,1.086,6.466,4.078,0.561,4.639,9.139
1780272559695,0.000,0.000,0.000,0.003,2.081,2.121,1.155,1.297,6.657,4.167,0.553,4.720,8.921
1780272559749,0.000,0.000,0.003,0.000,2.066,2.044,1.180,1.388,6.681,4.151,0.569,4.720,9.285
1780272559807,0.000,0.000,0.000,0.003,2.070,2.066,1.217,1.363,6.719,4.216,0.561,4.777,9.164
1780272559849,0.000,0.000,0.000,0.003,2.059,2.081,1.184,1.363,6.690,4.175,0.553,4.728,9.188
1780272559913,0.000,0.000,0.000,0.003,2.092,2.128,1.210,1.396,6.829,4.240,0.553,4.793,9.188
1780272559984,0.003,0.000,0.000,0.003,2.063,2.041,1.345,1.512,6.967,4.338,0.569,4.907,9.212
1780272560053,0.000,0.000,0.000,0.000,2.074,2.077,1.359,1.527,7.037,4.395,0.553,4.948,9.309
1780272560114,0.000,0.000,0.000,0.003,2.084,2.121,1.297,1.530,7.035,4.436,0.545,4.981,9.309
1780272560184,0.000,0.000,0.000,0.003,0.251,0.317,4.381,4.749,9.701,8.726,0.577,9.303,10.473
1780272560247,0.007,0.000,0.000,0.003,0.014,0.018,1.683,1.694,3.419,3.093,0.537,3.630,5.842
1780272560303,0.000,0.000,0.000,0.003,0.003,0.003,0.309,0.404,0.722,0.976,0.504,1.480,1.503
1780272560377,0.000,0.000,0.000,0.003,4.118,0.003,0.149,0.160,4.433,3.028,0.529,3.557,3.952
1780272560434,0.000,0.000,0.000,0.003,3.794,3.583,0.849,0.980,9.209,5.413,0.561,5.974,8.242
1780272560493,0.000,0.000,0.000,0.000,2.602,2.697,0.929,1.071,7.299,4.721,0.561,5.282,9.455
1780272560574,0.000,0.000,0.000,0.003,2.325,2.318,1.151,1.345,7.142,4.493,0.561,5.054,9.527
1780272560609,0.000,0.003,0.000,0.003,2.252,2.278,1.355,1.578,7.469,4.631,0.569,5.200,9.576
1780272560649,0.000,0.000,0.000,0.003,2.208,2.187,1.436,1.669,7.503,4.729,0.561,5.290,9.285
1780272560711,0.000,0.000,0.000,0.003,2.325,2.296,1.465,1.658,7.747,4.835,0.569,5.404,9.309
1780272560764,0.000,0.000,0.000,0.003,2.500,2.405,1.501,1.745,8.154,5.144,0.553,5.697,8.315
1780272560813,0.000,0.000,0.000,0.003,2.358,2.609,1.899,2.125,8.994,5.502,0.545,6.047,7.370
1780272560898,0.000,0.000,0.000,0.003,1.869,2.026,4.815,5.296,14.009,11.094,0.569,11.663,10.909
1780272560973,0.000,0.000,0.003,0.000,1.822,1.899,5.004,5.434,14.162,12.242,0.594,12.836,16.000
1780272561027,0.000,0.000,0.000,0.007,1.698,1.705,5.070,5.540,14.020,12.437,0.586,13.023,14.691
1780272561107,0.000,0.003,0.000,0.003,2.004,1.982,1.702,1.902,7.596,5.470,0.553,6.023,6.715
1780272561162,0.000,0.000,0.000,0.003,1.224,1.042,4.920,5.256,12.445,10.020,0.577,10.597,10.958
1780272561199,0.000,0.000,0.000,0.003,1.060,1.137,5.055,5.416,12.671,11.062,0.594,11.656,14.012
1780272561239,0.000,0.000,0.000,0.003,1.148,1.119,4.968,5.339,12.577,11.249,0.602,11.851,15.152
1780272561301,0.000,0.000,0.000,0.003,1.498,1.512,1.315,1.509,5.837,5.046,0.569,5.615,7.515
1780272561356,0.000,0.000,0.000,0.003,1.410,1.377,0.306,0.386,3.482,2.661,0.545,3.206,4.364
1780272561437,0.000,0.000,0.000,0.003,1.170,1.235,1.490,1.745,5.643,3.239,0.529,3.768,4.291
1780272561502,0.000,0.000,0.000,0.003,0.867,0.914,4.990,5.314,12.088,9.361,0.569,9.930,4.582
1780272561575,0.000,0.003,0.000,0.003,0.076,0.091,5.445,5.795,11.413,10.630,0.569,11.199,11.976
1780272561644,0.000,0.000,0.000,0.003,0.007,0.014,5.387,5.715,11.126,10.394,0.553,10.947,11.176
1780272561720,3.579,3.754,4.359,4.388,0.003,0.000,0.586,0.747,17.416,2.140,9.222,11.362,9.285
1780272561789,2.365,4.395,6.626,6.196,0.000,0.003,0.072,0.091,19.748,0.439,18.241,18.680,16.097
1780272561847,2.442,3.896,6.017,5.620,0.000,0.000,0.058,0.069,18.102,0.252,16.573,16.825,16.509
1780272561902,2.238,3.929,5.748,4.782,0.000,0.003,0.098,0.105,16.903,0.252,16.157,16.409,14.739
1780272561957,2.540,3.101,4.979,4.454,0.003,0.000,0.102,0.116,15.295,0.236,14.562,14.798,13.721
1780272562028,3.262,0.845,4.578,1.202,0.000,0.000,1.013,1.173,12.073,1.025,9.173,10.198,9.309
1780272562102,3.189,0.032,2.788,0.040,0.003,0.010,4.421,4.676,15.159,6.910,6.275,13.185,10.885
1780272562160,2.394,0.007,1.694,0.007,0.003,0.010,4.946,5.369,14.430,9.361,4.460,13.821,14.158
1780272562195,2.099,0.003,1.523,0.010,0.003,0.010,4.917,5.372,13.937,9.613,4.192,13.805,13.333
1780272562245,2.591,0.003,1.570,0.007,0.000,0.000,1.884,2.296,8.351,3.606,4.599,8.205,11.394
1780272562313,2.675,0.003,1.439,0.007,0.000,0.000,1.035,1.221,6.380,1.562,4.533,6.095,5.236
1780272562370,3.069,0.003,1.330,0.007,0.000,0.003,1.195,1.377,6.984,1.766,4.493,6.259,5.697
1780272562432,2.493,2.183,0.987,4.804,0.000,0.000,1.417,1.592,13.476,2.083,7.635,9.718,8.388
1780272562511,2.405,3.185,0.594,6.014,0.000,0.010,3.980,4.461,20.649,7.342,11.737,19.079,18.933
1780272562568,3.207,2.730,1.811,5.132,0.000,0.000,0.736,0.568,14.184,2.205,12.543,14.748,17.552
1780272562647,2.369,2.219,1.570,3.528,0.003,0.018,7.464,8.543,25.714,13.154,9.336,22.490,17.624
1780272562711,3.214,2.617,2.052,3.725,0.000,0.000,0.590,0.696,12.894,2.881,11.151,14.032,14.473
1780272562785,2.996,0.174,2.671,0.277,0.000,0.003,1.501,1.738,9.360,1.839,6.528,8.367,7.273
1780272562845,2.216,0.014,1.490,0.029,0.003,0.010,4.647,4.924,13.333,8.123,4.232,12.355,9.648
1780272562912,1.290,0.007,0.597,0.007,3.867,3.309,4.527,4.884,18.488,14.717,2.515,17.232,19.345
1780272562972,1.552,0.182,0.437,0.852,2.037,2.110,4.658,5.048,16.876,13.015,2.971,15.986,16.655
1780272563043,1.840,3.036,0.211,4.924,1.290,1.301,4.162,4.534,21.298,10.899,9.206,20.105,19.176
1780272563109,2.748,2.864,0.838,4.636,1.614,1.622,0.783,0.947,16.052,5.665,11.021,16.686,18.448
1780272563190,2.431,2.547,1.716,3.896,1.406,1.487,0.127,0.156,13.766,3.256,10.541,13.797,13.067
1780272563244,2.759,2.369,1.709,3.218,1.392,1.392,0.112,0.123,13.074,2.987,9.930,12.917,12.679
1780272563296,0.867,1.578,2.299,0.772,1.574,1.600,0.134,0.149,8.973,3.190,5.836,9.026,8.218
1780272563349,4.246,2.668,1.997,3.112,1.217,1.315,0.426,0.564,15.545,3.019,7.627,10.646,9.794
1780272563420,2.792,2.883,1.651,1.702,1.341,1.297,0.801,0.987,13.454,3.426,8.945,12.371,11.055
1780272563486,4.202,5.708,1.917,2.584,1.232,1.272,0.692,0.841,18.448,3.353,13.553,16.906,16.170
1780272563535,2.143,5.784,2.722,3.677,1.512,1.414,0.885,1.038,19.175,3.882,13.805,17.687,16.073
1780272563590,2.456,5.128,2.547,2.212,1.760,1.290,3.575,3.819,22.787,8.766,12.844,21.610,16.073
1780272563657,1.330,2.190,0.546,0.233,1.760,2.219,4.461,4.887,17.626,12.315,3.508,15.823,16.776
1780272563727,0.069,0.189,0.036,0.010,1.742,1.691,4.683,5.059,13.479,12.446,0.976,13.422,13.552
1780272563792,0.007,0.010,0.003,0.003,2.321,2.201,1.479,1.560,7.584,6.951,0.626,7.577,6.861
1780272563865,3.459,5.463,3.860,6.017,1.720,1.767,0.185,0.225,22.696,4.118,16.043,20.161,17.745
1780272563947,3.521,4.231,2.832,3.557,1.986,2.179,0.123,0.138,18.567,4.167,12.486,16.653,16.509
1780272564015,0.415,0.586,0.193,0.342,2.030,1.920,0.922,1.067,7.475,4.656,2.360,7.016,8.315
1780272564075,1.574,0.058,1.279,0.083,1.687,1.858,1.352,1.552,9.443,4.997,1.041,6.038,5.867
1780272564132,4.829,2.580,5.893,3.615,1.129,1.159,0.874,1.006,21.085,3.695,15.213,18.908,17.818
1780272564210,2.030,1.964,7.151,5.846,2.059,1.950,0.790,0.944,22.734,4.802,16.988,21.790,21.091
1780272564287,3.860,2.132,4.742,6.841,2.172,2.219,0.984,1.173,24.123,5.567,16.670,22.237,21.794
1780272564347,3.367,0.903,2.059,7.290,2.518,2.810,1.191,1.396,21.534,6.577,12.478,19.055,18.570
1780272564419,4.027,0.641,0.284,5.423,2.267,2.212,3.688,3.969,22.511,10.964,9.890,20.854,17.867
1780272564497,4.173,2.092,1.075,5.143,2.176,2.216,3.703,4.111,24.689,11.656,11.054,22.710,21.624
1780272564560,4.370,4.129,3.856,4.625,2.431,2.536,0.780,1.020,23.747,7.146,16.532,23.678,22.303
1780272564611,4.687,4.231,4.414,4.286,2.507,2.496,0.174,0.215,23.010,5.502,16.581,22.083,20.630
1780272564668,4.228,3.776,4.337,4.217,2.256,2.227,0.098,0.109,21.248,4.753,15.596,20.349,18.812
1780272564748,4.727,4.567,2.467,4.020,2.252,2.238,0.120,0.131,20.522,4.647,15.164,19.811,16.170
1780272564842,1.953,0.167,3.021,5.901,2.332,2.303,0.142,0.153,15.972,4.680,9.116,13.796,12.606
1780272564899,0.466,0.466,3.444,4.169,2.052,2.125,0.933,1.140,14.795,5.014,7.008,12.022,12.024
1780272564971,3.794,0.174,3.367,0.277,1.891,1.899,0.838,0.969,13.209,4.721,7.358,12.079,11.612
1780272565062,3.685,0.010,2.799,0.014,1.946,1.982,1.002,1.140,12.578,4.957,6.642,11.599,11.273
1780272565119,2.464,5.201,2.234,4.825,1.578,1.567,0.809,0.929,19.607,4.249,14.415,18.664,14.642
1780272565185,2.916,5.350,2.354,4.024,1.811,1.837,0.809,0.954,20.055,4.525,14.489,19.014,18.085
1780272565267,2.967,4.297,2.792,4.045,0.065,0.094,0.929,1.082,16.271,1.562,13.838,15.400,15.006
1780272565341,2.912,3.648,2.952,3.141,0.003,0.007,0.900,1.042,14.605,1.180,12.429,13.609,12.533
1780272565393,2.730,3.131,2.635,2.711,0.000,0.003,1.078,1.232,13.520,1.286,11.176,12.462,11.588
1780272565445,2.679,2.803,2.598,2.485,0.000,0.003,1.093,1.272,12.933,1.318,10.647,11.965,10.715
1780272565512,2.340,2.609,2.394,2.358,0.003,0.003,0.244,0.262,10.213,0.520,9.808,10.328,9.527
1780272565585,1.888,1.873,1.782,1.665,0.003,0.010,4.315,4.647,16.183,7.179,7.602,14.781,14.255
1780272565635,1.683,1.647,1.552,1.545,0.003,0.010,4.676,5.070,16.186,8.897,6.862,15.759,15.297
1780272565675,1.971,1.917,1.789,1.844,0.000,0.003,1.705,2.165,11.394,4.566,7.781,12.347,12.873
1780272565721,2.088,1.873,1.698,1.946,0.000,0.000,0.699,0.838,9.142,1.546,7.708,9.254,8.364
1780272565791,2.001,1.953,1.815,1.694,0.000,0.000,0.178,0.211,7.852,0.862,7.570,8.432,7.830
1780272565870,0.102,0.112,0.061,0.058,0.000,0.003,0.156,0.171,0.663,0.504,1.172,1.676,1.261
1780272565922,0.010,0.007,0.007,0.007,0.000,0.003,0.980,1.148,2.162,1.009,0.634,1.643,1.503
1780272565979,0.000,0.003,0.003,0.003,0.000,0.003,1.465,1.702,3.179,1.611,0.520,2.131,2.158
1780272566044,0.003,0.003,0.000,0.003,0.000,0.003,1.793,1.997,3.802,2.035,0.520,2.555,2.836
1780272566095,0.000,0.000,0.003,0.003,0.003,0.010,4.632,5.135,9.786,7.692,0.537,8.229,5.842
1780272566169,0.000,0.000,0.000,0.003,3.615,0.003,1.698,2.106,7.425,6.267,0.529,6.796,8.533
1780272566227,0.000,0.000,0.000,0.000,3.451,3.513,0.936,1.133,9.033,5.657,0.553,6.210,10.061
1780272566311,0.000,0.000,0.000,0.003,2.321,2.227,0.233,0.273,5.057,3.492,0.569,4.061,8.218
1780272566385,0.000,0.003,0.000,0.003,1.848,1.818,0.185,0.233,4.090,2.897,0.553,3.450,6.642
1780272566440,0.003,0.003,0.000,0.003,1.574,1.899,1.366,1.658,6.506,3.866,0.537,4.403,5.576
1780272566481,0.000,0.000,0.000,0.003,1.334,1.188,4.155,4.931,11.611,8.970,0.537,9.507,5.552
1780272566529,0.003,0.000,0.000,0.003,1.104,1.064,5.077,5.471,12.722,10.932,0.586,11.518,13.042
1780272566587,0.000,0.000,0.000,0.003,1.180,1.177,4.855,5.299,12.514,11.168,0.586,11.754,15.030
1780272566620,0.000,0.000,0.000,0.003,1.199,1.166,4.789,5.215,12.372,11.176,0.577,11.753,15.176
1780272566682,0.000,0.000,0.000,0.003,1.250,1.257,4.847,5.281,12.638,11.216,0.569,11.785,14.473
1780272566762,0.000,0.000,0.003,0.007,1.552,1.519,1.833,2.161,7.075,5.649,0.545,6.194,7.248
1780272566834,0.000,0.000,0.003,0.003,0.965,1.006,4.636,5.208,11.821,9.743,0.553,10.296,5.794
1780272566905,0.000,0.000,0.000,0.003,1.173,1.195,5.026,5.365,12.762,11.282,0.561,11.843,12.388
1780272566943,0.003,0.000,0.000,0.003,1.403,1.436,2.150,2.496,7.491,6.870,0.553,7.423,9.285
1780272566986,0.000,0.000,0.000,0.003,1.447,1.450,1.067,1.261,5.228,4.135,0.529,4.664,4.873
1780272567046,0.000,0.000,0.000,0.003,1.345,1.304,0.758,0.918,4.328,2.889,0.537,3.426,3.588
1780272567100,0.003,0.000,0.000,0.003,1.239,1.235,0.882,1.031,4.393,2.759,0.520,3.279,3.661
1780272567178,2.854,2.690,2.824,2.905,0.083,0.105,0.692,0.849,13.002,1.229,4.680,5.909,5.842
1780272567241,5.259,4.782,5.996,5.832,0.003,0.010,0.331,0.451,22.664,0.594,18.591,19.185,14.909
1780272567318,2.821,2.391,6.116,6.145,0.000,0.000,0.371,0.488,18.332,0.520,17.191,17.711,15.952
1780272567376,1.410,3.287,5.044,1.997,0.003,0.010,3.710,4.053,19.514,5.714,10.866,16.580,14.958
1780272567435,2.660,4.545,4.654,2.690,0.000,0.003,1.436,1.669,17.657,2.897,11.005,13.902,13.406
1780272567487,3.608,4.603,2.657,3.291,0.000,0.003,0.801,0.958,15.921,1.326,9.637,10.963,11.030
1780272567542,4.898,4.366,1.414,1.680,0.003,0.000,0.743,0.918,14.022,0.944,8.302,9.246,8.388
1780272567601,2.540,3.674,3.156,1.596,0.000,0.003,0.991,1.173,13.133,1.115,7.920,9.035,8.242
1780272567641,1.100,3.568,3.768,0.506,0.000,0.003,1.286,1.545,11.776,1.473,7.806,9.279,8.388
1780272567717,4.432,2.197,3.608,4.807,0.000,0.000,0.951,1.173,17.168,1.237,12.934,14.171,12.897
1780272567787,4.877,1.501,3.364,5.062,0.000,0.000,0.995,1.217,17.016,1.221,14.424,15.645,13.842
1780272567849,4.213,2.394,3.262,4.195,0.000,0.003,1.315,1.607,16.989,1.693,13.308,15.001,14.206
1780272567924,3.236,1.939,2.719,3.200,0.003,0.010,4.209,4.570,19.886,7.366,11.111,18.477,17.915
1780272567980,2.843,2.314,2.456,2.555,0.000,0.007,4.199,4.705,19.079,8.856,10.036,18.892,17.964
1780272568040,3.167,0.400,2.697,0.331,0.000,0.000,1.753,1.935,10.283,3.711,6.894,10.605,13.818
1780272568105,2.839,0.018,2.274,0.029,0.000,0.003,1.217,1.465,7.845,1.839,5.380,7.219,6.788
1780272568164,1.993,0.072,1.447,0.116,0.000,0.003,0.280,0.342,4.253,0.675,3.988,4.663,5.406
1780272568263,2.420,2.628,0.973,4.053,0.000,0.000,0.954,1.133,12.161,1.074,8.962,10.036,9.042
1780272568349,0.255,2.719,1.137,0.783,4.100,3.480,1.064,1.213,14.751,7.374,5.054,12.428,14.642
1780272568445,0.513,0.131,1.625,2.445,1.789,1.724,0.178,0.211,8.616,3.947,3.109,7.056,7.055
1780272568511,0.510,0.083,1.093,1.589,1.454,1.505,0.164,0.185,6.583,3.174,2.376,5.550,5.503
1780272568575,1.261,0.076,0.688,1.126,1.330,1.363,1.293,1.450,8.587,3.931,2.385,6.316,6.036
1780272568629,2.482,5.456,0.342,4.829,0.907,0.929,1.166,1.334,17.445,3.361,12.210,15.571,9.261
1780272568683,2.668,7.071,0.156,3.732,1.217,1.202,1.359,1.545,18.950,4.004,12.958,16.962,16.000
1780272568764,0.320,2.956,0.007,0.309,1.275,1.250,4.552,4.938,15.607,10.231,3.076,13.307,12.776
1780272568824,0.040,0.634,0.000,0.025,1.567,1.392,4.676,5.124,13.458,11.908,1.041,12.949,13.479
1780272568907,3.244,3.685,0.218,5.700,1.669,1.618,1.359,1.691,19.184,6.235,10.004,16.239,14.836
1780272568985,5.259,3.911,2.208,3.087,1.826,1.786,0.233,0.291,18.601,4.078,12.356,16.434,15.588
1780272569067,0.320,2.748,0.466,6.065,2.117,2.208,0.929,1.100,15.953,5.152,8.880,14.032,14.400
1780272569122,0.171,4.363,1.057,5.099,1.909,1.979,1.188,1.396,17.162,5.160,8.514,13.674,13.721
1780272569177,0.098,4.720,0.364,4.333,1.786,1.625,0.962,1.133,15.021,4.420,8.734,13.154,12.339
1780272569242,0.018,5.868,0.021,3.721,2.187,1.713,0.273,0.287,14.088,4.395,9.165,13.560,12.412
1780272569323,0.524,2.369,1.523,2.795,6.138,6.575,0.794,0.958,21.676,12.275,5.437,17.712,15.273
1780272569386,1.735,0.947,2.001,1.487,5.132,4.982,1.191,1.414,18.889,11.322,3.614,14.936,15.758
1780272569470,1.253,0.393,0.641,0.120,7.592,7.756,0.805,0.991,19.551,15.010,2.238,17.248,16.655
1780272569551,0.703,0.174,0.102,0.331,5.154,5.919,1.133,1.315,14.831,11.379,3.207,14.586,13.600
1780272569631,3.637,3.134,0.211,1.866,2.569,2.799,1.286,1.490,16.992,6.853,5.966,12.819,14.206
1780272569695,3.860,3.313,0.087,2.055,1.753,1.713,1.786,2.012,16.579,5.803,6.699,12.502,11.709
1780272569752,3.298,3.367,4.457,5.897,1.257,1.341,1.417,1.589,22.623,4.599,13.113,17.712,15.539
1780272569829,1.049,4.293,6.014,6.003,1.359,1.370,1.206,1.406,22.700,4.297,15.474,19.771,18.400
1780272569879,2.259,5.252,5.912,4.556,1.279,1.359,1.253,1.454,23.324,4.289,17.639,21.928,19.612
1780272569917,3.564,5.081,5.868,3.747,1.410,1.385,1.232,1.388,23.675,4.338,18.038,22.376,20.364
1780272569992,2.496,4.406,4.443,2.063,1.731,1.764,1.698,1.939,20.540,5.502,9.108,14.610,13.576
1780272570074,0.149,0.324,0.182,0.094,1.731,1.705,2.077,2.365,8.627,6.039,1.489,7.528,7.103
1780272570146,0.003,0.010,0.010,0.007,1.683,1.570,2.372,2.613,8.268,6.243,0.675,6.918,6.764
1780272570204,1.184,1.104,1.137,1.235,1.476,1.618,2.299,2.580,12.633,6.137,1.505,7.642,7.564
1780272570263,0.222,0.284,0.127,0.167,1.694,1.658,2.037,2.361,8.550,5.958,0.732,6.690,6.933
1780272570350,0.145,0.153,0.112,0.160,1.858,1.735,1.873,2.139,8.175,5.958,0.643,6.601,6.521
1780272570403,2.525,3.583,3.765,3.870,1.713,1.534,1.140,1.337,19.467,4.900,9.938,14.838,12.364
1780272570458,0.871,3.193,3.579,6.353,1.771,1.953,1.337,1.509,20.566,5.291,10.850,16.141,15.200
1780272570537,0.295,5.175,0.517,5.463,1.778,1.902,1.133,1.366,17.629,5.054,10.638,15.692,14.812
1780272570617,0.244,5.449,1.148,4.818,1.902,1.979,0.430,0.586,16.556,4.493,10.077,14.570,13.770
1780272570703,3.065,4.060,6.232,4.304,2.230,2.168,1.151,1.315,24.525,5.706,14.611,20.317,19.467
1780272570755,2.278,1.789,3.378,4.734,2.580,2.525,0.503,0.648,18.435,5.746,9.784,15.530,16.412
1780272570819,2.084,1.895,0.754,3.936,2.762,2.726,1.370,1.618,17.145,6.927,6.788,13.715,12.679
1780272570904,2.864,1.425,5.161,0.867,3.094,3.149,1.188,1.370,19.118,7.529,7.912,15.441,14.691
1780272570964,4.111,0.422,4.519,0.295,2.864,2.781,1.210,1.385,17.587,7.032,8.221,15.253,14.788
1780272571055,3.659,0.211,3.710,0.123,2.606,3.178,0.495,0.608,14.590,6.235,7.334,13.569,13.139
1780272571137,3.149,0.018,3.163,0.018,2.369,2.485,1.268,1.461,13.931,6.235,6.552,12.787,12.097
1780272571220,2.741,0.732,3.134,0.244,2.394,2.318,0.608,0.754,12.925,5.429,6.153,11.582,11.006
1780272571279,1.888,4.844,2.536,3.484,1.877,1.928,1.202,1.410,19.169,5.413,12.323,17.736,16.388
1780272571347,2.114,5.452,2.770,3.841,2.077,2.172,1.293,1.483,21.202,5.763,13.675,19.438,18.521
1780272571426,2.821,4.133,2.821,3.568,0.247,0.317,1.632,1.862,17.401,3.329,13.032,16.361,14.933
1780272571469,2.751,3.717,3.018,3.065,0.032,0.051,1.512,1.793,15.939,2.393,12.242,14.635,14.158
1780272571525,2.792,2.711,2.952,2.077,0.007,0.007,1.611,1.848,14.005,2.222,9.849,12.071,11.976
1780272571595,2.748,0.335,2.919,0.156,0.003,0.007,1.622,1.909,9.699,2.173,6.349,8.522,7.782
1780272571669,2.238,0.014,2.354,0.010,0.003,0.003,0.572,0.641,5.835,0.993,4.940,5.933,6.109
1780272571750,1.323,3.637,2.019,2.784,0.003,0.000,0.513,0.652,10.931,0.732,9.507,10.239,9.164
1780272571791,1.629,3.488,2.289,2.445,0.000,0.000,0.543,0.688,11.082,0.748,9.873,10.621,9.479
1780272571837,1.778,2.916,2.216,2.252,0.000,0.003,1.618,1.855,12.638,1.847,8.888,10.735,9.527
1780272571898,1.705,2.573,1.968,1.906,0.000,0.003,1.680,1.986,11.821,2.254,8.538,10.792,9.721
1780272571989,1.735,2.022,1.844,1.589,0.000,0.003,1.625,1.891,10.709,2.148,7.366,9.514,9.018
1780272572061,0.572,0.681,0.663,0.422,0.000,0.003,0.878,1.035,4.254,1.196,2.515,3.711,3.855
1780272572138,0.032,0.036,0.040,0.021,0.003,0.010,4.811,5.128,10.081,8.644,0.708,9.352,8.848
1780272572195,0.003,0.003,0.003,0.003,0.003,0.010,4.931,5.445,10.401,9.662,0.586,10.248,10.885
1780272572271,0.000,0.000,0.000,0.003,0.000,0.007,2.584,3.021,5.615,4.631,0.537,5.168,6.206
1780272572328,0.000,0.000,0.000,0.003,0.007,0.021,8.817,9.360,18.208,15.588,0.577,16.165,10.861
1780272572371,0.000,0.000,0.000,0.000,0.003,0.021,9.400,10.067,19.491,17.598,0.634,18.232,19.055
1780272572419,0.003,0.000,0.003,0.003,2.423,0.021,8.955,9.549,20.957,19.316,0.602,19.918,19.661
1780272572479,0.000,0.003,0.003,0.000,3.502,0.014,5.503,5.835,14.860,13.536,0.594,14.130,16.655
1780272572531,0.003,0.000,0.000,0.003,3.072,3.069,4.818,5.347,16.312,13.504,0.610,14.114,19.030
1780272572568,0.003,0.000,0.000,0.003,2.063,2.157,4.851,5.383,14.460,12.617,0.594,13.211,17.818
1780272572621,0.000,0.000,0.000,0.003,2.088,2.019,4.968,5.383,14.461,12.535,0.626,13.161,16.533
1780272572655,0.000,0.000,0.000,0.003,1.786,1.979,5.030,5.522,14.320,12.527,0.594,13.121,14.933
1780272572697,0.003,0.003,0.000,0.003,1.735,1.913,5.245,5.704,14.606,12.844,0.586,13.430,14.303
1780272572748,0.000,0.000,0.000,0.003,2.274,1.749,5.226,5.624,14.876,12.934,0.577,13.511,13.964
1780272572789,0.000,0.000,0.000,0.003,1.716,1.931,5.143,5.500,14.293,12.437,0.577,13.014,13.988
1780272572825,0.000,0.000,0.000,0.003,1.753,1.807,4.960,5.350,13.873,12.250,0.594,12.844,14.206
1780272572886,0.000,0.000,0.000,0.003,2.398,2.347,1.680,1.968,8.396,6.829,0.586,7.415,10.861
1780272572953,0.000,0.000,0.003,0.000,1.953,1.997,1.261,1.417,6.631,4.444,0.537,4.981,7.588
1780272573013,0.000,0.000,0.000,0.003,1.756,1.888,1.334,1.603,6.584,4.110,0.537,4.647,6.182
1780272573074,0.000,0.000,0.000,0.003,1.749,1.658,1.530,1.724,6.664,4.070,0.537,4.607,5.430
1780272573147,0.000,0.000,0.000,0.003,0.929,0.991,4.887,5.059,11.869,9.898,0.569,10.467,10.133
1780272573182,0.000,0.000,0.000,0.003,0.969,1.071,5.059,5.452,12.554,10.883,0.577,11.460,14.812
1780272573229,0.000,0.000,0.003,0.003,1.195,1.177,5.041,5.423,12.842,11.330,0.586,11.916,14.570
1780272573284,0.000,0.000,0.000,0.003,1.210,1.217,5.219,5.693,13.342,11.843,0.586,12.429,13.624
1780272573324,0.003,0.000,0.000,0.003,1.195,1.235,5.219,5.686,13.341,11.908,0.586,12.494,13.164
1780272573362,0.003,0.000,0.000,0.003,1.253,1.217,5.219,5.565,13.260,11.851,0.586,12.437,13.018
1780272573414,0.003,0.000,0.000,0.003,1.177,1.213,5.030,5.474,12.900,11.615,0.569,12.184,12.655
1780272573481,0.000,0.000,0.000,0.003,1.574,1.530,1.702,2.048,6.857,5.893,0.553,6.446,8.388
1780272573537,0.003,0.000,0.000,0.003,1.406,1.421,0.313,0.375,3.521,2.816,0.586,3.402,3.782
1780272573591,0.003,0.000,0.000,0.003,1.261,1.264,0.134,0.149,2.814,2.197,0.537,2.734,3.006
1780272573661,0.000,0.003,0.000,0.000,1.195,1.250,0.134,0.145,2.727,2.026,0.520,2.546,2.958
1780272573700,0.000,0.000,0.000,0.003,1.217,1.253,0.572,0.780,3.825,2.368,0.529,2.897,3.248
1780272573747,0.000,0.000,0.000,0.003,1.210,1.191,0.998,1.151,4.553,2.702,0.520,3.222,3.418
1780272573808,0.000,0.000,0.000,0.003,1.246,1.242,0.838,0.991,4.320,2.645,0.512,3.157,3.564
1780272573875,0.003,0.000,0.000,0.003,1.177,1.191,1.180,1.385,4.939,2.938,0.529,3.467,3.855
1780272573951,0.000,0.000,0.000,0.003,0.098,0.123,1.530,1.775,3.529,2.059,0.496,2.555,3.055
1780272574009,0.000,0.000,0.000,0.003,0.007,0.010,1.643,1.924,3.587,1.961,0.496,2.457,2.473
1780272574062,0.000,0.000,0.000,0.003,0.003,0.007,1.458,1.654,3.125,1.693,0.512,2.205,2.327
1780272574125,0.000,0.000,0.000,0.003,0.003,0.003,1.694,1.931,3.634,1.904,0.529,2.433,2.545
1780272574190,0.000,0.000,0.000,0.003,0.000,0.003,1.202,1.399,2.607,1.432,0.520,1.952,2.206
1780272574228,0.000,0.003,0.000,0.003,0.000,0.003,1.355,1.545,2.909,1.505,0.529,2.034,1.842
1780272574280,0.000,0.000,0.000,0.003,0.003,0.003,1.129,1.355,2.493,1.302,0.512,1.814,2.036
1780272574339,0.000,0.000,0.000,0.003,0.000,0.003,1.388,1.570,2.964,1.481,0.520,2.001,1.964
1780272574403,0.000,0.000,0.000,0.003,0.000,0.003,1.304,1.472,2.782,1.408,0.529,1.937,2.061
1780272574490,2.748,3.185,3.291,3.451,0.003,0.003,1.290,1.509,15.480,1.457,6.210,7.667,7.321
1780272574559,3.200,5.325,6.291,5.751,0.000,0.003,0.809,0.965,22.344,1.058,18.070,19.128,17.309
1780272574598,2.474,4.341,6.236,5.671,0.000,0.003,0.703,0.893,20.321,0.944,16.874,17.818,17.358
1780272574643,1.647,3.579,6.243,5.237,0.000,0.003,0.903,1.104,18.716,1.082,16.223,17.305,15.152
1780272574700,2.591,3.674,5.234,4.374,0.000,0.000,0.951,1.188,18.012,1.172,15.189,16.361,15.224
1780272574741,2.303,3.397,4.971,4.115,0.000,0.000,1.199,1.458,17.443,1.432,14.122,15.554,14.109
1780272574802,2.292,3.094,4.432,3.637,0.000,0.003,1.242,1.509,16.209,1.554,13.447,15.001,13.406
1780272574880,3.134,2.762,3.550,3.127,0.000,0.000,1.297,1.581,15.451,1.619,12.120,13.739,12.945
1780272574951,3.101,2.547,2.963,2.875,0.000,0.007,1.334,1.607,14.434,1.660,11.119,12.779,11.976
1780272575051,2.664,2.263,2.460,2.431,0.000,0.003,1.421,1.665,12.907,1.717,9.678,11.395,10.812
1780272575117,0.841,2.402,2.617,0.973,0.000,0.003,1.673,1.946,10.455,1.994,6.634,8.628,8.194
1780272575182,0.171,1.902,1.735,0.149,0.003,0.010,4.760,5.121,13.851,8.180,4.330,12.510,12.364
1780272575249,0.054,2.088,2.103,0.076,0.000,0.003,1.869,2.230,8.423,3.207,4.525,7.732,9.188
1780272575310,0.047,2.212,2.208,0.069,0.000,0.000,1.523,1.767,7.826,2.026,4.680,6.706,6.085
1780272575371,0.061,1.811,1.826,0.083,0.003,0.003,1.942,2.303,8.032,2.490,4.004,6.494,5.915
1780272575428,0.663,1.334,1.352,0.528,3.834,3.451,3.645,4.016,18.823,12.478,4.118,16.596,12.558
1780272575486,1.720,0.980,0.987,1.673,2.077,2.227,4.158,4.618,18.440,12.380,5.527,17.907,18.376
1780272575565,2.405,0.138,1.662,0.200,1.753,1.749,1.997,2.299,12.203,7.252,4.574,11.826,14.885
1780272575638,1.899,0.010,1.232,0.014,1.472,1.516,1.807,2.092,10.042,5.396,3.492,8.888,8.679
1780272575694,1.406,0.043,0.747,0.080,1.483,1.468,1.505,1.760,8.492,4.884,2.718,7.602,7.709
1780272575757,1.786,1.673,0.277,2.248,1.206,1.261,1.902,2.190,12.543,4.949,5.461,10.410,8.873
1780272575851,2.154,0.426,0.047,4.490,1.297,1.326,1.851,2.150,13.741,5.071,6.975,12.046,11.394
1780272575915,2.551,2.376,4.694,3.787,1.662,1.374,1.724,2.070,20.238,5.437,7.252,12.689,11.733
1780272575980,2.719,4.286,4.698,1.257,1.487,1.516,3.663,4.158,23.784,9.613,7.822,17.435,17.212
1780272576049,2.762,6.192,4.199,0.284,1.888,2.132,1.935,2.095,21.487,7.537,9.344,16.881,16.145
1780272576127,2.325,6.079,7.366,2.329,1.815,1.632,1.126,1.308,23.980,5.225,17.224,22.449,20.291
1780272576181,2.642,5.503,6.531,2.609,2.427,2.103,1.144,1.304,24.263,6.023,16.670,22.693,20.703
1780272576240,1.315,5.022,6.335,1.563,2.941,3.076,1.126,1.348,22.726,7.220,13.235,20.455,20.364
1780272576301,0.462,4.676,5.558,1.206,2.864,2.675,1.283,1.490,20.214,7.057,10.777,17.834,16.703
1780272576369,1.067,3.743,5.318,0.200,2.245,2.482,1.326,1.516,17.897,6.406,9.247,15.653,14.788
1780272576434,2.263,2.755,4.042,0.225,2.066,2.343,1.341,1.581,16.616,6.577,7.553,14.130,12.485
1780272576492,2.799,0.557,3.805,0.991,2.609,2.642,1.323,1.494,16.220,7.041,6.267,13.308,12.776
1780272576558,2.602,0.109,3.342,1.235,2.606,2.719,1.341,1.523,15.477,6.878,5.494,12.372,12.073
1780272576641,1.596,0.302,3.061,1.334,2.584,2.679,0.513,0.619,12.688,5.860,4.875,10.735,10.521
1780272576703,1.250,0.626,3.244,1.468,0.331,0.262,0.761,0.911,8.853,2.214,4.875,7.089,6.594
1780272576756,1.341,0.743,3.127,1.359,0.014,0.025,0.805,0.973,8.387,1.334,4.859,6.193,5.430
1780272576815,1.162,0.732,3.167,1.392,0.003,0.003,0.725,0.882,8.066,1.009,4.745,5.754,5.673
1780272576873,0.922,0.903,2.883,1.315,0.000,0.003,1.654,1.866,9.546,1.953,4.395,6.348,6.061
1780272576944,0.488,1.119,2.547,1.210,4.425,3.809,0.346,0.437,14.381,7.773,3.882,11.655,13.842
1780272576996,0.229,5.190,2.511,1.855,2.478,2.507,0.368,0.462,15.600,5.641,8.449,14.090,12.097
1780272577045,0.233,5.893,2.704,2.693,2.139,2.139,0.236,0.302,16.339,4.664,10.109,14.773,14.352
1780272577112,0.980,4.840,3.269,2.376,2.015,2.019,0.291,0.390,16.180,4.314,10.329,14.643,14.764
1780272577208,2.187,3.630,2.843,2.653,2.310,2.412,0.324,0.433,16.792,4.997,10.720,15.717,14.570
1780272577271,2.529,2.875,2.558,2.715,2.227,2.241,1.122,1.264,17.531,5.600,10.443,16.043,15.176
1780272577324,2.602,2.690,2.383,2.383,2.434,3.528,0.415,0.550,16.985,6.373,9.971,16.344,14.739
1780272577390,2.234,2.453,2.157,2.402,3.404,2.777,0.291,0.400,16.118,6.259,9.157,15.416,15.079
1780272577464,2.084,2.383,2.219,2.117,2.387,2.230,0.171,0.200,13.791,4.786,8.864,13.650,12.655
1780272577526,2.230,2.121,2.008,2.001,2.081,2.103,0.160,0.185,12.889,4.379,8.408,12.787,12.145
1780272577581,2.117,2.063,1.822,1.884,3.058,3.575,0.127,0.149,14.795,6.544,7.846,14.390,11.927
1780272577648,1.396,1.487,1.403,1.264,2.569,2.792,3.973,4.326,19.210,12.348,5.852,18.200,18.036
1780272577725,1.432,1.366,1.326,1.180,2.522,2.504,4.071,4.599,19.000,13.243,5.665,18.908,18.109
1780272577789,1.129,0.251,0.233,0.900,2.001,2.033,8.234,9.025,23.806,19.544,3.044,22.588,21.770
1780272577847,0.721,4.858,5.164,0.674,2.081,2.099,8.430,8.893,32.920,20.056,6.161,26.217,25.018
1780272577934,1.119,2.332,4.938,1.170,3.193,3.003,0.721,0.834,17.310,9.019,6.829,15.848,15.176
1780272578000,1.691,5.503,5.846,1.611,0.291,0.408,3.987,4.661,23.998,8.587,10.940,19.527,13.939
1780272578051,0.761,3.608,7.290,1.366,0.025,0.047,4.723,5.059,22.879,9.247,12.079,21.326,19.103
1780272578104,0.528,4.195,4.432,0.360,0.003,0.007,1.611,1.866,13.002,4.094,6.275,10.369,19.491
1780272578167,0.040,0.630,0.630,0.029,0.000,0.003,0.240,0.295,1.867,0.805,1.351,2.156,1.697
1780272578253,0.003,0.007,0.014,0.007,0.000,0.000,0.091,0.105,0.227,0.276,0.577,0.853,0.848
1780272578293,0.000,0.003,0.007,0.003,0.000,0.000,0.590,0.656,1.259,0.529,0.545,1.074,1.115
1780272578349,0.003,0.003,0.003,0.003,3.382,0.003,0.579,0.685,4.661,3.052,0.529,3.581,4.024
1780272578409,0.000,0.000,0.000,0.003,4.024,0.003,0.998,1.213,6.241,3.703,0.545,4.248,7.006
1780272578467,0.000,0.003,0.000,0.003,2.985,3.174,0.951,1.119,8.235,4.827,0.553,5.380,9.842
1780272578501,0.000,0.000,0.000,0.000,2.474,2.336,0.984,1.180,6.974,4.420,0.553,4.973,9.139
1780272578551,0.000,0.000,0.000,0.003,2.409,2.580,1.104,1.275,7.371,4.501,0.561,5.062,9.479
1780272578612,0.000,0.000,0.000,0.000,2.223,2.248,1.275,1.458,7.204,4.363,0.537,4.900,9.067
1780272578685,0.000,0.000,0.000,0.003,2.146,2.081,1.093,1.242,6.565,4.094,0.561,4.655,8.582
1780272578760,0.000,0.000,0.003,0.003,2.529,2.631,1.541,1.826,8.533,4.965,0.545,5.510,6.764
1780272578823,0.000,0.000,0.000,0.003,1.829,1.556,5.390,5.642,14.420,11.339,0.577,11.916,12.630
1780272578887,0.003,0.000,0.000,0.003,1.884,1.862,5.420,5.700,14.872,12.771,0.577,13.348,16.097
1780272578944,0.000,0.000,0.003,0.000,1.760,1.818,5.194,5.653,14.428,12.698,0.634,13.332,16.315
1780272579007,0.003,0.000,0.000,0.003,2.019,2.205,1.840,2.121,8.191,6.324,0.553,6.877,9.673
1780272579046,0.003,0.000,0.003,0.000,1.647,1.611,4.257,4.432,11.953,9.059,0.553,9.612,5.091
1780272579086,0.003,0.000,0.000,0.003,1.352,1.108,5.369,5.824,13.659,11.583,0.594,12.177,13.430
1780272579141,0.000,0.003,0.000,0.003,1.516,1.574,1.767,2.015,6.878,5.738,0.537,6.275,9.212
1780272579218,0.003,0.000,0.000,0.000,1.315,1.304,0.998,1.159,4.779,3.052,0.537,3.589,6.182
1780272579279,0.000,0.000,0.000,0.003,1.261,1.290,0.761,0.918,4.233,2.637,0.537,3.174,5.503
1780272579340,0.000,0.000,0.000,0.003,1.268,1.242,1.221,1.454,5.188,2.881,0.520,3.401,4.291
1780272579425,0.000,0.000,0.000,0.003,0.871,0.951,5.380,5.649,12.854,10.126,0.545,10.671,5.915
1780272579493,0.000,0.000,0.000,0.003,0.204,0.255,5.722,6.098,12.282,11.379,0.586,11.965,12.776
1780272579554,0.000,0.000,0.000,0.003,0.010,0.010,1.833,2.146,4.002,4.387,0.537,4.924,8.509
1780272579606,0.000,0.000,0.000,0.003,0.003,0.003,0.820,0.995,1.824,1.302,0.504,1.806,1.479
1780272579665,0.003,0.000,0.000,0.000,0.003,0.003,0.958,1.089,2.056,0.993,0.504,1.497,1.479
1780272579738,0.000,0.000,0.000,0.003,0.000,0.000,0.732,0.871,1.606,0.740,0.512,1.252,1.309
1780272579807,0.003,0.000,0.000,0.003,0.000,0.003,0.958,1.111,2.078,0.903,0.496,1.399,1.527
1780272579860,0.000,0.000,0.000,0.003,0.000,0.000,1.210,1.439,2.652,1.164,0.504,1.668,1.697
1780272579919,0.000,0.000,0.000,0.003,0.000,0.000,1.293,1.465,2.761,1.245,0.504,1.749,1.818
1780272579990,0.003,0.000,0.000,0.003,0.000,0.000,1.137,1.319,2.462,1.115,0.512,1.627,1.745
1780272580080,4.115,3.335,5.441,5.281,0.000,0.003,0.929,1.151,20.255,0.993,11.957,12.950,13.770
1780272580146,4.322,3.645,5.919,6.021,0.000,0.000,0.790,0.944,21.641,0.887,18.021,18.908,17.067
1780272580207,2.770,2.474,5.606,5.744,0.000,0.003,0.896,1.078,18.571,0.976,15.832,16.808,16.242
1780272580267,3.889,3.499,4.669,4.898,0.000,0.003,1.140,1.286,19.384,1.229,15.710,16.939,15.370
1780272580336,3.382,2.886,4.111,4.359,0.000,0.003,1.086,1.257,17.084,1.180,14.415,15.595,13.