wall_clock_ms,lf_A,rf_A,lb_A,rb_A,frontIntake_A,backIntake_A,lShooter_A,rShooter_A,motor_total_A,controlHub_A,expansionHub_A,hub_total_A,floodgate_A
1780270991131,0.007,0.000,0.000,0.003,0.000,0.003,0.003,0.000,0.016,0.000,0.512,0.512,0.679
1780270991209,0.003,0.000,0.000,0.003,0.000,0.000,0.000,0.000,0.006,0.000,0.512,0.512,0.630
1780270991237,0.000,0.000,0.003,0.000,0.000,0.000,0.003,0.000,0.006,0.000,0.512,0.512,0.679
1780270991271,0.000,0.000,0.000,0.000,0.000,0.000,0.000,0.000,0.000,0.000,0.504,0.504,0.630
1780270991302,0.000,0.000,0.003,0.007,0.000,0.003,0.003,0.003,0.019,0.000,0.496,0.496,0.679
1780270991346,0.000,0.000,0.000,0.000,0.000,0.000,0.003,0.003,0.006,0.000,0.512,0.512,0.679
1780270991374,0.000,0.000,0.000,0.003,0.000,0.000,0.003,0.000,0.006,0.000,0.512,0.512,0.630
1780270991410,0.003,0.000,0.000,0.003,0.000,0.003,0.000,0.000,0.009,0.000,0.504,0.504,0.630
1780270991442,0.000,0.000,0.000,0.003,0.000,0.003,0.003,0.000,0.009,0.000,0.520,0.520,0.630
1780270991503,0.000,0.000,0.000,0.003,0.000,0.000,0.003,0.000,0.006,0.000,0.520,0.520,0.630
1780270991540,0.000,0.000,0.000,0.003,0.000,0.000,0.003,0.000,0.006,0.000,0.520,0.520,0.679
1780270991577,0.000,0.000,0.000,0.003,0.000,0.000,0.003,0.000,0.006,0.000,0.496,0.496,0.630
1780270991630,0.000,0.000,0.003,0.003,0.000,0.003,0.003,0.000,0.012,0.000,0.496,0.496,0.630
1780270991670,0.000,0.000,0.000,0.003,0.000,0.000,0.003,0.003,0.009,0.000,0.488,0.488,0.630
1780270991760,0.003,0.003,0.000,0.003,0.003,0.000,0.014,0.000,0.026,0.000,0.496,0.496,1.091
1780270991790,0.000,0.000,0.000,0.000,0.000,0.000,0.000,0.003,0.003,0.000,0.504,0.504,1.018
1780270991825,0.003,0.000,0.000,0.003,0.000,0.000,0.007,0.000,0.013,0.000,0.504,0.504,0.897
1780270991856,0.003,0.000,0.000,0.003,0.000,0.000,0.003,0.003,0.012,0.000,0.504,0.504,0.848
1780270991898,0.000,0.000,0.000,0.003,0.000,0.000,0.000,0.000,0.003,0.000,0.496,0.496,0.630
1780270991961,0.000,0.000,0.000,0.003,0.003,0.014,6.335,6.794,13.149,0.000,0.586,0.586,7.709
1780270992016,0.000,0.000,0.000,0.000,0.003,0.018,7.472,8.503,15.996,0.000,0.610,0.610,15.879
1780270992058,0.000,0.000,0.000,0.003,0.007,0.014,7.676,8.467,16.167,0.000,0.594,0.594,15.370
1780270992092,0.000,0.000,0.000,0.003,0.003,0.014,7.348,8.201,15.569,0.000,0.594,0.594,15.297
1780270992131,0.000,0.000,0.000,0.003,0.003,0.014,7.268,8.088,15.376,0.000,0.594,0.594,15.055
1780270992175,0.000,0.000,0.003,0.003,0.003,0.018,7.042,7.993,15.062,0.000,0.618,0.618,14.836
1780270992247,0.000,0.000,0.000,0.000,0.003,0.014,6.783,7.727,14.527,0.000,0.651,0.651,14.279
1780270992300,0.003,0.000,0.003,0.003,0.003,0.014,6.579,7.497,14.102,0.000,0.643,0.643,14.036
1780270992340,0.973,0.707,0.871,1.173,0.003,0.014,6.400,7.191,17.332,0.000,2.091,2.091,14.521
1780270992386,0.940,1.067,0.889,1.275,0.003,0.014,6.291,7.155,17.634,0.000,1.562,1.562,14.909
1780270992423,0.196,0.266,0.207,0.324,0.003,0.014,6.320,7.118,14.448,0.000,0.830,0.830,13.430
1780270992473,0.021,0.014,0.010,0.018,0.003,0.014,6.160,6.954,13.194,0.000,0.659,0.659,13.018
1780270992528,0.000,0.000,0.000,0.000,0.003,0.014,6.130,6.783,12.930,0.000,0.586,0.586,12.485
1780270992562,0.000,0.000,0.000,0.003,0.003,0.014,6.054,6.663,12.737,0.000,0.594,0.594,12.291
1780270992601,1.075,1.283,1.210,1.272,0.003,0.010,5.770,6.327,16.950,0.000,2.319,2.319,12.679
1780270992640,2.248,2.336,1.716,2.558,0.003,0.010,5.474,6.127,20.472,0.000,4.151,4.151,14.570
1780270992692,3.849,3.827,4.705,4.501,0.003,0.010,4.505,5.008,26.408,0.000,12.942,12.942,17.891
1780270992765,3.645,4.049,4.454,4.264,0.000,0.010,4.188,4.731,25.341,0.000,15.571,15.571,22.667
1780270992829,2.482,2.999,3.965,3.517,0.003,0.007,4.341,4.898,22.212,0.000,12.812,12.812,20.121
1780270992876,2.398,2.781,3.426,3.254,0.000,0.003,2.063,2.438,16.363,0.000,12.266,12.266,17.358
1780270992915,1.997,2.679,3.306,3.302,0.000,0.000,0.958,1.151,13.393,0.000,11.599,11.599,11.806
1780270992953,1.760,2.336,3.185,3.039,0.000,0.000,0.703,0.798,11.821,0.000,10.614,10.614,10.133
1780270992996,1.756,2.128,2.824,2.708,0.000,0.003,0.320,0.422,10.161,0.000,9.735,9.735,9.164
1780270993052,1.439,1.848,2.485,2.595,0.000,0.000,0.503,0.656,9.526,0.000,8.774,8.774,8.000
1780270993093,1.217,1.410,2.562,2.420,0.000,0.003,0.605,0.769,8.986,0.000,8.074,8.074,7.782
1780270993133,1.122,1.315,2.372,2.157,0.000,0.003,2.125,2.383,11.477,0.000,7.407,7.407,7.588
1780270993188,1.009,1.206,1.957,2.099,0.000,0.007,2.726,3.098,12.102,0.000,6.821,6.821,9.721
1780270993252,1.031,1.071,2.004,1.873,0.000,0.003,2.759,3.131,11.872,0.000,6.406,6.406,9.552
1780270993330,0.174,0.200,0.247,0.255,0.000,0.003,0.914,1.312,3.105,0.000,1.741,1.741,5.309
1780270993388,0.021,0.021,0.032,0.029,0.000,0.000,0.174,0.215,0.492,0.000,0.667,0.667,0.848
1780270993430,0.003,0.007,0.003,0.007,0.000,0.000,0.131,0.149,0.300,0.000,0.537,0.537,0.752
1780270993474,0.003,0.003,0.003,0.003,0.000,0.000,0.145,0.164,0.321,0.000,0.529,0.529,0.945
1780270993528,0.000,0.003,0.003,0.007,0.000,0.000,0.207,0.236,0.456,0.000,0.504,0.504,0.945
1780270993586,0.003,0.000,0.000,0.000,0.000,0.003,0.284,0.335,0.625,0.000,0.520,0.520,0.994
1780270993624,0.003,0.000,0.003,0.003,0.000,0.003,1.436,2.030,3.478,0.000,0.504,0.504,1.042
1780270993667,0.000,0.000,0.000,0.003,0.000,0.003,1.902,2.176,4.084,0.000,0.512,0.512,3.515
1780270993710,0.000,0.003,0.003,0.003,0.003,0.003,2.157,2.453,4.625,0.000,0.512,0.512,3.152
1780270993766,0.003,0.000,0.003,0.003,0.000,0.003,2.376,2.649,5.037,0.000,0.520,0.520,3.321
1780270993839,0.007,0.000,0.000,0.003,0.000,0.000,0.663,0.809,1.482,0.000,0.504,0.504,2.206
1780270993897,0.000,0.000,0.003,0.003,0.000,0.003,1.505,1.669,3.183,0.000,0.504,0.504,1.648
1780270993950,0.003,0.000,0.003,0.003,0.000,0.000,0.776,0.954,1.739,0.000,0.496,0.496,2.594
1780270994011,0.000,0.000,0.000,0.003,0.000,0.003,0.346,0.419,0.771,0.000,0.488,0.488,1.018
1780270994079,0.003,0.000,0.000,0.003,0.000,0.010,4.538,4.723,9.277,0.000,0.512,0.512,4.703
1780270994128,0.000,0.000,0.000,0.003,0.003,0.010,5.383,6.010,11.409,0.000,0.545,0.545,11.952
1780270994168,0.003,0.000,0.007,0.003,0.003,0.010,5.398,6.050,11.474,0.000,0.545,0.545,11.442
1780270994201,0.003,0.000,0.000,0.000,0.003,0.010,5.314,5.999,11.329,0.000,0.553,0.553,11.127
1780270994249,0.003,0.000,0.000,0.003,0.003,0.010,5.256,5.919,11.194,0.000,0.594,0.594,11.030
1780270994309,0.003,0.000,0.003,0.003,0.003,0.003,3.717,4.231,7.963,0.000,0.537,0.537,8.752
1780270994380,0.003,0.000,0.000,0.003,0.000,0.003,1.301,1.636,2.946,0.000,0.512,0.512,5.794
1780270994425,0.000,0.000,0.000,0.003,0.000,0.000,0.105,0.131,0.239,0.000,0.504,0.504,0.727
1780270994457,0.000,0.000,0.000,0.000,0.000,0.000,0.025,0.036,0.061,0.000,0.496,0.496,0.679
1780270994491,0.007,0.000,0.003,0.003,0.000,0.000,0.010,0.014,0.037,0.000,0.520,0.520,0.630
1780270994522,0.000,0.000,0.000,0.003,0.000,0.000,0.003,0.007,0.013,0.000,0.504,0.504,0.679
1780270994559,0.000,0.000,0.000,0.000,0.000,0.000,0.003,0.003,0.006,0.000,0.512,0.512,0.703
1780270994591,0.003,0.000,0.000,0.000,0.000,0.000,0.003,0.003,0.009,0.000,0.488,0.488,0.679
1780270994626,0.003,0.003,0.003,0.003,0.000,0.000,0.007,0.003,0.022,0.000,0.496,0.496,0.679
1780270994665,0.000,0.000,0.000,0.003,0.000,0.000,0.003,0.003,0.009,0.000,0.488,0.488,0.630
1780270994720,0.003,0.000,0.000,0.000,0.000,0.000,0.003,0.003,0.009,0.000,0.472,0.472,0.679
1780270994760,0.000,0.000,0.000,0.003,0.000,0.000,0.003,0.003,0.009,0.000,0.496,0.496,0.679
1780270994799,0.000,0.000,0.000,0.003,0.000,0.003,0.003,0.003,0.012,0.000,0.488,0.488,0.630
1780270994829,0.003,0.000,0.000,0.003,0.000,0.000,0.003,0.003,0.012,0.000,0.488,0.488,0.630
1780270994912,0.000,0.003,0.000,0.003,0.000,0.000,0.003,0.000,0.009,0.000,0.488,0.488,0.679
1780270994951,0.003,0.000,0.007,0.003,0.000,0.000,0.003,0.003,0.019,0.000,0.488,0.488,0.630
1780270994989,0.003,0.000,0.000,0.003,0.000,0.003,0.003,0.000,0.012,0.000,0.496,0.496,0.703
1780270995021,0.000,0.000,0.000,0.003,0.000,0.000,0.003,0.003,0.009,0.000,0.496,0.496,0.703
1780270995065,0.003,0.000,0.000,0.000,0.000,0.000,0.003,0.003,0.009,0.000,0.488,0.488,0.630
1780270995092,0.003,0.000,0.003,0.003,0.000,0.003,0.003,0.000,0.015,0.000,0.488,0.488,0.679
1780270995125,0.000,0.000,0.000,0.003,0.000,0.000,0.003,0.003,0.009,0.000,0.480,0.480,0.630
1780270995160,0.000,0.000,0.003,0.007,0.000,0.000,0.003,0.003,0.016,0.000,0.480,0.480,0.630
1780270995214,0.000,0.003,0.003,0.003,0.000,0.000,0.003,0.003,0.015,0.000,0.480,0.480,0.679
1780270995247,0.003,0.000,0.000,0.003,0.000,0.003,0.003,0.003,0.015,0.000,0.480,0.480,0.703
1780270995290,0.000,0.003,0.000,0.003,0.000,0.000,0.000,0.000,0.006,0.000,0.488,0.488,0.679
1780270995350,0.003,0.000,0.000,0.003,0.000,0.000,0.003,0.000,0.009,0.000,0.488,0.488,0.630
1780270995441,0.003,0.003,0.000,0.007,0.000,0.000,0.003,0.003,0.019,0.000,0.488,0.488,0.630
1780270995507,0.000,0.000,0.000,0.003,0.000,0.003,0.003,0.000,0.009,0.000,0.496,0.496,0.679
1780270995533,0.000,0.000,0.000,0.003,0.003,0.003,0.003,0.003,0.015,0.000,0.504,0.504,0.703
1780270995569,0.003,0.000,0.000,0.003,0.000,0.000,0.000,0.000,0.006,0.000,0.496,0.496,0.630
1780270995596,0.000,0.000,0.003,0.003,0.000,0.003,0.003,0.003,0.015,0.000,0.496,0.496,0.703
1780270995641,0.003,0.000,0.000,0.003,0.000,0.003,0.000,0.003,0.012,0.000,0.488,0.488,0.703
1780270995679,0.000,0.000,0.000,0.000,0.000,0.000,0.003,0.000,0.003,0.000,0.488,0.488,0.630
1780270995715,0.000,0.003,0.000,0.003,0.000,0.003,0.007,0.000,0.016,0.000,0.488,0.488,0.679
1780270995749,0.003,0.000,0.000,0.007,0.000,0.000,0.000,0.000,0.010,0.000,0.520,0.520,0.630
1780270995794,0.000,0.000,0.003,0.003,0.000,0.000,0.003,0.003,0.012,0.000,0.496,0.496,0.703
1780270995825,0.000,0.000,0.003,0.003,0.000,0.003,0.003,0.003,0.015,0.000,0.488,0.488,0.679
1780270995857,0.000,0.000,0.000,0.003,0.000,0.000,0.003,0.000,0.006,0.000,0.488,0.488,0.703
1780270995927,0.003,0.003,0.000,0.003,0.000,0.000,0.003,0.000,0.012,0.000,0.488,0.488,0.679
1780270995971,0.000,0.000,0.003,0.003,0.000,0.003,0.003,0.003,0.015,0.000,0.496,0.496,0.679
1780270996023,0.003,0.000,0.000,0.003,0.000,0.000,0.000,0.007,0.013,0.000,0.537,0.537,0.703
1780270996058,0.003,0.000,0.000,0.000,0.000,0.003,0.003,0.000,0.009,0.000,0.496,0.496,0.703
1780270996090,0.003,0.000,0.000,0.003,0.000,0.000,0.003,0.000,0.009,0.000,0.504,0.504,0.679
1780270996116,0.003,0.000,0.003,0.003,0.000,0.003,0.003,0.000,0.015,0.000,0.496,0.496,0.679
1780270996150,0.000,0.000,0.000,0.003,0.000,0.000,0.003,0.000,0.006,0.000,0.488,0.488,0.679
1780270996204,0.364,0.448,0.266,0.415,0.000,0.000,0.003,0.000,1.496,0.000,0.675,0.675,0.752
1780270996235,1.702,1.461,1.560,1.195,0.000,0.003,0.000,0.000,5.921,0.000,4.582,4.582,2.061
1780270996277,4.811,4.796,5.059,4.920,0.000,0.000,0.003,0.003,19.592,0.000,14.375,14.375,9.576
1780270996314,2.744,2.894,3.273,3.648,0.000,0.003,0.003,0.003,12.568,0.000,8.123,8.123,14.691
1780270996369,0.342,0.360,0.273,0.317,0.000,0.003,0.003,0.000,1.298,0.000,1.774,1.774,1.139
1780270996425,0.018,0.018,0.021,0.021,0.000,0.000,0.003,0.003,0.084,0.000,0.757,0.757,0.679
1780270996451,0.007,0.003,0.007,0.007,0.000,0.000,0.003,0.000,0.027,0.000,0.586,0.586,0.679
1780270996515,0.003,0.003,0.003,0.007,0.000,0.000,0.003,0.000,0.019,0.000,0.545,0.545,0.679
1780270996547,0.003,0.000,0.003,0.003,0.000,0.000,0.003,0.003,0.015,0.000,0.529,0.529,0.727
1780270996578,0.003,0.000,0.000,0.007,0.000,0.000,0.003,0.003,0.016,0.000,0.496,0.496,0.679
1780270996606,0.000,0.003,0.003,0.003,0.000,0.000,0.003,0.003,0.015,0.000,0.496,0.496,0.630
1780270996652,0.003,0.003,0.000,0.003,0.000,0.000,0.003,0.003,0.015,0.000,0.496,0.496,0.679
1780270996684,0.000,0.000,0.000,0.003,0.000,0.000,0.003,0.003,0.009,0.000,0.496,0.496,0.703
1780270996725,0.000,0.000,0.000,0.003,0.000,0.000,0.003,0.003,0.009,0.000,0.488,0.488,0.679
1780270996757,0.003,0.000,0.003,0.003,0.000,0.000,0.003,0.000,0.012,0.000,0.496,0.496,0.679
1780270996798,0.003,0.000,0.000,0.007,0.000,0.003,0.003,0.000,0.016,0.000,0.504,0.504,0.679
1780270996825,0.003,0.000,0.003,0.003,0.000,0.003,0.003,0.000,0.015,0.000,0.496,0.496,0.679
1780270996874,0.000,0.000,0.003,0.000,0.000,0.003,0.003,0.000,0.009,0.000,0.496,0.496,0.703
1780270996950,0.003,0.000,0.000,0.003,0.007,0.018,5.245,5.682,10.958,0.000,0.520,0.520,2.012
1780270996980,0.000,0.000,0.000,0.003,0.003,0.014,6.597,7.413,14.030,0.000,0.561,0.561,14.230
1780270997025,0.003,0.000,0.000,0.003,0.003,0.014,6.786,7.720,14.529,0.000,0.586,0.586,14.497
1780270997081,0.000,0.000,0.000,0.000,0.003,0.010,6.670,7.501,14.184,0.000,0.553,0.553,14.133
1780270997117,0.003,0.000,0.000,0.000,0.003,0.014,6.608,7.351,13.979,0.000,0.561,0.561,13.842
1780270997154,0.003,0.003,0.003,0.003,0.003,0.014,6.535,7.304,13.868,0.000,0.553,0.553,13.503
1780270997188,0.000,0.000,0.000,0.000,0.003,0.014,6.499,7.151,13.667,0.000,0.553,0.553,13.261
1780270997237,0.000,0.000,0.000,0.003,0.007,0.014,6.309,7.038,13.371,0.000,0.569,0.569,12.945
1780270997274,0.003,0.000,0.003,0.007,0.003,0.014,6.214,6.870,13.114,0.000,0.594,0.594,12.727
1780270997310,0.000,0.000,0.000,0.003,0.003,0.010,6.149,6.739,12.904,0.000,0.577,0.577,12.727
1780270997345,0.003,0.000,0.000,0.003,0.003,0.010,6.050,6.681,12.750,0.000,0.561,0.561,12.485
1780270997414,0.003,0.000,0.000,0.003,0.003,0.010,5.853,6.488,12.360,0.000,0.577,0.577,12.267
1780270997498,0.000,0.000,0.000,0.003,0.007,0.010,5.569,6.280,11.869,0.000,0.577,0.577,11.758
1780270997533,0.000,0.000,0.000,0.000,0.003,0.010,5.565,6.156,11.734,0.000,0.586,0.586,11.661
1780270997563,0.000,0.000,0.000,0.000,0.003,0.014,5.503,6.105,11.625,0.000,0.569,0.569,11.564
1780270997598,0.000,0.000,0.000,0.000,0.000,0.010,5.409,5.985,11.404,0.000,0.561,0.561,11.224
1780270997628,0.003,0.000,0.000,0.003,0.003,0.018,5.380,5.952,11.359,0.000,0.545,0.545,11.297
1780270997667,0.000,0.000,0.000,0.003,0.003,0.007,4.556,5.132,9.701,0.000,0.537,0.537,9.188
1780270997705,0.003,0.000,0.000,0.000,0.000,0.007,3.852,4.286,8.148,0.000,0.529,0.529,7.976
1780270997745,0.000,0.000,0.000,0.003,0.000,0.003,1.778,2.270,4.054,0.000,0.529,0.529,3.806
1780270997790,0.007,0.000,0.000,0.000,0.003,0.003,0.732,0.893,1.638,0.000,0.520,0.520,1.673
1780270997834,0.003,0.000,0.000,0.003,0.000,0.000,0.404,0.510,0.920,0.000,0.512,0.512,1.115
1780270997869,0.000,0.000,0.000,0.003,0.000,0.003,0.568,0.663,1.237,0.000,0.496,0.496,1.091
1780270997921,0.000,0.000,0.003,0.003,0.000,0.003,1.487,1.913,3.409,0.000,0.480,0.480,1.358
1780270998000,0.000,0.000,0.000,0.000,0.000,0.003,2.128,2.409,4.540,0.000,0.504,0.504,3.224
1780270998053,0.000,0.000,0.000,0.003,0.000,0.003,0.984,1.213,2.203,0.000,0.512,0.512,2.279
1780270998089,0.003,0.000,0.000,0.003,0.000,0.003,1.614,1.709,3.332,0.000,0.496,0.496,1.794
1780270998133,0.003,0.000,0.000,0.003,0.000,0.000,0.852,1.013,1.871,0.000,0.496,0.496,2.206
1780270998190,0.371,0.400,0.328,0.240,0.003,0.003,1.811,2.026,5.182,0.000,0.675,0.675,2.424
1780270998264,0.196,1.213,1.326,0.098,0.000,0.003,2.117,2.380,7.333,0.000,1.041,1.041,3.588
1780270998329,0.098,3.448,3.903,0.098,0.000,0.003,2.041,2.292,11.883,0.000,3.825,3.825,5.964
1780270998386,0.131,5.671,6.885,0.167,0.000,0.000,0.688,0.637,14.179,0.000,10.256,10.256,9.721
1780270998447,0.696,5.073,7.293,0.750,0.000,0.003,0.743,0.831,15.389,0.000,12.193,12.193,11.733
1780270998525,0.882,5.219,5.813,0.962,0.000,0.003,2.620,2.912,18.411,0.000,11.119,11.119,11.345
1780270998588,0.189,4.341,5.292,0.156,0.000,0.007,3.480,3.845,17.310,0.000,9.776,9.776,14.279
1780270998629,0.182,4.082,4.782,0.134,0.003,0.003,3.419,3.867,16.472,0.000,8.644,8.644,13.891
1780270998678,1.775,4.162,2.241,0.772,0.000,0.003,1.698,2.030,12.681,0.000,6.862,6.862,11.830
1780270998739,3.349,3.816,0.266,0.841,0.000,0.000,0.349,0.415,9.036,0.000,6.080,6.080,6.255
1780270998797,2.489,2.310,0.142,0.280,0.007,0.025,8.995,9.502,23.750,0.000,4.436,4.436,5.770
1780270998847,3.043,2.070,0.411,0.127,0.003,0.010,6.302,6.539,18.505,0.000,4.590,4.590,17.648
1780270998899,3.182,2.150,0.772,0.105,0.003,0.010,5.099,5.609,16.930,0.000,4.965,4.965,14.279
1780270998948,3.677,2.121,0.772,0.087,0.003,0.010,4.895,5.431,16.996,0.000,5.730,5.730,14.764
1780270998987,3.951,2.172,0.605,0.083,0.003,0.007,4.403,4.928,16.152,0.000,6.039,6.039,14.133
1780270999060,3.579,2.114,0.794,0.080,0.003,0.007,3.834,4.151,14.562,0.000,5.966,5.966,12.558
1780270999112,4.169,2.252,2.668,3.229,0.000,0.003,1.060,1.374,14.755,0.000,7.985,7.985,10.255
1780270999149,3.725,2.161,5.194,6.057,0.000,0.000,0.433,0.535,18.105,0.000,13.772,13.772,10.642
1780270999194,2.813,2.423,5.113,7.884,0.000,0.000,1.049,1.151,20.433,0.000,15.750,15.750,15.467
1780270999239,2.784,2.923,4.731,8.037,0.000,0.003,1.290,1.487,21.255,0.000,16.573,16.573,16.242
1780270999282,3.725,2.872,4.027,6.458,0.003,0.007,2.795,3.364,23.251,0.000,15.400,15.400,16.267
1780270999337,3.852,2.861,3.991,6.119,0.000,0.000,1.476,1.786,20.085,0.000,15.238,15.238,16.533
1780270999370,3.849,2.981,3.805,5.533,0.000,0.000,0.823,1.038,18.029,0.000,14.749,14.749,14.545
1780270999410,3.892,3.036,3.499,5.030,0.000,0.000,0.382,0.481,16.320,0.000,14.131,14.131,12.897
1780270999467,3.021,3.152,3.564,4.946,0.000,0.000,0.284,0.357,15.324,0.000,13.406,13.406,12.267
1780270999512,2.161,3.131,3.233,3.087,0.003,0.021,6.251,8.328,26.215,0.000,9.662,9.662,14.497
1780270999587,1.716,2.493,2.835,2.048,0.003,0.003,4.406,5.092,18.596,0.000,8.433,8.433,24.436
1780270999647,1.272,2.489,3.047,1.618,0.000,0.010,4.862,5.259,18.557,0.000,7.529,7.529,14.642
1780270999686,1.246,2.445,3.007,1.643,0.003,0.010,4.884,5.547,18.785,0.000,7.309,7.309,16.242
1780270999722,1.053,2.372,2.854,1.516,0.003,0.007,4.829,5.412,18.046,0.000,7.016,7.016,16.364
1780270999757,1.166,2.453,2.843,1.632,0.003,0.007,4.804,5.303,18.211,0.000,7.032,7.032,15.903
1780270999800,1.235,2.303,2.875,1.727,0.003,0.010,4.811,5.307,18.271,0.000,7.016,7.016,15.733
1780270999852,2.135,2.496,2.886,2.628,0.003,0.007,3.816,4.308,18.279,0.000,8.343,8.343,14.642
1780270999888,2.369,2.460,3.036,2.985,0.000,0.000,2.172,2.660,15.682,0.000,9.206,9.206,13.552
1780270999933,2.653,2.770,3.116,3.466,0.000,0.000,0.488,0.608,13.101,0.000,9.881,9.881,9.188
1780270999986,2.704,2.813,3.112,3.302,0.000,0.000,0.196,0.229,12.356,0.000,9.824,9.824,8.897
1780271000029,1.778,2.649,3.207,2.369,0.000,0.003,0.174,0.193,10.373,0.000,8.131,8.131,7.394
1780271000099,0.404,2.547,3.364,0.831,0.000,0.000,0.193,0.211,7.550,0.000,6.821,6.821,5.939
1780271000140,0.677,2.708,3.608,0.408,0.000,0.000,0.185,0.204,7.790,0.000,6.691,6.691,6.182
1780271000188,0.506,2.679,3.200,0.200,0.000,0.000,0.189,0.207,6.981,0.000,6.275,6.275,5.964
1780271000254,0.338,2.238,3.586,0.193,0.000,0.000,0.222,0.269,6.846,0.000,6.292,6.292,5.600
1780271000310,0.295,2.624,3.269,0.182,0.000,0.000,0.185,0.207,6.762,0.000,6.210,6.210,5.842
1780271000368,0.564,2.566,3.367,0.302,0.000,0.000,0.156,0.167,7.122,0.000,6.446,6.446,5.818
1780271000416,1.199,2.587,3.058,0.776,0.000,0.000,0.178,0.196,7.994,0.000,6.503,6.503,6.109
1780271000460,2.864,2.157,2.977,2.835,0.000,0.000,0.145,0.160,11.138,0.000,10.402,10.402,8.630
1780271000510,4.596,1.436,2.671,3.710,0.000,0.000,0.306,0.444,13.163,0.000,11.721,11.721,10.933
1780271000567,3.655,2.041,2.522,4.100,0.000,0.000,0.240,0.291,12.849,0.000,11.607,11.607,10.788
1780271000634,3.470,2.077,2.631,3.123,0.000,0.000,0.145,0.174,11.620,0.000,10.899,10.899,9.721
1780271000671,2.846,2.278,2.525,2.733,0.000,0.000,0.149,0.160,10.691,0.000,10.150,10.150,9.309
1780271000714,2.420,2.248,2.711,2.493,0.000,0.000,0.178,0.207,10.257,0.000,9.800,9.800,8.800
1780271000757,2.423,2.081,2.347,2.084,0.003,0.014,3.539,3.699,16.190,0.000,8.595,8.595,8.655
1780271000795,1.891,1.662,1.687,1.647,0.003,0.007,4.928,5.529,17.354,0.000,7.244,7.244,16.024
1780271000848,1.942,1.709,1.622,1.687,0.003,0.010,4.625,5.084,16.682,0.000,7.155,7.155,15.321
1780271000893,1.622,1.519,1.447,1.272,0.007,0.021,8.113,8.266,22.267,0.000,5.641,5.641,16.800
1780271000946,0.379,0.382,0.287,0.408,0.003,0.000,3.583,4.224,9.266,0.000,2.311,2.311,23.273
1780271001004,0.036,0.029,0.021,0.040,0.003,0.010,5.354,5.948,11.441,0.000,0.773,0.773,9.600
1780271001059,0.007,0.010,0.003,0.010,0.000,0.000,1.844,2.307,4.181,0.000,0.545,0.545,11.491
1780271001097,0.003,0.003,0.000,0.003,0.003,0.025,6.688,6.681,13.406,0.000,0.488,0.488,5.842
1780271001168,0.007,0.003,0.003,0.003,0.000,0.000,2.981,3.546,6.543,0.000,0.545,0.545,19.636
1780271001207,0.003,0.000,0.000,0.003,0.003,0.014,4.887,4.938,9.848,0.000,0.504,0.504,6.933
1780271001240,0.003,0.003,0.000,0.003,0.007,0.010,5.861,6.546,12.433,0.000,0.529,0.529,12.291
1780271001270,0.003,0.000,0.000,0.003,0.003,0.014,6.101,6.619,12.743,0.000,0.553,0.553,12.655
1780271001317,0.003,0.000,0.003,0.003,0.003,0.003,3.444,3.969,7.428,0.000,0.553,0.553,9.115
1780271001372,0.003,0.000,0.003,0.000,0.003,0.000,0.739,0.616,1.364,0.000,0.520,0.520,2.012
1780271001423,0.003,0.003,0.000,0.003,0.000,0.000,0.174,0.174,0.357,0.000,0.504,0.504,0.776
1780271001462,0.000,0.000,0.000,0.003,0.000,0.000,0.127,0.142,0.272,0.000,0.504,0.504,0.727
1780271001519,0.000,0.000,0.000,0.003,0.000,0.003,0.207,0.251,0.464,0.000,0.512,0.512,0.776
1780271001574,0.000,0.000,0.003,0.003,0.000,0.000,0.258,0.291,0.555,0.000,0.537,0.537,0.848
1780271001626,0.710,0.506,0.579,0.535,0.000,0.003,1.600,1.767,5.700,0.000,0.968,0.968,2.182
1780271001705,3.965,4.844,5.511,5.026,0.000,0.000,1.232,1.403,21.981,0.000,13.968,13.968,15.830
1780271001769,0.564,0.750,0.874,0.790,0.003,0.007,3.922,4.366,11.276,0.000,2.889,2.889,7.321
1780271001822,0.061,0.065,0.047,0.029,0.003,0.003,2.748,2.967,5.923,0.000,1.041,1.041,6.885
1780271001861,0.010,0.007,0.010,0.003,0.000,0.003,1.075,0.849,1.957,0.000,0.683,0.683,2.594
1780271001905,0.003,0.003,0.003,0.003,0.000,0.003,0.193,0.225,0.433,0.000,0.569,0.569,0.824
1780271001947,0.003,0.003,0.003,0.003,0.000,0.000,0.156,0.174,0.342,0.000,0.545,0.545,0.848
1780271001984,0.003,0.003,0.003,0.003,0.000,0.003,0.225,0.269,0.509,0.000,0.512,0.512,0.848
1780271002033,0.003,0.003,0.003,0.003,0.000,0.000,0.251,0.313,0.576,0.000,0.504,0.504,0.873
1780271002084,0.003,0.000,0.000,0.003,0.000,0.003,1.917,2.081,4.007,0.000,0.545,0.545,0.873
1780271002134,0.003,0.000,0.000,0.003,0.000,0.003,1.753,1.968,3.730,0.000,0.545,0.545,3.127
1780271002210,0.003,0.003,0.003,0.003,0.000,0.003,2.329,2.675,5.019,0.000,0.520,0.520,2.182
1780271002265,0.000,0.000,0.000,0.003,0.000,0.003,2.923,3.171,6.100,0.000,0.504,0.504,3.830
1780271002305,0.003,0.000,0.000,0.003,0.000,0.000,1.396,1.060,2.462,0.000,0.512,0.512,4.097
1780271002364,0.003,0.003,0.000,0.000,0.000,0.003,0.171,0.196,0.376,0.000,0.504,0.504,0.824
1780271002399,0.000,0.000,0.003,0.003,0.003,0.000,0.153,0.167,0.329,0.000,0.504,0.504,0.776
1780271002435,0.000,0.003,0.000,0.003,0.003,0.003,0.174,0.207,0.393,0.000,0.496,0.496,0.824
1780271002482,1.108,1.111,0.951,1.064,0.000,0.003,1.159,1.264,6.660,0.000,1.823,1.823,2.497
1780271002529,4.301,4.104,3.907,4.446,0.000,0.003,1.195,1.315,19.271,0.000,13.137,13.137,7.103
1780271002597,6.167,6.582,5.033,3.532,0.000,0.003,2.391,2.660,26.368,0.000,19.837,19.837,20.145
1780271002638,5.518,6.010,4.734,3.572,0.000,0.007,3.335,3.681,26.857,0.000,19.039,19.039,20.921
1780271002705,4.443,4.957,3.878,4.009,0.000,0.003,3.513,3.903,24.706,0.000,17.150,17.150,20.800
1780271002756,4.261,4.680,3.696,3.812,0.000,0.000,1.210,1.461,19.120,0.000,16.467,16.467,17.770
1780271002811,3.925,4.399,3.466,3.641,0.000,0.000,0.317,0.393,16.141,0.000,15.360,15.360,14.085
1780271002866,3.615,3.841,3.145,3.626,0.000,0.003,0.404,0.495,15.129,0.000,14.334,14.334,12.873
1780271002904,3.160,3.382,2.813,3.313,0.000,0.007,1.990,2.135,16.800,0.000,12.901,12.901,12.024
1780271002939,3.018,3.149,2.544,2.864,0.000,0.003,2.504,2.817,16.899,0.000,11.778,11.778,13.576
1780271002971,2.711,2.941,2.471,2.741,0.000,0.003,2.551,2.872,16.290,0.000,11.200,11.200,13.261
1780271003019,2.584,2.584,2.154,2.307,0.000,0.003,2.923,3.196,15.751,0.000,10.004,10.004,12.412
1780271003055,2.504,2.464,2.150,2.310,0.000,0.003,1.552,1.862,12.845,0.000,9.898,9.898,11.127
1780271003114,2.474,2.347,1.979,2.416,0.000,0.003,1.997,2.197,13.413,0.000,9.483,9.483,9.697
1780271003150,2.176,2.110,1.771,2.077,0.003,0.003,2.580,3.043,13.763,0.000,8.579,8.579,10.594
1780271003208,1.957,2.070,1.680,1.731,0.003,0.003,2.609,2.912,12.965,0.000,7.822,7.822,10.667
1780271003256,1.964,1.826,1.519,1.683,0.000,0.007,2.985,3.360,13.344,0.000,7.488,7.488,10.085
1780271003326,0.663,0.510,0.411,0.572,4.151,4.461,4.286,4.774,19.828,0.000,3.101,3.101,18.085
1780271003364,0.444,0.313,0.287,0.298,4.771,4.782,4.479,5.022,20.396,0.000,2.124,2.124,19.855
1780271003400,0.448,0.353,0.284,0.320,4.632,4.158,3.666,4.027,17.888,0.000,1.986,1.986,18.230
1780271003444,0.430,0.441,0.258,0.328,3.900,3.776,3.790,4.140,17.063,0.000,1.969,1.969,14.885
1780271003490,0.189,1.199,0.054,1.217,3.659,3.747,3.597,4.056,17.718,0.000,3.125,3.125,15.612
1780271003530,2.569,1.396,2.675,1.261,3.903,3.674,3.426,3.867,22.771,0.000,3.817,3.817,16.703
1780271003573,1.406,1.162,1.213,1.337,3.867,3.637,3.360,3.692,19.674,0.000,3.190,3.190,16.364
1780271003642,0.098,0.134,0.025,0.630,2.536,2.675,8.912,10.253,25.263,0.000,1.595,1.595,21.236
1780271003695,1.071,0.014,0.408,0.218,2.751,2.722,9.491,10.479,27.154,0.000,1.945,1.945,25.382
1780271003769,1.716,0.036,0.320,0.131,3.429,3.470,5.627,6.378,21.107,0.000,2.287,2.287,21.479
1780271003818,1.709,0.105,0.258,0.360,3.696,3.477,5.205,5.726,20.536,0.000,2.385,2.385,19.321
1780271003859,1.345,0.127,0.215,0.441,3.750,3.885,5.041,5.533,20.337,0.000,2.132,2.132,19.224
1780271003894,1.100,0.123,0.196,0.419,3.965,3.896,5.000,5.474,20.173,0.000,1.986,1.986,19.103
1780271003930,0.947,0.134,0.204,0.473,3.911,3.976,4.895,5.416,19.956,0.000,1.912,1.912,18.958
1780271003965,0.484,0.109,0.109,0.335,4.078,3.918,4.920,5.409,19.362,0.000,1.310,1.310,18.958
1780271004004,0.123,0.025,0.010,0.025,3.914,3.998,4.887,5.420,18.402,0.000,0.870,0.870,17.988
1780271004056,0.018,0.003,0.003,0.000,4.271,3.936,4.800,5.277,18.308,0.000,0.618,0.618,17.721
1780271004095,0.003,0.000,0.000,0.003,1.647,2.179,5.245,5.912,14.989,0.000,0.569,0.569,16.970
1780271004138,0.000,0.000,0.007,0.000,0.123,0.193,5.489,6.072,11.884,0.000,0.553,0.553,11.685
1780271004170,0.000,0.000,0.000,0.003,0.032,0.054,5.420,5.970,11.479,0.000,0.545,0.545,11.321
1780271004211,0.000,0.000,0.000,0.003,0.010,0.021,5.401,5.959,11.394,0.000,0.520,0.520,11.224
1780271004269,0.000,0.000,0.000,0.003,0.003,0.014,5.234,5.780,11.034,0.000,0.512,0.512,10.933
1780271004324,0.003,0.000,0.003,0.003,0.000,0.003,1.971,2.256,4.239,0.000,0.496,0.496,7.539
1780271004364,0.000,0.000,0.000,0.003,0.003,0.003,0.677,0.823,1.509,0.000,0.504,0.504,2.376
1780271004407,0.003,0.000,0.003,0.000,0.000,0.000,0.251,0.291,0.548,0.000,0.488,0.488,0.970
1780271004462,0.003,0.000,0.000,0.003,0.000,0.003,0.211,0.233,0.453,0.000,0.472,0.472,0.945
1780271004528,0.000,0.000,0.000,0.003,3.655,0.003,1.388,1.567,6.616,0.000,0.496,0.496,5.139
1780271004614,0.000,0.000,0.000,0.003,3.681,4.096,2.132,2.431,12.343,0.000,0.537,0.537,12.945
1780271004655,0.000,0.000,0.000,0.000,4.005,3.623,1.184,1.399,10.211,0.000,0.496,0.496,10.618
1780271004695,0.003,0.000,0.000,0.003,4.570,4.268,1.928,2.114,12.886,0.000,0.512,0.512,10.400
1780271004756,0.003,0.000,0.000,0.003,4.658,4.271,2.547,2.850,14.332,0.000,0.504,0.504,12.727
1780271004822,0.007,0.000,0.000,0.003,4.009,4.366,1.173,1.283,10.841,0.000,0.520,0.520,11.176
1780271004863,0.003,0.000,0.000,0.000,4.126,4.005,0.841,0.933,9.908,0.000,0.529,0.529,9.673
1780271004915,0.000,0.000,0.000,0.003,3.790,3.903,0.758,0.893,9.347,0.000,0.520,0.520,9.261
1780271004960,0.003,0.003,0.000,0.003,4.078,3.634,1.822,2.172,11.715,0.000,0.504,0.504,9.067
1780271005001,0.000,0.000,0.000,0.003,3.572,3.856,2.518,2.905,12.854,0.000,0.520,0.520,11.345
1780271005073,0.000,0.000,0.000,0.003,3.666,3.411,2.522,2.810,12.412,0.000,0.520,0.520,11.394
1780271005149,0.000,0.000,0.000,0.003,3.429,3.768,1.119,1.436,9.755,0.000,0.561,0.561,9.479
1780271005203,0.000,0.000,0.003,0.003,4.858,3.535,0.641,0.787,9.827,0.000,0.520,0.520,9.333
1780271005257,0.000,0.000,0.000,0.000,2.977,2.912,4.104,4.494,14.487,0.000,0.529,0.529,8.655
1780271005286,0.000,0.000,0.000,0.000,3.058,2.959,4.618,5.103,15.738,0.000,0.545,0.545,15.685
1780271005330,0.000,0.000,0.003,0.000,3.069,3.131,4.647,5.208,16.058,0.000,0.586,0.586,16.024
1780271005373,0.000,0.000,0.000,0.003,2.996,3.087,4.450,4.851,15.387,0.000,0.569,0.569,15.491
1780271005417,0.000,0.000,0.003,0.000,2.846,2.715,4.100,4.490,14.154,0.000,0.537,0.537,14.133
1780271005466,0.003,0.000,0.000,0.000,3.003,3.014,3.152,3.579,12.751,0.000,0.520,0.520,12.461
1780271005505,0.003,0.000,0.000,0.003,2.905,2.872,1.505,1.818,9.106,0.000,0.520,0.520,10.909
1780271005552,0.003,0.000,0.000,0.003,2.872,2.923,0.575,0.499,6.875,0.000,0.520,0.520,7.321
1780271005590,0.000,0.000,0.000,0.000,2.810,2.766,0.262,0.287,6.125,0.000,0.504,0.504,6.352
1780271005659,0.003,0.000,0.003,0.003,2.719,2.664,0.317,0.371,6.080,0.000,0.512,0.512,6.206
1780271005698,0.003,0.000,0.000,0.003,2.536,2.646,1.600,1.683,8.471,0.000,0.488,0.488,7.394
1780271005751,0.000,0.000,0.000,0.003,2.547,2.547,2.489,2.872,10.458,0.000,0.496,0.496,8.533
1780271005788,0.003,0.000,0.000,0.003,2.715,2.719,1.465,1.745,8.650,0.000,0.520,0.520,8.727
1780271005838,0.000,0.000,0.000,0.000,2.759,2.777,0.794,0.940,7.270,0.000,0.512,0.512,7.152
1780271005901,0.003,0.000,0.000,0.003,2.547,2.580,2.001,2.292,9.426,0.000,0.529,0.529,8.267
1780271005939,0.003,0.000,0.000,0.003,2.751,2.733,1.290,1.501,8.281,0.000,0.504,0.504,8.388
1780271005979,0.003,0.000,0.000,0.000,2.690,2.726,0.801,0.925,7.145,0.000,0.504,0.504,7.006
1780271006028,0.000,0.000,0.000,0.003,2.584,2.587,1.971,2.125,9.270,0.000,0.496,0.496,7.515
1780271006085,0.003,0.000,0.000,0.003,0.852,1.002,2.682,2.934,7.476,0.000,0.504,0.504,6.376
1780271006144,0.000,0.000,0.000,0.003,0.043,0.054,2.285,2.547,4.932,0.000,0.504,0.504,4.073
1780271006214,1.636,1.552,1.374,1.228,0.003,0.003,0.433,0.557,6.786,0.000,1.969,1.969,2.424
1780271006272,5.270,2.923,6.929,2.817,0.003,0.000,0.174,0.193,18.309,0.000,12.608,12.608,11.297
1780271006314,2.941,1.031,7.844,1.097,0.003,0.003,1.232,1.323,15.474,0.000,11.184,11.184,11.321
1780271006378,3.389,0.036,6.448,0.043,0.000,0.007,2.781,3.087,15.791,0.000,9.841,9.841,11.055
1780271006435,3.349,0.160,5.030,0.204,0.003,0.003,3.061,3.404,15.214,0.000,8.514,8.514,12.509
1780271006485,2.536,4.917,3.940,4.158,0.000,0.000,0.710,0.856,17.117,0.000,14.855,14.855,15.806
1780271006541,2.474,3.626,3.892,6.200,0.000,0.003,0.903,1.046,18.144,0.000,14.977,14.977,15.345
1780271006609,2.649,4.078,3.849,5.208,0.000,0.003,0.488,0.605,16.880,0.000,15.384,15.384,14.570
1780271006675,1.939,3.072,3.750,4.370,0.000,0.003,0.630,0.739,14.503,0.000,13.292,13.292,12.485
1780271006730,2.580,3.375,3.182,3.539,0.000,0.000,0.557,0.688,13.921,0.000,12.560,12.560,12.121
1780271006786,2.351,2.945,2.956,3.152,0.000,0.000,0.641,0.747,12.792,0.000,11.428,11.428,10.667
1780271006832,2.168,2.657,2.704,2.730,0.000,0.003,1.888,2.252,14.402,0.000,10.313,10.313,11.127
1780271006879,2.299,2.420,2.493,2.351,0.000,0.007,2.347,2.638,14.555,0.000,9.474,9.474,11.806
1780271006916,2.230,2.314,2.157,2.238,0.000,0.000,1.093,1.341,11.373,0.000,9.181,9.181,9.964
1780271006961,1.961,2.310,2.281,2.278,0.000,0.003,0.437,0.495,9.765,0.000,9.116,9.116,8.218
1780271007002,2.252,2.165,1.986,2.081,0.000,0.000,0.320,0.404,9.208,0.000,8.538,8.538,8.218
1780271007039,1.873,1.990,2.012,1.880,0.000,0.000,0.262,0.309,8.326,0.000,8.099,8.099,7.370
1780271007074,2.059,1.990,1.920,2.001,0.000,0.003,0.244,0.306,8.523,0.000,8.074,8.074,7.418
1780271007143,1.815,1.793,1.538,1.636,0.000,0.000,0.513,0.612,7.907,0.000,6.975,6.975,6.715
1780271007181,1.662,1.578,1.414,1.563,0.003,0.003,1.454,1.866,9.543,0.000,6.512,6.512,6.667
1780271007226,1.567,1.753,1.815,1.458,0.000,0.000,0.962,1.184,8.739,0.000,6.845,6.845,8.048
1780271007283,0.324,0.349,0.269,0.342,0.000,0.003,2.055,2.394,5.736,0.000,2.189,2.189,4.218
1780271007338,0.040,0.043,0.021,0.032,0.003,0.000,0.940,1.122,2.201,0.000,0.724,0.724,2.473
1780271007388,0.007,0.007,0.003,0.010,0.003,0.000,0.255,0.298,0.583,0.000,0.504,0.504,0.848
1780271007433,0.007,0.007,0.000,0.007,0.000,0.003,0.222,0.277,0.523,0.000,0.463,0.463,0.776
1780271007472,0.003,0.000,0.000,0.007,0.000,0.003,1.366,1.392,2.771,0.000,0.439,0.439,1.018
1780271007519,0.007,0.000,0.003,0.003,0.000,0.003,0.586,0.703,1.305,0.000,0.455,0.455,2.182
1780271007570,0.000,0.003,0.000,0.003,0.000,0.003,1.858,1.997,3.864,0.000,0.455,0.455,1.818
1780271007608,0.007,0.000,0.000,0.003,0.000,0.003,2.194,2.427,4.634,0.000,0.472,0.472,3.152
1780271007676,0.003,0.000,0.000,0.003,0.000,0.003,1.964,2.230,4.203,0.000,0.512,0.512,3.224
1780271007726,0.000,0.000,0.000,0.003,0.000,0.003,1.950,2.172,4.128,0.000,0.488,0.488,2.764
1780271007787,0.000,0.000,0.003,0.003,3.488,0.003,0.462,0.579,4.538,0.000,0.520,0.520,4.630
1780271007855,0.003,0.000,0.000,0.003,4.694,4.199,0.273,0.309,9.481,0.000,0.529,0.529,11.491
1780271007904,0.000,0.000,0.000,0.003,3.521,3.495,1.523,2.103,10.645,0.000,0.545,0.545,8.533
1780271007945,0.003,0.000,0.000,0.003,3.134,3.156,2.536,2.803,11.635,0.000,0.529,0.529,10.012
1780271007997,0.003,0.000,0.000,0.003,2.733,2.766,2.945,3.291,11.741,0.000,0.520,0.520,10.521
1780271008038,0.003,0.000,0.000,0.003,3.003,2.970,1.264,1.596,8.839,0.000,0.537,0.537,9.333
1780271008080,0.003,0.000,0.003,0.003,2.795,2.806,0.637,0.729,6.976,0.000,0.537,0.537,7.030
1780271008135,0.003,0.003,0.000,0.003,2.700,2.850,0.637,0.703,6.899,0.000,0.537,0.537,6.933
1780271008188,0.000,0.000,0.000,0.003,2.609,2.671,1.756,1.953,8.992,0.000,0.569,0.569,7.709
1780271008225,0.003,0.000,0.000,0.000,2.544,2.628,2.114,2.314,9.603,0.000,0.569,0.569,8.412
1780271008262,0.000,0.000,0.003,0.003,2.741,2.697,2.135,2.347,9.926,0.000,0.561,0.561,8.848
1780271008316,0.007,0.000,0.003,0.003,2.773,2.792,0.987,1.235,7.800,0.000,0.529,0.529,8.582
1780271008386,0.000,0.003,0.003,0.003,2.821,2.784,0.626,0.743,6.983,0.000,0.520,0.520,7.006
1780271008451,0.000,0.000,0.003,0.003,0.546,0.670,2.278,2.751,6.251,0.000,0.520,0.520,4.824
1780271008491,0.003,0.000,0.000,0.003,0.069,0.091,2.412,2.609,5.187,0.000,0.520,0.520,4.194
1780271008531,0.003,0.003,0.003,0.003,0.014,0.018,2.154,2.347,4.545,0.000,0.520,0.520,3.273
1780271008574,0.000,0.000,0.003,0.003,0.007,0.010,2.088,2.303,4.414,0.000,0.504,0.504,3.030
1780271008616,0.003,0.000,0.000,0.003,0.003,0.003,0.572,0.729,1.313,0.000,0.520,0.520,3.030
1780271008645,0.000,0.000,0.000,0.003,0.000,0.003,0.112,0.142,0.260,0.000,0.520,0.520,0.824
1780271008682,0.003,0.000,0.003,0.003,0.000,0.000,0.025,0.021,0.055,0.000,0.496,0.496,0.703
1780271008719,0.003,0.000,0.003,0.003,0.003,0.003,0.007,0.007,0.029,0.000,0.504,0.504,0.703
1780271008752,0.000,0.000,0.003,0.003,0.000,0.003,0.003,0.003,0.015,0.000,0.512,0.512,0.679
1780271008782,0.080,0.043,0.043,0.021,0.000,0.003,0.003,0.003,0.196,0.000,0.529,0.529,0.703
1780271008825,1.913,1.720,1.727,1.731,0.003,0.000,0.003,0.003,7.100,0.000,3.597,3.597,1.964
1780271008865,5.299,3.437,3.331,4.414,0.000,0.000,0.000,0.003,16.484,0.000,11.005,11.005,10.739
1780271008905,7.293,2.875,2.332,5.686,0.000,0.000,0.003,0.000,18.189,0.000,13.960,13.960,14.376
1780271008973,5.875,0.557,0.470,6.448,0.000,0.000,0.003,0.003,13.356,0.000,12.820,12.820,11.273
1780271009016,5.518,0.893,0.648,6.324,0.000,0.000,0.003,0.003,13.389,0.000,12.250,12.250,10.521
1780271009053,4.997,2.883,2.832,5.689,0.000,0.000,0.003,0.003,16.407,0.000,13.593,13.593,10.085
1780271009089,3.473,4.589,4.479,5.671,0.000,0.000,0.000,0.003,18.215,0.000,13.374,13.374,12.533
1780271009154,1.680,5.000,5.606,4.665,0.000,0.003,0.000,0.003,16.957,0.000,13.512,13.512,12.000
1780271009186,2.638,4.971,4.822,4.585,0.000,0.003,0.003,0.000,17.022,0.000,13.951,13.951,12.073
1780271009225,3.200,4.581,4.898,4.508,0.000,0.000,0.003,0.000,17.190,0.000,14.236,14.236,12.339
1780271009256,3.316,4.293,4.723,4.082,0.000,0.000,0.003,0.000,16.417,0.000,13.650,13.650,12.267
1780271009298,3.367,4.745,3.313,2.176,0.000,0.000,0.003,0.000,13.604,0.000,10.752,10.752,11.079
1780271009333,3.094,4.355,2.624,1.541,0.000,0.000,0.003,0.000,11.617,0.000,9.458,9.458,8.194
1780271009374,2.959,4.399,2.591,1.224,0.000,0.000,0.000,0.000,11.173,0.000,9.336,9.336,7.588
1780271009410,2.835,4.297,2.894,1.315,0.000,0.000,0.003,0.000,11.344,0.000,9.206,9.206,8.194
1780271009448,2.777,3.688,2.908,1.786,0.000,0.000,0.003,0.003,11.165,0.000,8.856,8.856,7.952
1780271009508,2.821,3.083,2.682,2.190,0.000,0.000,0.003,0.000,10.779,0.000,8.400,8.400,7.442
1780271009539,2.762,2.642,2.412,2.533,0.000,0.000,0.003,0.000,10.352,0.000,6.731,6.731,7.564
1780271009583,2.741,2.398,1.272,4.363,0.000,0.000,0.000,0.000,10.774,0.000,7.179,7.179,5.770
1780271009617,3.316,3.787,2.730,3.922,0.000,0.000,0.003,0.003,13.761,0.000,9.727,9.727,7.297
1780271009673,3.987,3.998,3.604,1.975,0.000,0.000,0.003,0.000,13.567,0.000,9.654,9.654,8.485
1780271009708,3.830,4.202,3.320,3.849,0.000,0.000,0.003,0.000,15.204,0.000,11.290,11.290,9.527
1780271009746,4.468,4.002,2.781,3.349,0.000,0.000,0.003,0.000,14.603,0.000,10.932,10.932,10.327
1780271009771,4.738,3.743,2.638,2.055,0.000,0.000,0.000,0.000,13.174,0.000,10.134,10.134,9.042
1780271009806,4.363,3.699,2.420,3.054,0.000,0.000,0.003,0.000,13.539,0.000,11.037,11.037,8.752
1780271009842,4.038,2.741,1.909,4.702,0.003,0.000,0.003,0.003,13.399,0.000,10.997,10.997,9.988
1780271009878,4.293,2.030,0.984,4.071,0.000,0.000,0.003,0.000,11.381,0.000,9.947,9.947,9.382
1780271009912,4.479,1.268,0.674,4.009,0.000,0.000,0.003,0.000,10.433,0.000,9.352,9.352,8.242
1780271009955,3.914,0.579,0.379,4.450,0.000,0.000,0.003,0.000,9.325,0.000,8.937,8.937,7.903
1780271010023,3.710,0.320,0.207,3.918,0.000,0.000,0.003,0.000,8.158,0.000,8.115,8.115,7.127
1780271010055,3.214,0.215,0.123,3.790,0.000,0.003,0.003,0.000,7.348,0.000,7.293,7.293,6.594
1780271010094,3.007,1.778,1.749,3.426,0.000,0.000,0.003,0.000,9.963,0.000,7.838,7.838,5.503
1780271010127,3.193,3.455,3.809,3.433,0.000,0.000,0.003,0.000,13.893,0.000,11.021,11.021,8.582
1780271010190,1.097,4.213,7.158,3.054,0.000,0.000,0.000,0.000,15.522,0.000,11.754,11.754,11.661
1780271010218,0.900,3.353,7.253,2.471,0.000,0.000,0.003,0.000,13.980,0.000,13.390,13.390,9.988
1780271010260,1.195,5.850,5.573,1.833,0.000,0.003,0.003,0.000,14.457,0.000,8.921,8.921,13.842
1780271010293,0.375,3.061,3.247,0.652,0.000,0.003,0.003,0.000,7.341,0.000,4.672,4.672,5.576
1780271010335,0.047,0.360,0.400,0.076,0.000,0.000,0.003,0.000,0.886,0.000,1.693,1.693,0.776
1780271010366,0.014,0.072,0.091,0.018,0.000,0.000,0.003,0.000,0.198,0.000,0.968,0.968,0.630
1780271010400,0.007,0.018,0.018,0.007,0.000,0.000,0.003,0.000,0.053,0.000,0.634,0.634,0.679
1780271010440,0.036,0.069,0.007,0.674,0.000,0.003,0.000,0.000,0.789,0.000,0.610,0.610,0.703
1780271010488,0.018,0.138,0.007,0.240,0.000,0.000,0.003,0.000,0.406,0.000,0.537,0.537,0.727
1780271010547,0.003,0.003,0.003,0.010,0.000,0.000,0.000,0.000,0.019,0.000,0.512,0.512,0.703
1780271010573,0.003,0.003,0.003,0.003,0.003,0.003,0.003,0.000,0.021,0.000,0.504,0.504,0.679
1780271010616,0.729,3.903,4.013,0.572,0.000,0.003,0.003,0.000,9.223,0.000,8.083,8.083,2.085
1780271010651,1.140,6.098,7.446,1.913,0.000,0.003,0.000,0.000,16.600,0.000,13.235,13.235,12.291
1780271010706,2.081,4.574,7.424,3.830,0.000,0.000,0.003,0.000,17.912,0.000,15.335,15.335,13.333
1780271010744,2.839,5.631,5.259,4.184,0.000,0.000,0.003,0.000,17.916,0.000,13.015,13.015,15.297
1780271010791,1.031,2.493,3.039,2.591,0.000,0.003,0.003,0.000,9.160,0.000,4.542,4.542,8.945
1780271010839,0.386,0.346,0.659,0.488,0.000,0.000,0.003,0.000,1.882,0.000,1.465,1.465,1.285
1780271010891,0.025,0.021,0.036,0.021,0.000,0.000,0.003,0.000,0.106,0.000,0.716,0.716,0.703
1780271010924,0.007,0.007,0.014,0.010,0.000,0.003,0.003,0.000,0.044,0.000,0.577,0.577,0.679
1780271010967,0.003,0.003,0.007,0.003,0.000,0.000,0.003,0.000,0.019,0.000,0.537,0.537,0.703
1780271011001,0.003,0.003,0.007,0.007,0.000,0.000,0.003,0.000,0.023,0.000,0.545,0.545,0.679
1780271011060,0.003,0.000,0.000,0.003,0.000,0.000,0.003,0.000,0.009,0.000,0.537,0.537,0.727
1780271011084,0.003,0.000,0.003,0.003,0.000,0.000,0.003,0.000,0.012,0.000,0.520,0.520,0.703
1780271011118,0.003,0.007,0.003,0.003,0.000,0.000,0.000,0.000,0.016,0.000,0.504,0.504,0.679
1780271011145,0.003,0.000,0.007,0.003,0.000,0.003,0.003,0.000,0.019,0.000,0.504,0.504,0.679
1780271011184,0.000,0.003,0.000,0.003,0.000,0.000,0.000,0.003,0.009,0.000,0.488,0.488,0.703
1780271011235,0.003,0.003,0.003,0.007,0.000,0.000,0.003,0.000,0.019,0.000,0.512,0.512,0.727
1780271011267,0.003,0.003,0.000,0.003,0.000,0.000,0.003,0.000,0.012,0.000,0.504,0.504,0.679
1780271011299,0.000,0.000,0.000,0.003,0.000,0.003,0.003,0.000,0.009,0.000,0.488,0.488,0.679
1780271011342,0.003,0.000,0.000,0.003,0.003,0.000,0.003,0.000,0.012,0.000,0.504,0.504,0.727
1780271011374,0.000,0.000,0.003,0.007,0.000,0.000,0.003,0.003,0.016,0.000,0.496,0.496,0.703
1780271011412,0.000,0.000,0.003,0.003,0.000,0.000,0.003,0.003,0.012,0.000,0.496,0.496,0.703
1780271011451,0.000,0.003,0.003,0.010,0.000,0.000,0.003,0.000,0.019,0.000,0.504,0.504,0.703
1780271011480,0.003,0.000,0.003,0.003,0.003,0.000,0.003,0.000,0.015,0.000,0.504,0.504,0.727
1780271011523,0.003,0.000,0.000,0.003,0.003,0.003,0.003,0.000,0.015,0.000,0.512,0.512,0.679
1780271011587,0.003,0.000,0.000,0.003,0.000,0.000,0.000,0.000,0.006,0.000,0.496,0.496,0.679
1780271011624,0.003,0.000,0.003,0.003,0.000,0.000,0.003,0.000,0.012,0.000,0.488,0.488,0.679
1780271011657,0.003,0.003,0.003,0.003,0.000,0.000,0.003,0.003,0.018,0.000,0.504,0.504,0.679
1780271011686,0.000,0.000,0.003,0.003,0.000,0.000,0.003,0.000,0.009,0.000,0.496,0.496,0.679
1780271011735,0.003,0.000,0.000,0.003,0.000,0.000,0.003,0.003,0.012,0.000,0.496,0.496,0.727
1780271011764,0.000,0.000,0.003,0.003,0.000,0.000,0.003,0.003,0.012,0.000,0.504,0.504,0.630
1780271011796,0.003,0.000,0.000,0.003,0.000,0.000,0.003,0.000,0.009,0.000,0.496,0.496,0.630
1780271011822,0.003,0.000,0.003,0.003,0.000,0.003,0.003,0.000,0.015,0.000,0.496,0.496,0.679
1780271011864,0.000,0.000,0.003,0.000,0.000,0.000,0.003,0.000,0.006,0.000,0.512,0.512,0.679
1780271011895,0.003,0.003,0.003,0.003,0.000,0.000,0.003,0.000,0.015,0.000,0.504,0.504,0.679
1780271011937,0.003,0.000,0.000,0.000,0.000,0.000,0.003,0.000,0.006,0.000,0.496,0.496,0.679
1780271011964,0.000,0.000,0.000,0.003,0.003,0.000,0.003,0.000,0.009,0.000,0.504,0.504,0.679
1780271012000,0.000,0.003,0.000,0.003,0.000,0.000,0.003,0.003,0.012,0.000,0.496,0.496,0.703
1780271012042,0.000,0.000,0.000,0.003,0.003,0.003,0.003,0.000,0.012,0.000,0.504,0.504,0.679
1780271012099,0.000,0.000,0.003,0.003,0.000,0.000,0.003,0.003,0.012,0.000,0.480,0.480,0.679
1780271012127,0.000,0.000,0.000,0.003,0.000,0.000,0.003,0.000,0.006,0.000,0.488,0.488,0.630
1780271012161,0.007,0.000,0.000,0.003,0.000,0.000,0.003,0.003,0.016,0.000,0.488,0.488,0.630
1780271012204,0.003,0.000,0.000,0.003,0.003,0.000,0.003,0.000,0.012,0.000,0.496,0.496,0.679
1780271012254,0.003,0.000,0.000,0.003,0.000,0.000,0.003,0.003,0.012,0.000,0.496,0.496,0.679
1780271012282,0.000,0.000,0.000,0.003,0.000,0.000,0.003,0.003,0.009,0.000,0.488,0.488,0.703
1780271012314,0.000,0.003,0.003,0.003,0.000,0.003,0.003,0.000,0.015,0.000,0.504,0.504,0.703
1780271012350,0.003,0.000,0.003,0.003,0.000,0.000,0.003,0.003,0.015,0.000,0.488,0.488,0.630
1780271012392,0.000,0.003,0.003,0.003,0.000,0.000,0.003,0.000,0.012,0.000,0.504,0.504,0.679
1780271012417,0.000,0.000,0.003,0.003,0.000,0.000,0.003,0.003,0.012,0.000,0.496,0.496,0.630
1780271012457,0.007,0.000,0.000,0.003,0.000,0.000,0.003,0.003,0.016,0.000,0.504,0.504,0.630
1780271012492,0.000,0.000,0.000,0.003,0.000,0.000,0.003,0.003,0.009,0.000,0.504,0.504,0.703
1780271012527,0.000,0.003,0.000,0.000,0.000,0.000,0.003,0.000,0.006,0.000,0.488,0.488,0.679
1780271012556,0.003,0.000,0.000,0.003,0.000,0.000,0.003,0.000,0.009,0.000,0.480,0.480,0.679
1780271012619,0.003,0.000,0.000,0.003,0.000,0.000,0.003,0.000,0.009,0.000,0.496,0.496,0.679
1780271012657,0.003,0.000,0.000,0.003,0.000,0.000,0.003,0.000,0.009,0.000,0.504,0.504,0.679
1780271012690,0.000,0.003,0.000,0.003,0.000,0.000,0.003,0.003,0.012,0.000,0.496,0.496,0.703
1780271012724,0.000,0.000,0.000,0.003,0.000,0.000,0.003,0.000,0.006,0.000,0.512,0.512,0.679
1780271012776,0.000,0.003,0.000,0.003,0.000,0.003,0.003,0.000,0.012,0.000,0.512,0.512,0.679
1780271012813,0.000,0.003,0.000,0.003,0.000,0.000,0.003,0.003,0.012,0.000,0.488,0.488,0.703
1780271012847,0.000,0.000,0.003,0.003,0.000,0.003,0.003,0.000,0.012,0.000,0.496,0.496,0.679
1780271012876,0.000,0.000,0.000,0.003,0.000,0.003,0.003,0.000,0.009,0.000,0.496,0.496,0.679
1780271012921,0.007,0.003,0.003,0.003,0.000,0.000,0.003,0.003,0.022,0.000,0.496,0.496,0.679
1780271012979,0.007,0.000,0.000,0.003,0.000,0.000,0.003,0.000,0.013,0.000,0.504,0.504,0.679
1780271013007,0.000,0.000,0.000,0.000,0.000,0.000,0.003,0.003,0.006,0.000,0.496,0.496,0.679
1780271013039,0.000,0.000,0.000,0.003,0.000,0.000,0.003,0.003,0.009,0.000,0.488,0.488,0.630
1780271013070,0.000,0.000,0.003,0.003,0.000,0.000,0.000,0.000,0.006,0.000,0.496,0.496,0.679
1780271013139,0.000,0.000,0.000,0.000,0.000,0.000,0.000,0.003,0.003,0.000,0.488,0.488,0.679
1780271013176,0.000,0.000,0.000,0.003,0.000,0.000,0.003,0.000,0.006,0.000,0.496,0.496,0.630
1780271013227,0.003,0.000,0.000,0.003,0.000,0.000,0.003,0.000,0.009,0.000,0.504,0.504,0.679
1780271013285,0.003,0.000,0.000,0.000,0.000,0.000,0.003,0.000,0.006,0.000,0.504,0.504,0.679
1780271013313,0.000,0.003,0.003,0.000,0.000,0.000,0.003,0.003,0.012,0.000,0.488,0.488,0.606
1780271013345,0.003,0.000,0.000,0.003,0.000,0.000,0.003,0.000,0.009,0.000,0.488,0.488,0.679
1780271013372,0.000,0.000,0.000,0.003,0.000,0.000,0.003,0.003,0.009,0.000,0.504,0.504,0.630
1780271013410,0.003,0.000,0.003,0.003,0.000,0.000,0.003,0.000,0.012,0.000,0.496,0.496,0.703
1780271013450,0.003,0.000,0.003,0.003,0.000,0.000,0.007,0.000,0.016,0.000,0.480,0.480,0.630
1780271013502,0.000,0.000,0.000,0.003,0.000,0.000,0.003,0.000,0.006,0.000,0.504,0.504,0.679
1780271013561,0.003,0.000,0.000,0.003,0.003,0.018,6.684,7.800,14.511,0.000,0.553,0.553,4.994
1780271013600,0.000,0.000,0.000,0.000,0.003,0.018,7.978,8.897,16.896,0.000,0.586,0.586,16.630
1780271013660,0.000,0.000,0.000,0.003,0.003,0.014,7.833,8.642,16.495,0.000,0.602,0.602,16.267
1780271013709,0.000,0.000,0.000,0.000,0.007,0.014,7.895,8.492,16.408,0.000,0.594,0.594,16.073
1780271013745,0.003,0.000,0.000,0.003,0.003,0.014,7.541,8.383,15.947,0.000,0.626,0.626,15.588
1780271013784,0.000,0.000,0.000,0.000,0.007,0.018,7.519,8.248,15.792,0.000,0.618,0.618,15.200
1780271013816,0.000,0.000,0.000,0.003,0.003,0.014,7.479,8.040,15.539,0.000,0.586,0.586,15.273
1780271013849,0.003,0.000,0.000,0.000,0.003,0.018,7.242,7.960,15.226,0.000,0.577,0.577,14.764
1780271013880,0.000,0.000,0.000,0.003,0.003,0.018,7.333,7.891,15.248,0.000,0.577,0.577,14.667
1780271013913,0.000,0.003,0.000,0.000,0.007,0.014,6.987,7.763,14.774,0.000,0.577,0.577,14.279
1780271013960,0.000,0.000,0.000,0.003,0.003,0.010,6.918,7.559,14.493,0.000,0.561,0.561,14.279
1780271014017,0.003,0.000,0.003,0.003,0.003,0.014,6.717,7.341,14.084,0.000,0.577,0.577,13.964
1780271014074,0.003,0.000,0.000,0.003,0.007,0.014,6.437,7.224,13.688,0.000,0.569,0.569,13.503
1780271014110,0.000,0.000,0.000,0.003,0.003,0.014,6.491,7.071,13.582,0.000,0.569,0.569,13.333
1780271014178,0.000,0.003,0.000,0.000,0.003,0.010,6.327,6.896,13.239,0.000,0.569,0.569,12.776
1780271014212,0.000,0.000,0.000,0.003,0.007,0.010,6.232,6.728,12.980,0.000,0.561,0.561,12.558
1780271014249,0.003,0.000,0.000,0.003,0.003,0.010,5.988,6.626,12.633,0.000,0.594,0.594,13.139
1780271014281,0.003,0.000,0.000,0.000,0.003,0.010,5.923,6.495,12.434,0.000,0.577,0.577,12.630
1780271014321,0.000,0.000,0.000,0.003,0.003,0.014,5.963,6.404,12.387,0.000,0.561,0.561,12.218
1780271014356,0.003,0.000,0.000,0.003,0.003,0.014,5.835,6.320,12.178,0.000,0.553,0.553,12.097
1780271014394,0.007,0.000,0.000,0.003,0.003,0.007,4.822,5.267,10.109,0.000,0.553,0.553,11.661
1780271014429,0.003,0.000,0.000,0.000,0.003,0.007,3.943,4.355,8.311,0.000,0.537,0.537,7.321
1780271014489,0.003,0.000,0.000,0.003,0.000,0.003,1.519,1.476,3.004,0.000,0.520,0.520,3.830
1780271014540,0.000,0.000,0.000,0.003,0.000,0.000,0.411,0.400,0.814,0.000,0.496,0.496,1.358
1780271014578,0.000,0.000,0.000,0.000,0.000,0.000,0.215,0.247,0.462,0.000,0.504,0.504,0.873
1780271014628,0.003,0.000,0.000,0.003,0.000,0.000,0.255,0.302,0.563,0.000,0.504,0.504,0.824
1780271014692,0.000,0.000,0.003,0.003,0.000,0.000,0.517,0.597,1.120,0.000,0.496,0.496,0.945
1780271014736,0.000,0.000,0.000,0.003,0.000,0.003,1.654,1.764,3.424,0.000,0.504,0.504,1.964
1780271014776,0.003,0.000,0.003,0.003,0.000,0.003,2.194,2.402,4.608,0.000,0.520,0.520,3.273
1780271014810,0.000,0.000,0.000,0.007,0.000,0.003,2.208,2.467,4.685,0.000,0.512,0.512,3.224
1780271014848,0.003,0.000,0.003,0.000,0.003,0.003,2.245,2.449,4.706,0.000,0.504,0.504,3.224
1780271014886,0.003,0.003,0.000,0.003,0.000,0.003,1.144,1.348,2.504,0.000,0.520,0.520,2.109
1780271014928,0.000,0.000,0.000,0.003,0.000,0.003,1.643,1.767,3.416,0.000,0.512,0.512,1.285
1780271014967,0.003,0.003,0.000,0.003,0.003,0.003,2.081,2.270,4.366,0.000,0.504,0.504,3.006
1780271015037,0.003,0.000,0.003,0.003,3.783,0.003,0.867,1.064,5.726,0.000,0.512,0.512,5.236
1780271015098,0.000,0.000,0.000,0.003,4.242,4.118,0.448,0.521,9.332,0.000,0.537,0.537,11.321
1780271015142,0.003,0.000,0.000,0.003,3.626,3.484,1.735,2.248,11.099,0.000,0.504,0.504,8.509
1780271015184,0.003,0.000,0.000,0.003,2.864,3.036,2.478,2.759,11.143,0.000,0.512,0.512,10.012
1780271015245,0.000,0.000,0.000,0.003,2.533,2.467,2.934,3.171,11.108,0.000,0.520,0.520,9.794
1780271015291,0.003,0.000,0.000,0.003,2.697,2.700,1.439,1.257,8.099,0.000,0.529,0.529,8.727
1780271015324,0.003,0.000,0.000,0.000,2.843,2.835,0.557,0.652,6.890,0.000,0.529,0.529,6.909
1780271015368,0.003,0.000,0.000,0.003,2.795,2.773,0.411,0.492,6.477,0.000,0.512,0.512,6.739
1780271015406,0.000,0.000,0.000,0.000,2.704,2.828,0.605,0.699,6.836,0.000,0.512,0.512,6.909
1780271015442,0.000,0.000,0.000,0.003,2.624,2.671,0.510,0.583,6.391,0.000,0.529,0.529,6.764
1780271015483,0.000,0.000,0.000,0.000,2.504,2.522,2.121,2.267,9.414,0.000,0.504,0.504,7.152
1780271015555,0.000,0.000,0.000,0.003,2.558,2.638,2.372,2.653,10.224,0.000,0.520,0.520,9.115
1780271015619,0.000,0.000,0.000,0.003,2.788,2.755,1.027,1.082,7.655,0.000,0.529,0.529,7.855
1780271015656,0.000,0.000,0.003,0.003,2.675,2.730,0.572,0.707,6.690,0.000,0.512,0.512,6.885
1780271015702,0.000,0.000,0.000,0.000,2.372,2.496,0.663,0.790,6.321,0.000,0.512,0.512,6.255
1780271015740,0.000,0.003,0.000,0.003,2.212,2.241,0.743,0.838,6.040,0.000,0.504,0.504,6.061
1780271015784,0.000,0.000,0.000,0.003,2.095,2.041,2.019,2.168,8.326,0.000,0.520,0.520,6.085
1780271015829,0.000,0.000,0.000,0.003,2.179,2.278,1.272,1.228,6.960,0.000,0.512,0.512,7.176
1780271015872,0.000,0.000,0.000,0.000,2.077,2.125,2.059,2.223,8.484,0.000,0.512,0.512,6.182
1780271015913,0.003,0.000,0.000,0.007,2.248,2.197,1.140,1.345,6.940,0.000,0.529,0.529,7.661
1780271015949,0.000,0.000,0.000,0.000,2.052,2.187,1.775,2.238,8.252,0.000,0.520,0.520,6.376
1780271015991,0.003,0.000,0.000,0.000,2.187,2.176,1.268,1.279,6.913,0.000,0.520,0.520,7.152
1780271016063,0.000,0.000,0.000,0.003,2.132,2.205,0.834,0.896,6.070,0.000,0.561,0.561,6.230
1780271016131,0.000,0.000,0.003,0.003,0.233,0.313,2.405,2.536,5.493,0.000,0.569,0.569,3.758
1780271016171,0.000,0.003,0.000,0.003,0.032,0.047,1.618,1.888,3.591,0.000,0.561,0.561,3.903
1780271016218,0.000,0.000,0.000,0.000,0.007,0.007,0.809,0.922,1.745,0.000,0.553,0.553,1.673
1780271016263,0.000,0.000,0.000,0.003,0.003,0.007,2.121,2.238,4.372,0.000,0.553,0.553,2.618
1780271016305,0.003,0.000,0.000,0.007,0.003,0.003,1.567,1.432,3.015,0.000,0.569,0.569,3.782
1780271016346,0.000,0.000,0.000,0.003,0.003,0.007,1.986,2.146,4.145,0.000,0.577,0.577,1.527
1780271016415,0.003,0.000,0.003,0.003,4.712,4.406,0.554,0.641,10.322,0.000,0.618,0.618,11.152
1780271016457,0.003,0.000,0.000,0.003,3.316,3.098,2.416,2.536,11.372,0.000,0.553,0.553,8.218
1780271016493,0.000,0.000,0.003,0.003,2.606,2.620,2.751,3.036,11.019,0.000,0.553,0.553,9.576
1780271016552,0.003,0.003,0.000,0.003,2.464,2.507,1.396,1.618,7.994,0.000,0.577,0.577,8.776
1780271016592,0.000,0.000,0.000,0.003,2.354,2.369,0.962,1.100,6.788,0.000,0.537,0.537,6.109
1780271016649,0.003,0.000,0.003,0.003,2.358,2.285,0.900,0.995,6.547,0.000,0.537,0.537,5.915
1780271016701,0.000,0.003,0.000,0.003,2.125,2.161,2.059,2.238,8.589,0.000,0.520,0.520,7.103
1780271016761,0.003,0.000,0.000,0.000,6.794,5.952,0.703,0.849,14.301,0.000,0.602,0.602,16.630
1780271016802,0.000,0.000,0.000,0.003,3.896,3.725,1.319,1.454,10.397,0.000,0.561,0.561,9.382
1780271016851,0.003,0.000,0.000,0.000,3.203,3.127,2.354,2.540,11.227,0.000,0.545,0.545,9.067
1780271016889,0.000,0.000,0.000,0.003,3.167,3.229,1.556,1.815,9.770,0.000,0.553,0.553,9.939
1780271016937,0.007,0.000,0.000,0.003,3.069,3.039,0.747,0.838,7.703,0.000,0.545,0.545,7.515
1780271016991,0.000,0.000,0.000,0.003,3.167,3.138,0.787,0.889,7.984,0.000,0.529,0.529,7.564
1780271017036,0.000,0.000,0.003,0.000,3.404,2.948,2.099,2.289,10.743,0.000,0.561,0.561,8.073
1780271017085,0.000,0.000,0.000,0.003,2.751,2.817,2.584,2.832,10.987,0.000,0.545,0.545,9.212
1780271017126,0.003,0.000,0.000,0.000,2.248,2.252,1.771,1.705,7.979,0.000,0.545,0.545,7.006
1780271017185,0.003,0.000,0.000,0.000,0.499,0.586,0.823,0.900,2.811,0.000,0.520,0.520,3.152
1780271017240,0.000,0.000,0.000,0.003,1.804,0.040,0.390,0.470,2.707,0.000,0.504,0.504,1.697
1780271017299,0.003,0.000,0.000,0.003,5.070,4.632,0.251,0.284,10.243,0.000,0.569,0.569,12.339
1780271017336,0.000,0.000,0.003,0.003,3.273,2.981,2.664,2.795,11.719,0.000,0.537,0.537,7.952
1780271017383,0.003,0.000,0.000,0.000,1.735,1.851,3.419,3.765,10.773,0.000,0.529,0.529,9.697
1780271017438,0.000,0.000,0.000,0.000,1.753,1.673,1.450,1.673,6.549,0.000,0.512,0.512,7.176
1780271017473,0.000,0.000,0.000,0.003,1.574,1.629,1.064,1.111,5.381,0.000,0.512,0.512,5.648
1780271017513,0.000,0.000,0.000,0.003,1.476,1.574,0.852,0.954,4.859,0.000,0.520,0.520,5.236
1780271017563,0.003,0.000,0.000,0.003,1.527,1.585,0.554,0.656,4.328,0.000,0.520,0.520,4.994
1780271017619,0.000,0.000,0.000,0.003,1.541,1.636,0.736,0.874,4.790,0.000,0.496,0.496,4.970
1780271017661,0.000,0.000,0.000,0.007,1.465,1.337,2.212,2.383,7.404,0.000,0.504,0.504,5.988
1780271017713,0.000,0.000,0.000,0.003,1.304,1.355,2.941,3.203,8.806,0.000,0.512,0.512,7.564
1780271017782,0.000,0.000,0.000,0.003,1.549,1.592,1.293,1.509,5.946,0.000,0.520,0.520,6.788
1780271017840,0.000,0.000,0.000,0.003,1.534,1.519,0.605,0.714,4.375,0.000,0.512,0.512,5.042
1780271017900,0.000,0.000,0.000,0.003,1.432,1.450,0.747,0.874,4.506,0.000,0.496,0.496,4.606
1780271017954,0.000,0.000,0.003,0.003,1.425,1.465,0.816,0.933,4.645,0.000,0.504,0.504,4.848
1780271018003,0.000,0.000,0.000,0.003,1.293,1.286,2.442,2.679,7.703,0.000,0.512,0.512,5.697
1780271018042,0.000,0.000,0.003,0.003,1.363,1.348,2.631,2.934,8.282,0.000,0.529,0.529,7.442
1780271018079,0.000,0.000,0.003,0.003,1.428,1.490,1.406,1.651,5.981,0.000,0.512,0.512,7.539
1780271018139,0.000,0.003,0.000,0.003,1.348,1.399,2.241,2.471,7.465,0.000,0.504,0.504,6.448
1780271018177,0.000,0.000,0.000,0.000,1.450,1.530,1.082,1.308,5.370,0.000,0.504,0.504,7.006
1780271018221,0.000,0.000,0.000,0.003,1.516,1.501,0.572,0.692,4.284,0.000,0.488,0.488,4.970
1780271018297,0.000,0.003,0.000,0.003,1.374,1.450,0.754,0.885,4.469,0.000,0.504,0.504,4.824
1780271018358,0.000,0.003,0.000,0.003,0.262,0.357,2.336,2.533,5.494,0.000,0.504,0.504,3.564
1780271018399,0.007,0.000,0.003,0.003,0.040,0.036,2.766,3.109,5.964,0.000,0.496,0.496,4.097
1780271018439,0.003,0.000,0.000,0.003,0.010,0.010,1.304,1.509,2.839,0.000,0.512,0.512,4.388
1780271018478,0.000,0.000,0.000,0.000,0.003,0.010,2.121,2.577,4.711,0.000,0.504,0.504,1.576
1780271018515,0.000,0.000,0.000,0.003,0.003,0.003,1.133,1.359,2.501,0.000,0.512,0.512,3.515
1780271018576,0.000,0.003,0.003,0.003,3.991,0.007,0.648,0.758,5.413,0.000,0.520,0.520,4.024
1780271018612,0.000,0.000,0.000,0.003,4.089,0.007,0.798,0.903,5.800,0.000,0.504,0.504,4.630
1780271018663,0.000,0.000,0.000,0.003,5.270,5.267,0.503,0.579,11.622,0.000,0.529,0.529,4.606
1780271018708,0.000,0.000,0.003,0.003,3.028,3.018,2.719,3.367,12.138,0.000,0.520,0.520,9.818
1780271018750,0.000,0.000,0.000,0.000,2.041,2.077,3.054,3.397,10.569,0.000,0.520,0.520,10.230
1780271018802,0.000,0.000,0.000,0.003,1.654,1.742,1.425,1.618,6.442,0.000,0.537,0.537,7.806
1780271018845,0.000,0.000,0.003,0.003,1.607,1.541,0.962,1.129,5.245,0.000,0.512,0.512,5.406
1780271018888,0.003,0.000,0.000,0.003,1.447,1.523,0.911,1.027,4.914,0.000,0.496,0.496,5.115
1780271018936,0.000,0.000,0.003,0.003,1.468,1.454,0.404,0.484,3.816,0.000,0.488,0.488,4.776
1780271018996,0.000,0.000,0.000,0.003,1.374,1.443,0.539,0.608,3.967,0.000,0.529,0.529,4.582
1780271019033,0.000,0.000,0.003,0.003,1.304,1.304,2.219,2.318,7.151,0.000,0.537,0.537,4.897
1780271019077,0.000,0.000,0.003,0.003,1.454,1.465,1.476,1.738,6.139,0.000,0.545,0.545,7.394
1780271019113,0.000,0.000,0.000,0.003,1.352,1.323,2.114,2.358,7.150,0.000,0.545,0.545,5.503
1780271019154,0.000,0.000,0.000,0.000,1.392,1.443,1.388,1.570,5.793,0.000,0.520,0.520,7.006
1780271019212,0.000,0.000,0.000,0.003,1.242,1.308,2.708,3.003,8.264,0.000,0.504,0.504,5.552
1780271019268,0.000,0.000,0.003,0.003,1.523,1.458,1.385,1.611,5.983,0.000,0.504,0.504,6.085
1780271019315,0.003,0.000,0.000,0.000,1.414,1.479,0.958,1.111,4.965,0.000,0.529,0.529,5.430
1780271019353,0.000,0.000,0.000,0.007,1.406,1.447,0.954,1.064,4.878,0.000,0.496,0.496,5.115
1780271019394,0.000,0.000,0.000,0.000,1.374,1.312,2.139,2.310,7.135,0.000,0.504,0.504,5.648
1780271019442,0.007,0.000,0.000,0.003,1.487,1.450,1.046,1.202,5.195,0.000,0.520,0.520,6.861
1780271019477,0.000,0.003,0.000,0.003,1.417,1.454,0.889,1.035,4.801,0.000,0.488,0.488,5.091
1780271019521,1.909,2.285,1.472,2.165,1.239,1.246,0.834,0.882,12.032,0.000,4.126,4.126,5.236
1780271019593,3.779,4.964,5.770,5.460,0.094,0.131,1.953,2.150,24.301,0.000,17.175,17.175,20.970
1780271019636,3.466,4.264,4.902,4.457,0.018,0.021,3.652,4.056,24.836,0.000,15.645,15.645,18.667
1780271019675,2.854,3.400,4.155,4.086,0.007,0.007,2.886,3.324,20.719,0.000,14.570,14.570,21.261
1780271019730,2.533,2.854,3.521,3.513,0.000,0.007,2.176,2.438,17.042,0.000,12.584,12.584,14.400
1780271019787,2.063,2.423,3.182,3.510,0.000,0.003,0.729,0.944,12.854,0.000,11.322,11.322,11.806
1780271019837,1.804,2.183,2.817,2.941,0.000,0.003,0.349,0.441,10.538,0.000,9.971,9.971,9.988
1780271019891,1.345,1.928,2.635,2.781,0.000,0.003,0.550,0.652,9.894,0.000,9.002,9.002,8.606
1780271019931,1.330,1.753,2.256,2.474,0.000,0.000,0.441,0.535,8.789,0.000,8.262,8.262,7.709
1780271019979,1.567,0.535,2.256,0.492,0.000,0.003,0.721,0.852,6.426,0.000,5.396,5.396,5.794
1780271020037,1.239,0.036,2.587,0.043,0.000,0.003,0.331,0.426,4.665,0.000,4.574,4.574,4.436
1780271020106,1.228,4.982,2.314,5.252,0.000,0.007,2.084,2.325,18.192,0.000,8.538,8.538,9.915
1780271020165,0.659,2.803,2.948,7.483,0.000,0.003,3.185,3.666,20.747,0.000,12.470,12.470,15.079
1780271020199,1.341,2.839,2.533,6.834,0.003,0.010,3.870,4.282,21.712,0.000,14.538,14.538,18.230
1780271020240,1.516,4.968,2.544,6.076,0.003,0.007,4.213,4.607,23.934,0.000,14.358,14.358,22.133
1780271020304,1.031,2.839,3.488,5.339,0.003,0.007,4.224,4.712,21.643,0.000,14.017,14.017,19.709
1780271020355,2.784,4.049,3.039,4.486,0.000,0.003,1.961,2.292,18.614,0.000,14.000,14.000,20.461
1780271020392,1.436,2.624,2.930,3.717,0.007,0.021,7.967,8.492,27.194,0.000,10.834,10.834,16.267
1780271020443,2.511,0.601,0.535,2.857,0.007,0.021,9.579,10.690,26.801,0.000,7.114,7.114,25.503
1780271020485,2.901,2.274,2.176,3.193,0.000,0.007,4.337,5.015,19.903,0.000,7.146,7.146,23.879
1780271020525,3.240,3.521,4.428,2.879,0.003,0.010,4.822,5.372,24.275,0.000,8.302,8.302,11.976
1780271020559,3.404,2.773,3.951,2.460,0.003,0.014,5.030,5.751,23.386,0.000,8.221,8.221,17.624
1780271020630,3.182,2.992,3.364,2.478,0.003,0.010,4.975,5.708,22.712,0.000,8.131,8.131,17.164
1780271020680,3.200,2.438,2.474,2.329,0.003,0.007,4.680,5.092,20.223,0.000,7.407,7.407,16.509
1780271020722,3.025,1.745,1.782,2.383,3.929,3.634,1.388,1.694,19.580,0.000,6.642,6.642,17.770
1780271020779,2.135,0.758,0.645,2.092,1.786,1.924,8.405,9.108,26.853,0.000,5.014,5.014,21.939
1780271020830,1.920,1.191,0.863,2.066,1.439,1.425,9.210,10.165,28.279,0.000,5.421,5.421,25.600
1780271020883,2.434,2.299,2.230,2.981,2.197,2.110,2.106,2.569,18.926,0.000,7.830,7.830,22.545
1780271020936,1.800,2.332,2.208,2.945,1.180,1.326,4.858,5.369,22.018,0.000,7.513,7.513,17.430
1780271020997,2.263,1.924,1.683,2.886,1.312,1.308,5.190,5.697,22.263,0.000,7.570,7.570,19.394
1780271021035,2.223,2.551,2.197,2.850,1.323,1.304,4.964,5.441,22.853,0.000,9.027,9.027,19.370
1780271021090,2.278,3.346,3.043,2.693,1.392,1.363,3.965,4.344,22.424,0.000,11.127,11.127,20.582
1780271021151,2.139,3.302,3.101,2.926,1.669,1.709,1.479,1.767,18.092,0.000,11.648,11.648,18.376
1780271021189,2.383,2.449,2.307,2.420,0.918,0.991,5.992,6.017,23.477,0.000,9.222,9.222,16.242
1780271021236,1.392,1.950,1.669,1.622,0.998,1.060,8.930,9.746,27.367,0.000,7.155,7.155,24.945
1780271021273,0.575,0.933,0.681,0.747,1.377,1.326,8.959,10.147,24.745,0.000,3.508,3.508,24.412
1780271021319,0.094,0.145,0.061,0.083,1.990,1.990,5.595,6.324,16.282,0.000,1.204,1.204,20.897
1780271021377,0.007,0.010,0.007,0.007,1.618,1.793,6.087,6.673,16.202,0.000,0.675,0.675,14.206
1780271021415,0.003,0.003,0.003,0.003,1.724,1.848,5.959,6.666,16.209,0.000,0.610,0.610,15.758
1780271021455,0.003,0.003,0.000,0.003,2.496,2.001,5.697,6.429,16.632,0.000,0.561,0.561,15.879
1780271021516,0.003,0.003,0.000,0.003,2.916,3.349,3.298,3.776,13.348,0.000,0.561,0.561,12.897
1780271021562,0.003,0.000,0.003,0.003,2.460,2.577,8.113,9.134,22.293,0.000,0.634,0.634,10.521
1780271021598,0.003,0.000,0.000,0.000,2.445,2.485,8.762,9.837,23.532,0.000,0.651,0.651,22.255
1780271021670,1.600,1.319,1.472,1.253,3.714,3.546,2.558,2.303,17.765,0.000,2.075,2.075,18.667
1780271021715,3.539,3.116,2.926,2.977,2.376,2.292,4.217,4.581,26.024,0.000,7.846,7.846,12.485
1780271021756,3.670,3.911,3.265,3.666,2.165,1.990,5.237,5.729,29.633,0.000,9.857,9.857,23.394
1780271021789,3.674,3.743,3.203,3.666,2.212,2.256,5.288,5.828,29.870,0.000,9.662,9.662,23.200
1780271021823,3.291,3.353,2.981,3.287,2.267,2.329,5.186,5.795,28.489,0.000,9.116,9.116,22.788
1780271021856,3.083,3.050,2.784,2.879,2.380,2.310,5.263,5.729,27.478,0.000,8.319,8.319,21.988
1780271021888,2.857,2.912,2.577,2.686,2.292,2.358,5.245,5.770,26.697,0.000,7.822,7.822,21.503
1780271021930,2.668,2.719,2.507,2.562,2.420,2.460,4.104,4.632,24.072,0.000,7.570,7.570,19.782
1780271021975,2.587,2.741,2.420,2.478,2.628,2.631,1.519,1.811,18.815,0.000,7.456,7.456,16.412
1780271022033,2.471,2.628,2.394,2.402,2.540,2.569,0.291,0.357,15.652,0.000,7.130,7.130,11.612
1780271022086,2.230,2.409,2.150,2.106,2.657,2.394,0.295,0.360,14.601,0.000,6.398,6.398,10.642
1780271022119,2.095,2.103,1.855,1.946,2.219,2.515,1.392,1.425,15.550,0.000,6.007,6.007,10.521
1780271022182,1.771,1.771,1.581,1.713,2.245,2.179,2.948,3.141,17.349,0.000,5.225,5.225,11.661
1780271022236,1.720,1.636,1.461,1.538,2.183,2.230,3.233,3.550,17.551,0.000,4.884,4.884,12.800
1780271022285,1.574,1.589,1.366,1.447,2.482,2.354,3.254,3.557,17.623,0.000,4.509,4.509,12.824
1780271022327,1.487,1.541,1.279,1.264,2.285,2.416,2.708,3.003,15.983,0.000,4.363,4.363,12.558
1780271022376,1.556,1.523,1.370,1.359,2.398,2.482,0.714,0.900,12.302,0.000,4.623,4.623,10.327
1780271022417,1.490,1.523,1.417,1.246,2.248,2.299,2.307,2.558,15.088,0.000,4.346,4.346,9.261
1780271022456,1.399,1.392,1.268,1.264,2.219,2.165,2.792,3.065,15.564,0.000,4.135,4.135,11.539
1780271022496,1.293,1.224,1.086,1.002,2.409,2.453,2.846,3.178,15.491,0.000,3.793,3.793,11.588
1780271022545,1.374,1.235,1.078,1.082,2.533,2.613,1.275,1.585,12.775,0.000,3.907,3.907,11.661
1780271022584,1.345,1.275,1.049,1.089,2.518,2.409,2.467,2.770,14.922,0.000,3.809,3.809,9.309
1780271022626,1.177,1.257,1.057,0.878,2.285,2.423,2.974,3.316,15.367,0.000,3.508,3.508,11.685
1780271022700,1.108,1.148,0.962,0.911,2.358,2.365,3.269,3.626,15.747,0.000,3.426,3.426,11.952
1780271022755,0.936,0.936,0.809,0.805,1.990,2.033,4.931,5.372,17.812,0.000,3.076,3.076,12.194
1780271022795,0.958,0.809,0.677,0.729,2.132,2.092,5.121,5.635,18.153,0.000,2.800,2.800,16.533
1780271022865,1.104,1.104,0.940,0.834,2.726,2.577,2.121,2.128,13.534,0.000,3.386,3.386,14.303
1780271022909,1.162,1.137,0.922,0.911,2.460,2.471,2.383,2.533,13.979,0.000,3.426,3.426,9.867
1780271022961,2.376,6.852,1.698,0.185,0.495,0.594,2.595,2.923,17.718,0.000,9.076,9.076,13.600
1780271023021,5.310,4.377,7.322,6.714,0.025,0.032,2.664,3.127,29.571,0.000,20.415,20.415,25.915
1780271023072,1.527,1.341,8.328,7.508,0.003,0.014,3.754,4.308,26.783,0.000,17.924,17.924,22.788
1780271023102,0.776,0.772,8.372,7.814,0.003,0.014,3.914,4.457,26.122,0.000,17.142,17.142,22.642
1780271023136,0.729,0.648,8.500,6.863,0.003,0.010,4.093,4.505,25.351,0.000,16.157,16.157,22.303
1780271023189,0.597,0.535,8.518,6.852,0.000,0.007,3.947,4.446,24.902,0.000,16.198,16.198,21.600
1780271023221,0.626,0.608,8.868,7.669,0.000,0.000,2.628,2.416,22.815,0.000,17.387,17.387,22.012
1780271023257,3.189,3.265,7.716,6.929,0.000,0.003,0.933,1.111,23.146,0.000,21.082,21.082,18.255
1780271023292,4.374,3.419,6.181,5.307,0.000,0.003,1.035,1.366,21.685,0.000,18.184,18.184,18.545
1780271023339,1.764,1.476,6.688,5.966,0.000,0.003,0.911,1.042,17.850,0.000,15.449,15.449,14.667
1780271023403,1.024,2.668,4.789,2.981,0.000,0.003,1.272,1.483,14.220,0.000,9.230,9.230,10.085
1780271023477,1.293,0.244,1.516,0.236,0.003,0.003,0.284,0.349,3.928,0.000,1.880,1.880,2.036
1780271023546,8.019,2.179,4.942,2.001,0.000,0.003,0.116,0.138,17.398,0.000,15.938,15.938,15.370
1780271023617,5.813,2.299,5.824,2.456,0.000,0.003,0.178,0.222,16.795,0.000,14.953,14.953,14.836
1780271023652,5.088,2.063,4.224,1.920,0.000,0.003,0.729,1.078,15.105,0.000,13.308,13.308,11.952
1780271023702,4.286,1.789,3.925,1.596,0.000,0.003,1.016,1.159,13.774,0.000,11.566,11.566,11.733
1780271023743,3.389,1.884,3.218,1.658,0.000,0.000,0.539,0.575,11.263,0.000,10.272,10.272,9.818
1780271023779,3.207,1.866,2.686,1.498,0.000,0.000,0.320,0.397,9.974,0.000,9.409,9.409,8.727
1780271023822,2.930,1.837,2.493,1.406,0.003,0.000,0.174,0.218,9.061,0.000,8.612,8.612,7.903
1780271023869,2.442,1.581,2.041,1.447,0.000,0.003,1.716,1.833,11.063,0.000,7.643,7.643,7.418
1780271023933,1.560,2.033,3.641,0.262,0.003,0.000,0.342,0.408,8.249,0.000,4.949,4.949,6.255
1780271023991,0.466,1.501,8.314,5.719,0.000,0.000,0.145,0.160,16.305,0.000,11.632,11.632,10.618
1780271024066,0.823,3.787,3.200,4.279,0.000,0.000,0.207,0.262,12.558,0.000,11.298,11.298,8.194
1780271024125,0.277,3.273,6.477,2.697,0.000,0.003,1.738,1.840,16.305,0.000,10.468,10.468,11.345
1780271024162,1.895,3.962,3.838,1.308,0.000,0.003,2.398,2.872,16.276,0.000,9.605,9.605,9.261
1780271024232,4.374,1.665,5.934,5.073,0.000,0.003,2.241,2.638,21.928,0.000,14.717,14.717,17.552
1780271024271,2.307,0.871,6.229,5.777,0.000,0.000,1.509,1.505,18.198,0.000,15.197,15.197,15.224
1780271024324,4.567,1.920,4.942,5.000,0.000,0.003,2.649,2.872,21.953,0.000,14.928,14.928,15.952
1780271024381,3.932,0.794,2.114,4.556,0.000,0.003,1.596,1.687,14.682,0.000,10.818,10.818,11.006
1780271024419,4.395,1.895,1.753,4.140,0.000,0.003,2.106,2.234,16.526,0.000,9.507,9.507,10.109
1780271024458,4.169,2.019,2.387,3.754,0.000,0.003,2.708,2.999,18.039,0.000,9.019,9.019,10.909
1780271024515,4.235,2.412,2.711,2.806,0.000,0.007,2.879,3.225,18.275,0.000,7.985,7.985,11.200
1780271024575,2.777,1.957,2.314,2.540,4.257,3.863,2.890,3.306,23.904,0.000,6.455,6.455,17.867
1780271024647,2.653,1.541,1.538,2.577,2.952,2.854,4.126,4.505,22.746,0.000,5.982,5.982,18.279
1780271024688,2.518,2.278,2.777,2.453,2.518,2.500,3.637,4.071,22.752,0.000,7.195,7.195,18.497
1780271024744,2.602,4.720,4.771,2.227,2.125,2.219,2.988,3.269,24.921,0.000,11.111,11.111,19.830
1780271024804,1.811,4.392,4.723,1.545,1.552,1.581,8.365,8.893,32.862,0.000,10.663,10.663,26.667
1780271024848,1.895,4.432,4.614,1.899,2.292,2.540,3.335,4.035,25.042,0.000,11.778,11.778,24.315
1780271024890,1.184,1.862,1.990,0.820,2.890,2.923,3.171,3.488,18.328,0.000,4.827,4.827,14.303
1780271024949,0.061,0.218,0.247,0.043,2.595,2.478,3.819,4.155,13.616,0.000,1.245,1.245,12.073
1780271024988,0.014,0.032,0.040,0.014,2.482,2.467,3.491,3.867,12.407,0.000,0.781,0.781,11.321
1780271025030,0.007,0.003,0.007,0.007,2.584,2.493,2.781,3.134,11.016,0.000,0.618,0.618,10.400
1780271025115,0.000,0.000,0.003,0.003,2.409,2.394,2.679,2.996,10.484,0.000,0.569,0.569,8.873
1780271025161,0.003,0.000,0.003,0.003,2.584,2.635,1.188,1.195,7.611,0.000,0.561,0.561,7.733
1780271025216,0.003,0.000,0.003,0.003,2.544,2.493,0.448,0.546,6.040,0.000,0.537,0.537,6.036
1780271025307,0.003,0.000,0.000,0.003,2.165,2.157,2.121,2.307,8.756,0.000,0.537,0.537,6.909
1780271025342,0.000,0.000,0.000,0.003,2.208,2.259,2.296,2.544,9.310,0.000,0.553,0.553,7.539
1780271025384,0.000,0.000,0.000,0.000,2.478,2.402,0.863,1.082,6.825,0.000,0.561,0.561,7.806
1780271025441,0.000,0.000,0.000,0.003,2.190,2.256,2.037,2.307,8.793,0.000,0.545,0.545,6.764
1780271025497,0.109,0.072,0.058,0.047,2.376,2.431,0.754,0.944,6.791,0.000,0.577,0.577,7.685
1780271025558,0.360,0.320,0.284,0.331,2.329,2.343,2.015,2.139,10.121,0.000,0.708,0.708,5.964
1780271025647,0.564,0.513,0.477,0.528,2.329,2.358,2.238,2.529,11.536,0.000,0.846,0.846,8.194
1780271025719,0.878,0.907,0.776,0.801,0.182,0.247,0.823,1.020,5.634,0.000,1.058,1.058,5.018
1780271025783,0.058,0.069,0.058,0.069,0.010,0.014,0.379,0.430,1.087,0.000,0.569,0.569,1.091
1780271025835,0.003,0.007,0.007,0.003,0.003,0.003,0.255,0.317,0.598,0.000,0.512,0.512,0.970
1780271025878,0.003,0.000,0.003,0.007,0.003,0.007,1.498,1.596,3.117,0.000,0.520,0.520,0.970
1780271025928,0.000,0.000,0.003,0.003,0.000,0.007,2.030,2.263,4.306,0.000,0.512,0.512,2.861
1780271025963,0.003,0.000,0.003,0.003,0.003,0.000,1.002,1.199,2.213,0.000,0.512,0.512,3.127
1780271026013,0.000,0.003,0.000,0.003,3.302,0.003,1.253,1.530,6.094,0.000,0.512,0.512,3.394
1780271026076,0.000,0.003,0.003,0.003,4.024,0.007,1.975,2.194,8.209,0.000,0.520,0.520,6.594
1780271026144,0.003,0.003,0.000,0.003,4.494,4.217,1.793,2.001,12.514,0.000,0.553,0.553,12.655
1780271026179,0.000,0.000,0.003,0.003,3.098,3.083,2.376,2.628,11.191,0.000,0.529,0.529,9.818
1780271026234,0.003,0.000,0.000,0.003,2.952,2.835,1.002,1.166,7.961,0.000,0.529,0.529,8.945
1780271026292,0.003,0.000,0.000,0.003,2.566,2.690,0.670,0.790,6.722,0.000,0.529,0.529,6.982
1780271026327,0.003,0.000,0.000,0.003,2.347,2.387,1.654,1.731,8.125,0.000,0.529,0.529,6.836
1780271026383,0.003,0.003,0.000,0.003,2.248,2.329,2.168,2.383,9.137,0.000,0.545,0.545,8.242
1780271026413,0.003,0.000,0.000,0.007,2.340,2.299,1.472,1.366,7.487,0.000,0.545,0.545,8.121
1780271026449,0.003,0.000,0.003,0.003,2.219,2.252,1.731,1.877,8.088,0.000,0.520,0.520,6.497
1780271026481,0.003,0.000,0.000,0.003,2.325,2.329,1.293,1.195,7.148,0.000,0.520,0.520,8.097
1780271026553,0.000,0.000,0.000,0.003,2.318,2.281,0.667,0.765,6.034,0.000,0.537,0.537,6.230
1780271026589,0.000,0.000,0.000,0.003,2.248,2.314,0.641,0.780,5.986,0.000,0.537,0.537,6.230
1780271026650,0.000,0.000,0.000,0.003,2.197,2.128,1.742,1.935,8.005,0.000,0.553,0.553,6.327
1780271026709,0.003,0.000,0.000,0.003,2.223,2.223,2.179,2.412,9.043,0.000,0.537,0.537,8.048
1780271026772,0.000,0.000,0.003,0.003,2.230,2.245,2.281,2.551,9.313,0.000,0.520,0.520,8.194
1780271026843,0.000,0.000,0.000,0.000,2.241,2.267,2.234,2.566,9.308,0.000,0.545,0.545,8.364
1780271026893,0.003,0.000,0.000,0.003,2.365,2.358,0.550,0.750,6.029,0.000,0.561,0.561,6.885
1780271026924,0.000,0.000,0.000,0.003,2.314,2.314,0.346,0.411,5.388,0.000,0.569,0.569,5.988
1780271026967,0.000,0.000,0.000,0.003,2.267,2.303,0.539,0.652,5.764,0.000,0.545,0.545,5.842
1780271026999,0.003,0.000,0.000,0.003,2.161,2.194,1.388,1.527,7.276,0.000,0.529,0.529,6.109
1780271027046,0.007,0.000,0.003,0.003,2.230,2.281,0.765,0.973,6.262,0.000,0.529,0.529,7.806
1780271027088,0.000,0.000,0.000,0.000,2.197,2.197,1.804,1.931,8.129,0.000,0.520,0.520,5.939
1780271027143,0.000,0.000,0.003,0.003,2.270,2.391,0.524,0.641,5.832,0.000,0.520,0.520,6.327
1780271027202,0.000,0.000,0.000,0.000,2.234,2.143,1.560,1.975,7.912,0.000,0.512,0.512,6.788
1780271027240,0.003,0.000,0.000,0.003,2.179,2.238,2.165,2.329,8.917,0.000,0.537,0.537,7.855
1780271027299,0.003,0.000,0.000,0.000,2.183,2.278,2.500,2.839,9.803,0.000,0.529,0.529,8.897
1780271027359,0.000,0.000,0.000,0.003,2.270,2.267,2.573,2.952,10.065,0.000,0.545,0.545,8.873
1780271027398,0.000,0.000,0.003,0.003,2.420,2.340,1.246,1.560,7.572,0.000,0.537,0.537,8.582
1780271027446,0.003,0.000,0.003,0.003,2.343,2.354,0.375,0.513,5.594,0.000,0.537,0.537,6.206
1780271027481,0.003,0.000,0.000,0.003,2.325,2.314,0.331,0.368,5.344,0.000,0.537,0.537,5.915
1780271027515,0.003,0.000,0.000,0.003,2.201,2.223,0.262,0.335,5.027,0.000,0.537,0.537,5.770
1780271027573,0.003,0.000,0.000,0.000,2.106,2.114,1.837,2.012,8.072,0.000,0.537,0.537,6.861
1780271027605,0.003,0.000,0.000,0.003,2.248,2.157,2.128,2.351,8.890,0.000,0.529,0.529,7.927
1780271027652,0.000,0.000,0.000,0.000,2.208,2.212,2.515,2.897,9.832,0.000,0.537,0.537,8.194
1780271027723,0.000,0.000,0.000,0.003,2.212,2.227,2.471,2.679,9.592,0.000,0.520,0.520,8.848
1780271027763,0.000,0.000,0.000,0.000,2.453,2.365,0.944,0.860,6.622,0.000,0.529,0.529,7.564
1780271027802,0.003,0.000,0.003,0.000,2.365,2.354,0.368,0.386,5.479,0.000,0.520,0.520,6.085
1780271027874,0.003,0.000,0.000,0.003,2.307,2.241,0.648,0.732,5.934,0.000,0.512,0.512,6.061
1780271027913,0.000,0.000,0.000,0.003,2.179,2.201,1.716,1.848,7.947,0.000,0.529,0.529,6.036
1780271027951,0.003,0.000,0.000,0.000,2.194,2.208,2.095,2.365,8.865,0.000,0.529,0.529,7.830
1780271028017,0.003,0.000,0.000,0.003,0.375,0.273,2.474,2.711,5.839,0.000,0.520,0.520,5.164
1780271028068,0.007,0.000,0.000,0.003,0.032,0.025,0.663,0.794,1.524,0.000,0.512,0.512,3.927
1780271028104,0.000,0.000,0.000,0.003,0.007,0.014,1.468,1.567,3.059,0.000,0.504,0.504,0.970
1780271028164,0.000,0.000,0.000,0.003,0.003,0.007,2.033,2.314,4.360,0.000,0.537,0.537,2.885
1780271028223,0.003,0.000,0.003,0.003,0.000,0.003,0.349,0.451,0.812,0.000,0.504,0.504,2.424
1780271028255,0.003,0.000,0.000,0.003,0.000,0.000,0.251,0.298,0.555,0.000,0.504,0.504,0.873
1780271028306,0.003,0.000,0.000,0.000,0.000,0.003,0.244,0.302,0.552,0.000,0.504,0.504,0.897
1780271028397,0.000,0.000,0.003,0.003,4.439,0.007,1.975,2.143,8.570,0.000,0.520,0.520,5.648
1780271028464,0.000,0.000,0.000,0.003,4.534,4.330,2.525,2.748,14.140,0.000,0.545,0.545,13.891
1780271028503,0.003,0.000,0.003,0.003,3.105,3.058,3.131,3.630,12.933,0.000,0.529,0.529,10.594
1780271028546,0.000,0.000,0.000,0.007,2.624,2.566,3.028,3.258,11.483,0.000,0.537,0.537,11.152
1780271028594,0.003,0.003,0.000,0.003,2.792,2.602,0.936,1.137,7.476,0.000,0.529,0.529,7.976
1780271028653,0.000,0.000,0.003,0.003,2.518,2.547,0.630,0.743,6.444,0.000,0.529,0.529,6.521
1780271028691,0.000,0.000,0.003,0.003,2.325,2.354,0.481,0.543,5.709,0.000,0.520,0.520,6.255
1780271028747,0.000,0.000,0.000,0.000,0.754,0.481,1.939,2.095,5.269,0.000,0.512,0.512,4.194
1780271028783,0.000,0.003,0.000,0.003,0.098,0.105,2.139,2.387,4.735,0.000,0.512,0.512,3.442
1780271028822,0.000,0.000,0.007,0.000,0.018,0.021,2.081,2.361,4.488,0.000,0.512,0.512,3.152
1780271028893,0.003,0.000,0.000,0.003,0.007,0.003,2.114,2.347,4.477,0.000,0.520,0.520,3.030
1780271028961,0.003,0.003,0.000,0.007,4.086,0.003,0.543,0.517,5.162,0.000,0.520,0.520,4.970
1780271029029,0.003,0.000,0.000,0.007,4.301,4.031,1.512,1.691,11.545,0.000,0.529,0.529,12.630
1780271029064,0.000,0.000,0.000,0.000,3.411,3.346,1.148,1.312,9.217,0.000,0.545,0.545,9.527
1780271029104,0.000,0.000,0.000,0.003,2.693,2.675,0.812,0.984,7.167,0.000,0.537,0.537,7.321
1780271029160,0.000,0.000,0.000,0.003,2.493,2.602,0.422,0.539,6.059,0.000,0.520,0.520,6.618
1780271029200,0.000,0.000,0.000,0.000,2.591,2.423,2.004,2.165,9.183,0.000,0.520,0.520,7.467
1780271029243,0.000,0.000,0.000,0.003,2.351,2.387,2.507,2.777,10.025,0.000,0.529,0.529,9.382
1780271029285,0.000,0.003,0.000,0.000,2.354,2.332,2.464,2.737,9.890,0.000,0.537,0.537,8.776
1780271029326,0.003,0.000,0.003,0.000,2.361,2.391,1.013,1.250,7.021,0.000,0.561,0.561,8.679
1780271029399,0.003,0.000,0.000,0.000,0.338,0.393,0.914,1.053,2.701,0.000,0.545,0.545,3.321
1780271029435,0.000,0.000,0.000,0.000,0.072,0.058,1.822,1.982,3.934,0.000,0.537,0.537,2.473
1780271029479,0.003,0.000,0.000,0.003,0.007,0.018,2.095,2.289,4.415,0.000,0.529,0.529,3.103
1780271029527,0.000,0.000,0.000,0.000,0.003,0.003,0.652,0.790,1.448,0.000,0.520,0.520,2.448
1780271029590,0.003,0.000,0.003,0.003,4.235,0.007,1.519,1.826,7.596,0.000,0.512,0.512,4.727
1780271029634,0.000,0.000,0.000,0.000,5.496,4.388,1.676,1.844,13.404,0.000,0.561,0.561,10.061
1780271029673,0.003,0.000,0.000,0.003,3.805,3.484,2.507,2.799,12.601,0.000,0.545,0.545,11.588
1780271029706,0.000,0.000,0.003,0.003,3.262,3.163,1.144,1.392,8.967,0.000,0.545,0.545,9.309
1780271029751,0.000,0.000,0.000,0.003,2.668,2.733,0.499,0.564,6.467,0.000,0.520,0.520,7.152
1780271029786,0.000,0.000,0.000,0.003,2.420,2.318,0.575,0.696,6.012,0.000,0.520,0.520,5.939
1780271029843,0.000,0.000,0.000,0.003,0.583,0.677,1.913,2.325,5.501,0.000,0.512,0.512,4.315
1780271029924,0.003,0.000,0.000,0.003,0.014,0.018,2.566,2.806,5.410,0.000,0.529,0.529,3.758
1780271029973,0.003,0.000,0.000,0.003,0.003,0.007,2.201,2.529,4.746,0.000,0.520,0.520,3.491
1780271030015,0.000,0.000,0.000,0.003,0.000,0.003,0.652,0.856,1.514,0.000,0.520,0.520,2.618
1780271030061,0.000,0.000,0.000,0.000,0.000,0.003,0.444,0.539,0.986,0.000,0.504,0.504,0.994
1780271030111,0.000,0.000,0.000,0.003,0.003,0.007,1.713,2.022,3.748,0.000,0.504,0.504,2.061
1780271030145,0.003,0.000,0.000,0.003,0.003,0.003,0.707,0.878,1.597,0.000,0.520,0.520,2.885
1780271030185,0.003,0.000,0.000,0.003,0.003,0.003,1.687,1.775,3.474,0.000,0.520,0.520,1.164
1780271030219,0.000,0.003,0.000,0.003,0.000,0.003,1.002,1.184,2.195,0.000,0.529,0.529,2.352
1780271030272,0.000,0.000,0.003,0.003,0.000,0.003,1.680,2.022,3.711,0.000,0.520,0.520,1.430
1780271030305,0.000,0.000,0.000,0.003,0.003,0.003,2.066,2.274,4.349,0.000,0.504,0.504,2.861
1780271030358,0.003,0.000,0.003,0.003,3.572,0.003,2.383,2.686,8.653,0.000,0.520,0.520,4.824
1780271030428,0.003,0.000,0.000,0.003,4.548,0.000,1.020,1.202,6.776,0.000,0.529,0.529,6.061
1780271030472,0.000,0.000,0.000,0.003,5.500,4.563,0.426,0.382,10.874,0.000,0.520,0.520,9.673
1780271030522,0.000,0.000,0.000,0.003,3.521,3.371,0.645,0.714,8.254,0.000,0.520,0.520,8.921
1780271030571,0.003,0.000,0.000,0.000,2.569,2.606,2.059,2.201,9.438,0.000,0.504,0.504,7.588
1780271030623,0.000,0.000,0.000,0.000,2.314,2.223,2.391,2.730,9.658,0.000,0.512,0.512,8.533
1780271030666,0.000,0.000,0.003,0.003,2.289,2.376,0.809,1.013,6.493,0.000,0.537,0.537,7.588
1780271030708,0.003,0.000,0.000,0.000,2.117,2.099,1.837,2.055,8.111,0.000,0.529,0.529,5.964
1780271030743,0.000,0.003,0.000,0.003,2.041,2.150,1.144,1.337,6.678,0.000,0.529,0.529,6.885
1780271030787,0.003,0.000,0.003,0.000,2.270,2.168,1.727,1.844,8.015,0.000,0.520,0.520,6.230
1780271030823,0.003,0.000,0.000,0.003,2.106,2.088,2.048,2.361,8.609,0.000,0.512,0.512,7.685
1780271030879,0.000,0.000,0.000,0.003,2.212,2.063,2.125,2.431,8.834,0.000,0.520,0.520,7.927
1780271030955,0.003,0.000,0.003,0.003,2.314,2.281,0.623,0.831,6.058,0.000,0.537,0.537,7.103
1780271031009,0.003,0.000,0.000,0.003,2.296,2.292,0.386,0.481,5.461,0.000,0.520,0.520,5.842
1780271031045,0.000,0.000,0.000,0.003,2.234,2.274,0.204,0.280,4.995,0.000,0.520,0.520,5.721
1780271031089,0.003,0.000,0.000,0.003,2.383,2.205,0.255,0.320,5.169,0.000,0.512,0.512,5.600
1780271031132,0.003,0.000,0.000,0.003,2.048,2.146,1.530,2.004,7.734,0.000,0.512,0.512,6.352
1780271031174,0.000,0.000,0.000,0.000,2.095,2.099,2.194,2.409,8.797,0.000,0.529,0.529,7.806
1780271031214,0.000,0.000,0.000,0.003,2.238,2.143,2.515,2.748,9.647,0.000,0.512,0.512,8.364
1780271031251,0.000,0.000,0.000,0.003,2.132,2.187,2.544,2.803,9.669,0.000,0.529,0.529,8.727
1780271031301,0.003,0.000,0.003,0.003,2.197,2.143,2.438,2.748,9.535,0.000,0.520,0.520,8.533
1780271031334,0.000,0.000,0.003,0.003,2.190,2.208,0.987,1.293,6.684,0.000,0.537,0.537,7.564
1780271031381,0.000,0.000,0.000,0.000,2.278,2.296,0.335,0.302,5.211,0.000,0.520,0.520,5.964
1780271031445,0.003,0.000,0.000,0.003,2.259,2.245,0.575,0.699,5.784,0.000,0.520,0.520,6.061
1780271031497,0.000,0.003,0.000,0.000,2.150,2.063,1.764,1.920,7.900,0.000,0.504,0.504,5.988
1780271031557,0.003,0.000,0.000,0.003,2.132,2.092,2.208,2.456,8.894,0.000,0.529,0.529,7.855
1780271031616,0.000,0.000,0.000,0.003,2.332,2.263,0.583,0.685,5.866,0.000,0.512,0.512,6.303
1780271031664,0.000,0.000,0.000,0.000,2.227,2.270,0.641,0.754,5.892,0.000,0.512,0.512,5.939
1780271031713,0.000,0.000,0.000,0.003,2.026,2.048,1.563,1.957,7.597,0.000,0.520,0.520,6.061
1780271031785,0.003,0.003,0.000,0.003,0.240,0.295,2.511,2.792,5.847,0.000,0.545,0.545,5.188
1780271031828,0.000,0.000,0.000,0.003,0.021,0.029,1.275,1.585,2.913,0.000,0.537,0.537,3.006
1780271031862,0.000,0.000,0.000,0.000,0.007,0.010,0.561,0.539,1.117,0.000,0.537,0.537,1.139
1780271031900,0.000,0.000,0.000,0.003,0.007,0.003,0.273,0.338,0.624,0.000,0.504,0.504,0.873
1780271031953,0.003,0.000,0.000,0.000,0.003,0.003,1.538,1.647,3.194,0.000,0.520,0.520,1.115
1780271032013,0.000,0.003,0.000,0.003,0.003,0.007,2.500,2.792,5.308,0.000,0.520,0.520,2.764
1780271032068,0.000,0.003,0.000,0.003,0.000,0.007,2.128,2.409,4.550,0.000,0.512,0.512,3.273
1780271032105,0.003,0.000,0.003,0.003,0.000,0.003,2.095,2.383,4.490,0.000,0.512,0.512,3.152
1780271032156,0.000,0.000,0.000,0.000,0.000,0.003,2.106,2.358,4.467,0.000,0.504,0.504,3.127
1780271032207,0.000,0.000,0.000,0.003,0.000,0.003,0.524,0.648,1.178,0.000,0.504,0.504,1.527
1780271032246,0.007,0.000,0.003,0.003,0.000,0.000,0.200,0.240,0.453,0.000,0.496,0.496,0.945
1780271032311,0.003,0.000,0.003,0.003,0.000,0.003,1.428,1.756,3.196,0.000,0.512,0.512,0.824
1780271032351,0.003,0.000,0.000,0.000,0.000,0.003,1.920,2.125,4.051,0.000,0.512,0.512,2.739
1780271032389,0.000,0.000,0.000,0.003,0.003,0.003,2.066,2.318,4.393,0.000,0.529,0.529,2.885
1780271032427,0.000,0.000,0.000,0.003,0.000,0.000,0.962,1.140,2.105,0.000,0.529,0.529,3.103
1780271032477,0.000,0.000,0.000,0.003,4.523,3.983,1.053,1.155,10.717,0.000,0.545,0.545,2.545
1780271032543,0.003,0.000,0.000,0.003,3.353,3.539,2.562,2.956,12.416,0.000,0.561,0.561,10.667
1780271032583,0.000,0.000,0.003,0.003,2.901,2.642,2.631,2.905,11.085,0.000,0.561,0.561,9.794
1780271032631,0.000,0.000,0.000,0.003,0.477,0.616,1.447,1.443,3.986,0.000,0.537,0.537,7.321
1780271032672,0.000,0.000,0.003,0.000,0.058,0.080,1.745,2.019,3.905,0.000,0.512,0.512,2.230
1780271032725,0.003,0.000,0.000,0.000,0.007,0.007,0.499,0.612,1.128,0.000,0.496,0.496,2.715
1780271032765,0.003,0.000,0.000,0.003,0.007,0.003,0.295,0.335,0.646,0.000,0.496,0.496,0.945
1780271032837,0.003,0.000,0.000,0.003,4.275,0.003,0.196,0.236,4.716,0.000,0.496,0.496,3.661
1780271032910,0.000,0.000,0.003,0.000,4.199,4.366,1.414,1.527,11.509,0.000,0.561,0.561,13.964
1780271032967,0.000,0.000,0.003,0.003,2.351,2.292,2.879,3.214,10.742,0.000,0.561,0.561,8.752
1780271033026,0.000,0.000,0.000,0.003,1.570,1.629,3.167,3.495,9.864,0.000,0.545,0.545,8.073
1780271033118,0.003,0.003,0.000,0.000,1.188,1.261,2.340,2.635,7.430,0.000,0.512,0.512,6.109
1780271033168,0.000,0.000,0.000,0.000,1.468,1.417,0.583,0.736,4.204,0.000,0.520,0.520,6.448
1780271033204,0.000,0.000,0.000,0.003,1.472,1.450,0.204,0.247,3.376,0.000,0.529,0.529,4.364
1780271033256,0.003,0.000,0.000,0.000,1.461,1.377,0.174,0.189,3.204,0.000,0.488,0.488,4.194
1780271033294,0.000,0.000,0.000,0.000,1.374,1.388,0.225,0.280,3.267,0.000,0.488,0.488,4.242
1780271033336,0.000,0.000,0.000,0.003,1.377,1.366,0.477,0.528,3.751,0.000,0.488,0.488,4.291
1780271033392,0.007,0.000,0.000,0.003,1.359,1.374,0.492,0.616,3.851,0.000,0.496,0.496,4.582
1780271033452,0.000,0.000,0.000,0.003,1.290,1.283,1.800,2.055,6.431,0.000,0.512,0.512,4.606
1780271033496,0.000,0.000,0.003,0.003,1.253,1.250,2.726,3.072,8.307,0.000,0.504,0.504,6.982
1780271033554,0.000,0.003,0.000,0.003,1.319,1.290,2.967,3.331,8.913,0.000,0.504,0.504,8.073
1780271033633,0.000,0.000,0.000,0.000,1.421,1.396,2.460,2.762,8.039,0.000,0.520,0.520,8.048
1780271033676,0.000,0.000,0.000,0.003,1.501,1.519,0.790,0.973,4.786,0.000,0.512,0.512,6.618
1780271033716,0.000,0.000,0.000,0.003,1.530,1.458,0.280,0.324,3.595,0.000,0.529,0.529,4.824
1780271033752,0.000,0.000,0.000,0.003,1.417,1.414,0.247,0.280,3.361,0.000,0.504,0.504,4.339
1780271033800,0.000,0.000,0.003,0.003,0.306,0.375,0.291,0.371,1.349,0.000,0.512,0.512,3.976
1780271033854,0.003,0.003,0.000,0.003,0.029,0.032,0.258,0.331,0.659,0.000,0.496,0.496,1.042
1780271033893,0.000,0.000,0.000,0.003,0.010,0.014,1.374,1.742,3.143,0.000,0.488,0.488,1.527
1780271033935,0.003,0.000,0.003,0.000,0.003,0.007,2.460,2.715,5.191,0.000,0.488,0.488,2.691
1780271033988,0.003,0.000,0.000,0.007,0.000,0.007,2.511,2.770,5.298,0.000,0.512,0.512,3.830
1780271034020,0.000,0.000,0.000,0.003,0.000,0.007,2.442,2.755,5.207,0.000,0.512,0.512,3.588
1780271034066,0.007,0.000,0.000,0.003,0.003,0.003,2.187,2.456,4.659,0.000,0.512,0.512,3.564
1780271034150,0.000,0.000,0.000,0.003,4.516,0.003,0.535,0.645,5.702,0.000,0.569,0.569,4.848
1780271034193,0.003,0.000,0.003,0.003,5.624,4.745,0.269,0.269,10.916,0.000,0.553,0.553,10.230
1780271034230,0.003,0.000,0.000,0.003,3.298,3.244,1.986,2.525,11.059,0.000,0.561,0.561,9.721
1780271034265,0.003,0.000,0.000,0.003,2.478,2.303,1.188,1.417,7.392,0.000,0.545,0.545,9.164
1780271034305,0.000,0.000,0.000,0.003,1.694,1.789,1.942,2.197,7.625,0.000,0.520,0.520,6.036
1780271034340,0.000,0.000,0.000,0.000,1.479,1.479,2.256,2.518,7.732,0.000,0.520,0.520,6.788
1780271034383,0.000,0.000,0.000,0.007,1.600,1.494,0.703,0.871,4.675,0.000,0.504,0.504,6.909
1780271034445,0.003,0.000,0.000,0.003,0.240,0.171,0.739,0.838,1.994,0.000,0.512,0.512,3.103
1780271034494,0.003,0.000,0.000,0.003,0.021,0.025,0.346,0.422,0.820,0.000,0.520,0.520,1.285
1780271034527,0.000,0.000,0.000,0.003,0.007,0.007,1.341,1.501,2.859,0.000,0.504,0.504,1.648
1780271034579,0.000,0.000,0.000,0.003,0.003,0.007,1.964,2.179,4.156,0.000,0.504,0.504,2.715
1780271034668,0.003,0.000,0.000,0.000,3.747,3.141,1.742,1.935,10.568,0.000,0.545,0.545,11.418
1780271034747,0.000,0.000,0.000,0.003,1.720,1.702,2.558,2.846,8.829,0.000,0.537,0.537,7.176
1780271034795,0.000,0.000,0.003,0.003,1.632,1.640,0.969,1.148,5.395,0.000,0.529,0.529,6.861
1780271034829,0.000,0.000,0.000,0.003,1.461,1.436,1.888,2.015,6.803,0.000,0.529,0.529,4.776
1780271034870,0.000,0.000,0.000,0.003,1.512,1.538,0.820,0.743,4.616,0.000,0.520,0.520,6.182
1780271034906,0.000,0.000,0.003,0.003,1.516,1.509,0.324,0.400,3.755,0.000,0.504,0.504,3.903
1780271034954,0.000,0.000,0.003,0.003,1.454,1.494,0.266,0.338,3.558,0.000,0.520,0.520,3.709
1780271035012,0.590,0.550,0.470,0.663,1.326,1.315,1.665,1.811,8.390,0.000,0.976,0.976,4.582
1780271035050,3.145,2.926,2.631,2.664,1.042,1.067,1.815,2.041,17.331,0.000,6.235,6.235,8.727
1780271035092,4.435,4.840,5.689,5.263,0.557,0.641,2.347,2.544,26.316,0.000,16.540,16.540,17.333
1780271035161,1.950,3.612,6.513,5.296,1.006,1.009,3.666,4.122,27.174,0.000,16.475,16.475,22.400
1780271035198,2.474,2.792,6.345,3.506,1.541,1.552,2.708,3.105,24.023,0.000,13.528,13.528,24.000
1780271035245,2.864,1.614,5.974,2.121,1.745,1.636,1.509,1.742,19.205,0.000,11.037,11.037,15.976
1780271035289,3.459,0.856,5.347,1.002,1.614,1.647,0.557,0.696,15.178,0.000,9.881,9.881,13.600
1780271035327,3.663,1.071,4.720,1.239,1.472,1.479,0.747,0.845,15.236,0.000,9.515,9.515,11.467
1780271035360,3.900,1.355,3.830,1.399,1.465,1.428,0.776,0.936,15.089,0.000,9.092,9.092,11.806
1780271035401,2.857,3.645,3.014,3.983,1.199,1.180,0.616,0.714,17.208,0.000,12.975,12.975,10.400
1780271035439,2.449,3.123,2.857,4.676,1.035,1.097,2.558,2.803,20.598,0.000,12.804,12.804,17.285
1780271035490,2.536,2.810,2.671,4.056,1.199,1.170,3.353,3.896,21.691,0.000,12.177,12.177,18.376
1780271035533,2.460,3.054,2.343,3.342,1.228,1.217,4.042,4.425,22.111,0.000,11.200,11.200,19.127
1780271035574,2.336,0.991,2.675,1.093,1.560,1.509,3.856,4.355,18.375,0.000,7.594,7.594,17.745
1780271035624,2.722,0.087,2.423,0.105,2.332,1.986,1.961,2.256,13.872,0.000,5.885,5.885,15.321
1780271035693,1.778,0.003,1.388,0.010,1.997,2.030,2.832,3.185,13.223,0.000,3.825,3.825,10.352
1780271035739,1.669,2.438,1.140,2.092,1.866,2.026,2.872,3.236,17.339,0.000,5.006,5.006,12.945
1780271035807,0.185,0.379,0.105,0.262,2.821,2.890,1.330,1.552,9.524,0.000,1.229,1.229,10.861
1780271035857,0.018,0.025,0.014,0.018,2.719,2.704,0.488,0.626,6.612,0.000,0.651,0.651,6.642
1780271035920,1.560,1.348,2.456,0.003,2.292,2.325,0.823,0.965,11.772,0.000,0.838,0.838,6.182
1780271035963,6.017,2.281,6.079,1.235,1.509,1.556,1.618,2.081,22.376,0.000,11.461,11.461,14.570
1780271036017,7.957,1.330,3.280,0.437,1.942,1.942,3.324,3.714,23.926,0.000,11.192,11.192,18.861
1780271036061,6.856,0.240,4.446,0.145,1.939,1.961,3.725,4.191,23.503,0.000,11.615,11.615,20.436
1780271036092,5.766,0.047,5.150,0.029,2.063,2.008,3.757,4.220,23.040,0.000,10.956,10.956,21.261
1780271036124,5.303,0.014,4.556,0.018,2.183,2.299,2.496,2.890,19.759,0.000,10.077,10.077,20.291
1780271036166,5.186,0.007,4.720,0.010,0.404,0.535,1.275,1.519,13.656,0.000,10.044,10.044,14.933
1780271036232,4.326,0.003,4.271,0.010,0.032,0.029,0.382,0.499,9.552,0.000,8.734,8.734,8.485
1780271036293,3.440,0.072,3.502,0.164,2.985,0.007,0.699,0.863,11.732,0.000,7.081,7.081,9.333
1780271036361,2.278,3.131,0.404,5.850,3.830,3.583,0.379,0.532,19.987,0.000,9.906,9.906,16.970
1780271036401,2.646,3.098,0.375,4.836,2.679,2.573,2.361,2.934,21.502,0.000,9.743,9.743,16.848
1780271036458,2.620,3.491,1.086,4.439,2.063,2.092,3.258,3.630,22.679,0.000,10.744,10.744,19.903
1780271036532,2.959,4.213,3.225,2.813,1.818,1.793,1.906,2.267,20.994,0.000,13.170,13.170,19.903
1780271036589,2.278,3.138,2.642,2.223,1.210,1.242,8.241,8.598,29.572,0.000,9.865,9.865,24.315
1780271036628,2.522,2.741,2.340,2.547,2.197,2.103,3.360,3.885,21.695,0.000,10.956,10.956,29.236
1780271036674,2.573,2.737,2.485,2.332,1.877,1.917,3.240,3.652,20.813,0.000,10.378,10.378,17.309
1780271036731,2.383,2.325,2.161,2.267,1.764,1.749,3.925,4.374,20.948,0.000,9.499,9.499,20.024
1780271036764,2.161,2.212,1.968,2.088,1.840,1.862,3.670,4.151,19.952,0.000,8.913,8.913,20.145
1780271036810,2.369,2.299,1.957,2.117,2.084,2.099,1.822,1.738,16.485,0.000,9.165,9.165,18.521
1780271036864,1.862,1.756,1.436,1.487,1.283,1.199,8.179,8.813,26.015,0.000,7.065,7.065,14.085
1780271036892,1.436,1.421,1.272,1.162,1.319,1.345,9.003,10.173,27.131,0.000,6.023,6.023,26.667
1780271036931,0.940,1.709,0.758,1.756,2.402,2.336,3.841,3.236,16.978,0.000,5.641,5.641,26.885
1780271036972,0.754,1.869,0.462,1.866,2.157,2.168,2.868,3.269,15.413,0.000,5.307,5.307,12.630
1780271037030,0.171,1.848,0.065,1.990,1.738,1.694,4.337,4.990,16.833,0.000,4.485,4.485,13.430
1780271037067,3.645,1.177,3.316,1.046,1.669,1.716,3.954,4.374,20.897,0.000,7.382,7.382,16.291
1780271037120,4.075,0.521,7.822,0.721,1.753,1.658,3.200,3.623,23.373,0.000,11.469,11.469,20.364
1780271037158,1.968,0.451,9.148,0.958,2.044,2.070,1.122,1.370,19.131,0.000,12.014,12.014,17.915
1780271037198,0.838,0.145,8.879,0.269,1.246,1.264,7.064,7.406,27.111,0.000,9.531,9.531,15.952
1780271037265,2.445,0.007,8.802,0.473,1.873,1.826,4.250,4.753,24.429,0.000,11.119,11.119,22.958
1780271037332,0.251,0.000,0.707,0.058,2.044,2.022,4.815,5.441,15.338,0.000,2.165,2.165,15.442
1780271037391,0.014,0.000,0.040,0.003,2.168,2.114,3.721,4.100,12.160,0.000,0.805,0.805,13.430
1780271037442,0.003,0.003,0.010,0.003,0.426,0.495,1.268,1.057,3.265,0.000,0.610,0.610,10.473
1780271037482,0.000,0.000,0.003,0.003,0.061,0.087,6.958,8.693,15.805,0.000,0.610,0.610,6.739
1780271037518,0.000,0.000,0.003,0.003,0.021,0.032,9.651,10.639,20.349,0.000,0.651,0.651,19.903
1780271037551,0.000,0.000,0.003,0.003,0.007,0.007,4.315,3.619,7.954,0.000,0.634,0.634,17.333
1780271037587,0.003,0.000,0.003,0.003,0.007,0.014,4.997,5.310,10.337,0.000,0.586,0.586,2.279
1780271037621,0.000,0.000,0.003,0.003,0.007,0.014,5.711,6.364,12.102,0.000,0.594,0.594,11.927
1780271037655,0.000,0.000,0.000,0.000,0.003,0.014,5.821,6.400,12.238,0.000,0.594,0.594,12.000
1780271037684,0.000,0.000,0.007,0.003,0.007,0.014,5.700,6.291,12.022,0.000,0.586,0.586,11.952
1780271037720,0.003,0.000,0.003,0.003,0.003,0.007,4.312,4.891,9.222,0.000,0.577,0.577,11.830
1780271037772,0.000,0.000,0.003,0.003,0.000,0.007,2.558,2.726,5.297,0.000,0.545,0.545,4.970
1780271037845,0.003,0.000,0.003,0.003,0.000,0.003,0.648,0.539,1.199,0.000,0.529,0.529,1.358
1780271037882,0.000,0.000,0.003,0.000,0.003,0.000,0.211,0.204,0.421,0.000,0.520,0.520,0.873
1780271037935,1.377,1.968,1.414,1.975,0.000,0.003,0.127,0.145,7.009,0.000,3.125,3.125,2.182
1780271038012,3.801,4.869,5.624,5.183,0.000,0.000,0.112,0.131,19.720,0.000,16.654,16.654,17.042
1780271038058,3.593,4.035,4.716,4.541,0.000,0.003,0.900,1.042,18.830,0.000,16.182,16.182,15.030
1780271038090,2.897,3.408,4.031,4.045,0.000,0.007,2.420,3.156,19.964,0.000,14.147,14.147,14.764
1780271038148,2.398,2.795,3.116,3.203,0.003,0.007,3.240,3.568,18.330,0.000,11.493,11.493,15.564
1780271038199,0.601,0.765,0.995,1.228,0.003,0.003,1.833,2.168,7.596,0.000,4.346,4.346,11.200
1780271038253,0.080,0.098,0.138,0.171,0.000,0.003,0.488,0.619,1.597,0.000,1.408,1.408,2.691
1780271038310,4.027,3.790,4.133,4.246,0.000,0.000,0.215,0.247,16.658,0.000,7.228,7.228,7.515
1780271038367,5.675,5.132,5.773,5.606,0.000,0.003,1.297,1.377,24.863,0.000,18.901,18.901,18.933
1780271038410,4.366,3.951,4.410,4.636,0.000,0.010,3.411,3.717,24.501,0.000,16.271,16.271,20.824
1780271038454,3.276,3.207,3.557,3.918,0.003,0.010,4.381,4.880,23.232,0.000,13.829,13.829,21.503
1780271038520,2.445,2.332,2.952,3.171,0.003,0.007,4.275,4.818,20.003,0.000,10.899,10.899,18.812
1780271038554,2.219,2.274,2.879,3.189,0.000,0.000,1.574,1.928,14.063,0.000,10.744,10.744,16.945
1780271038596,1.611,1.618,2.205,2.467,0.007,0.018,7.701,8.478,24.105,0.000,7.578,7.578,14.764
1780271038645,1.804,1.665,2.493,2.485,0.000,0.000,1.961,2.398,12.806,0.000,8.766,8.766,16.533
1780271038680,2.022,1.782,2.700,2.919,0.000,0.000,0.863,0.911,11.197,0.000,9.369,9.369,9.067
1780271038720,1.658,1.581,2.303,2.453,0.003,0.003,2.391,2.970,13.362,0.000,8.140,8.140,8.776
1780271038760,1.319,1.206,1.913,1.891,0.003,0.010,4.505,5.365,16.212,0.000,6.691,6.691,10.594
1780271038802,1.177,1.042,1.826,1.964,0.003,0.010,4.446,5.044,15.512,0.000,6.463,6.463,14.691
1780271038841,1.388,1.210,1.902,2.081,0.000,0.007,3.717,4.086,14.391,0.000,6.805,6.805,12.339
1780271038893,1.596,1.221,1.909,2.030,0.000,0.003,2.941,3.375,13.075,0.000,7.024,7.024,11.273
1780271038933,0.532,0.481,0.707,0.980,0.000,0.000,1.370,1.680,5.750,0.000,3.304,3.304,8.364
1780271038984,5.405,5.693,5.245,5.033,0.000,0.000,0.229,0.273,21.878,0.000,11.477,11.477,6.933
1780271039054,4.887,6.976,6.878,6.502,0.000,0.000,0.561,0.681,26.485,0.000,22.157,22.157,21.333
1780271039108,4.534,5.099,5.853,4.836,0.003,0.007,3.393,3.805,27.530,0.000,18.648,18.648,23.709
1780271039150,3.965,3.772,4.632,3.922,0.003,0.010,4.089,4.512,24.905,0.000,15.710,15.710,22.788
1780271039197,3.185,2.941,3.768,3.480,0.003,0.007,3.947,4.439,21.770,0.000,13.219,13.219,19.855
1780271039254,0.739,0.736,1.428,1.461,0.000,0.003,1.964,2.055,8.386,0.000,4.851,4.851,10.642
1780271039313,0.112,0.072,0.160,0.164,0.007,0.025,9.283,10.027,19.850,0.000,1.424,1.424,10.376
1780271039364,0.007,0.010,0.014,0.014,0.003,0.021,9.885,10.781,20.735,0.000,0.797,0.797,19.903
1780271039431,0.003,0.007,0.003,0.007,0.007,0.010,5.937,6.746,12.720,0.000,0.643,0.643,12.485
1780271039473,0.003,0.000,0.003,0.003,0.003,0.014,5.966,6.520,12.512,0.000,0.626,0.626,11.321
1780271039509,0.003,0.003,0.003,0.003,0.003,0.014,5.770,6.535,12.334,0.000,0.634,0.634,12.267
1780271039564,0.000,0.000,0.003,0.003,0.003,0.010,5.762,6.349,12.130,0.000,0.610,0.610,11.879
1780271039593,0.003,0.000,0.003,0.003,0.003,0.010,5.766,6.251,12.039,0.000,0.602,0.602,11.830
1780271039622,0.003,0.000,0.000,0.003,0.003,0.010,5.689,6.240,11.948,0.000,0.602,0.602,11.709
1780271039660,0.003,0.000,0.000,0.003,0.000,0.007,4.625,4.818,9.456,0.000,0.569,0.569,11.200
1780271039700,0.003,0.000,0.003,0.003,0.000,0.003,3.120,3.291,6.423,0.000,0.561,0.561,6.667
1780271039744,1.428,1.414,1.312,1.301,0.003,0.000,1.067,1.290,7.815,0.000,2.555,2.555,4.897
1780271039793,4.450,4.388,4.494,4.333,0.000,0.003,0.178,0.211,18.057,0.000,12.283,12.283,6.303
1780271039848,2.372,4.785,2.507,5.653,0.000,0.000,0.174,0.193,15.684,0.000,12.364,12.364,12.533
1780271039898,0.546,3.728,0.729,5.310,0.000,0.000,0.397,0.455,11.165,0.000,9.735,9.735,9.261
1780271039949,0.153,3.433,0.142,4.647,0.000,0.000,0.586,0.670,9.631,0.000,8.262,8.262,7.927
1780271040006,0.105,2.638,0.043,3.976,0.000,0.003,2.635,2.821,12.221,0.000,6.878,6.878,9.115
1780271040081,0.076,2.493,0.007,2.937,0.000,0.007,3.193,3.539,12.252,0.000,5.852,5.852,9.285
1780271040121,0.021,2.329,0.007,2.974,0.000,0.003,2.967,3.207,11.508,0.000,5.722,5.722,9.333
1780271040162,3.550,2.285,4.144,2.558,0.003,0.003,2.522,2.821,17.886,0.000,9.654,9.654,8.679
1780271040210,2.704,1.942,7.195,2.617,0.003,0.007,3.185,3.539,21.192,0.000,13.040,13.040,16.921
1780271040246,1.680,2.230,7.067,2.813,0.000,0.003,2.128,2.369,18.290,0.000,13.667,13.667,15.491
1780271040285,1.698,2.555,6.918,2.905,0.000,0.003,1.352,1.527,16.958,0.000,13.813,13.813,14.158
1780271040320,1.100,2.314,6.123,3.357,0.000,0.007,2.347,2.792,18.040,0.000,12.730,12.730,13.503
1780271040365,1.042,2.460,5.777,3.411,0.000,0.000,1.421,1.600,15.711,0.000,13.203,13.203,14.933
1780271040420,3.717,0.721,4.749,0.597,0.000,0.000,0.947,1.111,11.842,0.000,9.540,9.540,10.400
1780271040472,3.214,0.054,4.013,0.072,0.003,0.000,0.984,1.122,9.462,0.000,7.798,7.798,7.661
1780271040517,3.167,0.010,3.028,0.014,0.000,0.000,0.721,0.871,7.811,0.000,6.088,6.088,7.055
1780271040566,2.372,0.003,1.924,0.010,0.000,0.003,2.095,2.296,8.703,0.000,4.867,4.867,5.430
1780271040627,2.569,0.849,1.279,0.189,0.000,0.000,1.129,1.330,7.345,0.000,4.354,4.354,6.230
1780271040669,2.901,1.301,0.564,0.663,0.003,0.000,0.805,0.951,7.188,0.000,4.061,4.061,4.703
1780271040731,2.544,0.718,0.185,3.841,0.000,0.000,0.601,0.710,8.599,0.000,5.413,5.413,4.873
1780271040769,2.741,2.012,0.098,5.923,0.000,0.003,1.421,1.622,13.820,0.000,9.043,9.043,8.897
1780271040816,2.682,2.026,0.083,6.068,0.000,0.003,2.456,2.690,16.008,0.000,9.654,9.654,11.467
1780271040871,1.731,2.143,0.298,3.830,0.000,0.003,2.806,3.178,13.989,0.000,6.577,6.577,10.133
1780271040933,2.278,3.087,1.833,3.422,0.000,0.003,1.078,1.242,12.943,0.000,8.986,8.986,10.618
1780271041006,2.624,2.857,2.547,3.178,3.327,0.007,1.975,2.197,18.712,0.000,10.777,10.777,14.691
1780271041073,2.165,2.245,2.022,2.299,3.597,3.360,2.905,3.145,21.738,0.000,9.010,9.010,19.394
1780271041110,1.654,1.745,1.614,1.698,2.223,2.143,7.023,8.573,26.673,0.000,7.041,7.041,22.327
1780271041156,1.392,1.210,1.046,1.403,2.004,1.986,8.959,9.805,27.805,0.000,5.396,5.396,27.830
1780271041191,1.640,0.543,0.379,1.592,2.358,2.329,6.152,6.269,21.262,0.000,4.664,4.664,25.600
1780271041233,1.891,2.416,2.165,1.946,2.208,2.205,4.862,5.372,23.065,0.000,5.038,5.038,18.982
1780271041272,2.048,3.918,4.264,1.745,1.942,1.979,4.702,5.241,25.839,0.000,5.966,5.966,19.200
1780271041310,2.037,4.024,3.889,1.067,2.001,1.968,4.592,5.190,24.768,0.000,5.877,5.877,19.176
1780271041341,1.851,4.337,3.768,0.954,1.844,1.902,4.556,4.979,24.191,0.000,6.715,6.715,18.570
1780271041376,1.811,4.417,4.585,1.753,1.796,1.829,4.293,4.880,25.364,0.000,7.969,7.969,19.782
1780271041417,2.150,4.107,4.166,1.607,1.862,1.880,4.217,4.764,24.753,0.000,8.424,8.424,20.291
1780271041455,2.019,4.825,4.115,1.519,1.873,1.796,4.177,4.559,24.883,0.000,9.108,9.108,20.291
1780271041514,1.997,3.994,4.319,1.928,1.880,1.877,4.096,4.508,24.599,0.000,9.035,9.035,20.679
1780271041583,2.052,3.608,3.765,2.033,1.858,1.862,4.056,4.381,23.615,0.000,8.799,8.799,20.145
1780271041615,1.997,3.371,3.506,2.110,1.855,1.844,4.038,4.370,23.091,0.000,8.522,8.522,19.879
1780271041657,2.176,3.058,3.397,2.278,1.935,1.917,3.641,4.075,22.477,0.000,8.726,8.726,19.297
1780271041694,2.336,3.080,3.295,2.449,2.135,2.121,1.990,2.321,19.727,0.000,8.970,8.970,18.836
1780271041755,2.566,2.835,3.342,2.737,2.070,2.015,1.067,1.195,17.827,0.000,9.165,9.165,14.133
1780271041803,2.467,2.259,2.646,2.883,2.015,2.022,1.016,1.177,16.485,0.000,8.278,8.278,13.600
1780271041844,2.423,1.665,2.070,2.868,1.971,1.968,1.290,1.428,15.683,0.000,7.423,7.423,12.533
1780271041906,2.507,1.111,1.450,3.240,0.364,0.266,1.603,1.753,12.294,0.000,7.146,7.146,9.576
1780271041952,2.726,0.503,0.462,3.032,0.032,0.040,2.722,3.193,12.710,0.000,6.275,6.275,8.315
1780271042005,2.197,0.047,0.076,2.999,0.007,0.010,3.302,3.637,12.275,0.000,5.632,5.632,9.939
1780271042057,2.012,0.575,0.324,2.923,0.003,0.007,3.652,4.035,13.531,0.000,5.470,5.470,10.812
1780271042121,2.372,1.202,0.685,3.123,0.003,0.000,1.228,1.031,9.644,0.000,6.072,6.072,11.224
1780271042164,2.289,1.647,1.479,3.138,0.000,0.003,0.328,0.400,9.284,0.000,6.682,6.682,6.885
1780271042217,1.479,0.951,0.714,2.110,0.007,0.021,8.467,8.868,22.617,0.000,4.314,4.314,13.552
1780271042275,0.306,0.247,0.098,0.619,0.003,0.003,4.322,4.968,10.566,0.000,1.530,1.530,12.994
1780271042338,0.040,0.025,0.007,0.072,0.003,0.010,5.099,5.500,10.756,0.000,0.691,0.691,8.776
1780271042371,0.010,0.003,0.003,0.014,0.003,0.010,5.234,5.598,10.875,0.000,0.602,0.602,10.812
1780271042423,0.003,0.000,0.003,0.003,0.003,0.010,5.164,5.620,10.806,0.000,0.553,0.553,10.715
1780271042460,0.047,0.572,0.003,0.820,0.003,0.010,5.113,5.493,12.061,0.000,0.643,0.643,10.594
1780271042507,1.046,2.697,0.885,3.593,0.003,0.010,4.527,5.048,17.809,0.000,4.884,4.884,11.806
1780271042551,3.677,5.164,3.459,5.361,0.000,0.003,3.470,3.663,24.797,0.000,14.790,14.790,20.267
1780271042605,3.182,4.556,3.674,5.092,0.000,0.007,3.524,3.929,23.964,0.000,15.246,15.246,21.624
1780271042665,2.500,3.553,3.171,4.071,0.000,0.003,2.959,3.258,19.515,0.000,12.991,12.991,18.618
1780271042718,2.223,3.291,2.795,3.568,0.000,0.003,1.129,1.414,14.423,0.000,11.868,11.868,14.933
1780271042774,1.188,1.793,1.753,2.292,0.003,0.021,8.999,9.805,25.854,0.000,7.789,7.789,14.764
1780271042848,1.625,2.154,2.074,2.653,0.000,0.007,3.389,3.878,15.780,0.000,8.644,8.644,13.309
1780271042900,0.295,0.455,0.415,0.568,0.003,0.010,4.621,5.365,11.732,0.000,2.905,2.905,9.673
1780271042972,0.010,0.014,0.010,0.018,0.003,0.010,4.873,5.529,10.467,0.000,0.797,0.797,10.497
1780271043012,0.003,0.003,0.003,0.003,0.007,0.014,4.829,5.288,10.150,0.000,0.634,0.634,10.376
1780271043054,0.007,0.000,0.003,0.003,0.000,0.007,3.590,3.685,7.295,0.000,0.586,0.586,10.206
1780271043111,0.003,0.003,0.000,0.003,0.000,0.003,1.363,1.410,2.785,0.000,0.537,0.537,2.885
1780271043153,0.003,0.003,0.000,0.007,0.000,0.003,0.481,0.572,1.069,0.000,0.520,0.520,1.891
1780271043206,0.003,0.000,0.003,0.003,0.000,0.000,0.382,0.470,0.861,0.000,0.520,0.520,1.018
1780271043259,0.000,0.000,0.000,0.003,0.000,0.003,0.408,0.495,0.909,0.000,0.520,0.520,1.091
1780271043298,0.000,0.000,0.000,0.003,4.169,3.827,0.936,1.013,9.948,0.000,0.553,0.553,8.218
1780271043346,0.000,0.000,0.000,0.003,3.604,3.273,2.668,2.868,12.416,0.000,0.577,0.577,10.400
1780271043384,0.000,0.000,0.000,0.003,2.868,2.620,2.824,3.196,11.511,0.000,0.561,0.561,10.885
1780271043428,0.003,0.000,0.000,0.003,2.398,2.398,1.534,1.873,8.209,0.000,0.553,0.553,9.285
1780271043485,0.000,0.000,0.000,0.003,1.632,1.811,2.518,2.737,8.701,0.000,0.529,0.529,6.109
1780271043543,0.003,0.000,0.000,0.003,1.727,1.742,0.495,0.601,4.571,0.000,0.529,0.529,6.230
1780271043582,0.003,0.000,0.000,0.003,1.519,1.567,0.568,0.703,4.363,0.000,0.545,0.545,4.194
1780271043622,0.000,0.000,0.000,0.000,1.479,1.443,0.481,0.546,3.949,0.000,0.537,0.537,4.242
1780271043681,0.000,0.000,0.003,0.003,1.447,1.396,0.681,0.809,4.339,0.000,0.529,0.529,4.073
1780271043715,0.003,0.000,0.000,0.003,1.326,1.290,1.749,1.899,6.270,0.000,0.529,0.529,4.121
1780271043758,0.000,0.000,0.000,0.003,1.272,1.253,2.525,2.708,7.761,0.000,0.545,0.545,5.988
1780271043797,0.000,0.000,0.000,0.000,1.319,1.304,2.485,2.799,7.907,0.000,0.537,0.537,7.006
1780271043863,0.000,0.000,0.000,0.003,0.200,0.258,2.686,2.956,6.103,0.000,0.545,0.545,5.309
1780271043903,0.003,0.003,0.000,0.003,0.029,0.036,0.973,1.162,2.209,0.000,0.520,0.520,3.952
1780271043943,0.000,0.000,0.000,0.003,0.007,0.010,0.470,0.568,1.058,0.000,0.504,0.504,1.285
1780271044011,0.000,0.000,0.000,0.003,0.003,0.003,0.550,0.663,1.222,0.000,0.512,0.512,1.212
1780271044055,0.000,0.003,0.000,0.007,0.000,0.003,0.597,0.692,1.302,0.000,0.520,0.520,1.261
1780271044095,0.003,0.000,0.000,0.003,0.000,0.003,1.731,1.909,3.649,0.000,0.529,0.529,1.624
1780271044153,0.000,0.000,0.000,0.003,0.000,0.007,2.464,2.686,5.160,0.000,0.520,0.520,3.685
1780271044202,0.000,0.003,0.000,0.003,0.003,0.003,2.868,3.182,6.062,0.000,0.520,0.520,4.630
1780271044236,0.000,0.000,0.003,0.000,0.003,0.003,2.671,2.970,5.650,0.000,0.529,0.529,5.042
1780271044289,0.007,0.003,0.000,0.003,0.000,0.000,0.371,0.510,0.894,0.000,0.520,0.520,2.109
1780271044322,0.003,0.000,0.000,0.003,0.000,0.000,0.080,0.069,0.155,0.000,0.520,0.520,0.752
1780271044385,0.000,0.000,0.000,0.000,0.000,0.000,0.010,0.007,0.017,0.000,0.537,0.537,0.703
1780271044419,0.000,0.000,0.000,0.003,0.000,0.000,0.007,0.003,0.013,0.000,0.520,0.520,0.776
1780271044449,0.000,0.000,0.000,0.003,0.000,0.003,0.003,0.003,0.012,0.000,0.520,0.520,0.703
1780271044483,0.000,0.000,0.003,0.003,0.000,0.000,0.003,0.003,0.012,0.000,0.512,0.512,0.727
1780271044515,0.000,0.000,0.003,0.003,0.000,0.000,0.003,0.003,0.012,0.000,0.504,0.504,0.679
1780271044555,0.003,0.000,0.000,0.003,0.000,0.000,0.003,0.000,0.009,0.000,0.496,0.496,0.703
1780271044589,0.003,0.000,0.000,0.003,0.000,0.000,0.003,0.003,0.012,0.000,0.520,0.520,0.679
1780271044614,0.003,0.000,0.000,0.003,0.000,0.000,0.007,0.003,0.016,0.000,0.512,0.512,0.727
1780271044645,0.003,0.003,0.003,0.003,0.000,0.003,0.003,0.003,0.021,0.000,0.504,0.504,0.703
1780271044668,0.003,0.003,0.003,0.003,0.000,0.003,0.007,0.003,0.025,0.000,0.512,0.512,0.679
1780271044712,0.000,0.000,0.000,0.003,0.000,0.000,0.003,0.003,0.009,0.000,0.496,0.496,0.679
1780271044746,1.848,1.458,1.716,1.100,0.000,0.000,0.003,0.003,6.128,0.000,5.746,5.746,0.703
1780271044812,4.519,5.328,5.729,5.427,0.000,0.000,0.000,0.003,21.006,0.000,18.713,18.713,19.345
1780271044867,3.087,3.812,4.450,4.111,0.000,0.000,0.003,0.000,15.463,0.000,13.455,13.455,14.764
1780271044927,0.419,0.543,0.368,0.357,0.000,0.000,0.003,0.000,1.690,0.000,2.792,2.792,1.939
1780271044961,0.051,0.069,0.076,0.072,0.000,0.000,0.003,0.000,0.271,0.000,1.400,1.400,0.727
1780271045004,0.010,0.014,0.014,0.010,0.000,0.000,0.003,0.003,0.054,0.000,0.789,0.789,0.703
1780271045029,0.007,0.003,0.007,0.007,0.003,0.003,0.003,0.000,0.033,0.000,0.643,0.643,0.776
1780271045071,0.003,0.003,0.003,0.003,0.000,0.003,0.003,0.003,0.021,0.000,0.561,0.561,0.752
1780271045098,0.003,0.003,0.003,0.003,0.000,0.000,0.000,0.000,0.012,0.000,0.553,0.553,0.752
1780271045140,0.003,0.003,0.003,0.003,0.000,0.003,0.003,0.003,0.021,0.000,0.529,0.529,0.727
1780271045173,0.000,0.000,0.000,0.003,3.262,2.941,0.010,0.010,6.226,0.000,0.545,0.545,0.630
1780271045214,0.000,0.000,0.003,0.003,3.787,3.841,0.003,0.007,7.644,0.000,0.561,0.561,8.994
1780271045249,0.003,0.000,0.000,0.007,2.493,2.533,0.007,0.003,5.046,0.000,0.561,0.561,6.327
1780271045298,0.003,0.000,0.003,0.003,1.804,1.782,0.003,0.003,3.601,0.000,0.537,0.537,4.339
1780271045354,0.003,0.003,0.000,0.003,1.567,1.560,0.003,0.003,3.142,0.000,0.537,0.537,3.758
1780271045382,0.000,0.003,0.000,0.003,1.439,1.556,0.003,0.007,3.011,0.000,0.537,0.537,3.636
1780271045456,0.003,0.000,0.000,0.000,1.494,1.512,0.003,0.003,3.015,0.000,0.529,0.529,3.394
1780271045488,0.000,0.000,0.000,0.003,1.483,1.421,0.003,0.007,2.917,0.000,0.520,0.520,3.370
1780271045522,0.003,0.000,0.000,0.003,1.414,1.479,0.003,0.003,2.905,0.000,0.537,0.537,3.491
1780271045548,0.000,0.003,0.000,0.003,1.428,1.483,0.003,0.003,2.923,0.000,0.537,0.537,3.491
1780271045612,0.000,0.003,0.003,0.003,1.450,1.472,0.003,0.007,2.941,0.000,0.545,0.545,3.394
1780271045642,0.000,0.000,0.003,0.003,1.410,1.439,0.007,0.007,2.869,0.000,0.537,0.537,3.394
1780271045683,0.003,0.000,0.003,0.003,1.436,1.443,0.003,0.003,2.894,0.000,0.520,0.520,3.442
1780271045720,0.003,0.003,0.000,0.003,1.436,1.458,0.007,0.003,2.913,0.000,0.529,0.529,3.418
1780271045767,0.003,0.000,0.000,0.003,1.439,1.443,0.003,0.003,2.894,0.000,0.529,0.529,3.442
1780271045798,0.003,0.000,0.000,0.003,1.403,1.468,0.003,0.003,2.883,0.000,0.529,0.529,3.370
1780271045869,0.003,0.000,0.000,0.003,0.072,0.098,0.003,0.003,0.182,0.000,0.537,0.537,0.824
1780271045921,0.000,0.000,0.000,0.003,0.007,0.010,0.003,0.000,0.023,0.000,0.520,0.520,0.703
1780271045980,0.000,0.000,0.003,0.000,0.000,0.003,0.003,0.000,0.009,0.000,0.520,0.520,0.679
1780271046011,0.000,0.000,0.000,0.003,0.000,0.003,0.003,0.000,0.009,0.000,0.520,0.520,0.703
1780271046052,0.003,0.000,0.003,0.003,0.000,0.003,0.003,0.000,0.015,0.000,0.529,0.529,0.727
1780271046082,0.000,0.000,0.003,0.003,0.000,0.000,0.003,0.003,0.012,0.000,0.529,0.529,0.727
1780271046121,0.000,0.000,0.003,0.003,0.003,0.000,0.003,0.003,0.015,0.000,0.529,0.529,0.727
1780271046148,0.000,0.000,0.000,0.003,0.000,0.003,0.003,0.000,0.009,0.000,0.512,0.512,0.703
1780271046189,0.000,0.003,0.000,0.000,0.000,0.000,0.003,0.000,0.006,0.000,0.520,0.520,0.703
1780271046216,0.000,0.000,0.000,0.003,0.003,0.003,0.003,0.000,0.012,0.000,0.512,0.512,0.703
1780271046260,0.000,0.000,0.003,0.003,4.694,4.027,0.007,0.007,8.741,0.000,0.553,0.553,2.279
1780271046287,0.000,0.000,0.000,0.003,3.940,3.382,0.007,0.003,7.335,0.000,0.553,0.553,8.655
1780271046336,0.003,0.000,0.000,0.003,2.372,2.307,0.003,0.003,4.691,0.000,0.561,0.561,5.406
1780271046388,0.003,0.000,0.000,0.003,1.665,1.673,0.003,0.003,3.350,0.000,0.537,0.537,3.976
1780271046415,0.003,0.000,0.000,0.000,1.669,1.552,0.007,0.003,3.234,0.000,0.529,0.529,3.709
1780271046446,0.000,0.000,0.000,0.003,1.472,1.545,0.003,0.003,3.026,0.000,0.529,0.529,3.539
1780271046514,0.003,0.000,0.003,0.003,1.472,1.476,0.003,0.003,2.963,0.000,0.537,0.537,3.442
1780271046549,0.003,0.000,0.003,0.003,1.450,1.465,0.003,0.007,2.934,0.000,0.545,0.545,3.442
1780271046582,0.000,0.000,0.000,0.003,1.396,1.472,0.003,0.003,2.877,0.000,0.529,0.529,3.418
1780271046610,0.000,0.000,0.000,0.003,1.450,1.447,0.003,0.003,2.906,0.000,0.545,0.545,3.491
1780271046660,0.000,0.000,0.000,0.003,1.414,1.490,0.003,0.003,2.913,0.000,0.529,0.529,3.491
1780271046687,0.000,0.000,0.000,0.003,1.439,1.414,0.003,0.003,2.862,0.000,0.529,0.529,3.418
1780271046721,0.000,0.000,0.000,0.003,1.406,1.468,0.003,0.003,2.883,0.000,0.529,0.529,3.394
1780271046767,0.000,0.000,0.000,0.003,1.425,1.458,0.003,0.003,2.892,0.000,0.520,0.520,3.394
1780271046820,0.003,0.000,0.000,0.003,1.403,1.436,0.003,0.003,2.851,0.000,0.537,0.537,3.418
1780271046852,0.000,0.003,0.000,0.003,1.421,1.479,0.003,0.003,2.912,0.000,0.537,0.537,3.418
1780271046903,0.003,0.003,0.000,0.003,1.417,1.439,0.003,0.007,2.875,0.000,0.545,0.545,3.418
1780271046939,0.003,0.000,0.000,0.003,1.447,1.472,0.003,0.003,2.931,0.000,0.529,0.529,3.515
1780271046971,0.000,0.000,0.000,0.003,1.439,1.432,0.003,0.003,2.880,0.000,0.529,0.529,3.418
1780271047033,0.000,0.000,0.000,0.003,1.436,1.450,0.003,0.003,2.895,0.000,0.520,0.520,3.394
1780271047093,0.000,0.000,0.000,0.003,0.185,0.244,0.003,0.003,0.438,0.000,0.569,0.569,1.503
1780271047118,0.000,0.003,0.003,0.003,0.040,0.054,0.000,0.003,0.106,0.000,0.553,0.553,0.752
1780271047150,0.000,0.000,0.000,0.003,0.010,0.014,0.003,0.000,0.030,0.000,0.537,0.537,0.727
1780271047179,0.000,0.000,0.000,0.003,0.003,0.007,0.000,0.000,0.013,0.000,0.520,0.520,0.703
1780271047222,0.003,0.000,0.000,0.003,0.003,0.003,0.000,0.003,0.015,0.000,0.512,0.512,0.703
1780271047247,0.000,0.000,0.000,0.000,0.000,0.003,0.003,0.003,0.009,0.000,0.520,0.520,0.703
1780271047287,0.000,0.000,0.000,0.007,0.003,0.003,0.003,0.003,0.019,0.000,0.520,0.520,0.727
1780271047312,0.000,0.000,0.000,0.003,0.000,0.003,0.000,0.003,0.009,0.000,0.496,0.496,0.727
1780271047356,0.003,0.000,0.000,0.003,0.000,0.003,0.003,0.000,0.012,0.000,0.520,0.520,0.703
1780271047397,0.003,0.000,0.000,0.003,0.000,0.000,0.003,0.000,0.009,0.000,0.520,0.520,0.752
1780271047428,0.000,0.000,0.000,0.003,0.000,0.003,0.003,0.000,0.009,0.000,0.520,0.520,0.727
1780271047455,0.003,0.000,0.000,0.003,0.000,0.003,0.003,0.000,0.012,0.000,0.512,0.512,0.703
1780271047505,0.000,0.000,0.000,0.003,4.683,3.969,0.007,0.007,8.669,0.000,0.553,0.553,9.842
1780271047562,0.000,0.000,0.000,0.000,2.580,2.715,0.003,0.003,5.301,0.000,0.561,0.561,5.939
1780271047595,0.003,0.000,0.000,0.003,1.997,1.924,0.003,0.003,3.933,0.000,0.545,0.545,4.606
1780271047641,0.000,0.000,0.000,0.003,1.636,1.636,0.003,0.003,3.281,0.000,0.545,0.545,3.855
1780271047673,0.000,0.003,0.000,0.000,1.494,1.549,0.003,0.003,3.052,0.000,0.545,0.545,3.564
1780271047708,0.000,0.000,0.000,0.003,1.461,1.498,0.003,0.003,2.968,0.000,0.529,0.529,3.515
1780271047735,0.000,0.000,0.000,0.003,1.461,1.483,0.003,0.007,2.957,0.000,0.529,0.529,3.491
1780271047782,0.000,0.000,0.003,0.003,1.428,1.450,0.003,0.003,2.890,0.000,0.520,0.520,3.418
1780271047818,0.000,0.000,0.003,0.003,1.406,1.472,0.003,0.003,2.890,0.000,0.512,0.512,3.418
1780271047856,0.000,0.003,0.000,0.003,0.575,0.430,0.003,0.003,1.017,0.000,0.529,0.529,3.224
1780271047918,0.000,0.000,0.000,0.000,0.018,0.021,0.003,0.000,0.042,0.000,0.520,0.520,0.727
1780271047947,0.003,0.000,0.000,0.003,0.007,0.010,0.003,0.000,0.026,0.000,0.512,0.512,0.752
1780271047979,0.000,0.000,0.000,0.003,0.003,0.003,0.003,0.003,0.015,0.000,0.512,0.512,0.727
1780271048008,0.003,0.000,0.000,0.003,0.003,0.003,0.003,0.003,0.018,0.000,0.520,0.520,0.703
1780271048075,0.000,0.000,0.000,0.003,0.000,0.000,0.003,0.003,0.009,0.000,0.520,0.520,0.752
1780271048110,0.003,0.003,0.003,0.003,0.003,0.000,0.003,0.000,0.018,0.000,0.520,0.520,0.727
1780271048148,0.003,0.000,0.000,0.003,0.003,0.000,0.003,0.003,0.015,0.000,0.520,0.520,0.727
1780271048180,0.003,0.000,0.003,0.003,0.000,0.003,0.000,0.000,0.012,0.000,0.512,0.512,0.679
1780271048232,0.003,0.000,0.000,0.007,0.000,0.003,0.003,0.000,0.016,0.000,0.504,0.504,0.727
1780271048260,0.000,0.000,0.000,0.007,0.000,0.000,0.003,0.000,0.010,0.000,0.496,0.496,0.703
1780271048311,0.000,0.000,0.000,0.003,4.661,4.122,0.007,0.003,8.796,0.000,0.545,0.545,7.055
1780271048372,0.000,0.000,0.003,0.000,2.474,2.620,0.007,0.003,5.107,0.000,0.569,0.569,6.376
1780271048424,0.000,0.000,0.000,0.003,1.738,1.804,0.003,0.003,3.551,0.000,0.537,0.537,4.048
1780271048450,0.000,0.000,0.000,0.003,1.654,1.563,0.003,0.003,3.226,0.000,0.529,0.529,3.782
1780271048490,0.003,0.000,0.000,0.003,1.487,1.560,0.007,0.003,3.063,0.000,0.537,0.537,3.636
1780271048528,0.000,0.003,0.003,0.003,1.465,1.461,0.003,0.003,2.941,0.000,0.529,0.529,3.418
1780271048607,0.003,0.000,0.000,0.003,1.410,1.487,0.003,0.003,2.909,0.000,0.520,0.520,3.442
1780271048648,0.000,0.000,0.000,0.003,1.410,1.468,0.003,0.003,2.887,0.000,0.529,0.529,3.491
1780271048698,0.000,0.000,0.000,0.003,0.204,0.255,0.003,0.003,0.468,0.000,0.520,0.520,1.576
1780271048733,0.000,0.000,0.000,0.000,0.043,0.058,0.003,0.000,0.104,0.000,0.512,0.512,0.752
1780271048768,0.000,0.000,0.000,0.003,0.010,0.010,0.003,0.000,0.026,0.000,0.504,0.504,0.727
1780271048797,0.003,0.000,0.000,0.003,0.003,0.007,0.000,0.000,0.016,0.000,0.504,0.504,0.727
1780271048844,0.003,0.000,0.003,0.003,0.000,0.003,0.000,0.000,0.012,0.000,0.512,0.512,0.727
1780271048879,0.003,0.000,0.003,0.003,0.000,0.003,0.003,0.003,0.018,0.000,0.520,0.520,0.703
1780271048933,0.000,0.000,0.000,0.003,0.003,0.000,0.003,0.000,0.009,0.000,0.512,0.512,0.727
1780271048973,0.000,0.000,0.000,0.003,0.000,0.000,0.000,0.000,0.003,0.000,0.504,0.504,0.703
1780271049015,0.000,0.003,0.000,0.003,0.000,0.000,0.003,0.000,0.009,0.000,0.504,0.504,0.703
1780271049044,0.000,0.003,0.000,0.003,0.003,0.000,0.000,0.003,0.012,0.000,0.512,0.512,0.727
1780271049121,0.000,0.003,0.000,0.007,0.000,0.000,0.000,0.000,0.010,0.000,0.520,0.520,0.727
1780271049158,0.003,0.003,0.000,0.003,0.000,0.003,0.000,0.000,0.012,0.000,0.520,0.520,0.727
1780271049201,0.000,0.000,0.000,0.003,0.000,0.003,0.003,0.003,0.012,0.000,0.512,0.512,0.727
1780271049228,0.003,0.000,0.003,0.003,0.000,0.003,0.003,0.000,0.015,0.000,0.520,0.520,0.727
1780271049276,0.000,0.000,0.003,0.000,0.000,0.003,0.003,0.003,0.012,0.000,0.520,0.520,0.703
1780271049303,0.003,0.000,0.000,0.003,0.003,0.000,0.003,0.003,0.015,0.000,0.512,0.512,0.727
1780271049335,0.000,0.000,0.000,0.003,0.000,0.000,0.000,0.003,0.006,0.000,0.504,0.504,0.727
1780271049361,0.000,0.000,0.000,0.003,0.000,0.003,0.000,0.000,0.006,0.000,0.520,0.520,0.703
1780271049411,0.003,0.000,0.000,0.003,0.000,0.000,0.003,0.000,0.009,0.000,0.520,0.520,0.727
1780271049463,0.000,0.000,0.000,0.000,0.000,0.000,0.003,0.003,0.006,0.000,0.504,0.504,0.703
1780271049488,0.000,0.000,0.000,0.000,0.000,0.000,0.003,0.000,0.003,0.000,0.496,0.496,0.703
1780271049530,0.000,0.000,0.000,0.003,4.632,4.177,0.007,0.010,8.829,0.000,0.553,0.553,1.139
1780271049560,0.000,0.000,0.003,0.007,3.889,3.670,0.003,0.007,7.579,0.000,0.545,0.545,8.921
1780271049626,0.003,0.000,0.000,0.003,2.044,2.161,0.003,0.003,4.217,0.000,0.561,0.561,5.042
1780271049667,0.000,0.003,0.000,0.003,1.683,1.745,0.003,0.003,3.440,0.000,0.529,0.529,3.903
1780271049705,0.000,0.000,0.000,0.003,1.538,1.545,0.003,0.003,3.092,0.000,0.529,0.529,3.588
1780271049735,0.000,0.000,0.000,0.003,1.461,1.519,0.003,0.003,2.989,0.000,0.529,0.529,3.491
1780271049784,0.000,0.000,0.000,0.003,1.468,1.436,0.003,0.003,2.913,0.000,0.520,0.520,3.515
1780271049814,0.000,0.000,0.003,0.003,1.403,1.476,0.003,0.003,2.891,0.000,0.520,0.520,3.515
1780271049859,0.000,0.000,0.000,0.003,1.406,1.479,0.003,0.003,2.894,0.000,0.537,0.537,3.491
1780271049892,0.000,0.000,0.000,0.003,1.447,1.454,0.003,0.003,2.910,0.000,0.561,0.561,3.442
1780271049935,0.000,0.000,0.000,0.003,1.421,1.494,0.007,0.000,2.925,0.000,0.537,0.537,3.418
1780271049984,0.000,0.000,0.000,0.003,1.425,1.447,0.003,0.007,2.885,0.000,0.537,0.537,3.418
1780271050010,0.000,0.000,0.000,0.000,1.450,1.450,0.003,0.003,2.906,0.000,0.537,0.537,3.442
1780271050055,0.003,0.000,0.000,0.007,1.454,1.414,0.003,0.007,2.888,0.000,0.512,0.512,3.418
1780271050080,0.000,0.000,0.003,0.003,1.366,1.458,0.003,0.003,2.836,0.000,0.529,0.529,3.394
1780271050149,0.000,0.000,0.000,0.003,0.251,0.306,0.003,0.003,0.566,0.000,0.529,0.529,1.648
1780271050179,0.003,0.000,0.000,0.003,0.054,0.069,0.003,0.000,0.132,0.000,0.529,0.529,0.752
1780271050209,0.003,0.000,0.000,0.003,0.014,0.021,0.000,0.000,0.041,0.000,0.520,0.520,0.752
1780271050234,0.003,0.000,0.000,0.003,0.007,0.007,0.003,0.000,0.023,0.000,0.512,0.512,0.727
1780271050278,0.000,0.000,0.000,0.003,0.000,0.003,0.000,0.003,0.009,0.000,0.512,0.512,0.703
1780271050309,0.000,0.000,0.000,0.003,0.003,0.003,0.003,0.003,0.015,0.000,0.512,0.512,0.727
1780271050345,0.000,0.000,0.003,0.003,0.003,0.003,0.003,0.003,0.018,0.000,0.504,0.504,0.703
1780271050377,0.000,0.000,0.000,0.003,0.003,0.000,0.000,0.003,0.009,0.000,0.512,0.512,0.703
1780271050422,0.003,0.000,0.000,0.000,0.000,0.003,0.003,0.003,0.012,0.000,0.520,0.520,0.752
1780271050452,0.003,0.000,0.000,0.003,0.000,0.000,0.003,0.000,0.009,0.000,0.512,0.512,0.703
1780271050497,0.003,0.000,0.003,0.003,0.003,0.003,0.003,0.000,0.018,0.000,0.512,0.512,0.703
1780271050525,0.000,0.000,0.000,0.000,0.003,0.000,0.003,0.003,0.009,0.000,0.504,0.504,0.703
1780271050568,0.000,0.000,0.000,0.003,0.000,0.000,0.003,0.000,0.006,0.000,0.512,0.512,0.727
1780271050598,0.003,0.000,0.003,0.003,0.003,0.000,0.003,0.000,0.015,0.000,0.496,0.496,0.703
1780271050675,0.000,0.003,0.000,0.007,0.003,0.000,0.003,0.003,0.019,0.000,0.520,0.520,0.727
1780271050720,0.003,0.000,0.000,0.003,0.000,0.003,0.000,0.000,0.009,0.000,0.520,0.520,0.703
1780271050754,0.000,0.000,0.003,0.003,0.003,0.000,0.003,0.003,0.015,0.000,0.520,0.520,0.703
1780271050785,0.000,0.003,0.000,0.003,0.000,0.000,0.003,0.003,0.012,0.000,0.512,0.512,0.703
1780271050821,0.000,0.000,0.000,0.003,0.000,0.000,0.003,0.000,0.006,0.000,0.504,0.504,0.703
1780271050856,0.003,0.000,0.000,0.003,0.000,0.000,0.003,0.000,0.009,0.000,0.504,0.504,0.679
1780271050896,0.003,0.000,0.000,0.003,0.003,0.003,0.003,0.000,0.015,0.000,0.529,0.529,0.679
1780271050928,0.000,0.000,0.000,0.003,0.000,0.000,0.003,0.003,0.009,0.000,0.512,0.512,0.727
1780271050965,0.000,0.000,0.000,0.003,0.000,0.003,0.003,0.000,0.009,0.000,0.504,0.504,0.703
1780271051022,0.000,0.000,0.003,0.003,0.000,0.000,0.000,0.000,0.006,0.000,0.504,0.504,0.727
1780271051049,0.000,0.000,0.000,0.003,0.000,0.000,0.003,0.000,0.006,0.000,0.520,0.520,0.703
1780271051085,0.003,0.000,0.007,0.003,0.000,0.000,0.003,0.003,0.019,0.000,0.504,0.504,0.727
1780271051115,0.003,0.000,0.000,0.003,0.000,0.000,0.003,0.000,0.009,0.000,0.496,0.496,0.727
1780271051191,0.000,0.000,0.000,0.003,0.000,0.003,0.003,0.000,0.009,0.000,0.496,0.496,0.703
1780271051223,0.000,0.000,0.000,0.003,0.000,0.000,0.003,0.000,0.006,0.000,0.496,0.496,0.703
1780271051260,0.003,0.000,0.000,0.003,0.000,0.000,0.003,0.000,0.009,0.000,0.496,0.496,0.703
1780271051288,0.003,0.000,0.000,0.000,0.000,0.000,0.000,0.000,0.003,0.000,0.504,0.504,0.703
1780271051332,0.003,0.000,0.000,0.003,0.000,0.003,0.003,0.003,0.015,0.000,0.504,0.504,0.703
1780271051360,0.000,0.000,0.000,0.003,0.000,0.000,0.003,0.003,0.009,0.000,0.504,0.504,0.703
1780271051394,0.000,0.000,0.003,0.007,0.000,0.000,0.003,0.000,0.013,0.000,0.512,0.512,0.703
1780271051422,0.003,0.000,0.003,0.000,0.000,0.003,0.003,0.003,0.015,0.000,0.520,0.520,0.752
1780271051458,0.000,0.000,0.000,0.003,0.000,0.000,0.000,0.000,0.003,0.000,0.512,0.512,0.703
1780271051487,0.000,0.003,0.000,0.003,0.000,0.003,0.000,0.003,0.012,0.000,0.496,0.496,0.703
1780271051535,0.000,0.003,0.000,0.000,0.003,0.000,0.000,0.003,0.009,0.000,0.512,0.512,0.727
1780271051563,0.000,0.000,0.000,0.003,0.000,0.000,0.003,0.000,0.006,0.000,0.512,0.512,0.727
1780271051605,0.003,0.000,0.000,0.003,0.000,0.000,0.000,0.000,0.006,0.000,0.504,0.504,0.727
1780271051632,0.003,0.003,0.000,0.007,0.000,0.000,0.003,0.000,0.016,0.000,0.496,0.496,0.703
1780271051703,0.000,0.000,0.000,0.003,0.003,0.000,0.000,0.000,0.006,0.000,0.520,0.520,0.727
1780271051738,0.000,0.003,0.000,0.003,0.000,0.000,0.000,0.003,0.009,0.000,0.504,0.504,0.727
1780271051776,0.000,0.000,0.000,0.003,0.000,0.000,0.003,0.000,0.006,0.000,0.496,0.496,0.679
1780271051803,0.000,0.000,0.000,0.003,0.003,0.000,0.003,0.000,0.009,0.000,0.504,0.504,0.703
1780271051849,0.000,0.000,0.000,0.003,0.000,0.000,0.007,0.000,0.010,0.000,0.496,0.496,0.703
1780271051895,0.003,0.000,0.000,0.000,0.000,0.000,0.003,0.003,0.009,0.000,0.504,0.504,0.679
1780271051927,0.003,0.000,0.000,0.000,0.000,0.000,0.003,0.000,0.006,0.000,0.504,0.504,0.703
1780271051960,0.003,0.000,0.000,0.003,0.000,0.000,0.003,0.000,0.009,0.000,0.512,0.512,0.703
1780271051990,0.000,0.000,0.000,0.007,0.000,0.000,0.003,0.003,0.013,0.000,0.504,0.504,0.703
1780271052051,0.003,0.000,0.003,0.003,0.000,0.000,0.000,0.000,0.009,0.000,0.504,0.504,0.703
1780271052078,0.000,0.000,0.000,0.003,0.000,0.000,0.003,0.003,0.009,0.000,0.504,0.504,0.703
1780271052116,0.007,0.000,0.003,0.007,0.000,0.003,0.003,0.003,0.026,0.000,0.512,0.512,0.703
1780271052142,0.000,0.000,0.000,0.000,0.003,0.000,0.000,0.000,0.003,0.000,0.504,0.504,0.703
1780271052215,0.000,0.000,0.000,0.003,0.000,0.000,0.003,0.000,0.006,0.000,0.512,0.512,0.727
1780271052245,0.000,0.000,0.000,0.003,0.000,0.000,0.000,0.003,0.006,0.000,0.512,0.512,0.727
1780271052276,0.003,0.000,0.000,0.003,0.000,0.000,0.000,0.003,0.009,0.000,0.512,0.512,0.703
1780271052306,0.003,0.000,0.000,0.003,0.000,0.000,0.003,0.000,0.009,0.000,0.496,0.496,0.679
1780271052340,0.000,0.000,0.000,0.007,0.000,0.000,0.000,0.000,0.007,0.000,0.512,0.512,0.727
1780271052370,0.000,0.000,0.000,0.000,0.000,0.000,0.003,0.000,0.003,0.000,0.520,0.520,0.703
1780271052407,0.000,0.000,0.003,0.003,0.000,0.000,0.003,0.000,0.009,0.000,0.529,0.529,0.703
1780271052440,0.003,0.000,0.000,0.003,0.000,0.003,0.000,0.000,0.009,0.000,0.520,0.520,0.727
1780271052484,0.000,0.000,0.000,0.003,0.000,0.000,0.007,0.000,0.010,0.000,0.488,0.488,0.679
1780271052515,0.003,0.000,0.000,0.000,0.000,0.000,0.003,0.000,0.006,0.000,0.512,0.512,0.679
1780271052571,0.000,0.000,0.000,0.003,0.000,0.000,0.000,0.003,0.006,0.000,0.504,0.504,0.727
1780271052603,0.003,0.000,0.003,0.003,0.000,0.000,0.003,0.000,0.012,0.000,0.512,0.512,0.703
1780271052661,0.000,0.000,0.000,0.000,0.000,0.000,0.003,0.000,0.003,0.000,0.512,0.512,0.727
1780271052734,0.000,0.000,0.000,0.003,0.000,0.000,0.003,0.003,0.009,0.000,0.545,0.545,0.727
1780271052766,0.000,0.000,0.000,0.003,0.000,0.003,0.003,0.000,0.009,0.000,0.520,0.520,0.727
1780271052796,0.000,0.000,0.000,0.003,0.000,0.000,0.003,0.000,0.006,0.000,0.520,0.520,0.703
1780271052827,0.000,0.000,0.003,0.003,0.000,0.000,0.003,0.000,0.009,0.000,0.512,0.512,0.727
1780271052866,0.000,0.000,0.000,0.000,0.003,0.000,0.003,0.000,0.006,0.000,0.504,0.504,0.703
1780271052900,0.000,0.000,0.000,0.003,0.000,0.003,0.003,0.000,0.009,0.000,0.496,0.496,0.679
1780271052939,0.000,0.000,0.000,0.003,0.003,0.000,0.003,0.000,0.009,0.000,0.520,0.520,0.703
1780271052968,0.000,0.000,0.000,0.000,0.000,0.003,0.003,0.000,0.006,0.000,0.504,0.504,0.703
1780271053006,0.000,0.000,0.000,0.003,0.000,0.003,0.000,0.003,0.009,0.000,0.512,0.512,0.727
1780271053039,0.003,0.000,0.003,0.003,0.003,0.003,0.003,0.003,0.021,0.000,0.504,0.504,0.727
1780271053095,0.003,0.000,0.000,0.003,0.000,0.000,0.003,0.003,0.012,0.000,0.504,0.504,0.703
1780271053128,0.000,0.000,0.003,0.007,0.000,0.000,0.003,0.000,0.013,0.000,0.512,0.512,0.703
1780271053172,0.007,0.000,0.000,0.003,0.000,0.000,0.003,0.000,0.013,0.000,0.512,0.512,0.703
1780271053246,0.000,0.000,0.000,0.003,0.000,0.000,0.003,0.000,0.006,0.000,0.520,0.520,0.703
1780271053284,0.000,0.000,0.003,0.003,0.000,0.003,0.003,0.000,0.012,0.000,0.512,0.512,0.703
1780271053319,0.000,0.000,0.000,0.007,0.000,0.003,0.003,0.000,0.013,0.000,0.504,0.504,0.703
1780271053347,0.000,0.000,0.003,0.000,0.000,0.003,0.003,0.000,0.009,0.000,0.504,0.504,0.703
1780271053384,0.000,0.000,0.003,0.003,0.000,0.000,0.003,0.000,0.009,0.000,0.512,0.512,0.703
1780271053424,0.003,0.000,0.000,0.003,0.000,0.000,0.003,0.000,0.009,0.000,0.504,0.504,0.727
1780271053458,0.000,0.000,0.000,0.003,0.000,0.000,0.003,0.000,0.006,0.000,0.504,0.504,0.703
1780271053481,0.000,0.000,0.000,0.003,0.000,0.003,0.003,0.000,0.009,0.000,0.520,0.520,0.679
1780271053519,0.000,0.000,0.000,0.007,0.000,0.000,0.003,0.000,0.010,0.000,0.504,0.504,0.679
1780271053561,0.003,0.000,0.000,0.003,0.000,0.000,0.003,0.000,0.009,0.000,0.496,0.496,0.703
1780271053613,0.000,0.000,0.000,0.003,0.003,0.003,0.003,0.000,0.012,0.000,0.496,0.496,0.703
1780271053643,0.003,0.000,0.000,0.003,0.003,0.000,0.003,0.000,0.012,0.000,0.496,0.496,0.703
1780271053688,0.000,0.000,0.000,0.003,0.000,0.000,0.003,0.000,0.006,0.000,0.520,0.520,0.679
1780271053759,0.003,0.003,0.000,0.003,0.000,0.000,0.003,0.000,0.012,0.000,0.504,0.504,0.630
1780271053793,0.003,0.000,0.000,0.000,0.000,0.000,0.003,0.003,0.009,0.000,0.504,0.504,0.727
1780271053830,0.003,0.000,0.000,0.003,0.000,0.000,0.003,0.000,0.009,0.000,0.504,0.504,0.703
1780271053860,0.000,0.000,0.000,0.000,0.000,0.000,0.003,0.003,0.006,0.000,0.504,0.504,0.703
1780271053910,0.000,0.000,0.000,0.003,4.723,4.253,0.003,0.007,8.989,0.000,0.537,0.537,7.636
1780271053952,0.000,0.000,0.000,0.000,3.211,3.327,0.003,0.007,6.548,0.000,0.561,0.561,8.364
1780271053986,0.000,0.000,0.003,0.000,2.314,2.285,0.003,0.003,4.608,0.000,0.529,0.529,5.382
1780271054013,0.000,0.000,0.000,0.003,1.913,1.935,0.003,0.003,3.857,0.000,0.537,0.537,4.436
1780271054049,0.003,0.000,0.000,0.007,1.665,1.676,0.003,0.003,3.357,0.000,0.529,0.529,3.927
1780271054079,0.003,0.000,0.000,0.003,1.509,1.585,0.003,0.003,3.106,0.000,0.529,0.529,3.661
1780271054137,0.003,0.000,0.003,0.003,1.458,1.527,0.003,0.003,3.000,0.000,0.520,0.520,3.539
1780271054176,0.000,0.000,0.000,0.003,1.468,1.483,0.003,0.003,2.960,0.000,0.520,0.520,3.418
1780271054215,0.000,0.000,0.000,0.003,1.483,1.450,0.003,0.003,2.942,0.000,0.537,0.537,3.418
1780271054275,0.003,0.003,0.000,0.003,1.447,1.487,0.003,0.003,2.949,0.000,0.520,0.520,3.491
1780271054311,0.000,0.003,0.003,0.003,1.487,1.447,0.003,0.003,2.949,0.000,0.512,0.512,3.418
1780271054352,0.000,0.000,0.000,0.003,0.408,0.546,0.003,0.000,0.960,0.000,0.520,0.520,3.491
1780271054381,0.007,0.000,0.000,0.003,0.083,0.116,0.003,0.000,0.212,0.000,0.520,0.520,0.752
1780271054423,0.003,0.000,0.000,0.003,0.010,0.018,0.000,0.000,0.034,0.000,0.512,0.512,0.703
1780271054479,0.000,0.000,0.000,0.000,0.000,0.003,0.003,0.003,0.009,0.000,0.512,0.512,0.703
1780271054507,0.000,0.000,0.000,0.003,0.003,0.003,0.003,0.000,0.012,0.000,0.504,0.504,0.703
1780271054543,0.003,0.000,0.003,0.003,0.000,0.003,0.003,0.000,0.015,0.000,0.496,0.496,0.679
1780271054572,0.000,0.000,0.000,0.003,0.000,0.003,0.003,0.000,0.009,0.000,0.504,0.504,0.703
1780271054615,0.000,0.000,0.000,0.003,0.003,0.000,0.003,0.000,0.009,0.000,0.496,0.496,0.679
1780271054668,0.000,0.000,0.000,0.003,0.003,0.000,0.003,0.003,0.012,0.000,0.504,0.504,0.703
1780271054696,0.003,0.000,0.000,0.003,0.000,0.003,0.000,0.000,0.009,0.000,0.504,0.504,0.727
1780271054732,0.003,0.000,0.000,0.003,0.000,0.003,0.003,0.000,0.012,0.000,0.520,0.520,0.703
1780271054793,0.003,0.003,0.000,0.003,0.000,0.000,0.003,0.000,0.012,0.000,0.504,0.504,0.703
1780271054828,0.003,0.000,0.000,0.003,0.000,0.003,0.003,0.000,0.012,0.000,0.496,0.496,0.727
1780271054871,0.003,0.000,0.000,0.007,0.000,0.000,0.003,0.003,0.016,0.000,0.504,0.504,0.703
1780271054900,0.003,0.000,0.000,0.003,0.000,0.003,0.003,0.000,0.012,0.000,0.488,0.488,0.703
1780271054950,0.003,0.000,0.000,0.003,0.000,0.000,0.003,0.003,0.012,0.000,0.537,0.537,0.703
1780271054981,0.003,0.000,0.000,0.003,0.000,0.000,0.003,0.000,0.009,0.000,0.512,0.512,0.727
1780271055016,0.000,0.000,0.003,0.003,0.000,0.000,0.003,0.003,0.012,0.000,0.496,0.496,0.703
1780271055042,0.007,0.000,0.003,0.003,0.000,0.000,0.003,0.000,0.016,0.000,0.504,0.504,0.703
1780271055082,0.003,0.000,0.000,0.003,0.000,0.000,0.000,0.003,0.009,0.000,0.520,0.520,0.703
1780271055108,0.000,0.000,0.000,0.000,0.000,0.000,0.003,0.000,0.003,0.000,0.520,0.520,0.703
1780271055144,0.000,0.000,0.003,0.003,3.776,3.306,0.003,0.007,7.098,0.000,0.545,0.545,0.848
1780271055209,0.000,0.000,0.000,0.003,2.719,2.824,0.007,0.003,5.556,0.000,0.569,0.569,7.055
1780271055238,0.000,0.000,0.003,0.003,2.052,2.208,0.003,0.003,4.272,0.000,0.529,0.529,5.164
1780271055299,0.000,0.000,0.000,0.003,1.640,1.589,0.003,0.003,3.238,0.000,0.529,0.529,3.830
1780271055336,0.003,0.000,0.000,0.000,1.465,1.530,0.003,0.003,3.004,0.000,0.529,0.529,3.564
1780271055366,0.003,0.000,0.000,0.003,1.465,1.530,0.007,0.003,3.011,0.000,0.529,0.529,3.515
1780271055391,0.000,0.000,0.000,0.003,1.428,1.479,0.003,0.003,2.916,0.000,0.537,0.537,3.491
1780271055431,0.003,0.000,0.000,0.003,1.454,1.461,0.003,0.003,2.927,0.000,0.520,0.520,3.515
1780271055470,0.000,0.000,0.000,0.000,1.414,1.501,0.003,0.003,2.921,0.000,0.577,0.577,3.539
1780271055509,0.003,0.000,0.000,0.003,1.454,1.479,0.003,0.003,2.945,0.000,0.545,0.545,3.418
1780271055538,0.000,0.000,0.003,0.003,1.450,1.458,0.003,0.003,2.920,0.000,0.545,0.545,3.442
1780271055569,0.000,0.000,0.000,0.003,1.425,1.454,0.003,0.003,2.888,0.000,0.529,0.529,3.515
1780271055606,0.000,0.000,0.000,0.003,1.443,1.458,0.003,0.003,2.910,0.000,0.529,0.529,3.418
1780271055642,0.003,0.000,0.000,0.003,1.428,1.461,0.003,0.007,2.905,0.000,0.496,0.496,3.394
1780271055682,0.003,0.000,0.000,0.003,1.439,1.439,0.003,0.003,2.890,0.000,0.520,0.520,3.370
1780271055755,0.003,0.000,0.000,0.003,1.414,1.432,0.003,0.003,2.858,0.000,0.529,0.529,3.418
1780271055810,0.000,0.000,0.000,0.003,1.447,1.461,0.003,0.003,2.917,0.000,0.537,0.537,3.394
1780271055838,0.003,0.003,0.000,0.003,1.377,1.461,0.003,0.003,2.853,0.000,0.520,0.520,3.442
1780271055869,0.000,0.000,0.000,0.003,1.447,1.443,0.003,0.003,2.899,0.000,0.529,0.529,3.370
1780271055903,0.003,0.000,0.003,0.003,1.425,1.454,0.003,0.003,2.894,0.000,0.512,0.512,3.394
1780271055938,0.000,0.000,0.000,0.003,1.377,1.458,0.003,0.003,2.844,0.000,0.512,0.512,3.394
1780271055971,0.003,0.000,0.000,0.000,1.439,1.458,0.003,0.003,2.906,0.000,0.529,0.529,3.370
1780271056006,0.000,0.000,0.000,0.000,1.406,1.458,0.003,0.003,2.870,0.000,0.529,0.529,3.418
1780271056053,0.003,0.000,0.003,0.003,1.417,1.439,0.003,0.003,2.871,0.000,0.520,0.520,3.394
1780271056082,0.003,0.000,0.000,0.003,1.421,1.458,0.003,0.003,2.891,0.000,0.529,0.529,3.418
1780271056116,0.000,0.000,0.000,0.003,1.421,1.432,0.003,0.003,2.862,0.000,0.520,0.520,3.418
1780271056160,0.003,0.000,0.000,0.003,1.399,1.465,0.003,0.007,2.880,0.000,0.504,0.504,3.394
1780271056222,0.000,0.000,0.003,0.003,1.417,1.443,0.000,0.003,2.869,0.000,0.545,0.545,3.394
1780271056279,0.000,0.000,0.000,0.003,1.421,1.447,0.003,0.003,2.877,0.000,0.520,0.520,3.370
1780271056350,0.003,0.003,0.000,0.003,1.366,1.450,0.003,0.003,2.831,0.000,0.520,0.520,3.491
1780271056382,0.003,0.000,0.000,0.003,1.443,1.454,0.003,0.003,2.909,0.000,0.520,0.520,3.418
1780271056417,0.000,0.000,0.000,0.003,1.439,1.443,0.003,0.003,2.891,0.000,0.520,0.520,3.370
1780271056444,0.003,0.000,0.003,0.003,1.385,1.458,0.003,0.003,2.858,0.000,0.529,0.529,3.418
1780271056489,0.003,0.000,0.000,0.003,1.396,1.439,0.003,0.003,2.847,0.000,0.529,0.529,3.442
1780271056517,0.003,0.000,0.000,0.003,1.417,1.436,0.007,0.003,2.869,0.000,0.529,0.529,3.394
1780271056565,0.000,0.000,0.000,0.003,1.374,1.472,0.003,0.003,2.855,0.000,0.537,0.537,3.370
1780271056594,0.003,0.000,0.000,0.000,1.447,1.417,0.003,0.003,2.873,0.000,0.545,0.545,3.370
1780271056629,0.003,0.003,0.000,0.003,1.421,1.443,0.003,0.003,2.879,0.000,0.529,0.529,3.418
1780271056660,0.000,0.000,0.000,0.003,1.396,1.450,0.003,0.003,2.855,0.000,0.537,0.537,3.442
1780271056694,0.003,0.000,0.000,0.003,1.436,1.425,0.003,0.003,2.873,0.000,0.520,0.520,3.394
1780271056737,0.000,0.000,0.000,0.000,1.421,1.436,0.003,0.003,2.863,0.000,0.529,0.529,3.394
1780271056808,0.003,0.000,0.000,0.000,1.410,1.454,0.003,0.003,2.873,0.000,0.520,0.520,3.370
1780271056879,0.000,0.000,0.000,0.000,1.436,1.421,0.003,0.003,2.863,0.000,0.520,0.520,3.370
1780271056912,0.000,0.003,0.000,0.003,1.414,1.443,0.003,0.003,2.869,0.000,0.504,0.504,3.418
1780271056961,0.000,0.000,0.000,0.003,1.414,1.421,0.007,0.003,2.848,0.000,0.520,0.520,3.370
1780271056991,0.000,0.000,0.000,0.000,1.392,1.443,0.003,0.003,2.841,0.000,0.529,0.529,3.515
1780271057024,0.000,0.000,0.000,0.000,1.432,1.458,0.003,0.003,2.896,0.000,0.520,0.520,3.442
1780271057065,0.000,0.000,0.003,0.003,1.461,1.439,0.003,0.003,2.912,0.000,0.529,0.529,3.394
1780271057104,0.000,0.000,0.000,0.003,1.436,1.461,0.003,0.000,2.903,0.000,0.520,0.520,3.321
1780271057133,0.000,0.003,0.000,0.003,1.370,1.450,0.003,0.003,2.832,0.000,0.512,0.512,3.418
1780271057168,0.000,0.000,0.000,0.000,1.392,1.454,0.003,0.003,2.852,0.000,0.520,0.520,3.418
1780271057196,0.003,0.000,0.000,0.003,1.432,1.421,0.003,0.003,2.865,0.000,0.529,0.529,3.370
1780271057246,0.003,0.000,0.000,0.003,1.439,1.447,0.003,0.003,2.898,0.000,0.529,0.529,3.394
1780271057310,0.003,0.003,0.000,0.003,1.396,1.447,0.003,0.003,2.858,0.000,0.504,0.504,3.394
1780271057370,0.003,0.000,0.003,0.003,1.399,1.436,0.003,0.003,2.850,0.000,0.512,0.512,3.370
1780271057407,0.000,0.000,0.000,0.003,1.428,1.421,0.003,0.003,2.858,0.000,0.504,0.504,3.394
1780271057449,0.003,0.000,0.000,0.003,1.388,1.443,0.003,0.003,2.843,0.000,0.512,0.512,3.370
1780271057482,0.000,0.000,0.000,0.003,1.410,1.432,0.003,0.003,2.851,0.000,0.537,0.537,3.418
1780271057522,0.000,0.000,0.000,0.003,1.443,1.421,0.000,0.003,2.870,0.000,0.520,0.520,3.394
1780271057552,0.003,0.000,0.000,0.003,1.385,1.432,0.003,0.003,2.829,0.000,0.520,0.520,3.370
1780271057601,0.003,0.000,0.000,0.003,1.399,1.428,0.003,0.003,2.839,0.000,0.512,0.512,3.418
1780271057631,0.000,0.000,0.000,0.000,0.718,0.834,0.003,0.000,1.555,0.000,0.512,0.512,3.442
1780271057678,0.007,0.000,0.000,0.003,0.051,0.065,0.003,0.003,0.132,0.000,0.496,0.496,0.752
1780271057712,0.000,0.000,0.000,0.003,0.021,0.018,0.003,0.003,0.048,0.000,0.496,0.496,0.703
1780271057748,0.000,0.000,0.000,0.003,0.003,0.007,0.003,0.000,0.016,0.000,0.529,0.529,0.703
1780271057780,0.003,0.000,0.000,0.003,0.003,0.003,0.000,0.000,0.012,0.000,0.512,0.512,0.727
1780271057845,0.003,0.000,0.000,0.003,0.000,0.003,0.003,0.000,0.012,0.000,0.496,0.496,0.679
1780271057903,0.003,0.000,0.000,0.003,0.000,0.003,0.000,0.003,0.012,0.000,0.520,0.520,0.703
1780271057940,0.000,0.000,0.000,0.000,0.003,0.000,0.003,0.000,0.006,0.000,0.520,0.520,0.727
1780271057994,0.000,0.000,0.000,0.003,0.003,0.000,0.003,0.003,0.012,0.000,0.529,0.529,0.703
1780271058021,0.003,0.000,0.003,0.003,0.000,0.003,0.003,0.000,0.015,0.000,0.504,0.504,0.727
1780271058059,0.000,0.000,0.000,0.003,0.000,0.003,0.003,0.000,0.009,0.000,0.496,0.496,0.703
1780271058090,0.000,0.003,0.000,0.003,0.003,0.000,0.003,0.000,0.012,0.000,0.504,0.504,0.703
1780271058136,0.000,0.000,0.000,0.000,0.003,0.000,0.003,0.007,0.013,0.000,0.520,0.520,0.703
1780271058175,0.003,0.000,0.000,0.003,0.000,0.000,0.003,0.000,0.009,0.000,0.537,0.537,0.727
1780271058209,0.003,0.000,0.000,0.003,0.000,0.000,0.003,0.003,0.012,0.000,0.520,0.520,0.727
1780271058237,0.000,0.000,0.007,0.007,0.000,0.003,0.003,0.000,0.020,0.000,0.520,0.520,0.727
1780271058272,0.003,0.000,0.000,0.007,0.000,0.000,0.003,0.003,0.016,0.000,0.504,0.504,0.727
1780271058298,0.007,0.000,0.000,0.003,0.000,0.000,0.003,0.000,0.013,0.000,0.504,0.504,0.703
1780271058358,0.003,0.000,0.000,0.003,0.003,0.000,0.003,0.000,0.012,0.000,0.512,0.512,0.703
1780271058424,0.889,0.776,0.448,0.761,0.000,0.000,0.003,0.000,2.877,0.000,1.115,1.115,1.236
1780271058467,4.782,3.018,4.304,3.699,0.000,0.000,0.003,0.000,15.806,0.000,13.992,13.992,13.333
1780271058511,4.341,3.728,6.932,4.031,0.000,0.003,0.003,0.003,19.041,0.000,14.985,14.985,16.121
1780271058544,3.455,2.963,6.342,3.448,0.000,0.000,0.003,0.000,16.211,0.000,13.724,13.724,12.533
1780271058582,3.870,2.434,5.314,2.824,0.000,0.000,0.003,0.000,14.445,0.000,12.592,12.592,11.685
1780271058611,3.134,1.931,4.836,2.321,0.000,0.000,0.003,0.000,12.225,0.000,10.940,10.940,10.133
1780271058650,1.796,0.634,3.036,0.794,0.000,0.000,0.003,0.003,6.266,0.000,5.714,5.714,8.630
1780271058701,1.312,0.091,1.891,0.065,0.000,0.000,0.003,0.000,3.362,0.000,3.345,3.345,2.691
1780271058732,0.801,1.869,1.097,1.756,0.000,0.003,0.003,0.003,5.532,0.000,3.076,3.076,2.594
1780271058771,0.244,2.817,0.244,3.400,0.000,0.003,0.003,0.000,6.711,0.000,2.669,2.669,2.691
1780271058799,0.193,1.851,0.174,3.080,0.000,0.000,0.003,0.003,5.304,0.000,2.279,2.279,2.206
1780271058839,0.225,1.866,0.215,2.715,0.000,0.000,0.003,0.000,5.024,0.000,2.271,2.271,1.964
1780271058894,0.390,1.840,0.390,1.560,0.003,0.000,0.003,0.003,4.189,0.000,1.921,1.921,2.012
1780271058938,0.725,1.498,0.765,1.432,0.000,0.000,0.000,0.000,4.420,0.000,1.929,1.929,1.964
1780271058999,1.024,1.053,0.831,1.180,0.000,0.000,0.000,0.000,4.088,0.000,1.864,1.864,1.891
1780271059033,1.159,1.104,0.922,1.049,0.003,0.000,0.003,0.003,4.243,0.000,1.945,1.945,1.915
1780271059065,1.166,1.042,0.896,1.213,0.000,0.003,0.003,0.000,4.323,0.000,1.986,1.986,2.012
1780271059091,1.140,1.108,0.914,1.126,0.000,0.000,0.003,0.000,4.291,0.000,1.961,1.961,1.964
1780271059130,1.140,1.093,0.878,1.191,0.000,0.000,0.000,0.003,4.305,0.000,1.969,1.969,1.964
1780271059160,1.129,1.057,0.889,1.100,0.000,0.000,0.003,0.000,4.178,0.000,1.937,1.937,1.939
1780271059213,1.075,1.027,0.867,1.097,0.000,0.000,0.003,0.000,4.069,0.000,1.896,1.896,1.939
1780271059257,1.126,1.049,0.933,1.064,0.000,0.000,0.003,0.003,4.178,0.000,1.896,1.896,1.915
1780271059303,1.137,1.024,0.893,1.016,0.000,0.000,0.003,0.000,4.073,0.000,1.904,1.904,1.842
1780271059331,0.984,0.954,0.863,0.929,0.000,0.003,0.003,0.000,3.736,0.000,1.807,1.807,1.842
1780271059366,1.071,0.962,0.783,1.100,0.000,0.000,0.003,0.000,3.919,0.000,1.782,1.782,1.770
1780271059434,0.561,1.436,0.397,1.428,0.000,0.000,0.003,0.003,3.828,0.000,1.872,1.872,2.012
1780271059488,0.185,2.201,0.072,2.493,0.000,0.003,0.003,0.000,4.957,0.000,3.076,3.076,2.764
1780271059544,0.098,2.420,0.029,2.587,0.000,0.000,0.003,0.000,5.137,0.000,3.378,3.378,3.152
1780271059595,1.002,0.878,0.871,0.845,0.000,0.000,0.003,0.000,3.599,0.000,2.059,2.059,2.570
1780271059630,1.807,0.433,0.805,0.572,0.000,0.000,0.003,0.000,3.620,0.000,1.921,1.921,1.745
1780271059663,1.410,0.346,1.184,0.444,0.000,0.000,0.003,0.003,3.390,0.000,1.758,1.758,1.745
1780271059709,1.151,0.736,1.013,0.699,0.000,0.000,0.000,0.003,3.602,0.000,1.766,1.766,1.818
1780271059767,1.035,0.794,0.823,0.878,0.000,0.000,0.003,0.003,3.536,0.000,1.782,1.782,1.770
1780271059795,1.049,0.860,0.761,0.911,0.000,0.000,0.003,0.000,3.584,0.000,1.774,1.774,1.794
1780271059846,0.998,2.635,0.922,2.591,0.000,0.000,0.003,0.000,7.149,0.000,4.468,4.468,1.382
1780271059898,3.721,4.118,3.557,4.432,0.000,0.000,0.003,0.000,15.831,0.000,10.858,10.858,9.188
1780271059961,3.182,1.745,2.996,1.873,0.000,0.003,0.003,0.000,9.802,0.000,6.170,6.170,5.867
1780271060027,1.100,0.277,0.878,0.229,0.000,0.000,0.003,0.000,2.487,0.000,1.668,1.668,1.261
1780271060069,0.911,0.080,0.929,0.098,0.003,0.000,0.003,0.000,2.024,0.000,1.017,1.017,0.970
1780271060109,0.663,0.069,0.776,0.094,0.003,0.003,0.003,0.000,1.611,0.000,0.789,0.789,0.848
1780271060139,0.411,0.076,0.634,0.098,0.000,0.003,0.003,0.003,1.228,0.000,0.708,0.708,0.873
1780271060179,0.218,0.080,0.298,0.091,0.000,0.000,0.003,0.000,0.690,0.000,0.634,0.634,0.824
1780271060219,0.134,0.076,0.196,0.098,0.000,0.000,0.003,0.000,0.507,0.000,0.577,0.577,0.752
1780271060253,0.116,0.083,0.120,0.102,0.000,0.000,0.003,0.000,0.424,0.000,0.577,0.577,0.727
1780271060282,0.116,0.087,0.072,0.105,0.000,0.000,0.003,0.000,0.383,0.000,0.586,0.586,0.752
1780271060320,0.120,0.094,0.054,0.112,0.000,0.000,0.003,0.000,0.383,0.000,0.569,0.569,0.727
1780271060347,0.116,0.098,0.051,0.112,0.000,0.000,0.003,0.003,0.383,0.000,0.577,0.577,0.727
1780271060379,0.116,0.098,0.051,0.120,0.000,0.000,0.003,0.000,0.388,0.000,0.569,0.569,0.727
1780271060410,0.178,0.138,0.112,0.149,0.000,0.000,0.000,0.003,0.580,0.000,0.618,0.618,0.727
1780271060472,0.273,0.204,0.178,0.298,0.000,0.000,0.003,0.003,0.959,0.000,0.691,0.691,0.848
1780271060528,0.386,0.320,0.222,0.364,0.003,0.000,0.003,0.003,1.301,0.000,0.781,0.781,0.897
1780271060564,0.543,0.430,0.291,0.419,0.000,0.000,0.003,0.003,1.689,0.000,0.854,0.854,0.970
1780271060615,0.499,0.470,0.393,0.543,0.000,0.003,0.003,0.000,1.911,0.000,0.879,0.879,0.994
1780271060669,0.754,2.019,0.561,1.716,0.000,0.003,0.003,0.000,5.056,0.000,2.157,2.157,1.527
1780271060700,0.820,1.414,0.681,1.589,0.000,0.003,0.003,0.003,4.513,0.000,1.628,1.628,2.618
1780271060744,0.543,0.430,0.244,0.532,0.000,0.000,0.003,0.003,1.755,0.000,1.009,1.009,0.970
1780271060776,1.049,0.335,0.539,0.521,0.000,0.000,0.003,0.007,2.454,0.000,1.107,1.107,1.091
1780271060810,1.184,0.889,0.823,0.969,0.000,0.000,0.003,0.003,3.871,0.000,1.416,1.416,1.309
1780271060837,1.144,1.082,0.918,1.053,0.003,0.000,0.003,0.003,4.206,0.000,1.481,1.481,1.576
1780271060877,1.217,1.104,1.020,1.290,0.000,0.000,0.000,0.000,4.631,0.000,1.652,1.652,1.552
1780271060908,1.330,1.180,1.144,1.242,0.000,0.003,0.003,0.000,4.902,0.000,1.790,1.790,1.745
1780271060947,1.458,1.326,1.191,1.345,0.000,0.003,0.003,0.000,5.326,0.000,1.969,1.969,1.842
1780271061005,0.882,2.234,0.732,2.387,0.000,0.000,0.003,0.000,6.238,0.000,2.678,2.678,2.618
1780271061057,1.410,1.764,1.100,1.869,0.000,0.003,0.000,0.000,6.146,0.000,2.442,2.442,2.497
1780271061090,1.534,1.366,1.268,1.381,0.000,0.000,0.000,0.000,5.549,0.000,2.319,2.319,2.230
1780271061129,1.527,1.180,1.283,1.345,0.000,0.000,0.003,0.000,5.338,0.000,2.222,2.222,2.182
1780271061158,1.439,1.242,1.206,1.177,0.000,0.003,0.003,0.007,5.077,0.000,2.140,2.140,2.109
1780271061195,1.304,1.144,1.148,1.210,0.000,0.000,0.003,0.000,4.809,0.000,2.002,2.002,2.012
1780271061226,1.246,1.115,1.064,1.097,0.000,0.000,0.000,0.000,4.522,0.000,1.978,1.978,1.915
1780271061274,1.188,1.060,1.035,1.097,0.000,0.000,0.003,0.000,4.383,0.000,1.888,1.888,1.939
1780271061311,0.765,0.805,0.616,0.783,0.000,0.000,0.003,0.003,2.975,0.000,1.408,1.408,1.770
1780271061349,0.408,0.441,0.240,0.331,0.000,0.000,0.003,0.000,1.423,0.000,0.862,0.862,1.212
1780271061382,0.156,0.189,0.094,0.244,0.000,0.000,0.003,0.003,0.689,0.000,0.691,0.691,0.848
1780271061426,1.640,0.987,1.268,0.969,0.000,0.000,0.003,0.000,4.867,0.000,2.091,2.091,1.479
1780271061456,3.021,1.789,3.320,2.380,0.000,0.000,0.000,0.003,10.513,0.000,5.478,5.478,2.885
1780271061523,3.867,2.617,3.965,2.916,0.000,0.000,0.003,0.000,13.368,0.000,7.936,7.936,7.952
1780271061580,2.941,2.059,2.916,2.489,0.000,0.000,0.003,0.003,10.411,0.000,6.910,6.910,6.618
1780271061609,2.314,1.148,2.187,1.319,0.000,0.000,0.003,0.003,6.974,0.000,3.695,3.695,6.061
1780271061643,1.224,0.251,0.699,0.287,0.000,0.000,0.000,0.000,2.461,0.000,1.766,1.766,1.042
1780271061676,1.180,0.087,1.049,0.109,0.000,0.000,0.003,0.000,2.428,0.000,0.952,0.952,0.873
1780271061714,0.776,0.061,0.721,0.087,0.000,0.000,0.003,0.000,1.648,0.000,0.740,0.740,0.824
1780271061743,0.528,0.061,0.477,0.087,0.000,0.000,0.000,0.000,1.153,0.000,0.634,0.634,0.776
1780271061792,0.240,0.061,0.105,0.091,0.000,0.003,0.003,0.003,0.506,0.000,0.577,0.577,0.727
1780271061818,0.200,0.058,0.145,0.087,0.000,0.000,0.003,0.003,0.496,0.000,0.537,0.537,0.727
1780271061852,0.102,0.065,0.076,0.091,0.000,0.000,0.003,0.000,0.337,0.000,0.520,0.520,0.727
1780271061881,0.091,0.069,0.021,0.091,0.000,0.000,0.003,0.000,0.275,0.000,0.512,0.512,0.703
1780271061922,0.204,0.123,0.087,0.131,0.000,0.000,0.000,0.003,0.548,0.000,0.586,0.586,0.727
1780271061958,0.255,0.200,0.207,0.353,0.000,0.000,0.003,0.003,1.021,0.000,0.651,0.651,0.752
1780271062017,0.123,0.120,0.058,0.145,0.000,0.000,0.003,0.000,0.449,0.000,0.553,0.553,0.752
1780271062074,0.014,0.025,0.007,0.018,0.003,0.000,0.003,0.000,0.070,0.000,0.496,0.496,0.679
1780271062112,0.003,0.007,0.003,0.007,0.000,0.000,0.003,0.000,0.023,0.000,0.488,0.488,0.679
1780271062155,0.003,0.003,0.003,0.003,0.000,0.000,0.003,0.003,0.018,0.000,0.480,0.480,0.606
1780271062185,0.003,0.000,0.003,0.003,0.000,0.000,0.003,0.000,0.012,0.000,0.480,0.480,0.679
1780271062220,0.007,0.000,0.000,0.003,0.000,0.000,0.003,0.000,0.013,0.000,0.480,0.480,0.630
1780271062246,0.000,0.000,0.003,0.003,0.000,0.000,0.003,0.000,0.009,0.000,0.488,0.488,0.630
1780271062300,0.003,0.003,0.003,0.003,0.000,0.000,0.003,0.003,0.018,0.000,0.504,0.504,0.630
1780271062326,0.003,0.000,0.000,0.000,0.000,0.000,0.003,0.003,0.009,0.000,0.488,0.488,0.679
1780271062360,0.003,0.003,0.000,0.003,0.000,0.000,0.007,0.003,0.019,0.000,0.496,0.496,0.630
1780271062389,0.003,0.000,0.003,0.003,0.000,0.000,0.003,0.003,0.015,0.000,0.496,0.496,0.679
1780271062429,0.003,0.000,0.000,0.000,0.000,0.000,0.003,0.000,0.006,0.000,0.488,0.488,0.630
1780271062457,0.003,0.000,0.000,0.003,0.000,0.000,0.003,0.000,0.009,0.000,0.480,0.480,0.630
1780271062494,0.000,0.000,0.000,0.000,0.000,0.000,0.003,0.003,0.006,0.000,0.472,0.472,0.703
1780271062539,0.007,0.000,0.003,0.003,0.000,0.000,0.003,0.003,0.019,0.000,0.488,0.488,0.679
1780271062596,0.003,0.000,0.000,0.003,0.000,0.000,0.003,0.000,0.009,0.000,0.480,0.480,0.630
1780271062640,0.495,0.506,0.419,0.586,0.000,0.000,0.003,0.000,2.009,0.000,0.773,0.773,0.994
1780271062682,3.054,2.861,2.471,2.638,0.000,0.003,0.003,0.000,11.030,0.000,5.738,5.738,4.606
1780271062735,4.301,4.086,4.592,4.563,0.000,0.000,0.003,0.003,17.548,0.000,11.672,11.672,11.273
1780271062770,2.850,3.316,2.533,2.864,0.000,0.000,0.003,0.000,11.566,0.000,6.105,6.105,10.182
1780271062818,0.743,0.586,0.995,1.188,0.000,0.000,0.003,0.000,3.515,0.000,2.474,2.474,1.770
1780271062859,0.258,0.160,0.284,0.393,0.000,0.000,0.003,0.003,1.101,0.000,1.115,1.115,0.994
1780271062896,0.032,0.029,0.058,0.069,0.000,0.000,0.003,0.003,0.194,0.000,0.651,0.651,0.679
1780271062927,0.010,0.010,0.014,0.007,0.000,0.003,0.003,0.000,0.047,0.000,0.545,0.545,0.630
1780271062962,0.003,0.000,0.003,0.007,0.000,0.000,0.003,0.000,0.016,0.000,0.512,0.512,0.679
1780271063010,0.003,0.000,0.000,0.003,0.000,0.000,0.003,0.000,0.009,0.000,0.520,0.520,0.679
1780271063043,0.003,0.003,0.003,0.003,0.000,0.000,0.003,0.000,0.015,0.000,0.529,0.529,0.727
1780271063076,0.003,0.000,0.003,0.003,0.000,0.000,0.003,0.000,0.012,0.000,0.529,0.529,0.703
1780271063112,0.003,0.000,0.000,0.003,0.000,0.003,0.003,0.000,0.012,0.000,0.496,0.496,0.630
1780271063155,0.000,0.003,0.003,0.003,0.000,0.000,0.003,0.000,0.012,0.000,0.496,0.496,0.703
1780271063186,0.000,0.000,0.003,0.003,0.000,0.000,0.003,0.000,0.009,0.000,0.496,0.496,0.679
1780271063218,0.000,0.000,0.000,0.003,0.000,0.000,0.003,0.003,0.009,0.000,0.496,0.496,0.703
1780271063249,0.003,0.000,0.003,0.003,0.000,0.003,0.003,0.000,0.015,0.000,0.488,0.488,0.679
1780271063288,0.000,0.000,0.003,0.003,0.000,0.000,0.003,0.000,0.009,0.000,0.480,0.480,0.703
1780271063328,0.003,0.000,0.000,0.003,0.000,0.003,0.003,0.000,0.012,0.000,0.496,0.496,0.679
1780271063370,0.003,0.000,0.003,0.003,0.003,0.000,0.003,0.000,0.015,0.000,0.488,0.488,0.630
1780271063406,0.688,0.532,0.557,0.659,0.000,0.000,0.003,0.000,2.439,0.000,1.025,1.025,0.679
1780271063443,3.072,2.642,2.478,2.664,0.000,0.000,0.003,0.003,10.862,0.000,6.121,6.121,1.552
1780271063477,4.432,4.144,4.505,4.541,0.000,0.000,0.000,0.000,17.622,0.000,11.737,11.737,8.727
1780271063517,3.998,4.082,4.702,4.377,0.000,0.000,0.003,0.003,17.165,0.000,12.486,12.486,12.339
1780271063568,0.634,0.692,0.790,0.765,0.000,0.000,0.003,0.000,2.884,0.000,3.426,3.426,4.436
1780271063600,0.164,0.160,0.196,0.174,0.000,0.000,0.003,0.000,0.697,0.000,1.636,1.636,0.873
1780271063639,0.021,0.018,0.025,0.018,0.000,0.000,0.003,0.003,0.088,0.000,0.797,0.797,0.630
1780271063677,0.007,0.007,0.007,0.003,0.000,0.000,0.003,0.003,0.030,0.000,0.569,0.569,0.679
1780271063721,0.007,0.003,0.003,0.007,0.000,0.003,0.003,0.000,0.026,0.000,0.512,0.512,0.703
1780271063754,0.003,0.000,0.003,0.003,0.000,0.000,0.003,0.000,0.012,0.000,0.512,0.512,0.703
1780271063787,0.003,0.000,0.003,0.007,0.000,0.003,0.003,0.000,0.019,0.000,0.520,0.520,0.727
1780271063832,0.003,0.000,0.000,0.003,0.003,0.000,0.003,0.000,0.012,0.000,0.520,0.520,0.752
1780271063868,0.003,0.000,0.003,0.000,0.000,0.000,0.003,0.000,0.009,0.000,0.496,0.496,0.727
1780271063894,0.007,0.000,0.000,0.003,0.000,0.003,0.003,0.000,0.016,0.000,0.496,0.496,0.679
1780271063928,0.003,0.000,0.000,0.003,0.000,0.000,0.000,0.003,0.009,0.000,0.496,0.496,0.703
1780271063954,0.007,0.000,0.000,0.003,0.000,0.000,0.003,0.000,0.013,0.000,0.488,0.488,0.727
1780271063991,0.000,0.000,0.000,0.003,0.000,0.000,0.003,0.003,0.009,0.000,0.480,0.480,0.703
1780271064025,0.000,0.000,0.000,0.003,0.000,0.003,0.003,0.003,0.012,0.000,0.480,0.480,0.703
1780271064076,0.003,0.000,0.000,0.000,0.000,0.000,0.003,0.003,0.009,0.000,0.496,0.496,0.703
1780271064114,0.000,0.000,0.003,0.007,0.000,0.000,0.003,0.000,0.013,0.000,0.488,0.488,0.727
1780271064162,0.003,0.000,0.000,0.003,0.000,0.000,0.003,0.000,0.009,0.000,0.496,0.496,0.727
1780271064200,0.000,0.000,0.000,0.003,0.000,0.000,0.003,0.000,0.006,0.000,0.488,0.488,0.727
1780271064238,0.000,0.003,0.000,0.007,0.000,0.000,0.000,0.000,0.010,0.000,0.480,0.480,0.703
1780271064281,0.003,0.003,0.000,0.003,0.000,0.003,0.003,0.003,0.018,0.000,0.472,0.472,0.727
1780271064321,0.003,0.000,0.003,0.007,0.000,0.000,0.003,0.000,0.016,0.000,0.504,0.504,0.752
1780271064358,0.000,0.000,0.000,0.000,0.000,0.000,0.000,0.003,0.003,0.000,0.472,0.472,0.727
1780271064391,0.003,0.000,0.000,0.003,0.000,0.000,0.003,0.000,0.009,0.000,0.480,0.480,0.703
1780271064423,0.003,0.000,0.003,0.003,0.003,0.000,0.000,0.000,0.012,0.000,0.488,0.488,0.679
1780271064456,0.003,0.000,0.000,0.003,0.000,0.000,0.003,0.000,0.009,0.000,0.480,0.480,0.703
1780271064482,0.000,0.003,0.000,0.003,0.000,0.003,0.000,0.003,0.012,0.000,0.488,0.488,0.679
1780271064518,0.003,0.000,0.000,0.003,0.000,0.000,0.003,0.003,0.012,0.000,0.480,0.480,0.679
1780271064557,0.003,0.000,0.000,0.003,0.000,0.000,0.003,0.000,0.009,0.000,0.488,0.488,0.703
1780271064600,1.826,1.625,1.341,1.414,0.000,0.003,0.003,0.000,6.212,0.000,2.783,2.783,2.909
1780271064635,3.860,3.313,3.513,3.903,0.000,0.000,0.003,0.000,14.592,0.000,9.540,9.540,3.758
1780271064695,3.579,4.410,5.252,4.818,0.000,0.000,0.003,0.000,18.062,0.000,13.984,13.984,13.842
1780271064747,2.405,2.770,2.988,3.061,0.000,0.000,0.003,0.003,11.230,0.000,8.091,8.091,8.097
1780271064793,0.572,0.845,0.933,1.221,0.000,0.000,0.003,0.000,3.574,0.000,3.353,3.353,4.073
1780271064832,0.065,0.094,0.105,0.123,0.000,0.000,0.003,0.003,0.393,0.000,1.294,1.294,0.824
1780271064869,0.010,0.014,0.018,0.021,0.000,0.000,0.003,0.003,0.069,0.000,0.724,0.724,0.679
1780271064900,0.007,0.003,0.007,0.007,0.003,0.000,0.003,0.000,0.030,0.000,0.594,0.594,0.776
1780271064928,0.003,0.003,0.003,0.003,0.003,0.000,0.003,0.003,0.021,0.000,0.545,0.545,0.776
1780271064965,0.003,0.003,0.003,0.003,0.000,0.003,0.000,0.003,0.018,0.000,0.512,0.512,0.776
1780271064996,0.007,0.003,0.003,0.007,0.000,0.000,0.003,0.000,0.023,0.000,0.504,0.504,0.703
1780271065028,0.000,0.003,0.000,0.000,0.000,0.003,0.003,0.000,0.009,0.000,0.496,0.496,0.703
1780271065056,0.003,0.000,0.003,0.003,0.000,0.000,0.003,0.003,0.015,0.000,0.496,0.496,0.679
1780271065096,0.000,0.000,0.000,0.003,0.000,0.000,0.003,0.000,0.006,0.000,0.512,0.512,0.727
1780271065134,0.000,0.003,0.000,0.000,0.000,0.000,0.003,0.000,0.006,0.000,0.504,0.504,0.727
1780271065169,0.003,0.000,0.000,0.003,0.000,0.000,0.003,0.003,0.012,0.000,0.488,0.488,0.727
1780271065208,0.003,0.000,0.000,0.003,0.000,0.000,0.000,0.000,0.006,0.000,0.488,0.488,0.727
1780271065268,0.000,0.000,0.000,0.003,0.000,0.000,0.003,0.000,0.006,0.000,0.480,0.480,0.703
1780271065317,0.820,0.743,0.714,0.845,0.000,0.003,0.003,0.000,3.128,0.000,1.261,1.261,1.042
1780271065355,1.778,1.673,1.530,1.818,0.000,0.000,0.000,0.000,6.799,0.000,2.279,2.279,1.745
1780271065410,1.683,1.643,1.724,1.961,0.000,0.000,0.003,0.000,7.014,0.000,2.442,2.442,2.545
1780271065439,1.567,1.549,1.622,1.913,0.000,0.000,0.003,0.003,6.657,0.000,2.393,2.393,2.303
1780271065469,1.403,1.381,1.545,1.884,0.000,0.000,0.003,0.000,6.216,0.000,2.303,2.303,2.327
1780271065499,0.772,0.903,1.089,1.323,0.000,0.000,0.003,0.000,4.090,0.000,1.505,1.505,2.230
1780271065542,0.153,0.193,0.255,0.317,0.000,0.000,0.003,0.000,0.921,0.000,0.773,0.773,0.945
1780271065575,0.032,0.032,0.043,0.051,0.000,0.003,0.003,0.003,0.167,0.000,0.553,0.553,0.703
1780271065611,0.007,0.003,0.007,0.007,0.000,0.003,0.003,0.000,0.030,0.000,0.520,0.520,0.703
1780271065649,0.003,0.000,0.003,0.003,0.000,0.000,0.000,0.000,0.009,0.000,0.488,0.488,0.703
1780271065685,0.003,0.000,0.000,0.003,0.000,0.000,0.003,0.000,0.009,0.000,0.488,0.488,0.703
1780271065722,0.003,0.000,0.000,0.003,0.000,0.003,0.000,0.000,0.009,0.000,0.488,0.488,0.630
1780271065773,0.007,0.000,0.000,0.003,0.000,0.000,0.000,0.000,0.010,0.000,0.488,0.488,0.679
1780271065804,0.000,0.000,0.000,0.003,0.000,0.000,0.003,0.000,0.006,0.000,0.496,0.496,0.703
1780271065847,0.003,0.000,0.000,0.003,0.000,0.003,0.003,0.003,0.015,0.000,0.520,0.520,0.703
1780271065876,0.007,0.000,0.000,0.003,0.000,0.000,0.000,0.000,0.010,0.000,0.496,0.496,0.727
1780271065915,0.000,0.000,0.000,0.000,0.000,0.000,0.003,0.000,0.003,0.000,0.488,0.488,0.679
1780271065945,0.007,0.000,0.000,0.003,0.000,0.000,0.003,0.000,0.013,0.000,0.496,0.496,0.679
1780271065978,0.000,0.000,0.003,0.003,0.000,0.000,0.003,0.000,0.009,0.000,0.488,0.488,0.727
1780271066005,0.000,0.000,0.003,0.003,0.000,0.000,0.003,0.003,0.012,0.000,0.488,0.488,0.679
1780271066048,0.003,0.000,0.000,0.003,0.000,0.003,0.003,0.000,0.012,0.000,0.488,0.488,0.703
1780271066093,0.000,0.000,0.000,0.003,0.000,0.000,0.003,0.003,0.009,0.000,0.512,0.512,0.703
1780271066127,0.003,0.000,0.003,0.003,0.000,0.000,0.003,0.000,0.012,0.000,0.496,0.496,0.703
1780271066164,0.000,0.000,0.000,0.003,0.000,0.000,0.003,0.003,0.009,0.000,0.488,0.488,0.703
1780271066195,0.000,0.000,0.000,0.003,0.000,0.000,0.003,0.000,0.006,0.000,0.496,0.496,0.679
1780271066237,0.000,0.000,0.000,0.003,0.000,0.000,0.000,0.003,0.006,0.000,0.504,0.504,0.703
1780271066291,0.000,0.000,0.000,0.003,0.000,0.003,0.003,0.000,0.009,0.000,0.480,0.480,0.679
1780271066319,0.000,0.000,0.000,0.003,0.000,0.000,0.003,0.000,0.006,0.000,0.496,0.496,0.679
1780271066372,0.080,0.072,0.018,0.091,0.000,0.003,0.003,0.000,0.267,0.000,0.529,0.529,0.679
1780271066416,0.291,0.247,0.182,0.251,0.000,0.000,0.003,0.000,0.974,0.000,0.602,0.602,0.727
1780271066456,0.539,0.437,0.415,0.543,0.000,0.000,0.000,0.000,1.934,0.000,0.732,0.732,0.776
1780271066492,0.681,0.535,0.579,0.692,0.000,0.000,0.000,0.003,2.490,0.000,0.789,0.789,0.945
1780271066533,0.692,0.674,0.597,0.670,0.000,0.000,0.003,0.000,2.636,0.000,0.822,0.822,0.945
1780271066567,0.718,0.710,0.612,0.710,0.000,0.000,0.003,0.003,2.756,0.000,0.854,0.854,0.970
1780271066600,0.729,0.696,0.619,0.736,0.000,0.003,0.003,0.000,2.786,0.000,0.846,0.846,1.018
1780271066632,0.729,0.677,0.619,0.750,0.000,0.000,0.003,0.000,2.778,0.000,0.862,0.862,0.994
1780271066680,0.838,0.812,0.736,0.845,0.000,0.000,0.003,0.000,3.234,0.000,0.944,0.944,1.091
1780271066715,0.933,0.896,0.794,0.929,0.000,0.000,0.003,0.000,3.555,0.000,1.058,1.058,1.115
1780271066769,1.137,1.111,0.987,1.126,0.000,0.000,0.003,0.003,4.367,0.000,1.245,1.245,1.285
1780271066821,1.308,1.235,1.104,1.388,0.000,0.000,0.003,0.000,5.038,0.000,1.424,1.424,1.503
1780271066874,1.297,1.348,1.297,1.315,0.000,0.000,0.003,0.003,5.263,0.000,1.514,1.514,1.552
1780271066904,1.410,1.297,1.319,1.366,0.000,0.000,0.000,0.000,5.392,0.000,1.530,1.530,1.552
1780271066954,1.359,1.348,1.304,1.465,0.000,0.007,0.003,0.003,5.489,0.000,1.538,1.538,1.552
1780271066983,1.377,1.396,1.304,1.417,0.000,0.000,0.003,0.000,5.497,0.000,1.546,1.546,1.624
1780271067018,1.417,1.396,1.293,1.399,0.000,0.000,0.000,0.000,5.505,0.000,1.554,1.554,1.576
1780271067052,1.552,1.396,1.304,1.403,0.000,0.000,0.000,0.000,5.655,0.000,1.571,1.571,1.624
1780271067092,1.545,1.399,1.246,1.414,0.003,0.000,0.003,0.000,5.610,0.000,1.554,1.554,1.576
1780271067122,1.516,1.348,1.246,1.410,0.000,0.000,0.003,0.003,5.526,0.000,1.554,1.554,1.576
1780271067160,1.388,1.363,1.242,1.396,0.000,0.000,0.003,0.000,5.392,0.000,1.554,1.554,1.576
1780271067214,1.348,1.458,1.334,1.385,0.003,0.000,0.003,0.000,5.531,0.000,1.546,1.546,1.552
1780271067242,1.359,1.381,1.268,1.385,0.000,0.000,0.000,0.000,5.393,0.000,1.522,1.522,1.576
1780271067290,1.345,1.359,1.232,1.421,0.000,0.000,0.003,0.000,5.360,0.000,1.505,1.505,1.552
1780271067355,1.443,1.345,1.199,1.421,0.000,0.000,0.003,0.003,5.414,0.000,1.530,1.530,1.576
1780271067408,1.607,1.585,1.512,1.662,0.000,0.000,0.003,0.000,6.369,0.000,1.880,1.880,1.745
1780271067448,1.563,1.530,1.461,1.716,0.000,0.000,0.003,0.000,6.273,0.000,1.872,1.872,1.842
1780271067484,1.756,1.702,1.691,2.074,0.000,0.003,0.003,0.000,7.229,0.000,2.409,2.409,1.818
1780271067508,1.866,1.873,1.822,2.227,0.003,0.000,0.003,0.003,7.797,0.000,2.490,2.490,2.545
1780271067537,1.829,1.735,1.793,2.150,0.000,0.000,0.003,0.000,7.510,0.000,2.474,2.474,2.473
1780271067571,1.611,1.607,1.760,2.070,0.000,0.003,0.003,0.000,7.054,0.000,2.393,2.393,2.352
1780271067601,1.414,1.483,1.600,2.008,0.000,0.000,0.003,0.000,6.508,0.000,2.271,2.271,2.206
1780271067631,1.348,1.417,1.530,1.775,0.000,0.000,0.003,0.003,6.076,0.000,2.189,2.189,2.158
1780271067660,1.330,1.414,1.512,1.775,0.000,0.000,0.003,0.000,6.034,0.000,2.148,2.148,2.036
1780271067688,1.323,1.323,1.523,1.844,0.000,0.000,0.003,0.000,6.016,0.000,2.116,2.116,2.085
1780271067725,1.261,1.210,1.523,1.786,0.000,0.000,0.003,0.000,5.783,0.000,2.051,2.051,2.061
1780271067751,1.129,1.159,1.516,1.778,0.003,0.000,0.003,0.000,5.588,0.000,2.026,2.026,1.939
1780271067799,1.210,1.221,1.359,1.552,0.000,0.000,0.003,0.003,5.348,0.000,1.969,1.969,1.964
1780271067847,1.155,0.980,1.428,1.629,0.000,0.003,0.003,0.000,5.198,0.000,1.888,1.888,1.842
1780271067881,1.060,1.082,1.348,1.501,0.000,0.000,0.003,0.000,4.994,0.000,1.872,1.872,1.842
1780271067930,1.213,0.980,1.403,1.447,0.000,0.003,0.003,0.000,5.049,0.000,1.872,1.872,1.915
1780271067965,1.144,1.027,1.334,1.436,0.000,0.000,0.000,0.000,4.941,0.000,1.831,1.831,1.842
1780271067995,1.217,1.126,1.279,1.352,0.000,0.000,0.000,0.000,4.974,0.000,1.855,1.855,1.794
1780271068021,1.275,0.980,1.388,1.352,0.000,0.000,0.003,0.003,5.001,0.000,1.872,1.872,1.891
1780271068052,1.162,0.903,1.468,1.501,0.000,0.000,0.003,0.003,5.040,0.000,1.864,1.864,1.891
1780271068091,1.180,0.995,1.359,1.461,0.000,0.000,0.003,0.000,4.998,0.000,1.872,1.872,1.794
1780271068128,1.261,0.984,1.370,1.392,0.000,0.000,0.003,0.000,5.010,0.000,1.880,1.880,1.891
1780271068160,1.228,0.867,1.454,1.472,0.000,0.000,0.003,0.000,5.024,0.000,1.847,1.847,1.842
1780271068199,1.257,0.951,1.425,1.377,0.003,0.003,0.003,0.003,5.022,0.000,1.847,1.847,1.818
1780271068238,1.319,0.947,1.450,1.355,0.000,0.000,0.000,0.000,5.071,0.000,1.864,1.864,1.915
1780271068276,1.217,0.947,1.512,1.454,0.003,0.000,0.003,0.000,5.136,0.000,1.888,1.888,1.842
1780271068315,1.286,1.042,1.341,1.374,0.000,0.000,0.003,0.003,5.049,0.000,1.847,1.847,1.794
1780271068384,1.232,1.016,1.436,1.396,0.000,0.000,0.003,0.000,5.083,0.000,1.880,1.880,1.818
1780271068420,1.257,0.958,1.432,1.454,0.000,0.000,0.003,0.007,5.111,0.000,1.864,1.864,1.891
1780271068459,1.100,0.995,1.377,1.512,0.000,0.000,0.003,0.003,4.990,0.000,1.847,1.847,1.818
1780271068525,1.228,0.954,1.450,1.523,0.000,0.000,0.000,0.000,5.155,0.000,1.888,1.888,1.891
1780271068558,1.016,1.038,1.432,1.530,0.000,0.000,0.003,0.000,5.019,0.000,1.888,1.888,1.891
1780271068611,1.264,1.006,1.476,1.483,0.000,0.000,0.003,0.000,5.232,0.000,1.921,1.921,1.915
1780271068656,1.140,1.013,1.545,1.673,0.000,0.003,0.000,0.000,5.374,0.000,1.937,1.937,1.939
1780271068687,1.151,1.067,1.425,1.465,0.000,0.003,0.003,0.000,5.114,0.000,1.929,1.929,1.915
1780271068721,1.301,0.991,1.538,1.465,0.000,0.000,0.000,0.003,5.298,0.000,1.945,1.945,1.915
1780271068762,1.027,0.987,1.479,1.581,0.000,0.000,0.000,0.003,5.077,0.000,1.880,1.880,1.915
1780271068802,1.268,1.133,1.421,1.581,0.000,0.000,0.003,0.000,5.406,0.000,1.978,1.978,1.891
1780271068852,1.257,0.976,1.585,1.578,0.000,0.000,0.003,0.000,5.399,0.000,1.961,1.961,1.964
1780271068918,1.301,1.097,1.406,1.399,0.000,0.003,0.000,0.000,5.206,0.000,1.937,1.937,1.891
1780271068966,1.210,1.016,1.585,1.468,0.000,0.000,0.003,0.000,5.282,0.000,1.937,1.937,1.915
1780271069010,1.275,1.129,1.406,1.589,0.000,0.000,0.003,0.003,5.405,0.000,1.953,1.953,1.939
1780271069044,1.272,1.075,1.436,1.479,0.000,0.003,0.003,0.003,5.271,0.000,1.921,1.921,1.939
1780271069074,1.308,1.049,1.454,1.596,0.000,0.000,0.003,0.003,5.413,0.000,1.945,1.945,1.915
1780271069130,1.250,1.035,1.421,1.490,0.003,0.000,0.003,0.003,5.205,0.000,1.921,1.921,1.915
1780271069158,1.199,1.064,1.363,1.494,0.000,0.000,0.003,0.000,5.123,0.000,1.921,1.921,1.939
1780271069188,1.180,1.111,1.381,1.505,0.000,0.003,0.003,0.000,5.183,0.000,1.937,1.937,1.891
1780271069213,1.297,1.078,1.323,1.523,0.000,0.000,0.003,0.000,5.224,0.000,1.929,1.929,1.939
1780271069245,1.283,1.053,1.370,1.494,0.000,0.000,0.003,0.000,5.203,0.000,1.912,1.912,1.915
1780271069285,1.170,0.991,1.392,1.421,0.000,0.000,0.003,0.003,4.980,0.000,1.872,1.872,1.818
1780271069314,1.202,1.057,1.406,1.425,0.000,0.003,0.000,0.000,5.093,0.000,1.912,1.912,1.818
1780271069355,1.173,1.082,1.370,1.614,0.000,0.000,0.003,0.003,5.245,0.000,1.929,1.929,1.915
1780271069391,1.180,1.053,1.341,1.483,0.000,0.000,0.003,0.000,5.060,0.000,1.904,1.904,1.891
1780271069442,1.206,1.024,1.385,1.403,0.000,0.000,0.003,0.003,5.024,0.000,1.880,1.880,1.915
1780271069476,1.067,0.976,1.366,1.589,0.000,0.000,0.003,0.000,5.001,0.000,1.872,1.872,1.891
1780271069519,1.206,1.111,1.283,1.399,0.000,0.000,0.000,0.003,5.002,0.000,1.888,1.888,1.891
1780271069549,1.213,1.009,1.399,1.487,0.000,0.003,0.003,0.003,5.117,0.000,1.880,1.880,1.842
1780271069586,1.071,0.962,1.385,1.490,0.000,0.000,0.003,0.000,4.911,0.000,1.847,1.847,1.842
1780271069626,1.151,1.016,1.359,1.334,0.000,0.000,0.003,0.003,4.866,0.000,1.872,1.872,1.794
1780271069659,1.162,0.973,1.348,1.443,0.000,0.000,0.000,0.000,4.926,0.000,1.855,1.855,1.891
1780271069685,1.082,1.016,1.341,1.519,0.000,0.000,0.003,0.003,4.964,0.000,1.864,1.864,1.818
1780271069725,1.250,1.057,1.334,1.381,0.000,0.000,0.003,0.000,5.025,0.000,1.823,1.823,1.818
1780271069751,1.195,0.976,1.279,1.261,0.000,0.000,0.003,0.000,4.714,0.000,1.815,1.815,1.794
1780271069793,1.038,1.020,1.319,1.505,0.000,0.003,0.003,0.003,4.891,0.000,1.823,1.823,1.818
1780271069818,1.049,1.060,1.239,1.425,0.000,0.000,0.003,0.000,4.776,0.000,1.839,1.839,1.794
1780271069874,1.111,1.020,1.341,1.436,0.000,0.000,0.003,0.000,4.911,0.000,1.823,1.823,1.842
1780271069903,1.046,1.027,1.268,1.483,0.000,0.000,0.003,0.003,4.830,0.000,1.847,1.847,1.818
1780271069956,1.173,1.082,1.370,1.454,0.000,0.000,0.000,0.000,5.079,0.000,1.904,1.904,1.915
1780271069999,1.049,1.067,1.301,1.527,0.000,0.000,0.003,0.003,4.950,0.000,1.888,1.888,1.818
1780271070043,1.308,1.140,1.297,1.355,0.000,0.000,0.003,0.003,5.106,0.000,1.896,1.896,1.915
1780271070073,1.250,1.049,1.377,1.505,0.000,0.000,0.003,0.000,5.184,0.000,1.929,1.929,1.915
1780271070106,1.082,1.111,1.359,1.691,0.000,0.000,0.003,0.000,5.246,0.000,1.945,1.945,1.891
1780271070166,1.341,1.191,1.414,1.490,0.000,0.000,0.000,0.000,5.436,0.000,1.978,1.978,1.964
1780271070198,1.301,1.104,1.414,1.406,0.000,0.000,0.003,0.000,5.228,0.000,1.961,1.961,1.915
1780271070231,1.170,1.144,1.308,1.574,0.000,0.003,0.003,0.000,5.202,0.000,1.945,1.945,1.939
1780271070260,1.304,1.177,1.323,1.512,0.000,0.000,0.003,0.000,5.319,0.000,1.986,1.986,1.964
1780271070301,1.345,1.140,1.509,1.519,0.000,0.000,0.000,0.000,5.513,0.000,2.018,2.018,2.012
1780271070327,1.242,1.104,1.450,1.505,0.000,0.003,0.003,0.003,5.310,0.000,1.978,1.978,1.964
1780271070366,1.268,1.089,1.363,1.570,0.000,0.000,0.003,0.000,5.293,0.000,1.978,1.978,1.939
1780271070397,1.348,1.027,1.385,1.374,0.000,0.000,0.000,0.000,5.134,0.000,1.953,1.953,1.939
1780271070435,1.232,1.027,1.476,1.581,0.000,0.000,0.003,0.003,5.322,0.000,1.961,1.961,1.939
1780271070486,1.334,1.224,1.304,1.501,0.000,0.000,0.003,0.003,5.369,0.000,1.994,1.994,1.915
1780271070519,1.370,1.122,1.454,1.505,0.000,0.000,0.003,0.000,5.454,0.000,1.969,1.969,2.012
1780271070565,1.188,1.202,1.250,1.589,0.000,0.000,0.000,0.003,5.232,0.000,1.953,1.953,1.891
1780271070598,1.217,1.206,1.250,1.647,0.003,0.000,0.003,0.000,5.326,0.000,1.978,1.978,1.939
1780271070629,1.148,1.159,1.447,1.691,0.000,0.000,0.003,0.000,5.448,0.000,2.018,2.018,1.939
1780271070666,1.108,1.221,1.385,1.676,0.000,0.000,0.003,0.000,5.393,0.000,1.994,1.994,2.012
1780271070698,1.173,1.217,1.253,1.505,0.003,0.000,0.003,0.003,5.157,0.000,1.937,1.937,1.939
1780271070726,1.202,1.119,1.268,1.578,0.000,0.000,0.003,0.000,5.170,0.000,1.888,1.888,1.842
1780271070757,1.035,1.013,1.330,1.607,0.000,0.000,0.003,0.003,4.991,0.000,1.872,1.872,1.891
1780271070784,0.954,1.148,1.253,1.556,0.000,0.000,0.000,0.000,4.911,0.000,1.880,1.880,1.818
1780271070836,1.173,1.119,1.290,1.447,0.000,0.000,0.003,0.000,5.032,0.000,1.872,1.872,1.891
1780271070872,1.038,1.078,1.304,1.629,0.000,0.000,0.003,0.003,5.055,0.000,1.880,1.880,1.818
1780271070912,0.976,1.133,1.279,1.560,0.000,0.000,0.003,0.000,4.951,0.000,1.888,1.888,1.818
1780271070941,1.126,1.038,1.315,1.698,0.000,0.000,0.003,0.003,5.183,0.000,1.937,1.937,1.891
1780271071003,0.969,1.173,1.257,1.654,0.000,0.000,0.003,0.003,5.059,0.000,1.896,1.896,1.891
1780271071037,1.148,1.166,1.283,1.498,0.000,0.000,0.003,0.000,5.098,0.000,1.904,1.904,1.842
1780271071083,0.991,1.104,1.319,1.683,0.000,0.000,0.000,0.000,5.097,0.000,1.904,1.904,1.915
1780271071136,0.189,0.277,0.247,0.393,0.000,0.000,0.003,0.003,1.112,0.000,0.740,0.740,1.648
1780271071166,0.036,0.047,0.047,0.040,0.000,0.000,0.003,0.003,0.176,0.000,0.586,0.586,0.703
1780271071200,0.007,0.007,0.010,0.010,0.003,0.000,0.003,0.003,0.043,0.000,0.537,0.537,0.703
1780271071228,0.003,0.003,0.003,0.003,0.000,0.000,0.003,0.000,0.015,0.000,0.504,0.504,0.679
1780271071269,0.003,0.003,0.000,0.003,0.000,0.000,0.003,0.000,0.012,0.000,0.512,0.512,0.703
1780271071297,0.003,0.003,0.003,0.007,0.000,0.000,0.003,0.003,0.022,0.000,0.504,0.504,0.703
1780271071342,0.000,0.003,0.003,0.007,0.000,0.000,0.003,0.000,0.016,0.000,0.512,0.512,0.703
1780271071380,0.003,0.000,0.000,0.007,0.000,0.000,0.003,0.000,0.013,0.000,0.504,0.504,0.703
1780271071421,0.000,0.000,0.003,0.003,0.000,0.000,0.003,0.000,0.009,0.000,0.529,0.529,0.703
1780271071452,0.003,0.000,0.000,0.003,0.000,0.000,0.003,0.003,0.012,0.000,0.520,0.520,0.703
1780271071503,0.003,0.003,0.000,0.003,0.000,0.000,0.003,0.000,0.012,0.000,0.512,0.512,0.703
1780271071529,0.003,0.003,0.000,0.003,0.000,0.000,0.007,0.003,0.019,0.000,0.504,0.504,0.679
1780271071582,0.003,0.000,0.003,0.003,0.000,0.000,0.003,0.000,0.012,0.000,0.529,0.529,0.679
1780271071629,0.000,0.003,0.000,0.003,0.000,0.003,0.003,0.003,0.015,0.000,0.496,0.496,0.703
1780271071683,0.000,0.000,0.007,0.003,0.000,0.000,0.003,0.000,0.013,0.000,0.520,0.520,0.703
1780271071717,0.000,0.000,0.000,0.003,0.000,0.000,0.003,0.003,0.009,0.000,0.520,0.520,0.727
1780271071747,0.003,0.000,0.003,0.003,0.003,0.000,0.003,0.000,0.015,0.000,0.529,0.529,0.703
1780271071773,0.003,0.000,0.000,0.003,0.000,0.000,0.003,0.000,0.009,0.000,0.529,0.529,0.727
1780271071807,0.000,0.000,0.000,0.003,0.000,0.000,0.003,0.003,0.009,0.000,0.529,0.529,0.703
1780271071857,0.000,0.000,0.000,0.003,0.000,0.000,0.003,0.000,0.006,0.000,0.537,0.537,0.703
1780271071890,0.000,0.000,0.003,0.003,0.000,0.000,0.003,0.000,0.009,0.000,0.529,0.529,0.703
1780271071925,0.003,0.000,0.000,0.003,0.000,0.000,0.003,0.000,0.009,0.000,0.545,0.545,0.703
1780271071949,0.000,0.000,0.000,0.003,0.000,0.000,0.000,0.000,0.003,0.000,0.512,0.512,0.727
1780271071991,3.411,2.256,2.937,2.507,0.000,0.000,0.000,0.003,11.114,0.000,6.764,6.764,0.073
1780271072035,4.589,1.242,5.853,3.025,0.000,0.000,0.007,0.000,14.716,0.000,9.344,9.344,10.061
1780271072073,2.839,0.703,6.218,2.161,0.000,0.000,0.003,0.000,11.924,0.000,8.547,8.547,7.782
1780271072101,5.011,0.492,4.990,1.217,0.000,0.000,0.003,0.000,11.713,0.000,9.157,9.157,7.588
1780271072150,4.282,0.583,4.096,1.122,0.000,0.000,0.003,0.000,10.086,0.000,7.855,7.855,7.539
1780271072183,4.162,0.422,4.020,1.064,0.000,0.000,0.003,0.000,9.671,0.000,7.659,7.659,6.618
1780271072215,4.297,0.364,3.553,0.903,0.000,0.000,0.003,0.000,9.120,0.000,6.992,6.992,6.715
1780271072249,3.510,0.801,3.028,1.804,0.000,0.000,0.003,0.003,9.149,0.000,6.715,6.715,5.673
1780271072285,3.007,2.668,2.012,5.412,0.000,0.000,0.000,0.000,13.099,0.000,10.858,10.858,5.867
1780271072310,2.905,3.411,1.505,6.757,0.000,0.000,0.003,0.000,14.581,0.000,11.819,11.819,10.909
1780271072340,2.970,2.493,1.370,6.757,0.000,0.003,0.003,0.000,13.596,0.000,11.835,11.835,10.933
1780271072377,2.868,3.058,2.015,6.076,0.000,0.000,0.003,0.000,14.020,0.000,12.421,12.421,10.861
1780271072434,2.114,4.024,2.981,5.172,0.000,0.000,0.003,0.000,14.294,0.000,13.032,13.032,11.491
1780271072463,1.348,3.885,2.285,4.512,0.000,0.000,0.003,0.000,12.033,0.000,10.321,10.321,11.345
1780271072505,3.480,4.454,0.324,1.596,0.000,0.000,0.003,0.000,9.857,0.000,7.382,7.382,6.836
1780271072572,4.457,4.035,0.083,0.200,0.000,0.000,0.003,0.000,8.778,0.000,6.520,6.520,5.988
1780271072608,5.051,3.229,0.080,0.134,0.000,0.000,0.003,0.003,8.500,0.000,6.707,6.707,5.818
1780271072659,5.307,2.799,0.087,0.091,0.000,0.000,0.003,0.003,8.290,0.000,6.650,6.650,6.376
1780271072700,5.737,2.456,0.051,2.926,0.000,0.000,0.003,0.000,11.173,0.000,8.734,8.734,5.576
1780271072732,6.856,2.372,0.043,3.546,0.000,0.003,0.003,0.003,12.826,0.000,9.474,9.474,8.533
1780271072762,6.389,2.657,0.047,3.298,0.000,0.000,0.003,0.000,12.394,0.000,9.002,9.002,8.267
1780271072792,5.482,2.828,0.065,3.309,0.000,0.000,0.000,0.003,11.687,0.000,9.035,9.035,7.564
1780271072821,6.057,2.981,0.080,3.612,0.000,0.000,0.000,0.000,12.730,0.000,9.377,9.377,8.388
1780271072854,5.420,3.039,0.058,3.193,0.000,0.000,0.003,0.003,11.716,0.000,8.937,8.937,8.073
1780271072889,5.248,3.094,0.061,2.868,0.000,0.000,0.000,0.000,11.271,0.000,8.897,8.897,7.709
1780271072940,5.048,3.090,0.109,2.624,0.000,0.000,0.003,0.000,10.874,0.000,8.392,8.392,7.709
1780271072977,4.614,2.970,0.295,2.471,0.000,0.000,0.003,0.000,10.353,0.000,8.164,8.164,7.006
1780271073013,4.468,2.934,0.430,2.405,0.000,0.000,0.003,0.000,10.240,0.000,7.952,7.952,7.103
1780271073052,4.217,2.766,0.455,2.256,0.000,0.000,0.003,0.000,9.697,0.000,7.496,7.496,6.764
1780271073090,4.053,2.894,0.506,2.103,0.000,0.000,0.000,0.000,9.556,0.000,7.553,7.553,6.521
1780271073125,4.089,2.806,0.488,1.971,0.000,0.000,0.003,0.000,9.357,0.000,7.138,7.138,6.715
1780271073170,3.648,2.693,0.415,1.880,0.000,0.000,0.000,0.000,8.636,0.000,6.886,6.886,6.109
1780271073207,3.572,2.700,0.404,1.891,0.000,0.000,0.003,0.000,8.570,0.000,6.780,6.780,6.085
1780271073239,3.583,2.515,0.397,1.753,0.000,0.000,0.000,0.000,8.248,0.000,6.682,6.682,5.988
1780271073268,3.721,2.412,0.397,1.764,0.000,0.000,0.003,0.000,8.297,0.000,6.585,6.585,5.939
1780271073300,3.553,2.398,0.426,1.654,0.000,0.000,0.003,0.003,8.037,0.000,6.585,6.585,5.842
1780271073325,3.706,2.471,0.437,1.632,0.000,0.003,0.003,0.000,8.252,0.000,6.609,6.609,5.939
1780271073360,3.696,2.354,0.390,1.581,0.000,0.000,0.003,0.000,8.024,0.000,6.381,6.381,5.964
1780271073400,3.444,2.354,0.608,1.796,0.000,0.003,0.000,0.000,8.205,0.000,6.414,6.414,5.552
1780271073449,3.298,2.241,2.041,2.748,0.000,0.000,0.003,0.000,10.331,0.000,7.285,7.285,6.303
1780271073476,3.163,2.066,3.510,4.683,0.000,0.000,0.003,0.003,13.428,0.000,10.378,10.378,6.061
1780271073512,2.617,1.884,5.274,6.936,0.000,0.000,0.003,0.000,16.714,0.000,14.741,14.741,11.588
1780271073540,2.536,1.884,5.573,7.512,0.003,0.000,0.000,0.000,17.508,0.000,16.336,16.336,15.030
1780271073592,2.628,2.347,4.778,6.553,0.000,0.003,0.003,0.000,16.312,0.000,15.807,15.807,14.400
1780271073625,2.566,2.555,4.508,5.558,0.000,0.000,0.003,0.003,15.193,0.000,13.691,13.691,13.503
1780271073674,2.052,2.813,4.275,4.031,0.000,0.000,0.000,0.000,13.171,0.000,11.811,11.811,10.255
1780271073710,1.749,2.799,4.133,3.517,0.000,0.003,0.003,0.003,12.207,0.000,10.989,10.989,9.552
1780271073751,1.946,2.988,3.849,3.105,0.000,0.000,0.003,0.000,11.891,0.000,10.525,10.525,9.406
1780271073781,2.055,2.824,3.685,2.956,0.000,0.000,0.003,0.000,11.523,0.000,10.109,10.109,9.018
1780271073840,1.622,3.083,1.702,0.820,0.000,0.000,0.003,0.003,7.233,0.000,6.585,6.585,8.218
1780271073880,1.950,2.879,0.954,1.414,0.000,0.000,0.003,0.003,7.203,0.000,5.234,5.234,4.970
1780271073938,1.698,2.318,0.134,1.651,0.000,0.000,0.003,0.003,5.807,0.000,4.151,4.151,3.806
1780271074004,1.363,1.953,0.120,1.319,0.000,0.000,0.003,0.000,4.758,0.000,3.565,3.565,3.176
1780271074041,1.188,1.807,0.131,1.016,0.000,0.000,0.000,0.000,4.142,0.000,3.223,3.223,3.030
1780271074085,1.031,1.654,0.174,0.787,0.000,0.000,0.003,0.000,3.649,0.000,3.011,3.011,2.715
1780271074157,1.428,1.738,0.747,0.277,0.000,0.003,0.003,0.000,4.196,0.000,3.174,3.174,2.861
1780271074213,1.366,2.008,1.013,0.233,0.000,0.000,0.003,0.000,4.623,0.000,3.386,3.386,3.103
1780271074249,1.494,2.117,1.293,0.218,0.000,0.000,0.003,0.003,5.128,0.000,3.589,3.589,3.273
1780271074295,1.450,2.132,1.057,0.255,0.000,0.000,0.007,0.003,4.904,0.000,3.581,3.581,3.248
1780271074328,1.570,2.376,0.823,0.251,0.000,0.000,0.003,0.003,5.026,0.000,3.622,3.622,3.370
1780271074367,1.100,2.336,0.743,0.557,0.000,0.000,0.003,0.003,4.742,0.000,3.459,3.459,3.321
1780271074395,0.838,2.267,0.739,0.583,0.000,0.000,0.003,0.000,4.430,0.000,3.663,3.663,3.127
1780271074457,0.954,2.635,0.769,0.849,0.000,0.003,0.003,0.000,5.213,0.000,3.744,3.744,3.782
1780271074512,2.901,1.756,4.578,0.900,4.293,3.747,0.007,0.007,18.189,0.000,7.977,7.977,9.794
1780271074548,3.506,1.724,5.303,1.206,3.575,3.149,0.003,0.007,18.473,0.000,11.143,11.143,15.612
1780271074592,2.803,2.048,5.624,2.846,2.015,2.110,0.007,0.003,17.456,0.000,12.967,12.967,15.297
1780271074623,3.728,2.321,5.073,2.970,1.673,1.622,0.003,0.003,17.393,0.000,13.634,13.634,15.588
1780271074659,3.838,2.216,3.976,2.905,1.855,1.702,0.000,0.003,16.495,0.000,12.739,12.739,15.006
1780271074690,3.021,2.329,3.878,2.857,1.662,1.709,0.003,0.003,15.462,0.000,12.055,12.055,14.133
1780271074740,2.289,2.325,3.772,2.879,1.534,1.669,0.003,0.003,14.474,0.000,11.461,11.461,13.018
1780271074768,3.032,2.562,3.335,2.405,2.026,1.895,0.007,0.003,15.265,0.000,11.257,11.257,13.770
1780271074799,2.941,2.369,2.970,2.358,2.033,2.055,0.003,0.003,14.732,0.000,10.630,10.630,13.552
1780271074826,2.857,2.274,2.533,2.482,2.289,2.343,0.003,0.007,14.788,0.000,10.175,10.175,13.261
1780271074864,2.631,2.296,2.387,2.340,2.248,2.157,0.007,0.003,14.069,0.000,9.776,9.776,12.606
1780271074899,2.525,1.651,2.460,1.782,2.354,2.412,0.003,0.003,13.190,0.000,8.424,8.424,12.364
1780271074961,2.646,0.200,2.369,0.215,0.273,0.382,0.000,0.000,6.085,0.000,5.877,5.877,6.497
1780271074996,2.270,0.061,2.307,0.047,0.032,0.051,0.003,0.000,4.771,0.000,5.022,5.022,4.461
1780271075040,2.358,0.007,1.640,0.010,0.003,0.010,0.003,0.000,4.031,0.000,4.306,4.306,4.097
1780271075072,1.957,0.003,1.093,0.007,0.003,0.003,0.003,0.003,3.072,0.000,3.508,3.508,3.370
1780271075112,1.578,0.003,0.626,0.007,0.000,0.003,0.003,0.000,2.220,0.000,2.792,2.792,2.473
1780271075152,1.899,1.122,0.492,1.855,0.000,0.003,0.003,0.003,5.377,0.000,4.257,4.257,3.564
1780271075189,1.866,3.444,0.196,5.321,0.000,0.003,0.003,0.003,10.836,0.000,9.776,9.776,4.630
1780271075217,1.939,3.411,0.120,6.513,0.000,0.003,0.003,0.000,11.989,0.000,11.102,11.102,10.739
1780271075252,2.562,2.402,0.229,5.915,0.000,0.003,0.003,0.000,11.114,0.000,10.793,10.793,9.964
1780271075286,3.287,2.026,0.462,4.293,0.000,0.000,0.000,0.003,10.071,0.000,10.655,10.655,9.067
1780271075315,2.930,2.806,0.616,4.873,0.000,0.003,0.003,0.000,11.231,0.000,10.989,10.989,9.406
1780271075343,2.803,2.613,1.108,4.425,0.000,0.000,0.003,0.000,10.952,0.000,10.948,10.948,9.745
1780271075375,3.083,1.749,1.632,3.714,0.000,0.000,0.003,0.000,10.181,0.000,10.215,10.215,9.576
1780271075402,3.349,2.139,1.355,3.338,0.000,0.000,0.003,0.000,10.184,0.000,10.362,10.362,8.752
1780271075442,2.602,2.172,1.519,3.262,0.000,0.000,0.000,0.000,9.555,0.000,9.694,9.694,9.139
1780271075493,2.212,1.971,1.942,3.120,0.000,0.000,0.000,0.003,9.248,0.000,9.458,9.458,8.097
1780271075526,2.223,2.125,1.753,2.103,0.000,0.000,0.003,0.000,8.207,0.000,7.895,7.895,8.485
1780271075577,0.521,2.227,0.776,0.546,0.000,0.000,0.000,0.000,4.070,0.000,4.330,4.330,4.194
1780271075627,3.513,2.351,0.200,0.178,0.000,0.003,0.000,0.000,6.245,0.000,3.728,3.728,3.564
1780271075667,5.296,1.596,1.151,3.900,0.000,0.003,0.003,0.000,11.949,0.000,7.822,7.822,2.764
1780271075717,5.059,1.272,2.117,6.881,0.003,0.000,0.003,0.000,15.335,0.000,11.127,11.127,9.673
1780271075749,5.347,1.673,1.851,7.829,0.000,0.000,0.003,0.000,16.703,0.000,14.326,14.326,10.788
1780271075786,6.327,1.771,1.472,8.131,0.000,0.000,0.000,0.000,17.701,0.000,16.369,16.369,14.206
1780271075816,6.356,1.793,1.468,6.848,0.000,0.000,0.000,0.000,16.465,0.000,16.027,16.027,14.885
1780271075849,5.904,1.742,1.425,7.924,0.000,0.000,0.003,0.000,16.998,0.000,16.809,16.809,14.230
1780271075879,5.766,1.997,1.450,8.285,0.000,0.000,0.000,0.000,17.498,0.000,17.183,17.183,14.958
1780271075909,5.569,2.084,1.570,7.534,0.000,0.000,0.003,0.003,16.763,0.000,16.442,16.442,15.152
1780271075941,5.729,2.128,1.585,6.644,0.000,0.000,0.000,0.000,16.086,0.000,16.377,16.377,14.085
1780271075976,6.353,2.022,1.465,6.859,0.000,0.000,0.003,0.000,16.702,0.000,16.003,16.003,14.521
1780271076035,5.110,2.216,2.012,6.458,0.000,0.000,0.003,0.000,15.799,0.000,15.702,15.702,13.818
1780271076066,5.383,2.208,2.033,5.445,0.000,0.000,0.003,0.000,15.072,0.000,14.822,14.822,13.309
1780271076107,4.403,2.285,2.041,5.143,0.000,0.000,0.003,0.000,13.875,0.000,13.422,13.422,12.339
1780271076143,2.803,2.653,2.482,3.870,0.000,0.003,0.003,0.000,11.814,0.000,10.744,10.744,11.685
1780271076194,1.334,2.208,2.369,1.636,4.319,3.918,0.007,0.007,15.798,0.000,7.228,7.228,7.539
1780271076245,0.368,2.259,2.773,0.390,3.273,3.367,0.007,0.007,12.444,0.000,5.901,5.901,12.267
1780271076286,3.072,2.179,2.846,2.321,2.398,2.387,0.003,0.003,15.209,0.000,9.230,9.230,10.230
1780271076339,5.813,1.035,2.620,5.963,2.037,2.095,0.007,0.003,19.573,0.000,13.724,13.724,15.952
1780271076370,5.489,0.510,2.106,3.419,2.420,2.420,0.003,0.003,16.370,0.000,10.614,10.614,16.485
1780271076404,5.544,2.923,1.184,1.359,2.383,2.391,0.003,0.007,15.794,0.000,8.742,8.742,12.242
1780271076430,6.014,3.145,0.725,0.685,2.391,2.369,0.003,0.003,15.335,0.000,8.335,8.335,11.661
1780271076468,3.094,1.694,0.156,0.145,2.668,2.620,0.003,0.003,10.383,0.000,3.337,3.337,12.121
1780271076496,0.612,0.309,0.029,0.036,2.620,2.708,0.003,0.007,6.324,0.000,1.628,1.628,5.770
1780271076548,0.054,0.014,0.003,0.007,3.542,2.930,0.003,0.007,6.560,0.000,0.781,0.781,6.109
1780271076584,0.014,0.003,0.003,0.007,3.054,3.550,0.003,0.010,6.644,0.000,0.659,0.659,7.030
1780271076619,0.007,0.000,0.003,0.003,3.109,3.193,0.003,0.003,6.321,0.000,0.586,0.586,6.909
1780271076655,0.007,0.003,0.003,0.003,2.803,2.850,0.003,0.003,5.675,0.000,0.561,0.561,5.915
1780271076710,0.922,0.379,0.871,0.306,2.992,2.642,0.003,0.003,8.118,0.000,0.968,0.968,6.255
1780271076751,2.445,2.190,2.281,1.975,2.445,2.679,0.003,0.003,14.021,0.000,4.061,4.061,6.642
1780271076799,3.386,3.579,3.706,4.271,2.270,2.194,0.003,0.003,19.412,0.000,8.286,8.286,10.133
1780271076862,3.163,3.433,5.343,4.279,2.245,2.285,0.003,0.003,20.754,0.000,10.272,10.272,12.824
1780271076896,3.929,3.185,5.354,3.903,2.197,2.205,0.003,0.003,20.779,0.000,10.801,10.801,13.552
1780271076943,3.772,2.784,5.354,4.651,2.238,2.256,0.003,0.003,21.061,0.000,11.387,11.387,14.036
1780271076983,3.830,3.149,4.654,5.944,2.303,2.307,0.003,0.003,22.193,0.000,12.055,12.055,14.885
1780271077020,4.322,2.948,4.144,6.641,2.252,2.347,0.003,0.003,22.660,0.000,12.364,12.364,15.273
1780271077083,3.491,3.094,4.723,6.564,2.361,2.325,0.003,0.003,22.564,0.000,12.397,12.397,15.200
1780271077123,2.460,4.093,2.813,7.246,2.391,2.449,0.003,0.003,21.458,0.000,12.389,12.389,16.000
1780271077166,1.643,4.042,1.745,8.387,2.205,2.252,0.003,0.003,20.280,0.000,13.536,13.536,15.055
1780271077221,2.525,3.980,3.619,7.687,2.048,2.110,0.003,0.007,21.979,0.000,14.928,14.928,17.455
1780271077261,0.838,1.924,1.414,4.774,2.766,2.839,0.003,0.007,14.565,0.000,7.049,7.049,17.115
1780271077300,0.116,0.459,0.167,1.144,3.018,2.770,0.003,0.003,7.680,0.000,2.490,2.490,6.885
1780271077328,0.043,0.091,0.040,0.225,2.711,2.821,0.003,0.007,5.941,0.000,1.334,1.334,6.036
1780271077382,0.007,0.014,0.007,0.021,0.554,0.681,0.003,0.000,1.287,0.000,0.716,0.716,4.315
1780271077415,1.490,1.038,1.235,0.747,0.116,0.087,0.003,0.000,4.716,0.000,4.013,4.013,0.727
1780271077467,5.106,4.508,4.676,4.370,0.010,0.010,0.000,0.000,18.680,0.000,16.206,16.206,5.358
1780271077499,6.940,3.761,3.776,2.431,0.003,0.003,0.003,0.000,16.917,0.000,13.813,13.813,16.703
1780271077534,6.830,1.326,3.357,0.761,0.003,0.003,0.003,0.000,12.283,0.000,11.713,11.713,9.745
1780271077572,5.802,0.153,5.314,0.087,0.000,0.003,0.000,0.003,11.362,0.000,11.094,11.094,9.988
1780271077603,4.749,0.036,4.862,0.025,0.000,0.003,0.000,0.000,9.675,0.000,9.849,9.849,8.873
1780271077644,4.056,0.007,4.242,0.014,0.000,0.003,0.003,0.000,8.325,0.000,8.636,8.636,7.539
1780271077678,3.470,0.007,4.144,0.007,0.000,0.003,0.000,0.000,7.631,0.000,7.651,7.651,6.909
1780271077711,2.970,0.003,3.838,0.007,0.000,0.000,0.003,0.000,6.821,0.000,7.163,7.163,6.182
1780271077760,2.792,0.776,3.739,0.065,0.000,0.000,0.000,0.003,7.375,0.000,6.796,6.796,6.085
1780271077812,2.041,4.705,3.131,2.525,0.000,0.003,0.000,0.000,12.405,0.000,10.354,10.354,9.527
1780271077846,2.110,5.868,2.905,3.772,0.000,0.000,0.003,0.000,14.658,0.000,13.951,13.951,10.279
1780271077893,2.132,5.624,3.214,4.406,0.000,0.000,0.003,0.003,15.382,0.000,14.969,14.969,13.430
1780271077926,2.168,5.416,3.200,4.421,0.003,0.000,0.007,0.000,15.215,0.000,15.042,15.042,13.358
1780271077971,2.777,4.567,3.367,3.499,0.000,0.000,0.003,0.000,14.213,0.000,14.114,14.114,13.018
1780271078006,2.901,3.809,3.535,2.558,0.000,0.000,0.000,0.000,12.803,0.000,11.982,11.982,11.927
1780271078045,3.127,1.410,3.470,0.987,0.000,0.003,0.003,0.000,9.000,0.000,8.253,8.253,9.139
1780271078100,2.489,0.065,3.156,0.036,0.000,0.000,0.003,0.000,5.749,0.000,6.227,6.227,5.770
1780271078131,2.004,1.089,1.851,0.014,0.000,0.000,0.000,0.000,4.958,0.000,4.542,4.542,4.897
1780271078172,1.355,2.205,0.488,0.018,0.000,0.000,0.003,0.000,4.069,0.000,3.166,3.166,2.570
1780271078208,1.264,2.653,0.247,0.036,0.000,0.000,0.003,0.003,4.206,0.000,2.808,2.808,2.473
1780271078266,1.086,2.194,0.131,0.061,0.003,0.000,0.003,0.000,3.478,0.000,2.515,2.515,2.618
1780271078318,0.823,2.412,0.072,0.076,0.000,0.000,0.003,0.000,3.386,0.000,2.686,2.686,2.497
1780271078353,0.918,2.336,0.054,0.116,0.000,0.000,0.003,0.003,3.430,0.000,2.743,2.743,2.594
1780271078407,0.878,2.431,0.021,0.123,0.000,0.000,0.003,0.000,3.456,0.000,2.922,2.922,2.909
1780271078442,0.841,2.296,0.010,0.094,0.000,0.003,0.003,0.000,3.247,0.000,3.003,3.003,2.618
1780271078488,0.885,2.832,1.359,0.058,0.000,0.000,0.003,0.000,5.137,0.000,3.907,3.907,2.788
1780271078518,1.111,2.671,2.238,0.072,0.000,0.000,0.003,0.003,6.098,0.000,4.216,4.216,3.758
1780271078553,1.053,2.234,3.510,1.643,0.000,0.000,0.003,0.000,8.443,0.000,5.738,5.738,3.661
1780271078595,0.466,2.022,6.925,4.173,0.000,0.000,0.003,0.003,13.592,0.000,11.168,11.168,8.000
1780271078628,0.178,2.077,7.009,3.342,0.000,0.000,0.003,0.000,12.609,0.000,10.712,10.712,11.176
1780271078658,0.116,2.329,6.819,1.570,0.000,0.000,0.003,0.003,10.840,0.000,10.044,10.044,9.285
1780271078701,1.920,2.033,6.779,0.492,0.000,0.000,0.003,0.000,11.227,0.000,9.181,9.181,8.364
1780271078748,2.092,1.986,6.152,0.998,0.000,0.000,0.000,0.003,11.231,0.000,8.726,8.726,7.685
1780271078783,2.471,2.019,5.828,1.804,0.000,0.000,0.003,0.003,12.128,0.000,9.230,9.230,7.782
1780271078844,3.539,2.128,4.574,2.854,0.000,0.000,0.003,0.000,13.098,0.000,9.670,9.670,8.485
1780271078881,3.648,2.329,4.308,2.839,0.000,0.000,0.000,0.000,13.124,0.000,10.305,10.305,8.606
1780271078944,4.887,0.419,3.761,1.727,0.000,0.000,0.003,0.000,10.797,0.000,9.287,9.287,9.188
1780271078989,4.155,6.367,2.824,5.467,0.000,0.000,0.003,0.000,18.816,0.000,17.256,17.256,7.321
1780271079023,4.031,7.778,2.103,5.915,0.000,0.000,0.000,0.000,19.827,0.000,18.534,18.534,17.115
1780271079054,3.189,8.988,1.501,4.235,0.000,0.000,0.000,0.000,17.913,0.000,17.126,17.126,16.000
1780271079087,2.649,8.091,0.954,3.400,0.000,0.000,0.000,0.000,15.094,0.000,15.246,15.246,13.455
1780271079145,2.299,6.590,0.703,4.199,0.000,0.000,0.003,0.003,13.797,0.000,13.178,13.178,12.509
1780271079175,2.336,5.872,0.750,3.021,0.000,0.000,0.000,0.000,11.979,0.000,12.039,12.039,11.006
1780271079212,2.135,5.223,0.619,2.901,0.000,0.000,0.003,0.003,10.884,0.000,11.086,11.086,9.867
1780271079251,2.081,4.242,0.645,2.412,0.000,0.000,0.003,0.003,9.386,0.000,9.711,9.711,8.679
1780271079289,2.387,3.539,0.954,1.807,0.000,0.000,0.000,0.007,8.694,0.000,9.059,9.059,7.952
1780271079331,2.423,3.258,0.958,1.417,0.000,0.000,0.000,0.000,8.056,0.000,8.433,8.433,7.539
1780271079374,2.190,2.566,1.410,1.519,0.000,0.000,0.003,0.000,7.688,0.000,7.871,7.871,7.103
1780271079413,2.179,1.953,1.647,1.439,0.003,0.000,0.003,0.000,7.224,0.000,7.480,7.480,6.739
1780271079478,0.368,0.291,0.196,0.215,0.000,0.003,0.003,0.000,1.076,0.000,2.067,2.067,1.842
1780271079515,0.120,2.529,0.065,2.434,0.000,0.000,0.003,0.000,5.151,0.000,1.457,1.457,0.897
1780271079564,0.174,3.772,0.160,6.597,0.000,0.000,0.000,0.003,10.706,0.000,4.371,4.371,0.752
1780271079599,1.155,3.327,2.569,6.196,0.000,0.000,0.000,0.000,13.247,0.000,11.273,11.273,4.921
1780271079655,1.884,4.709,4.574,8.117,0.000,0.000,0.000,0.000,19.284,0.000,17.159,17.159,17.745
1780271079696,0.827,2.055,5.190,6.765,0.000,0.003,0.003,0.000,14.843,0.000,14.000,14.000,13.745
1780271079742,0.313,5.201,1.552,6.874,0.000,0.000,0.003,0.000,13.943,0.000,13.056,13.056,12.921
1780271079792,1.465,4.410,0.207,4.946,0.000,0.000,0.003,0.000,11.031,0.000,9.369,9.369,9.697
1780271079844,3.178,5.106,0.120,1.957,0.000,0.003,0.000,0.000,10.364,0.000,7.277,7.277,7.709
1780271079877,3.214,4.406,0.933,0.510,0.000,0.000,0.003,0.003,9.069,0.000,6.910,6.910,5.915
1780271079921,3.378,3.721,4.111,3.200,0.000,0.000,0.003,0.000,14.413,0.000,9.873,9.873,5.721
1780271079958,3.958,3.579,4.964,6.509,0.000,0.000,0.003,0.000,19.013,0.000,14.595,14.595,9.818
1780271080026,4.658,3.386,3.856,8.186,0.000,0.003,0.000,0.000,20.089,0.000,19.120,19.120,16.145
1780271080055,3.903,3.491,3.914,7.388,0.000,0.000,0.003,0.003,18.702,0.000,17.297,17.297,17.115
1780271080089,2.285,3.973,4.020,5.689,0.000,0.000,0.000,0.000,15.967,0.000,14.326,14.326,14.570
1780271080119,2.748,3.983,3.936,5.073,0.000,0.000,0.000,0.000,15.740,0.000,13.422,13.422,11.442
1780271080177,1.388,3.885,3.940,2.416,0.000,0.000,0.003,0.000,11.632,0.000,9.833,9.833,8.461
1780271080205,1.556,3.663,4.060,1.756,0.003,0.000,0.003,0.003,11.044,0.000,8.921,8.921,8.000
1780271080249,3.324,3.182,3.732,3.750,0.000,0.000,0.003,0.000,13.991,0.000,11.583,11.583,8.097
1780271080288,3.794,2.438,3.779,4.935,0.000,0.000,0.003,0.000,14.949,0.000,12.348,12.348,10.594
1780271080328,2.719,1.607,3.411,4.720,3.874,3.892,0.007,0.007,20.237,0.000,11.216,11.216,10.861
1780271080387,4.180,2.084,3.083,3.714,3.291,3.331,0.003,0.003,19.689,0.000,11.347,11.347,17.745
1780271080422,3.586,1.738,3.280,4.027,2.682,2.784,0.003,0.003,18.103,0.000,12.153,12.153,14.958
1780271080462,3.728,2.245,3.397,3.951,2.383,2.427,0.003,0.003,18.137,0.000,13.048,13.048,15.830
1780271080528,2.504,2.150,3.193,2.442,2.321,2.351,0.003,0.003,14.967,0.000,9.849,9.849,13.358
1780271080560,1.195,2.558,3.408,1.283,2.369,2.343,0.003,0.003,13.162,0.000,8.140,8.140,12.873
1780271080607,0.211,2.624,3.061,2.405,2.394,2.230,0.003,0.003,12.931,0.000,6.479,6.479,10.230
1780271080643,0.105,1.385,2.606,4.064,2.238,2.310,0.003,0.003,12.714,0.000,5.543,5.543,9.552
1780271080696,0.131,0.218,2.022,4.592,2.190,2.165,0.003,0.003,11.324,0.000,4.810,4.810,8.533
1780271080727,0.102,0.153,1.702,4.942,2.179,2.117,0.003,0.003,11.201,0.000,4.786,4.786,8.194
1780271080772,3.772,2.489,1.217,3.579,2.063,2.063,0.003,0.003,15.189,0.000,6.528,6.528,8.121
1780271080803,3.597,3.276,1.020,3.280,2.103,2.121,0.003,0.003,15.403,0.000,6.691,6.691,10.206
1780271080842,3.747,3.437,1.439,3.641,2.012,1.942,0.003,0.003,16.224,0.000,8.286,8.286,10.376
1780271080890,4.895,2.843,1.552,3.903,1.975,2.022,0.003,0.003,17.196,0.000,9.743,9.743,12.606
1780271080928,1.939,1.104,0.503,2.004,2.394,2.412,0.003,0.003,10.362,0.000,4.216,4.216,12.824
1780271080960,0.645,0.229,0.098,0.594,2.449,2.365,0.003,0.003,6.386,0.000,2.002,2.002,5.818
1780271080997,0.127,0.051,0.021,0.120,2.307,2.354,0.003,0.007,4.990,0.000,0.976,0.976,5.236
1780271081054,0.010,0.007,0.003,0.010,2.281,2.241,0.003,0.003,4.558,0.000,0.626,0.626,4.994
1780271081083,0.007,0.007,0.003,0.007,2.245,2.307,0.003,0.007,4.586,0.000,0.569,0.569,4.970
1780271081121,0.003,0.003,0.003,0.007,2.238,2.197,0.003,0.003,4.457,0.000,0.553,0.553,4.921
1780271081150,0.007,0.003,0.003,0.003,2.241,2.245,0.003,0.003,4.508,0.000,0.553,0.553,4.921
1780271081189,0.003,0.000,0.003,0.007,2.376,2.219,0.003,0.003,4.614,0.000,0.545,0.545,4.921
1780271081249,0.003,0.000,0.000,0.007,2.628,2.595,0.003,0.007,5.243,0.000,0.553,0.553,5.358
1780271081287,0.000,0.003,0.000,0.003,2.773,2.606,0.003,0.003,5.391,0.000,0.569,0.569,5.673
1780271081343,0.003,0.000,0.000,0.003,2.511,2.635,0.003,0.007,5.162,0.000,0.545,0.545,5.697
1780271081392,0.003,0.000,0.000,0.003,2.467,2.803,0.003,0.003,5.282,0.000,0.545,0.545,5.842
1780271081432,1.119,0.000,1.093,0.003,2.482,2.485,0.003,0.007,7.192,0.000,1.147,1.147,5.721
1780271081489,3.768,0.583,4.053,0.696,2.292,2.314,0.003,0.003,13.712,0.000,4.696,4.696,8.655
1780271081527,3.433,1.301,4.891,1.494,2.274,2.216,0.003,0.003,15.615,0.000,6.512,6.512,9.479
1780271081586,2.066,2.522,3.400,2.540,2.449,2.423,0.007,0.003,15.410,0.000,5.128,5.128,9.115
1780271081626,0.995,1.279,0.787,0.652,2.730,2.675,0.003,0.003,9.124,0.000,1.969,1.969,6.933
1780271081661,0.112,0.127,0.156,0.109,2.551,2.606,0.007,0.003,5.671,0.000,1.058,1.058,5.770
1780271081693,0.025,0.025,0.036,0.021,2.536,2.460,0.007,0.003,5.113,0.000,0.740,0.740,5.430
1780271081726,0.010,0.007,0.007,0.007,2.412,2.496,0.003,0.003,4.945,0.000,0.594,0.594,5.455
1780271081788,0.007,0.000,0.003,0.003,2.453,2.515,0.003,0.003,4.987,0.000,0.577,0.577,5.406
1780271081846,4.906,4.636,4.898,5.044,0.459,0.561,0.000,0.000,20.504,0.000,17.826,17.826,16.848
1780271081900,7.501,3.076,3.867,1.049,0.036,0.043,0.000,0.000,15.572,0.000,13.618,13.618,16.218
1780271081937,7.107,1.461,4.964,0.488,0.007,0.010,0.003,0.000,14.040,0.000,12.462,12.462,10.594
1780271081974,5.671,0.171,5.303,0.091,0.003,0.003,0.000,0.000,11.242,0.000,10.590,10.590,10.279
1780271082004,4.742,0.040,4.683,0.029,0.000,0.003,0.000,0.000,9.497,0.000,9.743,9.743,8.582
1780271082039,4.388,0.010,4.326,0.010,0.000,0.003,0.003,0.000,8.740,0.000,8.807,8.807,7.927
1780271082088,3.171,0.080,3.244,0.040,0.000,0.003,0.003,0.000,6.541,0.000,6.674,6.674,6.400
1780271082117,3.090,0.207,2.504,0.287,0.003,0.000,0.003,0.003,6.097,0.000,5.836,5.836,5.358
1780271082155,2.894,0.364,1.811,0.462,0.000,0.003,0.003,0.000,5.537,0.000,4.704,4.704,4.655
1780271082182,2.653,0.368,1.290,0.470,0.000,0.003,0.003,0.003,4.790,0.000,4.297,4.297,3.709
1780271082226,2.511,1.140,0.379,0.838,0.003,0.000,0.003,0.000,4.874,0.000,3.907,3.907,3.491
1780271082257,2.412,1.428,0.244,0.692,0.000,0.003,0.003,0.003,4.785,0.000,3.711,3.711,3.491
1780271082311,2.292,1.239,0.174,0.998,0.000,0.000,0.000,0.000,4.703,0.000,3.557,3.557,3.564
1780271082374,2.172,1.607,0.134,1.067,0.000,0.000,0.003,0.003,4.986,0.000,3.614,3.614,3.491
1780271082427,1.822,2.015,0.040,0.882,0.000,0.000,0.000,0.000,4.759,0.000,3.874,3.874,3.248
1780271082468,1.742,2.409,0.018,1.020,0.000,0.000,0.003,0.003,5.195,0.000,4.086,4.086,3.758
1780271082515,1.760,2.343,0.007,0.922,0.000,0.000,0.003,0.000,5.035,0.000,4.175,4.175,3.758
1780271082553,1.789,2.321,0.003,1.140,0.000,0.003,0.003,0.003,5.262,0.000,4.224,4.224,3.830
1780271082600,1.818,2.241,0.007,0.947,0.003,0.000,0.003,0.003,5.022,0.000,4.363,4.363,3.952
1780271082638,1.895,2.289,0.707,1.027,0.000,0.003,0.003,0.000,5.924,0.000,4.550,4.550,4.097
1780271082679,2.066,2.143,1.049,1.060,0.000,0.000,0.003,0.000,6.321,0.000,4.533,4.533,4.364
1780271082708,2.074,1.990,0.889,0.991,0.000,0.000,0.003,0.000,5.947,0.000,4.615,4.615,4.073
1780271082746,2.354,1.968,0.725,1.104,0.000,0.000,0.003,0.000,6.154,0.000,4.696,4.696,4.364
1780271082822,2.693,1.880,0.411,1.086,0.000,0.000,0.003,0.000,6.073,0.000,4.916,4.916,4.582
1780271082884,2.788,2.132,0.455,1.290,0.000,0.000,0.000,0.000,6.665,0.000,5.421,5.421,4.994
1780271082927,2.471,1.345,4.501,5.642,0.000,0.000,0.003,0.000,13.962,0.000,12.722,12.722,10.255
1780271082957,2.063,1.268,5.821,7.096,0.000,0.000,0.003,0.000,16.251,0.000,15.172,15.172,14.303
1780271082993,1.935,1.735,5.190,7.428,0.000,0.000,0.000,0.000,16.288,0.000,15.767,15.767,14.085
1780271083029,2.496,2.325,5.015,6.324,0.000,0.000,0.000,0.000,16.160,0.000,15.929,15.929,13.988
1780271083062,2.919,2.365,4.465,6.054,0.000,0.003,0.003,0.000,15.809,0.000,15.685,15.685,13.842
1780271083094,2.730,2.467,4.257,5.584,0.000,0.000,0.000,0.000,15.038,0.000,14.806,14.806,13.430
1780271083122,2.850,2.668,3.685,5.143,0.000,0.000,0.000,0.000,14.346,0.000,14.497,14.497,12.388
1780271083157,3.240,2.595,3.415,5.175,0.000,0.000,0.003,0.000,14.428,0.000,14.318,14.318,12.412
1780271083198,3.105,2.551,3.280,4.964,0.000,0.000,0.000,0.000,13.900,0.000,14.008,14.008,12.291
1780271083235,3.539,2.613,3.065,4.574,0.000,0.000,0.003,0.000,13.794,0.000,13.479,13.479,12.121
1780271083267,3.167,2.628,2.934,4.461,0.000,0.000,0.003,0.000,13.193,0.000,13.186,13.186,11.612
1780271083299,3.039,2.649,2.967,4.363,0.000,0.000,0.000,0.000,13.018,0.000,13.040,13.040,11.394
1780271083339,3.287,2.606,2.901,3.922,0.000,0.000,0.003,0.003,12.722,0.000,12.722,12.722,11.345
1780271083413,2.719,2.675,2.788,3.823,0.000,0.000,0.000,0.003,12.008,0.000,12.161,12.161,10.230
1780271083479,2.952,2.427,2.595,3.728,0.000,0.000,0.003,0.003,11.708,0.000,11.705,11.705,10.788
1780271083510,2.999,2.493,2.482,3.499,0.000,0.000,0.003,0.003,11.479,0.000,11.689,11.689,10.085
1780271083547,1.731,1.665,2.864,3.863,0.000,0.000,0.000,0.003,10.126,0.000,9.108,9.108,10.473
1780271083575,0.761,0.477,2.952,3.564,0.000,0.003,0.000,0.000,7.757,0.000,7.659,7.659,6.836
1780271083618,0.123,0.080,2.773,3.014,0.000,0.000,0.003,0.003,5.996,0.000,6.577,6.577,5.818
1780271083654,1.549,1.804,2.515,3.028,0.000,0.003,0.003,0.000,8.902,0.000,6.471,6.471,5.430
1780271083690,0.605,0.900,1.013,1.363,0.000,0.000,0.003,0.000,3.884,0.000,3.158,3.158,5.115
1780271083725,0.109,0.160,0.200,0.262,0.000,0.003,0.003,0.000,0.737,0.000,1.269,1.269,0.848
1780271083763,0.018,0.021,0.025,0.040,0.000,0.000,0.003,0.000,0.107,0.000,0.805,0.805,0.679
1780271083796,0.010,0.007,0.010,0.014,0.000,0.000,0.003,0.000,0.044,0.000,0.602,0.602,0.679
1780271083835,0.007,0.003,0.003,0.003,0.000,0.003,0.000,0.003,0.022,0.000,0.553,0.553,0.703
1780271083867,0.003,0.000,0.003,0.003,0.000,0.000,0.003,0.003,0.015,0.000,0.537,0.537,0.703
1780271083940,0.003,0.000,0.003,0.003,0.003,0.000,0.003,0.000,0.015,0.000,0.529,0.529,0.703
1780271083982,0.007,0.003,0.000,0.003,0.000,0.000,0.003,0.003,0.019,0.000,0.512,0.512,0.727
1780271084016,0.003,0.003,0.003,0.003,0.003,0.000,0.003,0.000,0.018,0.000,0.520,0.520,0.703
1780271084048,0.000,0.003,0.003,0.003,0.000,0.000,0.003,0.000,0.012,0.000,0.512,0.512,0.752
1780271084096,0.003,0.000,0.000,0.003,0.000,0.000,0.003,0.003,0.012,0.000,0.520,0.520,0.727
1780271084130,0.003,0.000,0.003,0.000,0.000,0.003,0.003,0.003,0.015,0.000,0.504,0.504,0.727
1780271084170,0.003,0.003,0.000,0.007,0.000,0.000,0.003,0.003,0.019,0.000,0.504,0.504,0.727
1780271084224,0.000,0.000,0.000,0.003,0.000,0.000,0.003,0.000,0.006,0.000,0.504,0.504,0.727
1780271084256,0.000,0.000,0.003,0.003,0.000,0.000,0.000,0.000,0.006,0.000,0.529,0.529,0.703
1780271084296,0.003,0.000,0.000,0.007,0.000,0.000,0.003,0.000,0.013,0.000,0.520,0.520,0.727
1780271084328,0.000,0.000,0.003,0.007,0.003,0.000,0.003,0.000,0.016,0.000,0.529,0.529,0.727
1780271084369,0.007,0.000,0.003,0.003,0.003,0.000,0.003,0.000,0.019,0.000,0.529,0.529,0.727
1780271084431,0.003,0.000,0.003,0.003,0.000,0.003,0.003,0.000,0.015,0.000,0.520,0.520,0.727
1780271084460,0.003,0.000,0.003,0.003,0.000,0.003,0.003,0.003,0.018,0.000,0.512,0.512,0.703
1780271084508,0.003,0.003,0.000,0.007,0.000,0.003,0.003,0.000,0.019,0.000,0.496,0.496,0.727
1780271084537,0.000,0.000,0.000,0.003,0.000,0.000,0.003,0.000,0.006,0.000,0.504,0.504,0.703
1780271084574,0.007,0.000,0.000,0.003,0.003,0.000,0.000,0.000,0.013,0.000,0.529,0.529,0.679
1780271084602,0.000,0.000,0.000,0.003,0.000,0.000,0.003,0.000,0.006,0.000,0.529,0.529,0.727
1780271084651,0.000,0.000,0.000,0.003,4.494,4.100,0.007,0.007,8.611,0.000,0.561,0.561,4.218
1780271084679,0.000,0.000,0.003,0.003,4.352,3.965,0.003,0.010,8.336,0.000,0.553,0.553,9.018
1780271084722,0.000,0.000,0.000,0.003,3.262,2.985,0.003,0.003,6.256,0.000,0.553,0.553,7.297
1780271084747,0.003,0.003,0.000,0.003,2.864,2.577,0.007,0.003,5.460,0.000,0.537,0.537,6.109
1780271084785,0.000,0.000,0.003,0.003,2.055,2.234,0.003,0.003,4.301,0.000,0.537,0.537,5.309
1780271084814,0.000,0.000,0.000,0.003,1.924,1.738,0.007,0.003,3.675,0.000,0.553,0.553,4.194
1780271084849,0.000,0.003,0.000,0.003,1.851,1.680,0.003,0.003,3.543,0.000,0.545,0.545,4.048
1780271084884,0.003,0.003,0.003,0.003,1.578,1.618,0.003,0.003,3.214,0.000,0.529,0.529,3.782
1780271084917,0.000,0.000,0.003,0.007,1.512,1.468,0.003,0.003,2.996,0.000,0.537,0.537,3.661
1780271084964,0.000,0.000,0.000,0.003,1.450,1.399,0.007,0.003,2.862,0.000,0.529,0.529,3.442
1780271084999,0.003,0.000,0.000,0.003,1.425,1.425,0.003,0.003,2.862,0.000,0.569,0.569,3.491
1780271085028,0.000,0.000,0.000,0.000,1.468,1.370,0.003,0.003,2.844,0.000,0.553,0.553,3.539
1780271085085,0.003,0.000,0.000,0.003,0.236,0.298,0.003,0.000,0.543,0.000,0.537,0.537,1.891
1780271085113,0.000,0.000,0.000,0.003,0.080,0.065,0.003,0.000,0.151,0.000,0.529,0.529,0.752
1780271085145,0.000,0.003,0.003,0.003,0.014,0.018,0.003,0.000,0.044,0.000,0.512,0.512,0.703
1780271085171,0.000,0.003,0.003,0.003,0.007,0.007,0.003,0.000,0.026,0.000,0.512,0.512,0.703
1780271085209,0.000,0.000,0.003,0.003,0.003,0.003,0.003,0.003,0.018,0.000,0.504,0.504,0.727
1780271085244,0.003,0.000,0.003,0.000,0.003,0.003,0.003,0.000,0.015,0.000,0.520,0.520,0.703
1780271085277,0.000,0.000,0.000,0.003,0.003,0.000,0.003,0.000,0.009,0.000,0.504,0.504,0.703
1780271085306,0.003,0.000,0.000,0.003,0.000,0.000,0.003,0.000,0.009,0.000,0.529,0.529,0.703
1780271085346,0.000,0.000,0.000,0.007,0.000,0.000,0.003,0.000,0.010,0.000,0.537,0.537,0.703
1780271085372,0.000,0.003,0.000,0.003,0.003,0.000,0.003,0.000,0.012,0.000,0.520,0.520,0.727
1780271085409,0.003,0.000,0.000,0.003,0.000,0.000,0.003,0.003,0.012,0.000,0.512,0.512,0.727
1780271085439,0.003,0.000,0.007,0.003,0.000,0.000,0.003,0.003,0.019,0.000,0.512,0.512,0.703
1780271085495,0.000,0.000,0.000,0.003,0.000,0.003,0.003,0.000,0.009,0.000,0.504,0.504,0.679
1780271085525,0.000,0.000,0.000,0.003,0.000,0.000,0.003,0.003,0.009,0.000,0.512,0.512,0.679
1780271085574,0.003,0.000,0.000,0.003,0.000,0.003,0.003,0.000,0.012,0.000,0.545,0.545,0.703
1780271085636,0.000,0.000,0.003,0.003,0.000,0.000,0.003,0.003,0.012,0.000,0.529,0.529,0.727
1780271085666,0.000,0.003,0.000,0.003,0.000,0.003,0.003,0.003,0.015,0.000,0.512,0.512,0.703
1780271085704,0.003,0.000,0.000,0.003,0.000,0.000,0.003,0.003,0.012,0.000,0.504,0.504,0.703
1780271085734,0.003,0.000,0.000,0.007,0.000,0.000,0.003,0.000,0.013,0.000,0.504,0.504,0.703
1780271085785,0.000,0.003,0.000,0.003,0.000,0.000,0.003,0.000,0.009,0.000,0.512,0.512,0.727
1780271085814,0.000,0.000,0.000,0.003,0.000,0.003,0.003,0.000,0.009,0.000,0.520,0.520,0.703
1780271085849,0.000,0.000,0.000,0.003,0.000,0.003,0.000,0.000,0.006,0.000,0.529,0.529,0.703
1780271085878,0.000,0.000,0.003,0.003,0.000,0.003,0.000,0.000,0.009,0.000,0.512,0.512,0.703
1780271085927,0.003,0.000,0.000,0.007,0.000,0.003,0.003,0.000,0.016,0.000,0.512,0.512,0.703
1780271085954,0.000,0.000,0.003,0.003,0.000,0.000,0.003,0.003,0.012,0.000,0.512,0.512,0.703
1780271086010,2.934,2.956,2.442,2.777,0.000,0.000,0.003,0.003,11.115,0.000,6.048,6.048,5.018
1780271086063,2.635,4.191,5.930,5.281,0.000,0.000,0.003,0.000,18.040,0.000,12.283,12.283,8.897
1780271086111,1.702,4.027,6.003,4.906,0.000,0.000,0.000,0.000,16.638,0.000,11.916,11.916,11.806
1780271086174,2.482,4.082,6.105,5.099,0.000,0.000,0.003,0.000,17.771,0.000,14.595,14.595,13.770
1780271086212,2.103,3.754,6.181,5.205,0.000,0.000,0.000,0.000,17.243,0.000,16.100,16.100,12.897
1780271086252,2.241,3.925,6.006,4.785,0.000,0.000,0.000,0.003,16.960,0.000,16.125,16.125,14.788
1780271086283,1.971,3.353,5.799,4.476,0.000,0.003,0.003,0.003,15.608,0.000,15.172,15.172,13.600
1780271086325,2.143,3.207,5.350,4.151,0.000,0.000,0.000,0.000,14.851,0.000,14.407,14.407,12.824
1780271086359,2.270,3.141,4.895,3.714,0.000,0.000,0.003,0.000,14.023,0.000,13.886,13.886,12.242
1780271086392,2.558,3.003,4.530,3.477,0.000,0.003,0.003,0.000,13.574,0.000,13.496,13.496,11.830
1780271086426,3.025,2.832,3.932,3.254,0.000,0.000,0.000,0.003,13.046,0.000,12.714,12.714,11.491
1780271086459,2.693,2.722,3.634,3.182,0.000,0.000,0.003,0.000,12.234,0.000,12.291,12.291,10.764
1780271086492,2.945,2.781,3.386,2.963,0.000,0.000,0.000,0.000,12.075,0.000,11.990,11.990,10.376
1780271086554,2.606,2.474,3.021,2.770,0.000,0.000,0.003,0.000,10.874,0.000,10.858,10.858,9.721
1780271086591,2.617,2.624,2.715,2.489,0.000,0.000,0.003,0.000,10.448,0.000,10.394,10.394,9.333
1780271086639,1.964,2.259,2.493,2.398,0.000,0.000,0.000,0.000,9.114,0.000,9.157,9.157,8.242
1780271086701,2.810,3.087,2.773,4.344,0.000,0.000,0.003,0.003,13.020,0.000,12.910,12.910,11.297
1780271086732,3.389,2.008,3.152,3.998,0.000,0.000,0.003,0.000,12.550,0.000,12.486,12.486,11.224
1780271086785,3.254,1.942,4.195,3.980,0.000,0.000,0.003,0.000,13.374,0.000,13.496,13.496,11.224
1780271086819,3.907,2.070,4.541,3.513,0.000,0.000,0.000,0.000,14.031,0.000,14.065,14.065,12.024
1780271086854,3.936,1.724,4.661,3.564,0.000,0.000,0.000,0.000,13.885,0.000,13.129,13.129,12.218
1780271086884,3.112,1.071,4.807,3.812,0.000,0.000,0.003,0.000,12.805,0.000,12.600,12.600,11.079
1780271086927,1.035,0.455,2.485,2.857,0.003,0.000,0.003,0.000,6.838,0.000,5.795,5.795,10.279
1780271086968,0.393,0.076,0.492,0.739,0.000,0.000,0.003,0.003,1.706,0.000,2.205,2.205,2.788
1780271087003,0.047,0.014,0.102,0.134,0.000,0.000,0.003,0.003,0.303,0.000,1.180,1.180,0.727
1780271087064,0.007,0.003,0.010,0.010,0.000,0.003,0.000,0.000,0.033,0.000,0.602,0.602,0.679
1780271087121,0.291,0.218,1.261,0.025,0.000,0.000,0.003,0.000,1.798,0.000,0.757,0.757,0.873
1780271087155,0.112,0.105,0.648,0.007,0.000,0.000,0.003,0.000,0.875,0.000,0.618,0.618,0.776
1780271087206,0.003,0.003,0.021,0.007,0.000,0.000,0.007,0.000,0.041,0.000,0.561,0.561,0.703
1780271087237,0.003,0.000,0.007,0.003,0.000,0.000,0.003,0.000,0.016,0.000,0.545,0.545,0.679
1780271087268,0.000,0.000,0.003,0.003,0.000,0.000,0.003,0.000,0.009,0.000,0.520,0.520,0.703
1780271087298,0.003,0.000,0.007,0.000,0.000,0.000,0.003,0.000,0.013,0.000,0.520,0.520,0.679
1780271087335,0.003,0.000,0.003,0.003,0.000,0.000,0.003,0.003,0.015,0.000,0.537,0.537,0.703
1780271087365,0.003,0.000,0.000,0.003,0.000,0.000,0.003,0.003,0.012,0.000,0.529,0.529,0.727
1780271087398,0.000,0.003,0.003,0.003,0.000,0.000,0.003,0.000,0.012,0.000,0.520,0.520,0.679
1780271087425,0.000,0.000,0.003,0.003,0.000,0.000,0.003,0.000,0.009,0.000,0.504,0.504,0.703
1780271087465,0.003,0.000,0.003,0.003,0.000,0.000,0.003,0.003,0.015,0.000,0.480,0.480,0.703
1780271087499,0.000,0.000,0.003,0.003,0.000,0.000,0.003,0.000,0.009,0.000,0.488,0.488,0.630
1780271087533,0.000,0.000,0.003,0.003,0.003,0.003,0.000,0.000,0.012,0.000,0.488,0.488,0.679
1780271087585,0.003,0.000,0.003,0.003,0.000,0.000,0.003,0.000,0.012,0.000,0.504,0.504,0.703
1780271087635,0.003,0.003,0.003,0.003,0.000,0.000,0.000,0.000,0.012,0.000,0.520,0.520,0.703
1780271087675,0.000,0.000,0.003,0.000,0.003,0.000,0.003,0.000,0.009,0.000,0.512,0.512,0.703
1780271087728,0.003,0.000,0.003,0.000,0.003,0.000,0.003,0.003,0.015,0.000,0.504,0.504,0.703
1780271087766,0.007,0.000,0.003,0.007,0.003,0.000,0.000,0.000,0.020,0.000,0.512,0.512,0.703
1780271087798,0.003,0.003,0.003,0.003,0.000,0.000,0.003,0.000,0.015,0.000,0.512,0.512,0.679
1780271087831,0.000,0.000,0.003,0.003,0.000,0.000,0.003,0.000,0.009,0.000,0.520,0.520,0.727
1780271087868,0.003,0.000,0.003,0.003,0.000,0.000,0.003,0.000,0.012,0.000,0.512,0.512,0.703
1780271087904,0.003,0.000,0.000,0.003,0.000,0.000,0.003,0.003,0.012,0.000,0.504,0.504,0.703
1780271087937,0.003,0.003,0.000,0.003,0.003,0.000,0.003,0.000,0.015,0.000,0.520,0.520,0.703
1780271087966,0.000,0.000,0.000,0.003,0.000,0.000,0.003,0.003,0.009,0.000,0.520,0.520,0.703
1780271088000,0.000,0.003,0.003,0.003,0.000,0.000,0.000,0.003,0.012,0.000,0.512,0.512,0.727
1780271088038,0.003,0.000,0.003,0.003,0.000,0.000,0.003,0.003,0.015,0.000,0.512,0.512,0.679
1780271088097,1.403,2.686,0.714,2.883,0.000,0.000,0.003,0.007,7.696,0.000,3.459,3.459,3.370
1780271088139,2.219,3.244,1.771,3.798,0.000,0.000,0.000,0.000,11.032,0.000,5.429,5.429,3.709
1780271088191,0.306,0.743,0.309,0.980,0.000,0.000,0.000,0.000,2.338,0.000,1.937,1.937,1.794
1780271088246,0.018,0.043,0.014,0.036,0.000,0.003,0.003,0.003,0.120,0.000,0.691,0.691,0.703
1780271088277,0.007,0.007,0.003,0.007,0.000,0.003,0.003,0.000,0.030,0.000,0.577,0.577,0.703
1780271088309,0.003,0.003,0.007,0.007,0.000,0.000,0.003,0.000,0.023,0.000,0.545,0.545,0.727
1780271088342,0.003,0.003,0.003,0.003,0.000,0.000,0.003,0.000,0.015,0.000,0.545,0.545,0.727
1780271088374,0.007,0.000,0.000,0.003,0.000,0.000,0.000,0.003,0.013,0.000,0.537,0.537,0.752
1780271088402,0.007,0.003,0.003,0.003,0.000,0.000,0.003,0.000,0.019,0.000,0.529,0.529,0.727
1780271088436,0.003,0.003,0.000,0.003,0.000,0.000,0.003,0.000,0.012,0.000,0.512,0.512,0.727
1780271088474,0.003,0.003,0.007,0.007,0.000,0.003,0.003,0.000,0.026,0.000,0.512,0.512,0.630
1780271088508,0.000,0.003,0.003,0.003,0.000,0.000,0.003,0.003,0.015,0.000,0.512,0.512,0.679
1780271088547,0.003,0.000,0.003,0.003,0.000,0.000,0.003,0.000,0.012,0.000,0.504,0.504,0.679
1780271088608,0.003,0.000,0.000,0.003,0.000,0.000,0.003,0.000,0.009,0.000,0.529,0.529,0.703
1780271088638,0.003,0.003,0.003,0.003,0.000,0.003,0.000,0.003,0.018,0.000,0.520,0.520,0.727
1780271088671,0.000,0.000,0.000,0.003,0.000,0.000,0.003,0.000,0.006,0.000,0.512,0.512,0.703
1780271088712,0.000,0.000,0.003,0.003,0.000,0.000,0.003,0.000,0.009,0.000,0.512,0.512,0.727
1780271088769,0.007,0.000,0.000,0.003,0.000,0.000,0.003,0.000,0.013,0.000,0.520,0.520,0.679
1780271088800,0.003,0.000,0.003,0.003,0.000,0.000,0.003,0.000,0.012,0.000,0.504,0.504,0.679
1780271088833,0.000,0.003,0.000,0.003,0.000,0.000,0.003,0.000,0.009,0.000,0.512,0.512,0.679
1780271088863,0.000,0.000,0.003,0.003,0.000,0.000,0.003,0.000,0.009,0.000,0.520,0.520,0.703
1780271088900,0.000,0.000,0.003,0.003,0.000,0.000,0.003,0.000,0.009,0.000,0.529,0.529,0.727
1780271088928,0.000,0.000,0.000,0.003,0.000,0.000,0.003,0.000,0.006,0.000,0.520,0.520,0.703
1780271088963,0.000,0.000,0.000,0.003,0.003,0.000,0.003,0.000,0.009,0.000,0.512,0.512,0.727
1780271088994,0.003,0.000,0.003,0.003,0.000,0.000,0.003,0.000,0.012,0.000,0.520,0.520,0.679
1780271089034,0.003,0.000,0.003,0.003,0.000,0.000,0.003,0.000,0.012,0.000,0.512,0.512,0.703
1780271089064,0.000,0.000,0.000,0.003,0.000,0.000,0.003,0.003,0.009,0.000,0.520,0.520,0.703
1780271089114,0.000,0.003,0.000,0.003,0.000,0.003,0.000,0.003,0.012,0.000,0.520,0.520,0.703
1780271089159,0.007,0.000,0.000,0.003,0.000,0.000,0.000,0.000,0.010,0.000,0.537,0.537,0.703
1780271089193,0.003,0.000,0.000,0.003,0.000,0.000,0.003,0.000,0.009,0.000,0.537,0.537,0.679
1780271089230,0.000,0.003,0.003,0.003,0.000,0.000,0.003,0.003,0.015,0.000,0.520,0.520,0.703
1780271089288,0.003,0.000,0.000,0.003,0.000,0.000,0.003,0.000,0.009,0.000,0.496,0.496,0.703
1780271089320,0.003,0.000,0.000,0.003,0.000,0.000,0.003,0.000,0.009,0.000,0.512,0.512,0.679
1780271089351,0.000,0.000,0.000,0.003,0.000,0.003,0.003,0.000,0.009,0.000,0.512,0.512,0.703
1780271089386,0.000,0.000,0.000,0.003,0.000,0.000,0.003,0.000,0.006,0.000,0.520,0.520,0.703
1780271089422,0.000,0.000,0.000,0.003,0.000,0.000,0.003,0.000,0.006,0.000,0.512,0.512,0.679
1780271089455,0.000,0.000,0.000,0.003,0.000,0.000,0.003,0.003,0.009,0.000,0.520,0.520,0.630
1780271089486,0.000,0.000,0.000,0.003,0.000,0.003,0.003,0.000,0.009,0.000,0.512,0.512,0.679
1780271089511,0.000,0.003,0.000,0.003,0.000,0.003,0.003,0.000,0.012,0.000,0.504,0.504,0.679
1780271089543,0.003,0.000,0.003,0.000,0.000,0.000,0.003,0.003,0.012,0.000,0.512,0.512,0.679
1780271089575,0.000,0.000,0.007,0.003,0.000,0.003,0.003,0.000,0.016,0.000,0.512,0.512,0.703
1780271089637,0.003,0.000,0.000,0.007,0.000,0.000,0.003,0.003,0.016,0.000,0.529,0.529,0.679
1780271089670,0.000,0.000,0.000,0.000,0.000,0.000,0.003,0.003,0.006,0.000,0.512,0.512,0.703
1780271089703,0.003,0.000,0.000,0.003,0.000,0.000,0.003,0.000,0.009,0.000,0.496,0.496,0.630
1780271089744,0.000,0.000,0.000,0.003,0.000,0.000,0.003,0.003,0.009,0.000,0.504,0.504,0.703
1780271089810,0.003,0.000,0.000,0.003,0.000,0.000,0.003,0.003,0.012,0.000,0.496,0.496,0.679
1780271089839,0.003,0.000,0.003,0.003,0.000,0.003,0.003,0.003,0.018,0.000,0.512,0.512,0.703
1780271089878,0.000,0.000,0.000,0.003,0.000,0.000,0.003,0.000,0.006,0.000,0.529,0.529,0.703
1780271089904,0.000,0.000,0.003,0.003,0.000,0.000,0.003,0.003,0.012,0.000,0.520,0.520,0.727
1780271089940,0.000,0.000,0.000,0.003,0.000,0.000,0.003,0.000,0.006,0.000,0.512,0.512,0.703
1780271089967,0.003,0.000,0.003,0.003,0.000,0.000,0.003,0.003,0.015,0.000,0.512,0.512,0.679
1780271090003,0.000,0.000,0.003,0.003,0.000,0.000,0.000,0.000,0.006,0.000,0.504,0.504,0.679
1780271090032,0.000,0.000,0.003,0.003,0.000,0.000,0.003,0.000,0.009,0.000,0.496,0.496,0.703
1780271090072,0.000,0.000,0.003,0.003,0.003,0.000,0.003,0.000,0.012,0.000,0.504,0.504,0.630
1780271090104,0.003,0.000,0.000,0.003,0.000,0.000,0.003,0.000,0.009,0.000,0.512,0.512,0.679
1780271090162,0.000,0.000,0.000,0.003,0.000,0.000,0.000,0.000,0.003,0.000,0.520,0.520,0.703
1780271090202,0.003,0.000,0.000,0.003,0.000,0.000,0.003,0.003,0.012,0.000,0.512,0.512,0.679
1780271090236,0.000,0.000,0.000,0.003,0.000,0.003,0.003,0.000,0.009,0.000,0.512,0.512,0.679
1780271090287,0.007,0.000,0.000,0.003,0.000,0.000,0.000,0.003,0.013,0.000,0.512,0.512,0.703
1780271090345,0.000,0.000,0.000,0.003,0.000,0.000,0.003,0.000,0.006,0.000,0.512,0.512,0.679
1780271090377,0.000,0.000,0.000,0.003,0.000,0.000,0.003,0.000,0.006,0.000,0.512,0.512,0.703
1780271090412,0.000,0.003,0.000,0.003,0.000,0.003,0.003,0.003,0.015,0.000,0.520,0.520,0.679
1780271090442,0.003,0.003,0.000,0.003,0.000,0.003,0.003,0.003,0.018,0.000,0.512,0.512,0.703
1780271090482,0.003,0.000,0.003,0.003,0.000,0.000,0.003,0.000,0.012,0.000,0.520,0.520,0.679
1780271090516,0.000,0.003,0.000,0.003,0.000,0.000,0.003,0.000,0.009,0.000,0.504,0.504,0.679
1780271090551,0.003,0.000,0.000,0.003,0.000,0.000,0.003,0.000,0.009,0.000,0.496,0.496,0.679
1780271090589,0.003,0.000,0.003,0.003,0.000,0.003,0.003,0.000,0.015,0.000,0.496,0.496,0.703
1780271090640,0.000,0.000,0.000,0.003,0.000,0.000,0.003,0.000,0.006,0.000,0.537,0.537,0.679
1780271090693,0.003,0.000,0.000,0.003,0.000,0.000,0.003,0.003,0.012,0.000,0.512,0.512,0.679
1780271090733,0.003,0.000,0.000,0.003,0.000,0.000,0.003,0.000,0.009,0.000,0.496,0.496,0.703
1780271090772,0.003,0.000,0.003,0.003,0.000,0.003,0.003,0.000,0.015,0.000,0.496,0.496,0.679
1780271090850,0.003,0.000,0.000,0.000,0.000,0.000,0.003,0.003,0.009,0.000,0.504,0.504,0.703
1780271090885,0.000,0.000,0.000,0.003,0.000,0.000,0.003,0.000,0.006,0.000,0.512,0.512,0.703
1780271090930,0.000,0.000,0.000,0.000,0.003,0.000,0.003,0.003,0.009,0.000,0.512,0.512,0.703
1780271090962,0.000,0.000,0.000,0.003,0.000,0.000,0.000,0.000,0.003,0.000,0.512,0.512,0.679
1780271090999,0.000,0.000,0.000,0.003,0.000,0.003,0.003,0.000,0.009,0.000,0.512,0.512,0.679
1780271091027,0.003,0.000,0.003,0.003,0.000,0.000,0.003,0.000,0.012,0.000,0.512,0.512,0.679
1780271091072,0.000,0.000,0.000,0.000,0.000,0.000,0.003,0.003,0.006,0.000,0.504,0.504,0.630
1780271091105,0.000,0.000,0.000,0.003,0.000,0.000,0.003,0.000,0.006,0.000,0.512,0.512,0.679
1780271091152,0.000,0.000,0.000,0.003,0.000,0.000,0.003,0.003,0.009,0.000,0.537,0.537,0.727
1780271091218,0.000,0.000,0.000,0.003,0.000,0.000,0.003,0.000,0.006,0.000,0.520,0.520,0.703
1780271091251,0.003,0.000,0.000,0.003,0.000,0.000,0.000,0.000,0.006,0.000,0.545,0.545,0.679
1780271091281,0.000,0.000,0.000,0.003,0.000,0.000,0.003,0.000,0.006,0.000,0.512,0.512,0.703
1780271091322,0.003,0.000,0.000,0.003,0.000,0.000,0.003,0.003,0.012,0.000,0.529,0.529,0.703
1780271091374,0.000,0.000,0.000,0.003,0.000,0.000,0.003,0.000,0.006,0.000,0.512,0.512,0.703
1780271091405,0.003,0.000,0.000,0.003,0.003,0.003,0.003,0.000,0.015,0.000,0.529,0.529,0.727
1780271091441,0.000,0.003,0.000,0.003,0.000,0.000,0.003,0.000,0.009,0.000,0.512,0.512,0.727
1780271091469,0.000,0.000,0.000,0.003,0.000,0.000,0.003,0.003,0.009,0.000,0.512,0.512,0.679
1780271091512,0.000,0.000,0.000,0.003,0.003,0.000,0.003,0.003,0.012,0.000,0.512,0.512,0.727
1780271091541,0.007,0.003,0.000,0.003,0.000,0.003,0.003,0.000,0.019,0.000,0.504,0.504,0.727
1780271091579,0.000,0.000,0.003,0.003,0.000,0.000,0.003,0.000,0.009,0.000,0.520,0.520,0.703
1780271091610,0.000,0.000,0.000,0.000,0.000,0.000,0.003,0.000,0.003,0.000,0.512,0.512,0.703
1780271091664,0.000,0.000,0.000,0.003,0.000,0.000,0.000,0.000,0.003,0.000,0.529,0.529,0.679
1780271091716,0.003,0.000,0.000,0.003,0.003,0.000,0.003,0.003,0.015,0.000,0.520,0.520,0.703
1780271091743,0.003,0.000,0.003,0.003,0.000,0.003,0.003,0.000,0.015,0.000,0.512,0.512,0.727
1780271091788,0.003,0.000,0.000,0.003,0.000,0.000,0.007,0.003,0.016,0.000,0.512,0.512,0.703
1780271091848,0.003,0.000,0.000,0.000,0.000,0.003,0.003,0.000,0.009,0.000,0.512,0.512,0.703
1780271091902,0.000,0.000,0.000,0.003,0.000,0.000,0.000,0.000,0.003,0.000,0.504,0.504,0.703
1780271091936,0.003,0.000,0.000,0.000,0.000,0.000,0.003,0.003,0.009,0.000,0.512,0.512,0.727
1780271091972,0.003,0.000,0.000,0.003,0.003,0.000,0.003,0.000,0.012,0.000,0.512,0.512,0.679
1780271092003,0.003,0.000,0.000,0.000,0.000,0.000,0.003,0.003,0.009,0.000,0.512,0.512,0.679
1780271092040,0.003,0.000,0.000,0.000,0.000,0.000,0.003,0.000,0.006,0.000,0.504,0.504,0.679
1780271092073,0.003,0.000,0.000,0.003,0.000,0.000,0.003,0.003,0.012,0.000,0.512,0.512,0.703
1780271092112,0.003,0.000,0.000,0.003,0.000,0.003,0.003,0.000,0.012,0.000,0.512,0.512,0.703
1780271092141,0.003,0.000,0.000,0.003,0.000,0.000,0.003,0.000,0.009,0.000,0.520,0.520,0.703
1780271092180,0.000,0.003,0.000,0.003,0.000,0.000,0.003,0.000,0.009,0.000,0.529,0.529,0.703
1780271092234,0.000,0.003,0.000,0.000,0.000,0.000,0.003,0.000,0.006,0.000,0.520,0.520,0.679
1780271092259,0.003,0.000,0.000,0.003,0.000,0.000,0.003,0.003,0.012,0.000,0.520,0.520,0.703
1780271092299,0.000,0.000,0.003,0.003,0.000,0.000,0.003,0.003,0.012,0.000,0.520,0.520,0.679
1780271092349,0.000,0.003,0.000,0.003,0.000,0.000,0.003,0.000,0.009,0.000,0.512,0.512,0.679
1780271092384,0.000,0.000,0.000,0.003,0.000,0.000,0.003,0.000,0.006,0.000,0.520,0.520,0.703
1780271092432,0.000,0.000,0.000,0.000,0.000,0.000,0.003,0.000,0.003,0.000,0.537,0.537,0.703
1780271092462,0.000,0.003,0.003,0.003,0.000,0.003,0.003,0.003,0.018,0.000,0.529,0.529,0.703
1780271092495,0.003,0.000,0.000,0.003,0.000,0.000,0.000,0.003,0.009,0.000,0.504,0.504,0.630
1780271092530,0.000,0.000,0.000,0.003,0.000,0.000,0.000,0.000,0.003,0.000,0.496,0.496,0.703
1780271092565,0.000,0.000,0.000,0.003,0.000,0.003,0.003,0.000,0.009,0.000,0.512,0.512,0.679
1780271092592,0.000,0.000,0.007,0.003,0.000,0.000,0.003,0.000,0.013,0.000,0.504,0.504,0.679
1780271092626,0.003,0.003,0.000,0.003,0.000,0.000,0.003,0.000,0.012,0.000,0.504,0.504,0.679
1780271092661,0.000,0.003,0.000,0.003,0.000,0.003,0.003,0.003,0.015,0.000,0.520,0.520,0.679
1780271092700,0.000,0.000,0.000,0.003,0.000,0.000,0.003,0.000,0.006,0.000,0.520,0.520,0.703
1780271092740,0.000,0.000,0.000,0.000,0.003,0.000,0.003,0.000,0.006,0.000,0.504,0.504,0.679
1780271092773,0.003,0.000,0.000,0.003,0.000,0.003,0.003,0.000,0.012,0.000,0.520,0.520,0.703
1780271092807,0.000,0.003,0.000,0.003,0.000,0.000,0.003,0.000,0.009,0.000,0.512,0.512,0.679
1780271092857,0.003,0.000,0.000,0.003,0.000,0.003,0.000,0.000,0.009,0.000,0.512,0.512,0.703
1780271092886,0.003,0.000,0.000,0.003,0.000,0.000,0.003,0.000,0.009,0.000,0.520,0.520,0.703
1780271092929,0.000,0.000,0.000,0.003,0.000,0.000,0.003,0.003,0.009,0.000,0.520,0.520,0.703
1780271092968,0.000,0.000,0.000,0.003,0.003,0.000,0.003,0.003,0.012,0.000,0.504,0.504,0.703
1780271093002,0.000,0.000,0.003,0.003,0.000,0.000,0.003,0.000,0.009,0.000,0.504,0.504,0.703
1780271093032,0.000,0.000,0.000,0.003,0.000,0.003,0.000,0.000,0.006,0.000,0.504,0.504,0.703
1780271093065,0.000,0.000,0.000,0.003,0.000,0.003,0.003,0.003,0.012,0.000,0.512,0.512,0.679
1780271093097,0.000,0.000,0.000,0.003,0.000,0.003,0.003,0.000,0.009,0.000,0.504,0.504,0.703
1780271093128,0.000,0.000,0.000,0.003,0.003,0.000,0.003,0.000,0.009,0.000,0.504,0.504,0.703
1780271093161,0.000,0.000,0.000,0.003,0.000,0.000,0.003,0.000,0.006,0.000,0.529,0.529,0.703
1780271093192,0.000,0.000,0.000,0.003,0.000,0.000,0.000,0.003,0.006,0.000,0.496,0.496,0.703
1780271093234,0.000,0.003,0.003,0.003,0.000,0.000,0.003,0.000,0.012,0.000,0.512,0.512,0.679
1780271093283,0.000,0.000,0.000,0.003,0.000,0.000,0.000,0.000,0.003,0.000,0.529,0.529,0.727
1780271093310,0.000,0.000,0.003,0.003,0.000,0.000,0.003,0.003,0.012,0.000,0.529,0.529,0.679
1780271093355,0.000,0.000,0.000,0.003,0.000,0.000,0.003,0.003,0.009,0.000,0.529,0.529,0.703
1780271093381,0.000,0.000,0.000,0.003,0.000,0.003,0.003,0.003,0.012,0.000,0.520,0.520,0.703
1780271093417,0.000,0.003,0.000,0.007,0.000,0.000,0.003,0.003,0.016,0.000,0.529,0.529,0.679
1780271093451,0.000,0.000,0.000,0.003,0.000,0.000,0.003,0.000,0.006,0.000,0.504,0.504,0.703
1780271093494,0.003,0.000,0.000,0.003,0.003,0.000,0.003,0.003,0.015,0.000,0.504,0.504,0.679
1780271093523,0.000,0.003,0.000,0.003,0.000,0.000,0.003,0.003,0.012,0.000,0.512,0.512,0.679
1780271093558,0.003,0.000,0.000,0.007,0.000,0.000,0.003,0.000,0.013,0.000,0.496,0.496,0.727
1780271093587,0.003,0.000,0.003,0.003,0.000,0.000,0.000,0.003,0.012,0.000,0.520,0.520,0.679
1780271093634,0.000,0.000,0.000,0.003,0.000,0.000,0.003,0.000,0.006,0.000,0.496,0.496,0.679
1780271093670,0.000,0.003,0.000,0.003,0.000,0.000,0.003,0.003,0.012,0.000,0.512,0.512,0.679
1780271093707,0.000,0.000,0.000,0.003,0.000,0.000,0.003,0.003,0.009,0.000,0.512,0.512,0.703
1780271093738,0.003,0.000,0.003,0.003,0.000,0.000,0.003,0.003,0.015,0.000,0.496,0.496,0.703
1780271093793,0.000,0.000,0.000,0.003,0.000,0.000,0.000,0.000,0.003,0.000,0.512,0.512,0.679
1780271093836,0.003,0.000,0.000,0.003,0.000,0.000,0.000,0.000,0.006,0.000,0.504,0.504,0.679
1780271093900,0.007,0.000,0.000,0.003,0.000,0.000,0.003,0.000,0.013,0.000,0.520,0.520,0.679
1780271093957,0.000,0.000,0.000,0.003,0.000,0.000,0.003,0.000,0.006,0.000,0.529,0.529,0.679
1780271093999,0.003,0.000,0.000,0.003,0.000,0.003,0.003,0.003,0.015,0.000,0.504,0.504,0.703
1780271094042,0.000,0.000,0.000,0.003,0.000,0.000,0.003,0.000,0.006,0.000,0.512,0.512,0.679
1780271094082,0.000,0.000,0.000,0.003,0.000,0.000,0.000,0.003,0.006,0.000,0.512,0.512,0.703
1780271094120,0.003,0.000,0.000,0.003,0.003,0.000,0.003,0.003,0.015,0.000,0.512,0.512,0.703
1780271094160,0.003,0.000,0.000,0.003,0.003,0.000,0.003,0.003,0.015,0.000,0.504,0.504,0.679
1780271094198,0.000,0.000,0.000,0.003,0.000,0.003,0.003,0.003,0.012,0.000,0.504,0.504,0.703
1780271094234,0.000,0.003,0.000,0.003,0.000,0.000,0.003,0.000,0.009,0.000,0.512,0.512,0.679
1780271094273,0.000,0.000,0.000,0.003,0.000,0.000,0.000,0.000,0.003,0.000,0.496,0.496,0.703
1780271094313,0.003,0.003,0.003,0.003,0.000,0.000,0.003,0.000,0.015,0.000,0.512,0.512,0.679
1780271094352,0.000,0.000,0.000,0.003,0.000,0.000,0.003,0.003,0.009,0.000,0.512,0.512,0.703
1780271094407,0.000,0.000,0.000,0.000,0.000,0.000,0.003,0.000,0.003,0.000,0.520,0.520,0.703
1780271094438,0.000,0.003,0.003,0.003,0.000,0.000,0.003,0.003,0.015,0.000,0.529,0.529,0.727
1780271094470,0.003,0.000,0.000,0.003,0.000,0.003,0.003,0.000,0.012,0.000,0.520,0.520,0.727
1780271094510,0.003,0.000,0.003,0.003,0.000,0.003,0.003,0.003,0.018,0.000,0.512,0.512,0.703
1780271094552,0.000,0.000,0.000,0.003,0.000,0.000,0.003,0.000,0.006,0.000,0.512,0.512,0.679
1780271094579,0.003,0.000,0.000,0.003,0.000,0.000,0.003,0.003,0.012,0.000,0.520,0.520,0.703
1780271094609,0.003,0.000,0.003,0.003,0.000,0.000,0.000,0.000,0.009,0.000,0.512,0.512,0.679
1780271094635,0.000,0.000,0.000,0.003,0.000,0.003,0.000,0.000,0.006,0.000,0.488,0.488,0.727
1780271094672,0.007,0.000,0.003,0.000,0.000,0.000,0.003,0.007,0.020,0.000,0.504,0.504,0.679
1780271094707,0.003,0.003,0.000,0.000,0.000,0.000,0.000,0.000,0.006,0.000,0.520,0.520,0.703
1780271094744,0.000,0.000,0.003,0.003,0.000,0.000,0.003,0.003,0.012,0.000,0.504,0.504,0.703
1780271094779,0.000,0.000,0.000,0.003,0.000,0.000,0.003,0.007,0.013,0.000,0.512,0.512,0.703
1780271094837,0.003,0.003,0.000,0.003,0.000,0.000,0.003,0.003,0.015,0.000,0.512,0.512,0.703
1780271094871,0.003,0.000,0.000,0.003,0.000,0.000,0.003,0.000,0.009,0.000,0.496,0.496,0.679
1780271094927,0.003,0.000,0.000,0.003,0.000,0.000,0.003,0.000,0.009,0.000,0.504,0.504,0.703
1780271094973,0.003,0.003,0.000,0.003,0.000,0.000,0.003,0.003,0.015,0.000,0.520,0.520,0.703
1780271095015,0.000,0.000,0.000,0.000,0.000,0.003,0.003,0.000,0.006,0.000,0.520,0.520,0.679
1780271095052,0.003,0.000,0.000,0.003,0.000,0.000,0.003,0.000,0.009,0.000,0.504,0.504,0.703
1780271095079,0.007,0.000,0.000,0.003,0.000,0.003,0.003,0.000,0.016,0.000,0.512,0.512,0.703
1780271095115,0.000,0.000,0.003,0.003,0.000,0.000,0.003,0.003,0.012,0.000,0.512,0.512,0.703
1780271095143,0.003,0.000,0.003,0.007,0.000,0.000,0.003,0.000,0.016,0.000,0.504,0.504,0.727
1780271095175,0.000,0.000,0.000,0.003,0.000,0.000,0.003,0.003,0.009,0.000,0.496,0.496,0.679
1780271095204,0.000,0.000,0.000,0.003,0.000,0.000,0.003,0.000,0.006,0.000,0.512,0.512,0.679
1780271095235,0.000,0.000,0.003,0.003,0.000,0.000,0.003,0.000,0.009,0.000,0.512,0.512,0.703
1780271095268,0.000,0.000,0.003,0.003,0.003,0.000,0.003,0.000,0.012,0.000,0.520,0.520,0.703
1780271095301,0.000,0.000,0.000,0.003,0.000,0.003,0.003,0.000,0.009,0.000,0.553,0.553,0.727
1780271095339,0.000,0.000,0.003,0.003,0.000,0.000,0.003,0.000,0.009,0.000,0.537,0.537,0.727
1780271095372,0.000,0.000,0.000,0.003,0.000,0.003,0.000,0.000,0.006,0.000,0.529,0.529,0.703
1780271095411,0.000,0.000,0.000,0.003,0.000,0.003,0.003,0.000,0.009,0.000,0.512,0.512,0.703
1780271095458,0.000,0.003,0.003,0.003,0.000,0.000,0.003,0.000,0.012,0.000,0.520,0.520,0.703
1780271095494,3.393,2.252,0.532,0.634,0.000,0.000,0.003,0.000,6.814,0.000,8.652,8.652,6.230
1780271095549,5.339,5.729,0.404,0.320,0.000,0.000,0.003,0.000,11.795,0.000,10.647,10.647,11.733
1780271095580,4.530,5.405,0.634,0.816,0.000,0.000,0.003,0.000,11.388,0.000,10.288,10.288,8.873
1780271095613,4.355,5.361,1.016,1.009,0.000,0.000,0.000,0.003,11.744,0.000,9.735,9.735,9.042
1780271095641,4.180,4.836,1.027,1.166,0.000,0.000,0.003,0.000,11.212,0.000,9.401,9.401,8.315
1780271095680,4.195,4.279,1.031,1.242,0.000,0.000,0.000,0.000,10.747,0.000,8.848,8.848,8.000
1780271095706,4.071,3.951,0.976,1.308,0.000,0.000,0.003,0.000,10.309,0.000,8.424,8.424,7.442
1780271095738,3.900,3.706,0.929,1.359,0.000,0.000,0.003,0.003,9.900,0.000,8.107,8.107,7.273
1780271095766,3.863,3.532,0.871,1.392,0.000,0.000,0.000,0.000,9.658,0.000,7.789,7.789,7.127
1780271095812,3.783,3.039,0.765,1.352,0.000,0.000,0.000,0.000,8.939,0.000,7.212,7.212,6.618
1780271095867,3.535,3.090,0.776,1.385,0.000,0.000,0.003,0.003,8.792,0.000,7.098,7.098,6.133
1780271095897,3.630,2.762,0.630,1.417,0.000,0.003,0.003,0.000,8.445,0.000,6.862,6.862,6.352
1780271095936,3.626,2.540,0.488,1.439,0.000,0.000,0.003,0.000,8.096,0.000,6.536,6.536,6.085
1780271095972,3.109,2.562,0.477,1.534,0.000,0.000,0.003,0.000,7.685,0.000,6.316,6.316,5.552
1780271096012,3.550,2.591,0.641,1.450,0.000,0.000,0.003,0.003,8.238,0.000,6.585,6.585,5.697
1780271096072,3.324,2.449,0.430,1.523,0.000,0.000,0.003,0.000,7.729,0.000,6.251,6.251,5.721
1780271096107,3.058,2.376,0.433,1.483,0.000,0.000,0.003,0.000,7.353,0.000,5.934,5.934,5.430
1780271096148,2.813,2.525,0.616,1.191,0.003,0.000,0.003,0.003,7.154,0.000,5.811,5.811,5.309
1780271096179,2.238,2.453,1.111,0.718,0.000,0.000,0.003,0.007,6.530,0.000,4.997,4.997,5.309
1780271096227,1.071,2.270,1.731,0.306,0.000,0.003,0.000,0.003,5.384,0.000,4.029,4.029,3.491
1780271096264,0.820,2.398,1.924,0.973,0.000,0.003,0.000,0.000,6.118,0.000,3.956,3.956,3.515
1780271096303,0.193,2.230,2.128,1.454,0.000,0.000,0.003,0.000,6.008,0.000,4.175,4.175,3.418
1780271096344,2.117,1.953,4.045,2.037,0.000,0.003,0.003,0.000,10.158,0.000,6.284,6.284,4.073
1780271096415,3.488,1.804,7.515,1.188,0.000,0.000,0.003,0.003,14.001,0.000,11.322,11.322,10.642
1780271096455,3.568,1.698,6.972,1.600,0.000,0.000,0.003,0.000,13.841,0.000,11.859,11.859,10.182
1780271096500,3.382,2.471,5.380,1.683,0.000,0.000,0.003,0.000,12.919,0.000,11.070,11.070,10.255
1780271096542,2.708,2.974,5.172,1.917,0.000,0.000,0.003,0.000,12.774,0.000,11.330,11.330,9.527
1780271096603,2.981,3.101,4.239,2.380,0.000,0.000,0.003,0.000,12.704,0.000,11.314,11.314,10.352
1780271096638,3.047,2.770,3.819,2.817,0.000,0.000,0.003,0.000,12.456,0.000,11.925,11.925,9.915
1780271096682,3.564,2.905,3.284,3.316,0.000,0.000,0.003,0.000,13.072,0.000,12.649,12.649,10.618
1780271096722,2.106,2.934,1.352,3.604,0.000,0.000,0.003,0.000,9.999,0.000,9.010,9.010,9.212
1780271096758,0.342,2.985,0.211,3.225,0.003,0.000,0.003,0.000,6.769,0.000,6.975,6.975,6.327
1780271096790,0.069,2.781,0.047,2.711,0.000,0.000,0.003,0.003,5.614,0.000,5.991,5.991,5.261
1780271096832,0.010,2.347,0.010,2.358,0.000,0.000,0.003,0.003,4.731,0.000,5.054,5.054,4.655
1780271096868,0.010,2.084,0.003,1.578,0.000,0.000,0.003,0.003,3.681,0.000,4.094,4.094,4.024
1780271096930,1.519,2.103,0.040,0.462,0.000,0.000,0.003,0.000,4.127,0.000,3.215,3.215,2.861
1780271096986,1.439,2.030,1.093,0.142,4.348,4.228,0.003,0.007,13.290,0.000,3.166,3.166,10.933
1780271097025,4.053,2.132,1.541,0.087,3.236,2.945,0.003,0.003,14.000,0.000,5.730,5.730,11.588
1780271097068,4.450,2.055,3.389,5.580,1.771,1.906,0.003,0.003,19.157,0.000,9.458,9.458,9.842
1780271097120,3.007,2.821,4.271,8.605,1.232,1.232,0.003,0.003,21.174,0.000,16.605,16.605,15.976
1780271097158,2.383,3.652,2.755,5.533,1.636,1.578,0.003,0.003,17.543,0.000,12.348,12.348,18.521
1780271097199,1.038,3.586,4.917,1.399,1.563,1.600,0.003,0.003,14.109,0.000,10.443,10.443,12.800
1780271097249,1.031,3.674,5.788,0.353,1.403,1.450,0.003,0.003,13.705,0.000,10.321,10.321,12.073
1780271097277,1.458,2.697,5.861,1.527,1.410,1.388,0.007,0.003,14.351,0.000,11.729,11.729,11.588
1780271097314,3.860,3.185,5.019,2.956,1.308,1.213,0.003,0.003,17.547,0.000,13.317,13.317,13.576
1780271097342,3.579,2.930,4.658,3.244,1.355,1.392,0.003,0.003,17.164,0.000,13.146,13.146,14.545
1780271097398,4.111,2.489,3.819,3.838,1.334,1.381,0.003,0.003,16.978,0.000,13.927,13.927,14.352
1780271097468,3.218,2.795,3.364,3.378,1.432,1.432,0.003,0.003,15.625,0.000,12.706,12.706,13.891
1780271097525,3.236,4.126,0.845,0.484,1.716,1.727,0.003,0.003,12.140,0.000,6.772,6.772,9.406
1780271097582,2.919,4.545,0.112,0.156,1.957,1.607,0.003,0.003,11.302,0.000,5.535,5.535,8.242
1780271097629,2.095,5.051,3.542,1.009,1.986,1.869,0.007,0.003,15.562,0.000,6.137,6.137,8.194
1780271097681,1.899,3.360,5.015,2.952,1.673,2.012,0.003,0.003,16.917,0.000,6.723,6.723,10.085
1780271097713,1.093,1.982,2.456,1.651,2.201,2.212,0.007,0.003,11.605,0.000,3.752,3.752,9.527
1780271097753,0.123,0.233,0.277,0.153,2.398,2.540,0.003,0.003,5.730,0.000,1.448,1.448,5.430
1780271097788,0.032,0.047,0.036,0.021,2.587,2.525,0.003,0.007,5.258,0.000,0.789,0.789,5.600
1780271097834,0.007,0.007,0.007,0.003,2.434,2.442,0.003,0.003,4.906,0.000,0.577,0.577,5.285
1780271097869,1.567,3.327,3.553,2.172,1.975,1.942,0.003,0.003,14.542,0.000,7.627,7.627,5.115
1780271097913,4.672,7.803,5.649,3.094,1.549,1.651,0.003,0.003,24.424,0.000,15.335,15.335,14.279
1780271097992,3.258,7.643,6.025,2.704,2.012,1.957,0.003,0.003,23.605,0.000,16.214,16.214,16.824
1780271098026,2.161,7.027,6.057,1.345,0.918,1.086,0.000,0.000,18.594,0.000,13.797,13.797,16.315
1780271098070,3.386,6.440,4.060,1.013,0.109,0.087,0.003,0.000,15.098,0.000,11.656,11.656,10.230
1780271098104,5.336,5.350,2.675,1.253,0.014,0.021,0.000,0.000,14.649,0.000,9.930,9.930,9.382
1780271098155,4.290,4.519,0.404,1.443,0.000,0.003,0.003,0.000,10.662,0.000,8.701,8.701,7.685
1780271098188,5.095,4.067,0.083,1.352,0.000,0.003,0.003,0.000,10.603,0.000,9.369,9.369,7.709
1780271098220,5.212,3.444,0.043,1.651,0.000,0.000,0.007,0.003,10.360,0.000,8.766,8.766,8.606
1780271098246,4.388,3.415,0.047,2.037,0.000,0.000,0.003,0.000,9.890,0.000,7.903,7.903,7.127
1780271098291,3.852,3.254,0.185,1.705,0.000,0.003,0.003,0.003,9.005,0.000,7.553,7.553,6.642
1780271098318,3.812,3.018,0.306,1.618,0.000,0.000,0.000,0.000,8.754,0.000,7.350,7.350,6.473
1780271098354,3.367,2.905,2.533,3.575,0.000,0.003,0.000,0.000,12.383,0.000,10.297,10.297,5.939
1780271098392,2.999,2.259,6.232,6.393,0.000,0.000,0.000,0.000,17.883,0.000,15.099,15.099,10.715
1780271098456,3.408,2.092,6.382,5.726,0.000,0.000,0.000,0.000,17.608,0.000,16.141,16.141,14.497
1780271098519,3.342,2.150,4.643,5.201,0.000,0.003,0.003,0.000,15.342,0.000,14.155,14.155,12.242
1780271098575,3.535,1.574,3.098,4.858,0.000,0.003,0.000,0.000,13.068,0.000,11.640,11.640,10.376
1780271098615,3.324,0.849,1.541,4.731,0.000,0.000,0.003,0.000,10.448,0.000,9.295,9.295,8.000
1780271098660,3.047,0.109,0.255,4.720,0.000,0.000,0.003,0.000,8.134,0.000,8.278,8.278,7.394
1780271098721,3.007,1.895,1.140,4.417,0.000,0.000,0.003,0.000,10.462,0.000,8.213,8.213,7.297
1780271098756,2.442,2.369,2.416,4.432,0.000,0.000,0.003,0.000,11.662,0.000,9.027,9.027,7.248
1780271098802,1.366,4.177,4.621,4.122,0.000,0.003,0.000,0.000,14.289,0.000,10.712,10.712,8.242
1780271098850,2.154,4.199,4.654,3.976,0.000,0.000,0.003,0.003,14.989,0.000,12.120,12.120,10.352
1780271098882,1.957,3.892,4.158,4.144,0.000,0.000,0.003,0.000,14.154,0.000,11.737,11.737,10.667
1780271098919,1.691,3.816,3.998,4.056,0.000,0.000,0.000,0.003,13.564,0.000,11.648,11.648,9.842
1780271098947,2.026,3.601,3.510,3.951,0.000,0.003,0.000,0.003,13.094,0.000,11.444,11.444,10.327
1780271098992,2.587,2.646,2.970,4.137,0.000,0.000,0.003,0.000,12.343,0.000,11.111,11.111,9.721
1780271099044,2.996,2.657,2.347,3.776,0.000,0.000,0.003,0.000,11.779,0.000,10.541,10.541,9.552
1780271099079,2.653,2.033,1.771,3.174,3.488,2.682,0.007,0.007,15.815,0.000,8.937,8.937,10.085
1780271099138,2.908,0.951,0.575,3.109,3.400,3.553,0.003,0.007,14.506,0.000,7.334,7.334,13.939
1780271099175,2.832,0.513,0.273,2.952,2.722,2.693,0.003,0.007,11.995,0.000,6.544,6.544,11.685
1780271099216,2.405,1.709,2.959,3.054,2.332,2.332,0.003,0.007,14.801,0.000,6.870,6.870,9.939
1780271099250,1.756,2.631,3.947,2.977,2.274,2.270,0.003,0.003,15.861,0.000,6.121,6.121,10.521
1780271099291,1.578,2.467,2.894,2.132,2.259,2.299,0.003,0.007,13.639,0.000,4.989,4.989,8.727
1780271099329,0.579,0.965,0.933,1.013,2.580,2.547,0.007,0.007,8.631,0.000,2.466,2.466,8.073
1780271099369,0.145,0.116,0.105,0.134,2.679,2.507,0.007,0.007,5.700,0.000,1.082,1.082,5.600
1780271099391,0.032,0.047,0.040,0.047,2.598,2.587,0.007,0.007,5.365,0.000,0.830,0.830,5.552
1780271099431,0.007,0.007,0.010,0.007,2.810,2.536,0.003,0.003,5.383,0.000,0.643,0.643,5.527
1780271099469,0.007,0.003,0.007,0.003,2.580,2.952,0.003,0.007,5.562,0.000,0.586,0.586,6.085
1780271099512,0.958,1.465,0.160,2.022,2.598,2.474,0.000,0.007,9.684,0.000,2.059,2.059,5.770
1780271099577,5.675,4.993,3.254,4.745,1.807,1.906,0.003,0.003,22.386,0.000,14.904,14.904,16.436
1780271099638,5.551,0.699,4.148,0.634,2.434,2.427,0.003,0.007,15.903,0.000,10.875,10.875,14.909
1780271099681,4.486,2.117,4.279,2.278,1.027,1.232,0.003,0.000,15.422,0.000,10.883,10.883,12.776
1780271099754,2.372,4.541,2.894,6.951,0.025,0.036,0.000,0.003,16.822,0.000,15.311,15.311,14.473
1780271099778,1.764,3.448,2.646,6.794,0.010,0.010,0.003,0.000,14.675,0.000,14.122,14.122,13.285
1780271099811,1.403,2.664,2.580,6.597,0.003,0.003,0.000,0.003,13.253,0.000,13.105,13.105,11.588
1780271099845,1.078,2.675,2.628,5.944,0.000,0.000,0.003,0.000,12.328,0.000,12.104,12.104,10.958
1780271099889,0.780,2.431,2.529,5.194,0.000,0.000,0.003,0.003,10.940,0.000,10.834,10.834,10.109
1780271099918,0.714,2.074,2.587,4.614,0.000,0.000,0.003,0.000,9.992,0.000,10.118,10.118,8.921
1780271099956,0.805,1.538,2.959,4.428,0.003,0.003,0.000,0.000,9.736,0.000,9.580,9.580,8.582
1780271099988,0.696,1.261,2.908,4.220,0.000,0.000,0.003,0.000,9.088,0.000,9.108,9.108,8.048
1780271100025,0.801,1.159,2.897,3.506,0.000,0.003,0.003,0.003,8.372,0.000,8.481,8.481,7.685
1780271100069,0.882,0.834,2.959,3.043,0.000,0.000,0.003,0.000,7.721,0.000,7.969,7.969,7.006
1780271100107,1.013,0.692,2.864,2.839,0.000,0.003,0.000,0.000,7.411,0.000,7.684,7.684,6.933
1780271100165,1.111,0.626,2.700,2.412,0.000,0.000,0.003,0.000,6.852,0.000,7.106,7.106,6.352
1780271100227,0.419,0.262,1.326,0.947,0.003,0.000,0.003,0.000,2.960,0.000,2.979,2.979,2.642
1780271100276,0.120,0.087,0.258,0.196,0.003,0.003,0.003,0.003,0.673,0.000,1.164,1.164,1.745
1780271100315,0.025,0.010,0.058,0.043,0.000,0.003,0.003,0.003,0.145,0.000,0.651,0.651,0.630
1780271100346,0.007,0.003,0.014,0.010,0.000,0.000,0.003,0.000,0.037,0.000,0.537,0.537,0.679
1780271100375,0.007,0.000,0.007,0.007,0.000,0.000,0.003,0.000,0.024,0.000,0.504,0.504,0.848
1780271100405,0.003,0.003,0.007,0.003,0.000,0.003,0.003,0.000,0.022,0.000,0.496,0.496,0.824
1780271100437,0.007,0.000,0.003,0.003,0.000,0.000,0.003,0.000,0.016,0.000,0.488,0.488,0.727
1780271100468,0.000,0.003,0.007,0.003,0.000,0.000,0.003,0.000,0.016,0.000,0.488,0.488,0.752
1780271100500,0.000,0.000,0.003,0.007,0.000,0.000,0.003,0.000,0.013,0.000,0.496,0.496,0.727
1780271100536,0.003,0.003,0.000,0.003,0.000,0.000,0.000,0.000,0.009,0.000,0.480,0.480,0.727
1780271100597,0.003,0.000,0.000,0.003,0.000,0.000,0.003,0.003,0.012,0.000,0.480,0.480,0.679
1780271100627,0.003,0.000,0.000,0.003,0.000,0.000,0.003,0.000,0.009,0.000,0.463,0.463,0.703
1780271100680,1.818,1.731,1.239,1.833,0.000,0.003,0.003,0.003,6.630,0.000,2.881,2.881,1.891
1780271100743,5.044,5.026,5.576,5.292,0.000,0.000,0.000,0.003,20.941,0.000,18.038,18.038,17.600
1780271100778,1.858,2.675,3.007,3.349,0.000,0.000,0.003,0.000,10.892,0.000,8.888,8.888,16.024
1780271100830,0.160,0.218,0.302,0.298,0.000,0.000,0.003,0.000,0.981,0.000,2.246,2.246,2.109
1780271100857,0.036,0.043,0.061,0.058,0.000,0.000,0.003,0.003,0.204,0.000,1.164,1.164,0.703
1780271100889,0.010,0.010,0.018,0.010,0.000,0.000,0.003,0.003,0.054,0.000,0.757,0.757,0.679
1780271100913,0.007,0.007,0.007,0.010,0.003,0.000,0.003,0.000,0.037,0.000,0.610,0.610,0.679
1780271100945,0.003,0.003,0.003,0.003,0.000,0.003,0.003,0.000,0.018,0.000,0.529,0.529,0.727
1780271100970,0.003,0.003,0.003,0.007,0.000,0.000,0.003,0.003,0.022,0.000,0.512,0.512,0.703
1780271101008,0.003,0.003,0.003,0.003,0.000,0.000,0.003,0.000,0.015,0.000,0.520,0.520,0.727
1780271101036,0.003,0.000,0.003,0.003,0.000,0.000,0.003,0.000,0.012,0.000,0.496,0.496,0.727
1780271101067,0.003,0.000,0.003,0.003,0.000,0.000,0.003,0.000,0.012,0.000,0.496,0.496,0.703
1780271101110,0.000,0.000,0.000,0.003,0.000,0.000,0.003,0.003,0.009,0.000,0.480,0.480,0.703
1780271101158,0.003,0.003,0.000,0.003,4.614,4.104,0.003,0.007,8.737,0.000,0.529,0.529,6.861
1780271101188,0.003,0.003,0.003,0.003,4.140,3.951,0.003,0.007,8.113,0.000,0.512,0.512,8.800
1780271101224,0.003,0.000,0.003,0.003,3.466,3.236,0.007,0.007,6.725,0.000,0.504,0.504,7.515
1780271101270,0.000,0.000,0.000,0.003,2.573,2.536,0.003,0.003,5.118,0.000,0.512,0.512,5.818
1780271101316,0.003,0.003,0.000,0.003,1.971,2.015,0.003,0.003,4.001,0.000,0.504,0.504,4.776
1780271101367,0.000,0.000,0.000,0.003,1.818,1.647,0.003,0.003,3.474,0.000,0.488,0.488,4.048
1780271101405,0.000,0.000,0.000,0.003,1.549,1.636,0.003,0.003,3.194,0.000,0.488,0.488,3.927
1780271101439,0.003,0.000,0.000,0.003,1.519,1.498,0.003,0.003,3.029,0.000,0.496,0.496,3.636
1780271101464,0.000,0.000,0.003,0.007,1.519,1.385,0.003,0.003,2.920,0.000,0.480,0.480,3.515
1780271101497,0.003,0.000,0.003,0.003,1.461,1.403,0.007,0.003,2.883,0.000,0.488,0.488,3.442
1780271101527,0.000,0.000,0.000,0.003,1.410,1.396,0.007,0.003,2.819,0.000,0.504,0.504,3.442
1780271101565,0.000,0.003,0.000,0.003,1.432,1.399,0.003,0.003,2.843,0.000,0.496,0.496,3.442
1780271101601,0.000,0.000,0.003,0.003,1.483,1.326,0.007,0.003,2.825,0.000,0.504,0.504,3.394
1780271101672,0.003,0.000,0.003,0.003,0.164,0.142,0.003,0.003,0.321,0.000,0.488,0.488,0.873
1780271101700,0.003,0.000,0.000,0.003,0.036,0.051,0.003,0.000,0.096,0.000,0.488,0.488,0.703
1780271101740,0.000,0.000,0.000,0.003,0.007,0.010,0.003,0.000,0.023,0.000,0.463,0.463,0.703
1780271101777,0.003,0.000,0.003,0.003,0.003,0.003,0.003,0.003,0.021,0.000,0.488,0.488,0.679
1780271101817,0.000,0.000,0.003,0.003,0.000,0.003,0.000,0.000,0.009,0.000,0.480,0.480,0.703
1780271101845,0.003,0.000,0.003,0.003,0.003,0.000,0.003,0.003,0.018,0.000,0.472,0.472,0.703
1780271101891,0.003,0.003,0.000,0.003,0.003,0.003,0.003,0.000,0.018,0.000,0.480,0.480,0.679
1780271101922,0.000,0.003,0.000,0.003,0.000,0.003,0.003,0.000,0.012,0.000,0.472,0.472,0.703
1780271101954,0.000,0.000,0.003,0.003,0.003,0.000,0.003,0.000,0.012,0.000,0.455,0.455,0.679
1780271101979,0.000,0.000,0.000,0.003,0.000,0.003,0.003,0.000,0.009,0.000,0.480,0.480,0.630
1780271102017,0.003,0.000,0.000,0.003,0.000,0.000,0.003,0.003,0.012,0.000,0.488,0.488,0.679
1780271102045,0.003,0.003,0.000,0.003,0.003,0.000,0.003,0.003,0.018,0.000,0.463,0.463,0.727
1780271102078,0.003,0.000,0.000,0.003,0.000,0.000,0.003,0.000,0.009,0.000,0.472,0.472,0.679
1780271102104,0.000,0.000,0.003,0.003,0.000,0.003,0.003,0.003,0.015,0.000,0.480,0.480,0.679
1780271102181,0.000,0.000,0.000,0.003,0.000,0.000,0.003,0.003,0.009,0.000,0.480,0.480,0.703
1780271102211,0.003,0.000,0.000,0.003,0.000,0.000,0.000,0.000,0.006,0.000,0.488,0.488,0.703
1780271102242,0.000,0.000,0.000,0.003,0.000,0.000,0.003,0.003,0.009,0.000,0.472,0.472,0.727
1780271102275,0.003,0.000,0.000,0.003,0.000,0.003,0.003,0.000,0.012,0.000,0.488,0.488,0.703
1780271102314,0.003,0.000,0.000,0.003,0.000,0.000,0.003,0.003,0.012,0.000,0.472,0.472,0.679
1780271102344,0.000,0.000,0.000,0.003,0.000,0.003,0.007,0.000,0.013,0.000,0.480,0.480,0.679
1780271102373,0.000,0.003,0.000,0.003,0.003,0.000,0.003,0.003,0.015,0.000,0.472,0.472,0.703
1780271102408,0.000,0.000,0.000,0.000,0.003,0.000,0.003,0.000,0.006,0.000,0.480,0.480,0.703
1780271102447,0.000,0.000,0.000,0.007,0.000,0.000,0.003,0.000,0.010,0.000,0.488,0.488,0.703
1780271102475,0.000,0.000,0.000,0.003,0.000,0.000,0.003,0.000,0.006,0.000,0.480,0.480,0.727
1780271102505,0.000,0.000,0.000,0.003,0.000,0.000,0.000,0.000,0.003,0.000,0.480,0.480,0.703
1780271102538,0.000,0.003,0.000,0.003,0.000,0.000,0.003,0.000,0.009,0.000,0.496,0.496,0.679
1780271102578,0.000,0.000,0.000,0.003,0.000,0.000,0.000,0.000,0.003,0.000,0.496,0.496,0.703
1780271102608,0.003,0.000,0.003,0.003,0.000,0.003,0.003,0.003,0.018,0.000,0.504,0.504,0.703
1780271102652,0.000,0.000,0.003,0.003,0.000,0.003,0.003,0.000,0.012,0.000,0.472,0.472,0.703
1780271102713,0.000,0.000,0.000,0.007,0.000,0.003,0.003,0.000,0.013,0.000,0.455,0.455,0.703
1780271102741,0.000,0.000,0.000,0.000,0.000,0.003,0.003,0.003,0.009,0.000,0.472,0.472,0.703
1780271102774,0.003,0.000,0.000,0.003,0.000,0.000,0.003,0.000,0.009,0.000,0.496,0.496,0.679
1780271102805,0.000,0.000,0.003,0.000,0.000,0.000,0.000,0.000,0.003,0.000,0.472,0.472,0.703
1780271102851,0.003,0.000,0.000,0.003,0.003,0.000,0.003,0.003,0.015,0.000,0.463,0.463,0.703
1780271102883,0.000,0.000,0.000,0.003,0.000,0.000,0.003,0.000,0.006,0.000,0.472,0.472,0.703
1780271102928,0.000,0.000,0.000,0.003,0.000,0.000,0.000,0.000,0.003,0.000,0.463,0.463,0.630
1780271102965,0.000,0.000,0.000,0.003,0.000,0.000,0.003,0.000,0.006,0.000,0.463,0.463,0.679
1780271103012,0.003,0.000,0.000,0.003,0.000,0.000,0.003,0.000,0.009,0.000,0.472,0.472,0.630
1780271103040,0.003,0.000,0.000,0.003,0.000,0.000,0.003,0.003,0.012,0.000,0.504,0.504,0.703
1780271103073,0.003,0.000,0.000,0.003,0.000,0.000,0.000,0.000,0.006,0.000,0.488,0.488,0.727
1780271103098,0.000,0.000,0.000,0.003,0.003,0.000,0.003,0.000,0.009,0.000,0.480,0.480,0.679
1780271103136,0.003,0.000,0.000,0.003,0.000,0.000,0.000,0.000,0.006,0.000,0.480,0.480,0.679
1780271103176,0.000,0.000,0.000,0.003,0.003,0.000,0.003,0.000,0.009,0.000,0.472,0.472,0.703
1780271103235,0.003,0.000,0.000,0.003,0.000,0.003,0.003,0.000,0.012,0.000,0.472,0.472,0.679
1780271103279,0.000,0.003,0.003,0.003,0.000,0.000,0.003,0.000,0.012,0.000,0.472,0.472,0.630
1780271103315,0.000,0.003,0.000,0.003,0.000,0.000,0.003,0.000,0.009,0.000,0.472,0.472,0.703
1780271103346,0.000,0.000,0.003,0.003,0.000,0.000,0.003,0.003,0.012,0.000,0.472,0.472,0.703
1780271103381,0.000,0.000,0.000,0.003,0.000,0.000,0.003,0.000,0.006,0.000,0.472,0.472,0.679
1780271103424,0.003,0.000,0.003,0.007,0.000,0.000,0.003,0.000,0.016,0.000,0.463,0.463,0.679
1780271103477,0.003,0.000,0.003,0.003,0.000,0.000,0.003,0.000,0.012,0.000,0.463,0.463,0.679
1780271103505,0.003,0.000,0.000,0.003,0.000,0.000,0.000,0.000,0.006,0.000,0.472,0.472,0.679
1780271103543,0.003,0.000,0.000,0.000,0.000,0.000,0.003,0.000,0.006,0.000,0.480,0.480,0.703
1780271103578,0.003,0.000,0.000,0.003,0.000,0.000,0.003,0.003,0.012,0.000,0.472,0.472,0.703
1780271103610,0.003,0.000,0.000,0.003,0.000,0.003,0.003,0.003,0.015,0.000,0.480,0.480,0.679
1780271103636,0.000,0.000,0.000,0.003,0.000,0.000,0.000,0.003,0.006,0.000,0.463,0.463,0.679
1780271103672,0.000,0.003,0.000,0.003,0.000,0.000,0.003,0.003,0.012,0.000,0.463,0.463,0.679
1780271103762,0.000,0.000,0.003,0.003,0.000,0.000,0.003,0.000,0.009,0.000,0.463,0.463,0.679
1780271103798,0.000,0.000,0.000,0.003,0.000,0.000,0.003,0.003,0.009,0.000,0.488,0.488,0.703
1780271103830,0.003,0.000,0.000,0.003,0.000,0.000,0.003,0.000,0.009,0.000,0.472,0.472,0.703
1780271103863,0.003,0.000,0.000,0.003,0.003,0.000,0.003,0.003,0.015,0.000,0.455,0.455,0.679
1780271103909,0.003,0.000,0.000,0.000,0.000,0.000,0.003,0.000,0.006,0.000,0.463,0.463,0.679
1780271103942,0.000,0.000,0.000,0.003,0.000,0.000,0.003,0.000,0.006,0.000,0.472,0.472,0.679
1780271104006,0.000,0.000,0.000,0.003,0.000,0.003,0.003,0.000,0.009,0.000,0.463,0.463,0.630
1780271104050,0.003,0.000,0.003,0.003,0.000,0.003,0.003,0.003,0.018,0.000,0.488,0.488,0.703
1780271104081,0.003,0.000,0.000,0.003,0.000,0.000,0.003,0.003,0.012,0.000,0.488,0.488,0.703
1780271104107,0.003,0.000,0.000,0.003,0.000,0.000,0.000,0.000,0.006,0.000,0.463,0.463,0.727
1780271104139,0.000,0.000,0.000,0.003,0.000,0.000,0.003,0.003,0.009,0.000,0.463,0.463,0.630
1780271104182,0.003,0.000,0.000,0.003,0.003,0.000,0.003,0.000,0.012,0.000,0.472,0.472,0.630
1780271104252,0.003,0.000,0.000,0.003,0.000,0.000,0.003,0.003,0.012,0.000,0.455,0.455,0.679
1780271104280,0.000,0.000,0.000,0.003,0.000,0.000,0.003,0.003,0.009,0.000,0.472,0.472,0.703
1780271104322,0.000,0.000,0.003,0.003,0.000,0.000,0.003,0.003,0.012,0.000,0.488,0.488,0.679
1780271104347,0.003,0.000,0.000,0.003,0.000,0.000,0.003,0.000,0.009,0.000,0.472,0.472,0.630
1780271104391,0.003,0.000,0.003,0.003,0.000,0.000,0.003,0.000,0.012,0.000,0.463,0.463,0.703
1780271104421,0.003,0.000,0.003,0.003,0.000,0.000,0.003,0.000,0.012,0.000,0.496,0.496,0.703
1780271104460,0.000,0.003,0.000,0.003,0.000,0.000,0.003,0.000,0.009,0.000,0.504,0.504,0.703
1780271104499,0.003,0.000,0.000,0.003,0.003,0.000,0.003,0.003,0.015,0.000,0.480,0.480,0.727
1780271104536,0.000,0.000,0.000,0.003,0.000,0.000,0.003,0.000,0.006,0.000,0.488,0.488,0.679
1780271104566,0.000,0.000,0.000,0.000,0.000,0.000,0.000,0.000,0.000,0.000,0.472,0.472,0.703
1780271104611,0.000,0.003,0.000,0.003,0.000,0.000,0.003,0.000,0.009,0.000,0.463,0.463,0.703
1780271104642,0.000,0.000,0.000,0.003,0.000,0.000,0.003,0.003,0.009,0.000,0.472,0.472,0.703
1780271104676,0.000,0.000,0.000,0.003,0.000,0.000,0.003,0.000,0.006,0.000,0.480,0.480,0.703
1780271104708,0.000,0.000,0.000,0.003,0.000,0.003,0.003,0.000,0.009,0.000,0.463,0.463,0.703
1780271104800,0.000,0.000,0.000,0.003,0.000,0.000,0.003,0.000,0.006,0.000,0.480,0.480,0.679
1780271104830,0.000,0.000,0.000,0.003,0.003,0.000,0.003,0.000,0.009,0.000,0.472,0.472,0.703
1780271104864,0.000,0.000,0.000,0.003,0.000,0.000,0.003,0.003,0.009,0.000,0.480,0.480,0.703
1780271104896,0.000,0.003,0.000,0.003,0.003,0.000,0.003,0.000,0.012,0.000,0.472,0.472,0.679
1780271104942,0.000,0.003,0.000,0.003,0.000,0.000,0.003,0.000,0.009,0.000,0.463,0.463,0.703
1780271104976,0.000,0.000,0.000,0.003,0.000,0.000,0.003,0.003,0.009,0.000,0.480,0.480,0.703
1780271105036,0.000,0.000,0.000,0.000,0.000,0.000,0.000,0.003,0.003,0.000,0.463,0.463,0.727
1780271105086,0.000,0.000,0.003,0.003,0.000,0.000,0.003,0.003,0.012,0.000,0.472,0.472,0.703
1780271105116,0.000,0.000,0.000,0.003,0.003,0.000,0.003,0.003,0.012,0.000,0.472,0.472,0.679
1780271105151,0.000,0.000,0.003,0.000,0.000,0.000,0.003,0.000,0.006,0.000,0.472,0.472,0.679
1780271105181,0.000,0.000,0.003,0.003,0.003,0.000,0.003,0.000,0.012,0.000,0.472,0.472,0.679
1780271105225,0.003,0.000,0.000,0.003,0.000,0.000,0.000,0.000,0.006,0.000,0.455,0.455,0.703
1780271105301,0.003,0.000,0.000,0.003,0.000,0.000,0.003,0.000,0.009,0.000,0.463,0.463,0.630
1780271105330,0.003,0.000,0.000,0.003,0.000,0.000,0.003,0.003,0.012,0.000,0.472,0.472,0.703
1780271105370,0.003,0.000,0.000,0.003,0.000,0.000,0.000,0.003,0.009,0.000,0.472,0.472,0.679
1780271105399,0.000,0.000,0.003,0.003,0.000,0.000,0.003,0.000,0.009,0.000,0.472,0.472,0.703
1780271105432,0.000,0.000,0.000,0.000,0.000,0.000,0.003,0.000,0.003,0.000,0.463,0.463,0.703
1780271105460,0.003,0.000,0.000,0.003,0.000,0.000,0.003,0.000,0.009,0.000,0.463,0.463,0.727
1780271105506,0.000,0.003,0.000,0.003,0.000,0.000,0.003,0.003,0.012,0.000,0.455,0.455,0.703
1780271105556,0.003,0.000,0.000,0.003,0.000,0.000,0.003,0.000,0.009,0.000,0.488,0.488,0.703
1780271105584,0.000,0.000,0.000,0.000,0.000,0.000,0.003,0.000,0.003,0.000,0.488,0.488,0.703
1780271105614,0.003,0.000,0.003,0.003,0.000,0.000,0.003,0.000,0.012,0.000,0.488,0.488,0.703
1780271105653,0.000,0.000,0.000,0.003,0.000,0.000,0.003,0.003,0.009,0.000,0.472,0.472,0.703
1780271105688,0.000,0.000,0.000,0.003,0.000,0.003,0.000,0.000,0.006,0.000,0.455,0.455,0.703
1780271105724,0.000,0.000,0.000,0.003,0.000,0.000,0.003,0.000,0.006,0.000,0.455,0.455,0.630
1780271105761,0.000,0.003,0.000,0.003,0.003,0.000,0.003,0.000,0.012,0.000,0.455,0.455,0.630
1780271105853,0.003,0.000,0.000,0.003,0.000,0.000,0.003,0.000,0.009,0.000,0.488,0.488,0.727
1780271105880,0.003,0.000,0.000,0.003,0.000,0.000,0.003,0.000,0.009,0.000,0.472,0.472,0.727
1780271105919,0.007,0.000,0.003,0.003,0.000,0.000,0.003,0.003,0.019,0.000,0.463,0.463,0.679
1780271105946,0.000,0.000,0.000,0.003,0.000,0.003,0.003,0.000,0.009,0.000,0.463,0.463,0.679
1780271105993,0.003,0.000,0.000,0.003,0.000,0.000,0.003,0.000,0.009,0.000,0.472,0.472,0.703
1780271106026,0.000,0.003,0.000,0.003,0.000,0.000,0.000,0.000,0.006,0.000,0.463,0.463,0.703
1780271106080,0.007,0.000,0.003,0.003,0.000,0.000,0.003,0.003,0.019,0.000,0.480,0.480,0.703
1780271106117,0.003,0.000,0.000,0.003,0.000,0.000,0.000,0.000,0.006,0.000,0.463,0.463,0.703
1780271106153,0.000,0.000,0.000,0.003,0.000,0.000,0.003,0.000,0.006,0.000,0.463,0.463,0.703
1780271106189,0.003,0.000,0.000,0.003,0.000,0.000,0.003,0.000,0.009,0.000,0.480,0.480,0.703
1780271106225,0.003,0.000,0.000,0.003,0.000,0.000,0.003,0.000,0.009,0.000,0.472,0.472,0.679
1780271106253,0.003,0.000,0.000,0.003,0.000,0.000,0.000,0.003,0.009,0.000,0.455,0.455,0.703
1780271106285,0.003,0.000,0.003,0.003,0.000,0.000,0.003,0.000,0.012,0.000,0.463,0.463,0.630
1780271106362,0.000,0.003,0.000,0.003,0.003,0.003,0.003,0.000,0.015,0.000,0.463,0.463,0.727
1780271106393,0.000,0.003,0.000,0.007,0.000,0.000,0.000,0.000,0.010,0.000,0.455,0.455,0.703
1780271106434,0.003,0.000,0.000,0.003,0.003,0.000,0.003,0.003,0.015,0.000,0.472,0.472,0.703
1780271106460,0.000,0.000,0.007,0.003,0.000,0.003,0.000,0.000,0.013,0.000,0.455,0.455,0.703
1780271106500,0.000,0.000,0.000,0.003,0.000,0.003,0.003,0.000,0.009,0.000,0.455,0.455,0.703
1780271106537,0.000,0.000,0.000,0.003,0.000,0.000,0.003,0.000,0.006,0.000,0.455,0.455,0.703
1780271106595,0.000,0.000,0.000,0.003,0.000,0.000,0.003,0.003,0.009,0.000,0.504,0.504,0.703
1780271106621,0.000,0.003,0.000,0.003,0.000,0.000,0.003,0.003,0.012,0.000,0.472,0.472,0.752
1780271106652,0.003,0.000,0.003,0.003,0.000,0.000,0.003,0.003,0.015,0.000,0.472,0.472,0.703
1780271106684,0.000,0.000,0.003,0.003,0.000,0.000,0.003,0.003,0.012,0.000,0.480,0.480,0.703
1780271106712,0.000,0.000,0.000,0.003,0.000,0.000,0.003,0.003,0.009,0.000,0.480,0.480,0.703
1780271106736,0.000,0.003,0.000,0.003,0.000,0.000,0.003,0.003,0.012,0.000,0.472,0.472,0.727
1780271106768,0.003,0.000,0.000,0.003,0.000,0.000,0.000,0.003,0.009,0.000,0.472,0.472,0.703
1780271106795,0.003,0.000,0.000,0.003,0.000,0.003,0.003,0.000,0.012,0.000,0.472,0.472,0.630
1780271106872,0.003,0.000,0.000,0.003,0.000,0.000,0.003,0.003,0.012,0.000,0.472,0.472,0.703
1780271106900,0.000,0.000,0.000,0.003,0.000,0.000,0.003,0.000,0.006,0.000,0.472,0.472,0.703
1780271106935,0.000,0.000,0.000,0.003,0.000,0.003,0.003,0.000,0.009,0.000,0.480,0.480,0.703
1780271106962,0.000,0.000,0.000,0.003,0.000,0.000,0.007,0.000,0.010,0.000,0.480,0.480,0.703
1780271107003,0.000,0.003,0.000,0.003,0.000,0.003,0.003,0.000,0.012,0.000,0.463,0.463,0.703
1780271107039,0.000,0.000,0.000,0.003,0.000,0.000,0.003,0.003,0.009,0.000,0.472,0.472,0.703
1780271107087,0.000,0.000,0.000,0.003,0.000,0.000,0.003,0.000,0.006,0.000,0.480,0.480,0.703
1780271107125,0.003,0.000,0.003,0.003,0.000,0.000,0.007,0.000,0.016,0.000,0.472,0.472,0.703
1780271107160,0.003,0.000,0.000,0.003,0.000,0.000,0.003,0.003,0.012,0.000,0.463,0.463,0.703
1780271107189,0.000,0.000,0.000,0.000,0.000,0.000,0.003,0.000,0.003,0.000,0.463,0.463,0.703
1780271107226,0.003,0.000,0.003,0.003,0.003,0.000,0.003,0.000,0.015,0.000,0.463,0.463,0.679
1780271107260,0.000,0.000,0.000,0.003,0.000,0.003,0.000,0.000,0.006,0.000,0.455,0.455,0.679
1780271107296,0.000,0.003,0.000,0.003,0.000,0.003,0.003,0.000,0.012,0.000,0.472,0.472,0.679
1780271107352,0.003,0.000,0.000,0.003,0.000,0.000,0.003,0.000,0.009,0.000,0.480,0.480,0.703
1780271107412,0.003,0.000,0.003,0.003,0.000,0.000,0.003,0.003,0.015,0.000,0.463,0.463,0.679
1780271107444,0.000,0.000,0.000,0.000,0.000,0.000,0.003,0.003,0.006,0.000,0.472,0.472,0.703
1780271107473,0.000,0.000,0.003,0.003,0.003,0.000,0.003,0.000,0.012,0.000,0.472,0.472,0.703
1780271107502,0.003,0.003,0.000,0.003,0.000,0.000,0.003,0.003,0.015,0.000,0.472,0.472,0.679
1780271107539,0.003,0.000,0.000,0.003,0.000,0.000,0.003,0.003,0.012,0.000,0.480,0.480,0.727
1780271107569,0.000,0.000,0.000,0.000,0.000,0.000,0.003,0.003,0.006,0.000,0.488,0.488,0.630
1780271107612,0.000,0.000,0.000,0.003,0.000,0.000,0.003,0.000,0.006,0.000,0.472,0.472,0.703
1780271107643,0.003,0.000,0.003,0.000,0.000,0.000,0.003,0.000,0.009,0.000,0.463,0.463,0.727
1780271107686,0.003,0.000,0.000,0.003,0.000,0.003,0.003,0.000,0.012,0.000,0.463,0.463,0.679
1780271107713,0.000,0.000,0.000,0.003,0.000,0.000,0.000,0.000,0.003,0.000,0.472,0.472,0.679
1780271107751,0.000,0.000,0.000,0.003,0.000,0.000,0.003,0.000,0.006,0.000,0.472,0.472,0.727
1780271107780,0.000,0.003,0.000,0.003,0.000,0.003,0.003,0.000,0.012,0.000,0.480,0.480,0.703
1780271107825,0.003,0.000,0.000,0.007,0.003,0.000,0.003,0.003,0.019,0.000,0.472,0.472,0.703
1780271107886,0.003,0.000,0.000,0.003,0.003,0.000,0.003,0.003,0.015,0.000,0.455,0.455,0.703
1780271107950,0.000,0.000,0.000,0.003,0.000,0.003,0.000,0.000,0.006,0.000,0.496,0.496,0.727
1780271107981,0.003,0.000,0.000,0.003,0.000,0.000,0.003,0.000,0.009,0.000,0.480,0.480,0.703
1780271108017,0.000,0.000,0.003,0.003,0.000,0.000,0.003,0.003,0.012,0.000,0.463,0.463,0.630
1780271108043,0.000,0.000,0.000,0.003,0.000,0.000,0.000,0.000,0.003,0.000,0.472,0.472,0.703
1780271108087,0.003,0.003,0.000,0.003,0.000,0.003,0.003,0.000,0.015,0.000,0.472,0.472,0.727
1780271108124,0.000,0.000,0.000,0.003,0.000,0.000,0.000,0.003,0.006,0.000,0.463,0.463,0.752
1780271108162,0.007,0.000,0.003,0.003,0.000,0.000,0.003,0.003,0.019,0.000,0.463,0.463,0.679
1780271108189,0.003,0.000,0.000,0.003,0.000,0.000,0.003,0.000,0.009,0.000,0.463,0.463,0.703
1780271108230,0.000,0.000,0.000,0.003,0.000,0.000,0.003,0.000,0.006,0.000,0.463,0.463,0.679
1780271108256,0.003,0.003,0.000,0.003,0.000,0.000,0.003,0.000,0.012,0.000,0.472,0.472,0.703
1780271108291,0.000,0.000,0.003,0.000,0.000,0.000,0.003,0.000,0.006,0.000,0.463,0.463,0.703
1780271108319,0.003,0.000,0.000,0.000,0.000,0.000,0.003,0.000,0.006,0.000,0.455,0.455,0.703
1780271108365,0.000,0.000,0.000,0.003,0.000,0.000,0.003,0.000,0.006,0.000,0.463,0.463,0.703
1780271108418,0.003,0.000,0.000,0.003,0.000,0.000,0.003,0.000,0.009,0.000,0.463,0.463,0.703
1780271108478,0.003,0.000,0.003,0.000,0.000,0.000,0.003,0.000,0.009,0.000,0.472,0.472,0.703
1780271108517,0.000,0.003,0.000,0.003,0.000,0.000,0.000,0.000,0.006,0.000,0.463,0.463,0.679
1780271108551,0.000,0.003,0.000,0.003,0.003,0.003,0.003,0.003,0.018,0.000,0.455,0.455,0.679
1780271108585,0.003,0.000,0.000,0.003,0.000,0.000,0.003,0.003,0.012,0.000,0.480,0.480,0.703
1780271108622,0.003,0.000,0.000,0.003,0.000,0.000,0.003,0.000,0.009,0.000,0.472,0.472,0.679
1780271108679,0.003,0.000,0.003,0.000,0.000,0.000,0.003,0.003,0.012,0.000,0.472,0.472,0.630
1780271108707,0.000,0.000,0.000,0.003,0.000,0.003,0.003,0.003,0.012,0.000,0.488,0.488,0.703
1780271108745,0.003,0.000,0.000,0.003,0.000,0.000,0.003,0.000,0.009,0.000,0.472,0.472,0.727
1780271108772,0.000,0.000,0.000,0.000,0.000,0.000,0.003,0.000,0.003,0.000,0.455,0.455,0.679
1780271108814,0.000,0.000,0.000,0.003,0.003,0.003,0.003,0.000,0.012,0.000,0.455,0.455,0.679
1780271108850,0.000,0.000,0.000,0.003,0.000,0.000,0.003,0.003,0.009,0.000,0.472,0.472,0.630
1780271108885,0.003,0.000,0.000,0.003,0.000,0.000,0.003,0.003,0.012,0.000,0.480,0.480,0.727
1780271108939,0.003,0.000,0.003,0.003,0.003,0.003,0.003,0.003,0.021,0.000,0.472,0.472,0.703
1780271108994,0.000,0.003,0.000,0.003,0.000,0.003,0.003,0.003,0.015,0.000,0.472,0.472,0.703
1780271109027,0.003,0.000,0.000,0.003,0.000,0.000,0.003,0.000,0.009,0.000,0.472,0.472,0.630
1780271109068,0.003,0.000,0.003,0.003,0.000,0.000,0.003,0.000,0.012,0.000,0.463,0.463,0.679
1780271109100,0.003,0.000,0.000,0.003,0.000,0.000,0.000,0.000,0.006,0.000,0.463,0.463,0.703
1780271109132,0.000,0.000,0.000,0.003,0.000,0.003,0.000,0.000,0.006,0.000,0.480,0.480,0.703
1780271109176,0.003,0.000,0.000,0.003,0.000,0.000,0.003,0.000,0.009,0.000,0.463,0.463,0.679
1780271109221,0.000,0.000,0.000,0.003,0.000,0.000,0.000,0.003,0.006,0.000,0.472,0.472,0.679
1780271109248,0.003,0.000,0.000,0.003,0.000,0.000,0.003,0.000,0.009,0.000,0.455,0.455,0.630
1780271109285,0.003,0.000,0.000,0.003,0.000,0.000,0.003,0.003,0.012,0.000,0.455,0.455,0.703
1780271109315,0.003,0.003,0.000,0.003,0.000,0.000,0.003,0.000,0.012,0.000,0.455,0.455,0.703
1780271109359,0.000,0.000,0.003,0.003,0.000,0.000,0.000,0.000,0.006,0.000,0.496,0.496,0.703
1780271109388,0.000,0.000,0.000,0.003,0.000,0.000,0.003,0.000,0.006,0.000,0.463,0.463,0.679
1780271109439,0.000,0.000,0.000,0.003,0.000,0.000,0.000,0.000,0.003,0.000,0.463,0.463,0.727
1780271109472,0.003,0.000,0.000,0.003,0.000,0.000,0.000,0.000,0.006,0.000,0.463,0.463,0.703
1780271109538,0.003,0.000,0.000,0.003,0.000,0.000,0.003,0.007,0.016,0.000,0.463,0.463,0.679
1780271109573,0.000,0.000,0.003,0.000,0.000,0.000,0.003,0.000,0.006,0.000,0.472,0.472,0.679
1780271109615,0.003,0.000,0.007,0.003,0.000,0.000,0.003,0.003,0.019,0.000,0.488,0.488,0.679
1780271109644,0.003,0.000,0.000,0.003,0.000,0.000,0.003,0.003,0.012,0.000,0.455,0.455,0.727
1780271109711,0.000,0.003,0.000,0.003,0.000,0.000,0.003,0.003,0.012,0.000,0.480,0.480,0.703
1780271109739,0.000,0.003,0.000,0.003,0.000,0.000,0.003,0.000,0.009,0.000,0.480,0.480,0.703
1780271109770,0.000,0.000,0.003,0.000,0.000,0.000,0.000,0.003,0.006,0.000,0.480,0.480,0.630
1780271109796,0.003,0.000,0.003,0.003,0.000,0.000,0.003,0.000,0.012,0.000,0.463,0.463,0.679
1780271109832,0.000,0.000,0.000,0.003,0.000,0.000,0.003,0.000,0.006,0.000,0.472,0.472,0.703
1780271109858,0.000,0.000,0.000,0.003,0.000,0.000,0.003,0.000,0.006,0.000,0.480,0.480,0.679
1780271109889,0.007,0.000,0.000,0.000,0.000,0.000,0.000,0.000,0.007,0.000,0.480,0.480,0.727
1780271109925,0.003,0.000,0.000,0.000,0.003,0.000,0.003,0.000,0.009,0.000,0.472,0.472,0.703
1780271109963,0.000,0.000,0.000,0.003,0.000,0.000,0.003,0.000,0.006,0.000,0.463,0.463,0.679
1780271109991,0.003,0.000,0.000,0.003,0.000,0.003,0.003,0.000,0.012,0.000,0.472,0.472,0.630
1780271110047,0.000,0.000,0.000,0.003,0.003,0.000,0.003,0.000,0.009,0.000,0.472,0.472,0.679
1780271110078,0.000,0.000,0.003,0.003,0.000,0.000,0.003,0.000,0.009,0.000,0.463,0.463,0.703
1780271110119,0.007,0.000,0.000,0.003,0.000,0.000,0.003,0.000,0.013,0.000,0.504,0.504,0.703
1780271110143,0.000,0.003,0.000,0.000,0.000,0.000,0.003,0.000,0.006,0.000,0.496,0.496,0.679
1780271110172,0.000,0.003,0.000,0.007,0.000,0.003,0.003,0.000,0.016,0.000,0.472,0.472,0.703
1780271110217,0.003,0.000,0.000,0.003,0.000,0.003,0.003,0.000,0.012,0.000,0.447,0.447,0.679
1780271110256,0.000,0.000,0.000,0.003,0.000,0.000,0.003,0.003,0.009,0.000,0.463,0.463,0.703
1780271110281,0.000,0.000,0.000,0.003,0.000,0.000,0.003,0.000,0.006,0.000,0.472,0.472,0.727
1780271110315,0.000,0.003,0.000,0.003,0.000,0.000,0.003,0.003,0.012,0.000,0.455,0.455,0.703
1780271110341,0.000,0.000,0.000,0.003,0.000,0.000,0.003,0.000,0.006,0.000,0.463,0.463,0.703
1780271110373,0.000,0.000,0.000,0.003,0.000,0.003,0.000,0.003,0.009,0.000,0.488,0.488,0.679
1780271110405,0.003,0.000,0.000,0.007,0.003,0.003,0.003,0.000,0.019,0.000,0.463,0.463,0.679
1780271110449,0.003,0.000,0.000,0.003,0.000,0.000,0.000,0.003,0.009,0.000,0.463,0.463,0.703
1780271110480,0.000,0.000,0.000,0.003,0.000,0.000,0.003,0.000,0.006,0.000,0.480,0.480,0.679
1780271110512,0.003,0.000,0.000,0.003,0.000,0.003,0.000,0.000,0.009,0.000,0.480,0.480,0.703
1780271110569,0.003,0.000,0.000,0.003,0.000,0.000,0.003,0.000,0.009,0.000,0.472,0.472,0.630
1780271110600,0.000,0.000,0.000,0.003,0.000,0.000,0.003,0.000,0.006,0.000,0.455,0.455,0.630
1780271110637,0.003,0.000,0.000,0.003,0.000,0.003,0.003,0.000,0.012,0.000,0.480,0.480,0.703
1780271110664,0.000,0.000,0.000,0.003,0.000,0.000,0.003,0.000,0.006,0.000,0.472,0.472,0.727
1780271110701,0.000,0.000,0.000,0.003,0.000,0.000,0.003,0.003,0.009,0.000,0.472,0.472,0.679
1780271110753,0.000,0.000,0.000,0.003,0.000,0.000,0.003,0.000,0.006,0.000,0.463,0.463,0.703
1780271110785,0.003,0.003,0.000,0.003,0.000,0.000,0.003,0.000,0.012,0.000,0.463,0.463,0.679
1780271110818,0.000,0.000,0.000,0.000,0.000,0.000,0.003,0.003,0.006,0.000,0.472,0.472,0.703
1780271110856,0.003,0.000,0.003,0.003,0.000,0.000,0.003,0.000,0.012,0.000,0.488,0.488,0.679
1780271110888,0.003,0.000,0.000,0.003,0.000,0.003,0.003,0.000,0.012,0.000,0.496,0.496,0.727
1780271110915,0.007,0.000,0.000,0.007,0.000,0.000,0.003,0.000,0.017,0.000,0.472,0.472,0.703
1780271110958,0.000,0.000,0.000,0.003,0.000,0.000,0.003,0.000,0.006,0.000,0.472,0.472,0.703
1780271110995,0.000,0.000,0.000,0.003,0.000,0.000,0.003,0.000,0.006,0.000,0.463,0.463,0.679
1780271111025,0.000,0.000,0.000,0.000,0.000,0.003,0.003,0.000,0.006,0.000,0.472,0.472,0.727
1780271111080,0.003,0.003,0.003,0.003,0.000,0.000,0.003,0.000,0.015,0.000,0.463,0.463,0.727
1780271111115,0.003,0.000,0.000,0.003,0.000,0.000,0.003,0.003,0.012,0.000,0.472,0.472,0.727
1780271111154,0.000,0.000,0.000,0.003,0.000,0.000,0.003,0.000,0.006,0.000,0.463,0.463,0.727
1780271111181,0.007,0.000,0.000,0.003,0.003,0.000,0.003,0.000,0.016,0.000,0.472,0.472,0.703
1780271111213,0.007,0.000,0.000,0.003,0.003,0.000,0.003,0.003,0.019,0.000,0.472,0.472,0.703
1780271111264,0.003,0.000,0.000,0.003,0.000,0.000,0.003,0.000,0.009,0.000,0.463,0.463,0.703
1780271111293,0.000,0.003,0.000,0.003,0.000,0.003,0.003,0.000,0.012,0.000,0.455,0.455,0.703
1780271111327,0.007,0.000,0.003,0.003,0.000,0.000,0.003,0.000,0.016,0.000,0.463,0.463,0.679
1780271111375,0.007,0.000,0.003,0.003,0.000,0.000,0.003,0.000,0.016,0.000,0.463,0.463,0.679
1780271111412,0.003,0.000,0.003,0.003,0.000,0.000,0.003,0.000,0.012,0.000,0.496,0.496,0.679
1780271111442,0.000,0.000,0.003,0.007,0.000,0.000,0.003,0.000,0.013,0.000,0.472,0.472,0.727
1780271111481,0.000,0.000,0.000,0.003,0.000,0.000,0.003,0.000,0.006,0.000,0.472,0.472,0.703
1780271111516,0.000,0.000,0.000,0.003,0.000,0.000,0.003,0.000,0.006,0.000,0.488,0.488,0.679
1780271111548,0.000,0.003,0.000,0.003,0.000,0.000,0.003,0.000,0.009,0.000,0.472,0.472,0.727
1780271111634,0.000,0.000,0.000,0.003,0.000,0.007,0.003,0.000,0.013,0.000,0.480,0.480,0.727
1780271111671,0.003,0.000,0.000,0.003,0.000,0.000,0.003,0.000,0.009,0.000,0.472,0.472,0.703
1780271111712,0.003,0.000,0.003,0.003,0.000,0.000,0.003,0.003,0.015,0.000,0.455,0.455,0.630
1780271111740,0.000,0.000,0.000,0.003,0.000,0.000,0.003,0.003,0.009,0.000,0.455,0.455,0.703
1780271111804,0.003,0.000,0.000,0.003,0.000,0.000,0.003,0.003,0.012,0.000,0.472,0.472,0.679
1780271111835,0.000,0.000,0.000,0.003,0.003,0.000,0.003,0.000,0.009,0.000,0.463,0.463,0.679
1780271111869,0.000,0.000,0.000,0.000,0.000,0.003,0.003,0.003,0.009,0.000,0.463,0.463,0.703
1780271111904,0.000,0.000,0.000,0.000,0.003,0.000,0.003,0.000,0.006,0.000,0.463,0.463,0.703
1780271111945,0.000,0.000,0.003,0.003,0.000,0.000,0.003,0.003,0.012,0.000,0.463,0.463,0.679
1780271111985,0.000,0.000,0.003,0.003,0.000,0.000,0.000,0.000,0.006,0.000,0.463,0.463,0.703
1780271112024,0.000,0.000,0.000,0.003,0.000,0.000,0.003,0.003,0.009,0.000,0.472,0.472,0.703
1780271112050,0.003,0.000,0.000,0.003,0.000,0.000,0.003,0.003,0.012,0.000,0.463,0.463,0.703
1780271112086,0.003,0.000,0.000,0.003,0.000,0.000,0.003,0.000,0.009,0.000,0.472,0.472,0.703
1780271112147,0.003,0.000,0.000,0.003,0.000,0.000,0.003,0.003,0.012,0.000,0.463,0.463,0.703
1780271112185,0.000,0.000,0.000,0.003,0.000,0.000,0.003,0.000,0.006,0.000,0.472,0.472,0.752
1780271112232,0.003,0.000,0.000,0.003,0.000,0.000,0.003,0.000,0.009,0.000,0.455,0.455,0.630
1780271112258,0.000,0.000,0.000,0.000,0.000,0.003,0.003,0.003,0.009,0.000,0.463,0.463,0.679
1780271112313,0.003,0.003,0.000,0.003,0.000,0.000,0.003,0.000,0.012,0.000,0.455,0.455,0.703
1780271112341,0.003,0.000,0.000,0.003,0.000,0.000,0.003,0.000,0.009,0.000,0.455,0.455,0.679
1780271112387,0.000,0.000,0.000,0.003,0.000,0.000,0.003,0.003,0.009,0.000,0.480,0.480,0.703
1780271112414,0.000,0.000,0.000,0.003,0.000,0.000,0.003,0.000,0.006,0.000,0.463,0.463,0.703
1780271112445,0.000,0.000,0.003,0.003,0.000,0.000,0.003,0.000,0.009,0.000,0.455,0.455,0.630
1780271112471,0.000,0.000,0.000,0.000,0.000,0.003,0.003,0.003,0.009,0.000,0.472,0.472,0.630
1780271112514,0.003,0.000,0.003,0.000,0.000,0.000,0.003,0.000,0.009,0.000,0.463,0.463,0.703
1780271112545,0.000,0.000,0.003,0.003,0.003,0.003,0.003,0.000,0.015,0.000,0.463,0.463,0.679
1780271112583,0.007,0.000,0.000,0.003,0.000,0.000,0.000,0.000,0.010,0.000,0.455,0.455,0.703
1780271112612,0.000,0.000,0.003,0.003,0.000,0.003,0.003,0.000,0.012,0.000,0.455,0.455,0.630
1780271112689,0.003,0.000,0.000,0.003,0.000,0.000,0.003,0.000,0.009,0.000,0.472,0.472,0.727
1780271112727,0.007,0.000,0.000,0.003,0.000,0.003,0.003,0.000,0.016,0.000,0.455,0.455,0.679
1780271112766,0.003,0.000,0.000,0.003,0.000,0.000,0.000,0.000,0.006,0.000,0.472,0.472,0.679
1780271112833,0.000,0.000,0.000,0.003,0.000,0.000,0.003,0.000,0.006,0.000,0.455,0.455,0.703
1780271112862,0.003,0.003,0.003,0.000,0.000,0.000,0.003,0.000,0.012,0.000,0.463,0.463,0.679
1780271112901,0.000,0.000,0.000,0.000,0.000,0.000,0.000,0.000,0.000,0.000,0.472,0.472,0.679
1780271112929,0.000,0.000,0.000,0.003,0.000,0.000,0.003,0.000,0.006,0.000,0.496,0.496,0.727
1780271112968,0.003,0.000,0.000,0.003,0.000,0.000,0.003,0.000,0.009,0.000,0.480,0.480,0.703
1780271113010,0.000,0.000,0.000,0.003,0.000,0.003,0.000,0.000,0.006,0.000,0.463,0.463,0.703
1780271113045,0.003,0.003,0.000,0.000,0.000,0.000,0.003,0.000,0.009,0.000,0.496,0.496,0.703
1780271113072,0.000,0.000,0.000,0.000,0.003,0.000,0.003,0.000,0.006,0.000,0.488,0.488,0.703
1780271113106,0.000,0.000,0.000,0.003,0.000,0.000,0.003,0.000,0.006,0.000,0.455,0.455,0.703
1780271113134,0.000,0.000,0.000,0.003,0.000,0.000,0.003,0.000,0.006,0.000,0.463,0.463,0.630
1780271113200,0.003,0.000,0.003,0.003,0.000,0.000,0.000,0.003,0.012,0.000,0.472,0.472,0.703
1780271113251,0.000,0.000,0.000,0.003,0.000,0.000,0.003,0.000,0.006,0.000,0.472,0.472,0.630
1780271113281,0.000,0.000,0.000,0.003,0.003,0.000,0.003,0.003,0.012,0.000,0.472,0.472,0.703
1780271113335,0.000,0.000,0.000,0.003,0.000,0.000,0.003,0.000,0.006,0.000,0.463,0.463,0.703
1780271113369,0.003,0.000,0.000,0.000,0.000,0.000,0.003,0.000,0.006,0.000,0.455,0.455,0.703
1780271113415,0.000,0.000,0.000,0.003,0.003,0.000,0.003,0.003,0.012,0.000,0.472,0.472,0.679
1780271113441,0.000,0.000,0.000,0.003,0.000,0.003,0.003,0.003,0.012,0.000,0.472,0.472,0.703
1780271113472,0.000,0.000,0.000,0.003,0.000,0.000,0.000,0.000,0.003,0.000,0.463,0.463,0.703
1780271113511,0.003,0.000,0.003,0.003,0.000,0.000,0.003,0.000,0.012,0.000,0.463,0.463,0.703
1780271113548,0.000,0.000,0.003,0.003,0.000,0.000,0.003,0.000,0.009,0.000,0.455,0.455,0.630
1780271113578,0.003,0.000,0.000,0.003,0.000,0.000,0.003,0.003,0.012,0.000,0.455,0.455,0.703
1780271113611,0.007,0.000,0.000,0.007,0.000,0.000,0.003,0.000,0.017,0.000,0.447,0.447,0.703
1780271113641,0.000,0.000,0.003,0.003,0.000,0.000,0.000,0.000,0.006,0.000,0.463,0.463,0.630
1780271113714,0.000,0.000,0.000,0.003,0.000,0.000,0.003,0.000,0.006,0.000,0.463,0.463,0.630
1780271113755,0.000,0.000,0.003,0.003,0.000,0.000,0.003,0.003,0.012,0.000,0.472,0.472,0.703
1780271113789,0.000,0.000,0.003,0.003,0.000,0.000,0.003,0.000,0.009,0.000,0.463,0.463,0.679
1780271113847,0.000,0.000,0.000,0.003,0.000,0.003,0.003,0.000,0.009,0.000,0.455,0.455,0.703
1780271113874,0.000,0.003,0.000,0.003,0.000,0.000,0.003,0.003,0.012,0.000,0.463,0.463,0.679
1780271113909,0.000,0.000,0.000,0.003,0.000,0.003,0.003,0.000,0.009,0.000,0.480,0.480,0.630
1780271113933,0.003,0.000,0.000,0.003,0.000,0.000,0.003,0.003,0.012,0.000,0.472,0.472,0.727
1780271113968,0.003,0.000,0.000,0.003,0.000,0.003,0.000,0.000,0.009,0.000,0.472,0.472,0.679
1780271113994,0.000,0.000,0.000,0.003,0.000,0.000,0.000,0.000,0.003,0.000,0.472,0.472,0.703
1780271114035,0.000,0.000,0.000,0.003,0.000,0.000,0.003,0.003,0.009,0.000,0.463,0.463,0.703
1780271114059,0.003,0.000,0.000,0.003,0.003,0.000,0.003,0.000,0.012,0.000,0.472,0.472,0.679
1780271114101,0.000,0.000,0.000,0.000,0.000,0.000,0.003,0.003,0.006,0.000,0.472,0.472,0.703
1780271114125,0.000,0.000,0.000,0.003,0.000,0.000,0.003,0.000,0.006,0.000,0.455,0.455,0.679
1780271114167,0.000,0.000,0.000,0.003,0.000,0.000,0.003,0.003,0.009,0.000,0.480,0.480,0.630
1780271114232,0.003,0.000,0.000,0.000,0.000,0.000,0.003,0.000,0.006,0.000,0.472,0.472,0.703
1780271114269,0.000,0.000,0.000,0.003,0.000,0.000,0.003,0.003,0.009,0.000,0.447,0.447,0.703
1780271114304,0.000,0.003,0.000,0.003,0.000,0.000,0.003,0.000,0.009,0.000,0.463,0.463,0.679
1780271114364,0.010,0.000,0.000,0.000,0.000,0.000,0.003,0.003,0.016,0.000,0.472,0.472,0.679
1780271114392,0.003,0.000,0.000,0.000,0.000,0.000,0.003,0.000,0.006,0.000,0.472,0.472,0.703
1780271114428,0.000,0.000,0.000,0.003,0.000,0.000,0.003,0.000,0.006,0.000,0.472,0.472,0.630
1780271114456,0.003,0.000,0.000,0.003,0.000,0.003,0.003,0.000,0.012,0.000,0.455,0.455,0.727
1780271114496,0.003,0.000,0.000,0.003,0.003,0.000,0.000,0.000,0.009,0.000,0.463,0.463,0.679
1780271114537,0.003,0.000,0.003,0.003,0.000,0.000,0.003,0.000,0.012,0.000,0.463,0.463,0.703
1780271114568,0.000,0.000,0.000,0.003,0.000,0.000,0.003,0.000,0.006,0.000,0.463,0.463,0.630
1780271114600,0.000,0.000,0.000,0.003,0.000,0.000,0.000,0.000,0.003,0.000,0.455,0.455,0.703
1780271114644,0.000,0.000,0.000,0.000,0.000,0.000,0.003,0.000,0.003,0.000,0.463,0.463,0.703
1780271114675,0.003,0.000,0.000,0.003,0.000,0.003,0.003,0.003,0.015,0.000,0.488,0.488,0.679
1780271114735,0.000,0.000,0.003,0.003,0.000,0.000,0.003,0.000,0.009,0.000,0.447,0.447,0.679
1780271114768,0.003,0.000,0.000,0.003,0.000,0.003,0.003,0.003,0.015,0.000,0.463,0.463,0.703
1780271114809,0.003,0.000,0.000,0.003,0.000,0.000,0.003,0.000,0.009,0.000,0.472,0.472,0.679
1780271114866,0.000,0.000,0.000,0.003,0.000,0.000,0.003,0.003,0.009,0.000,0.455,0.455,0.703
1780271114910,0.003,0.000,0.000,0.003,0.000,0.003,0.003,0.000,0.012,0.000,0.463,0.463,0.679
1780271114941,0.000,0.000,0.000,0.003,0.000,0.000,0.003,0.000,0.006,0.000,0.488,0.488,0.703
1780271114974,0.000,0.000,0.000,0.003,0.000,0.003,0.003,0.000,0.009,0.000,0.463,0.463,0.703
1780271115004,0.003,0.000,0.003,0.003,0.000,0.003,0.003,0.000,0.015,0.000,0.463,0.463,0.630
1780271115054,0.000,0.003,0.000,0.003,0.000,0.000,0.003,0.000,0.009,0.000,0.455,0.455,0.679
1780271115082,0.000,0.000,0.000,0.003,0.000,0.003,0.003,0.000,0.009,0.000,0.463,0.463,0.679
1780271115123,0.000,0.000,0.000,0.003,0.000,0.000,0.003,0.003,0.009,0.000,0.463,0.463,0.679
1780271115155,0.000,0.003,0.000,0.003,0.000,0.000,0.000,0.003,0.009,0.000,0.463,0.463,0.679
1780271115199,0.003,0.000,0.000,0.003,0.000,0.000,0.003,0.000,0.009,0.000,0.488,0.488,0.679
1780271115258,0.003,0.000,0.000,0.000,0.000,0.003,0.003,0.003,0.012,0.000,0.455,0.455,0.703
1780271115293,0.003,0.000,0.000,0.003,0.000,0.003,0.003,0.003,0.015,0.000,0.463,0.463,0.679
1780271115346,0.003,0.000,0.003,0.007,0.003,0.000,0.003,0.000,0.019,0.000,0.455,0.455,0.703
1780271115386,0.003,0.003,0.003,0.003,0.000,0.000,0.003,0.000,0.015,0.000,0.463,0.463,0.679
1780271115431,0.003,0.003,0.000,0.007,0.000,0.000,0.000,0.003,0.016,0.000,0.472,0.472,0.703
1780271115467,0.000,0.000,0.000,0.003,0.000,0.000,0.003,0.000,0.006,0.000,0.480,0.480,0.679
1780271115498,0.000,0.000,0.003,0.000,0.000,0.000,0.003,0.003,0.009,0.000,0.455,0.455,0.703
1780271115522,0.003,0.000,0.000,0.003,0.000,0.000,0.000,0.000,0.006,0.000,0.455,0.455,0.679
1780271115569,0.000,0.000,0.000,0.003,0.000,0.000,0.003,0.000,0.006,0.000,0.463,0.463,0.679
1780271115613,0.003,0.000,0.000,0.003,0.000,0.003,0.003,0.000,0.012,0.000,0.455,0.455,0.630
1780271115657,0.003,0.000,0.000,0.003,0.000,0.000,0.003,0.003,0.012,0.000,0.463,0.463,0.679
1780271115695,0.000,0.000,0.000,0.003,0.000,0.003,0.003,0.000,0.009,0.000,0.488,0.488,0.679
1780271115730,0.000,0.000,0.000,0.003,0.000,0.000,0.003,0.000,0.006,0.000,0.472,0.472,0.703
1780271115801,0.003,0.000,0.003,0.003,0.000,0.003,0.003,0.000,0.015,0.000,0.488,0.488,0.703
1780271115838,0.003,0.000,0.000,0.003,0.000,0.000,0.007,0.003,0.016,0.000,0.463,0.463,0.703
1780271115872,0.003,0.000,0.000,0.003,0.003,0.003,0.000,0.000,0.012,0.000,0.455,0.455,0.703
1780271115945,0.000,0.000,0.000,0.003,0.000,0.000,0.003,0.000,0.006,0.000,0.463,0.463,0.703
1780271115974,0.000,0.000,0.000,0.003,0.000,0.003,0.000,0.000,0.006,0.000,0.472,0.472,0.679
1780271116012,0.003,0.003,0.000,0.007,0.000,0.000,0.000,0.000,0.013,0.000,0.480,0.480,0.679
1780271116041,0.003,0.000,0.000,0.003,0.000,0.000,0.000,0.003,0.009,0.000,0.480,0.480,0.703
1780271116103,0.007,0.003,0.000,0.003,0.000,0.000,0.003,0.000,0.016,0.000,0.472,0.472,0.727
1780271116135,0.007,0.000,0.003,0.003,0.000,0.000,0.003,0.000,0.016,0.000,0.463,0.463,0.630
1780271116177,0.000,0.000,0.003,0.003,0.003,0.000,0.003,0.000,0.012,0.000,0.472,0.472,0.679
1780271116204,0.000,0.000,0.000,0.003,0.000,0.000,0.003,0.003,0.009,0.000,0.488,0.488,0.703
1780271116254,0.003,0.000,0.000,0.003,0.000,0.000,0.003,0.003,0.012,0.000,0.488,0.488,0.630
1780271116305,0.000,0.000,0.003,0.003,0.003,0.000,0.003,0.000,0.012,0.000,0.480,0.480,0.703
1780271116340,0.007,0.000,0.000,0.003,0.000,0.000,0.003,0.000,0.013,0.000,0.463,0.463,0.703
1780271116378,0.003,0.000,0.003,0.003,0.000,0.000,0.003,0.000,0.012,0.000,0.472,0.472,0.679
1780271116417,0.000,0.000,0.000,0.003,0.000,0.000,0.003,0.003,0.009,0.000,0.455,0.455,0.703
1780271116467,0.000,0.003,0.000,0.003,0.003,0.000,0.003,0.003,0.015,0.000,0.463,0.463,0.703
1780271116495,0.003,0.000,0.003,0.003,0.000,0.000,0.003,0.007,0.019,0.000,0.472,0.472,0.630
1780271116538,0.000,0.000,0.000,0.003,0.000,0.003,0.003,0.003,0.012,0.000,0.472,0.472,0.727
1780271116564,0.000,0.000,0.000,0.003,0.000,0.000,0.003,0.000,0.006,0.000,0.463,0.463,0.679
1780271116610,0.000,0.000,0.003,0.003,0.000,0.000,0.003,0.003,0.012,0.000,0.472,0.472,0.703
1780271116636,0.000,0.000,0.000,0.003,0.000,0.000,0.003,0.000,0.006,0.000,0.472,0.472,0.679
1780271116679,0.003,0.000,0.000,0.003,0.000,0.000,0.003,0.000,0.009,0.000,0.480,0.480,0.703
1780271116710,0.000,0.003,0.000,0.003,0.000,0.000,0.003,0.000,0.009,0.000,0.472,0.472,0.703
1780271116741,0.000,0.000,0.003,0.003,0.000,0.000,0.000,0.000,0.006,0.000,0.472,0.472,0.630
1780271116767,0.000,0.000,0.000,0.000,0.000,0.000,0.003,0.003,0.006,0.000,0.455,0.455,0.630
1780271116828,0.003,0.000,0.000,0.003,0.000,0.000,0.003,0.000,0.009,0.000,0.463,0.463,0.679
1780271116869,0.000,0.000,0.000,0.000,0.000,0.000,0.003,0.000,0.003,0.000,0.455,0.455,0.630
1780271116900,0.003,0.000,0.000,0.003,0.003,0.000,0.003,0.000,0.012,0.000,0.463,0.463,0.679
1780271116943,0.000,0.000,0.000,0.003,0.000,0.000,0.000,0.000,0.003,0.000,0.480,0.480,0.630
1780271116990,0.000,0.000,0.003,0.003,0.000,0.000,0.003,0.000,0.009,0.000,0.472,0.472,0.703
1780271117014,0.003,0.000,0.003,0.003,0.000,0.003,0.000,0.000,0.012,0.000,0.472,0.472,0.679
1780271117043,0.003,0.003,0.000,0.003,0.000,0.000,0.003,0.003,0.015,0.000,0.463,0.463,0.703
1780271117069,0.000,0.000,0.000,0.000,0.000,0.000,0.003,0.000,0.003,0.000,0.472,0.472,0.679
1780271117124,0.003,0.000,0.003,0.000,0.000,0.000,0.003,0.000,0.009,0.000,0.455,0.455,0.606
1780271117149,0.000,0.000,0.000,0.003,0.000,0.000,0.007,0.000,0.010,0.000,0.463,0.463,0.630
1780271117178,0.003,0.000,0.003,0.003,0.000,0.000,0.003,0.003,0.015,0.000,0.488,0.488,0.727
1780271117207,0.000,0.000,0.000,0.003,0.000,0.000,0.003,0.000,0.006,0.000,0.512,0.512,0.703
1780271117250,0.000,0.000,0.000,0.003,0.000,0.003,0.003,0.000,0.009,0.000,0.488,0.488,0.703
1780271117274,0.000,0.000,0.000,0.003,0.000,0.000,0.003,0.003,0.009,0.000,0.480,0.480,0.703
1780271117324,0.003,0.000,0.000,0.003,0.000,0.000,0.003,0.000,0.009,0.000,0.472,0.472,0.703
1780271117351,0.000,0.000,0.000,0.003,0.000,0.000,0.003,0.000,0.006,0.000,0.463,0.463,0.703
1780271117404,0.007,0.000,0.000,0.003,0.000,0.000,0.003,0.003,0.016,0.000,0.447,0.447,0.679
1780271117454,0.003,0.000,0.000,0.003,0.000,0.000,0.003,0.000,0.009,0.000,0.472,0.472,0.679
1780271117495,0.000,0.000,0.000,0.003,0.000,0.000,0.003,0.000,0.006,0.000,0.463,0.463,0.703
1780271117533,0.003,0.000,0.000,0.003,0.003,0.003,0.003,0.000,0.015,0.000,0.455,0.455,0.679
1780271117567,0.000,0.000,0.000,0.003,0.000,0.000,0.000,0.000,0.003,0.000,0.455,0.455,0.630
1780271117598,0.003,0.000,0.000,0.003,0.000,0.000,0.003,0.003,0.012,0.000,0.447,0.447,0.679
1780271117645,0.000,0.000,0.000,0.003,0.003,0.003,0.003,0.000,0.012,0.000,0.455,0.455,0.703
1780271117682,0.003,0.000,0.003,0.000,0.000,0.000,0.003,0.003,0.012,0.000,0.455,0.455,0.703
1780271117720,0.003,0.000,0.000,0.003,0.000,0.000,0.003,0.000,0.009,0.000,0.488,0.488,0.703
1780271117754,0.003,0.000,0.000,0.003,0.000,0.000,0.003,0.000,0.009,0.000,0.496,0.496,0.630
1780271117784,0.000,0.000,0.000,0.007,0.000,0.000,0.000,0.003,0.010,0.000,0.472,0.472,0.727
1780271117849,0.000,0.000,0.000,0.003,0.000,0.003,0.003,0.000,0.009,0.000,0.463,0.463,0.630
1780271117878,0.003,0.000,0.000,0.003,0.000,0.000,0.003,0.003,0.012,0.000,0.447,0.447,0.703
1780271117920,0.000,0.003,0.000,0.003,0.000,0.000,0.003,0.000,0.009,0.000,0.463,0.463,0.679
1780271117983,0.003,0.000,0.000,0.003,0.000,0.003,0.003,0.000,0.012,0.000,0.480,0.480,0.679
1780271118013,0.003,0.003,0.000,0.003,0.000,0.003,0.003,0.000,0.015,0.000,0.463,0.463,0.679
1780271118047,0.003,0.000,0.000,0.003,0.000,0.000,0.003,0.000,0.009,0.000,0.472,0.472,0.679
1780271118072,0.003,0.000,0.000,0.003,0.000,0.000,0.003,0.000,0.009,0.000,0.455,0.455,0.727
1780271118114,0.003,0.000,0.003,0.003,0.000,0.000,0.003,0.003,0.015,0.000,0.463,0.463,0.679
1780271118149,0.000,0.000,0.000,0.003,0.000,0.000,0.003,0.000,0.006,0.000,0.463,0.463,0.703
1780271118181,0.003,0.000,0.000,0.003,0.000,0.000,0.003,0.003,0.012,0.000,0.472,0.472,0.679
1780271118211,0.000,0.000,0.000,0.003,0.003,0.003,0.003,0.003,0.015,0.000,0.472,0.472,0.703
1780271118252,0.000,0.000,0.000,0.003,0.000,0.000,0.003,0.003,0.009,0.000,0.480,0.480,0.679
1780271118281,0.003,0.000,0.000,0.003,0.003,0.003,0.003,0.000,0.015,0.000,0.472,0.472,0.630
1780271118318,0.000,0.000,0.003,0.003,0.000,0.000,0.003,0.000,0.009,0.000,0.463,0.463,0.679
1780271118387,0.003,0.000,0.000,0.003,0.000,0.000,0.003,0.000,0.009,0.000,0.463,0.463,0.679
1780271118426,0.000,0.000,0.000,0.003,0.000,0.000,0.003,0.003,0.009,0.000,0.455,0.455,0.679
1780271118481,0.003,0.000,0.000,0.003,0.000,0.000,0.003,0.003,0.012,0.000,0.463,0.463,0.679
1780271118530,0.000,0.000,0.000,0.003,0.000,0.000,0.003,0.000,0.006,0.000,0.472,0.472,0.630
1780271118562,0.003,0.000,0.000,0.000,0.000,0.000,0.000,0.003,0.006,0.000,0.472,0.472,0.630
1780271118600,0.003,0.000,0.000,0.003,0.000,0.000,0.003,0.000,0.009,0.000,0.480,0.480,0.679
1780271118635,0.003,0.000,0.000,0.003,0.000,0.003,0.003,0.003,0.015,0.000,0.455,0.455,0.679
1780271118696,0.000,0.000,0.000,0.003,0.000,0.000,0.003,0.003,0.009,0.000,0.455,0.455,0.606
1780271118731,0.003,0.000,0.000,0.003,0.000,0.000,0.003,0.000,0.009,0.000,0.480,0.480,0.679
1780271118766,0.003,0.000,0.000,0.003,0.000,0.000,0.003,0.000,0.009,0.000,0.463,0.463,0.703
1780271118800,0.000,0.000,0.000,0.003,0.003,0.000,0.003,0.000,0.009,0.000,0.480,0.480,0.703
1780271118847,0.000,0.003,0.000,0.003,0.000,0.000,0.003,0.000,0.009,0.000,0.472,0.472,0.703
1780271118907,0.003,0.000,0.000,0.003,0.003,0.000,0.003,0.000,0.012,0.000,0.455,0.455,0.679
1780271118949,0.000,0.000,0.000,0.003,0.000,0.000,0.000,0.000,0.003,0.000,0.447,0.447,0.703
1780271119010,0.000,0.000,0.003,0.003,0.000,0.000,0.003,0.003,0.012,0.000,0.472,0.472,0.679
1780271119045,0.000,0.000,0.000,0.003,0.003,0.000,0.003,0.000,0.009,0.000,0.455,0.455,0.703
1780271119079,0.003,0.000,0.000,0.003,0.000,0.003,0.003,0.003,0.015,0.000,0.455,0.455,0.630
1780271119108,0.000,0.000,0.003,0.003,0.000,0.003,0.003,0.000,0.012,0.000,0.455,0.455,0.630
1780271119152,0.000,0.000,0.000,0.003,0.000,0.000,0.000,0.000,0.003,0.000,0.463,0.463,0.703
1780271119201,0.003,0.000,0.003,0.003,0.000,0.003,0.003,0.003,0.018,0.000,0.455,0.455,0.703
1780271119236,0.003,0.003,0.000,0.007,0.003,0.000,0.003,0.003,0.022,0.000,0.472,0.472,0.703
1780271119268,0.003,0.000,0.000,0.003,0.000,0.000,0.000,0.000,0.006,0.000,0.472,0.472,0.703
1780271119322,0.000,0.000,0.000,0.003,0.000,0.000,0.003,0.003,0.009,0.000,0.472,0.472,0.703
1780271119347,0.000,0.000,0.000,0.000,0.003,0.000,0.003,0.000,0.006,0.000,0.488,0.488,0.679
1780271119377,0.000,0.000,0.000,0.000,0.003,0.000,0.003,0.003,0.009,0.000,0.472,0.472,0.703
1780271119423,0.000,0.000,0.003,0.003,0.000,0.000,0.003,0.000,0.009,0.000,0.463,0.463,0.703
1780271119472,0.000,0.000,0.003,0.003,0.000,0.000,0.003,0.003,0.012,0.000,0.480,0.480,0.703
1780271119516,0.000,0.000,0.000,0.003,0.000,0.000,0.003,0.000,0.006,0.000,0.463,0.463,0.679
1780271119552,0.003,0.000,0.000,0.003,0.000,0.000,0.003,0.000,0.009,0.000,0.455,0.455,0.630
1780271119580,0.000,0.000,0.000,0.000,0.000,0.003,0.003,0.000,0.006,0.000,0.463,0.463,0.630
1780271119629,0.000,0.000,0.000,0.000,0.000,0.000,0.000,0.000,0.000,0.000,0.463,0.463,0.679
1780271119656,0.000,0.000,0.000,0.003,0.000,0.000,0.003,0.000,0.006,0.000,0.455,0.455,0.703
1780271119691,0.000,0.000,0.000,0.003,0.000,0.000,0.003,0.003,0.009,0.000,0.455,0.455,0.703
1780271119731,0.000,0.000,0.000,0.003,0.000,0.000,0.003,0.000,0.006,0.000,0.488,0.488,0.679
1780271119787,0.000,0.003,0.000,0.003,0.000,0.000,0.003,0.000,0.009,0.000,0.472,0.472,0.703
1780271119827,0.003,0.000,0.000,0.003,0.000,0.000,0.003,0.003,0.012,0.000,0.455,0.455,0.630
1780271119863,0.003,0.000,0.000,0.003,0.000,0.000,0.003,0.003,0.012,0.000,0.463,0.463,0.679
1780271119894,0.000,0.000,0.000,0.000,0.000,0.000,0.003,0.003,0.006,0.000,0.455,0.455,0.679
1780271119950,0.003,0.000,0.000,0.010,0.000,0.000,0.003,0.000,0.016,0.000,0.463,0.463,0.679
1780271119990,0.000,0.003,0.000,0.003,0.000,0.003,0.003,0.000,0.012,0.000,0.496,0.496,0.679
1780271120035,0.003,0.000,0.003,0.003,0.000,0.000,0.003,0.000,0.012,0.000,0.480,0.480,0.727
1780271120066,0.003,0.000,0.000,0.003,0.000,0.003,0.003,0.000,0.012,0.000,0.472,0.472,0.727
1780271120109,0.000,0.000,0.003,0.003,0.000,0.000,0.000,0.000,0.006,0.000,0.455,0.455,0.703
1780271120136,0.000,0.000,0.000,0.003,0.000,0.000,0.003,0.000,0.006,0.000,0.463,0.463,0.679
1780271120168,0.003,0.000,0.000,0.003,0.000,0.000,0.003,0.003,0.012,0.000,0.463,0.463,0.703
1780271120198,0.000,0.000,0.003,0.003,0.000,0.003,0.003,0.003,0.015,0.000,0.463,0.463,0.679
1780271120256,0.000,0.000,0.000,0.003,0.000,0.000,0.003,0.003,0.009,0.000,0.480,0.480,0.703
1780271120287,0.000,0.000,0.003,0.003,0.000,0.003,0.000,0.003,0.012,0.000,0.472,0.472,0.703
1780271120320,0.000,0.000,0.000,0.003,0.000,0.000,0.003,0.003,0.009,0.000,0.463,0.463,0.630
1780271120359,0.003,0.000,0.003,0.003,0.000,0.000,0.003,0.000,0.012,0.000,0.463,0.463,0.679
1780271120398,0.003,0.000,0.000,0.003,0.000,0.003,0.003,0.000,0.012,0.000,0.455,0.455,0.679
1780271120458,0.000,0.000,0.000,0.003,0.000,0.003,0.003,0.000,0.009,0.000,0.455,0.455,0.679
1780271120513,0.000,0.000,0.000,0.003,0.000,0.000,0.003,0.000,0.006,0.000,0.463,0.463,0.679
1780271120568,0.000,0.003,0.000,0.003,0.000,0.000,0.003,0.000,0.009,0.000,0.463,0.463,0.630
1780271120601,0.000,0.000,0.000,0.003,0.000,0.003,0.003,0.000,0.009,0.000,0.463,0.463,0.679
1780271120635,0.000,0.000,0.000,0.003,0.000,0.000,0.003,0.003,0.009,0.000,0.463,0.463,0.703
1780271120662,0.003,0.000,0.000,0.003,0.000,0.000,0.003,0.003,0.012,0.000,0.463,0.463,0.679
1780271120707,0.003,0.000,0.000,0.003,0.000,0.000,0.003,0.000,0.009,0.000,0.447,0.447,0.606
1780271120760,0.003,0.000,0.000,0.003,0.000,0.000,0.000,0.000,0.006,0.000,0.488,0.488,0.703
1780271120787,0.000,0.000,0.000,0.003,0.000,0.003,0.003,0.000,0.009,0.000,0.463,0.463,0.630
1780271120830,0.000,0.003,0.000,0.003,0.000,0.000,0.003,0.000,0.009,0.000,0.472,0.472,0.703
1780271120877,0.000,0.003,0.000,0.000,0.003,0.000,0.003,0.003,0.012,0.000,0.472,0.472,0.703
1780271120903,0.003,0.000,0.000,0.003,0.000,0.000,0.003,0.000,0.009,0.000,0.455,0.455,0.703
1780271120962,0.000,0.000,0.000,0.003,0.000,0.000,0.003,0.000,0.006,0.000,0.463,0.463,0.679
1780271121007,0.000,0.000,0.003,0.003,0.000,0.000,0.003,0.000,0.009,0.000,0.472,0.472,0.703
1780271121042,0.000,0.007,0.000,0.003,0.000,0.000,0.000,0.003,0.013,0.000,0.463,0.463,0.727
1780271121083,0.000,0.000,0.003,0.003,0.000,0.000,0.000,0.000,0.006,0.000,0.455,0.455,0.630
1780271121119,0.003,0.003,0.000,0.003,0.000,0.000,0.003,0.003,0.015,0.000,0.463,0.463,0.630
1780271121152,0.000,0.000,0.000,0.003,0.000,0.000,0.003,0.003,0.009,0.000,0.455,0.455,0.679
1780271121184,0.003,0.000,0.000,0.003,0.000,0.000,0.003,0.003,0.012,0.000,0.463,0.463,0.630
1780271121214,0.000,0.003,0.000,0.003,0.000,0.003,0.003,0.000,0.012,0.000,0.463,0.463,0.679
1780271121266,0.000,0.000,0.003,0.000,0.000,0.000,0.003,0.000,0.006,0.000,0.472,0.472,0.679
1780271121301,0.000,0.000,0.003,0.003,0.000,0.000,0.003,0.000,0.009,0.000,0.472,0.472,0.630
1780271121336,0.003,0.000,0.000,0.003,0.000,0.000,0.000,0.000,0.006,0.000,0.447,0.447,0.679
1780271121371,0.003,0.000,0.000,0.003,0.003,0.000,0.003,0.000,0.012,0.000,0.463,0.463,0.703
1780271121407,0.003,0.000,0.003,0.003,0.000,0.000,0.003,0.000,0.012,0.000,0.480,0.480,0.703
1780271121464,0.003,0.000,0.000,0.003,0.000,0.000,0.003,0.003,0.012,0.000,0.472,0.472,0.679
1780271121490,0.000,0.000,0.000,0.003,0.000,0.000,0.003,0.003,0.009,0.000,0.472,0.472,0.679
1780271121534,0.003,0.000,0.000,0.003,0.000,0.000,0.003,0.000,0.009,0.000,0.472,0.472,0.679
1780271121567,0.000,0.003,0.000,0.003,0.000,0.000,0.003,0.000,0.009,0.000,0.472,0.472,0.727
1780271121622,0.003,0.000,0.000,0.003,0.003,0.000,0.003,0.003,0.015,0.000,0.472,0.472,0.703
1780271121649,0.000,0.000,0.003,0.003,0.000,0.000,0.003,0.003,0.012,0.000,0.463,0.463,0.630
1780271121685,0.000,0.000,0.003,0.003,0.000,0.000,0.003,0.003,0.012,0.000,0.463,0.463,0.679
1780271121713,0.000,0.000,0.003,0.000,0.000,0.003,0.003,0.000,0.009,0.000,0.447,0.447,0.679
1780271121758,0.003,0.000,0.003,0.003,0.000,0.000,0.003,0.003,0.015,0.000,0.455,0.455,0.679
1780271121805,0.000,0.000,0.000,0.003,0.000,0.000,0.003,0.003,0.009,0.000,0.455,0.455,0.727
1780271121831,0.007,0.000,0.000,0.000,0.000,0.000,0.003,0.003,0.013,0.000,0.480,0.480,0.630
1780271121868,0.003,0.000,0.003,0.003,0.000,0.000,0.003,0.000,0.012,0.000,0.463,0.463,0.630
1780271121901,0.000,0.000,0.000,0.003,0.000,0.000,0.003,0.000,0.006,0.000,0.447,0.447,0.703
1780271121933,0.000,0.000,0.003,0.003,0.003,0.000,0.000,0.003,0.012,0.000,0.463,0.463,0.630
1780271121987,0.000,0.000,0.000,0.000,0.000,0.000,0.003,0.003,0.006,0.000,0.455,0.455,0.727
1780271122020,0.000,0.000,0.000,0.003,0.000,0.000,0.003,0.000,0.006,0.000,0.496,0.496,0.606
1780271122065,0.000,0.000,0.000,0.000,0.000,0.000,0.003,0.003,0.006,0.000,0.472,0.472,0.679
1780271122098,0.003,0.000,0.000,0.003,0.000,0.000,0.003,0.000,0.009,0.000,0.463,0.463,0.679
1780271122148,0.003,0.000,0.000,0.000,0.000,0.000,0.003,0.003,0.009,0.000,0.463,0.463,0.703
1780271122177,0.000,0.000,0.003,0.003,0.000,0.000,0.003,0.000,0.009,0.000,0.455,0.455,0.703
1780271122215,0.000,0.000,0.000,0.000,0.000,0.000,0.000,0.000,0.000,0.000,0.463,0.463,0.630
1780271122244,0.000,0.003,0.000,0.003,0.000,0.000,0.003,0.000,0.009,0.000,0.463,0.463,0.630
1780271122291,0.003,0.000,0.000,0.003,0.000,0.000,0.003,0.000,0.009,0.000,0.472,0.472,0.679
1780271122351,0.003,0.000,0.000,0.003,0.000,0.000,0.003,0.003,0.012,0.000,0.488,0.488,0.679
1780271122375,0.000,0.000,0.000,0.003,0.003,0.003,0.003,0.000,0.012,0.000,0.463,0.463,0.630
1780271122412,0.000,0.000,0.000,0.003,0.000,0.000,0.003,0.000,0.006,0.000,0.455,0.455,0.679
1780271122437,0.003,0.000,0.000,0.007,0.000,0.000,0.003,0.000,0.013,0.000,0.463,0.463,0.703
1780271122497,0.000,0.000,0.003,0.003,0.000,0.003,0.003,0.000,0.012,0.000,0.455,0.455,0.630
1780271122532,0.003,0.000,0.000,0.003,0.000,0.000,0.003,0.003,0.012,0.000,0.480,0.480,0.630
1780271122569,0.003,0.000,0.000,0.003,0.000,0.000,0.003,0.000,0.009,0.000,0.463,0.463,0.727
1780271122601,0.000,0.000,0.003,0.003,0.000,0.000,0.003,0.003,0.012,0.000,0.463,0.463,0.703
1780271122650,0.003,0.000,0.000,0.003,0.000,0.000,0.003,0.000,0.009,0.000,0.463,0.463,0.703
1780271122678,0.003,0.000,0.003,0.007,0.000,0.000,0.003,0.000,0.016,0.000,0.472,0.472,0.630
1780271122710,0.003,0.000,0.000,0.000,0.000,0.003,0.003,0.000,0.009,0.000,0.455,0.455,0.630
1780271122738,0.000,0.000,0.000,0.003,0.000,0.003,0.000,0.000,0.006,0.000,0.463,0.463,0.679
1780271122781,0.000,0.003,0.003,0.003,0.000,0.000,0.003,0.000,0.012,0.000,0.480,0.480,0.630
1780271122809,0.003,0.000,0.000,0.003,0.000,0.003,0.003,0.003,0.015,0.000,0.472,0.472,0.679
1780271122853,0.000,0.000,0.000,0.000,0.000,0.003,0.000,0.000,0.003,0.000,0.472,0.472,0.727
1780271122880,0.003,0.000,0.003,0.003,0.000,0.000,0.003,0.000,0.012,0.000,0.463,0.463,0.679
1780271122927,0.003,0.000,0.000,0.003,0.000,0.000,0.003,0.003,0.012,0.000,0.472,0.472,0.679
1780271122953,0.000,0.000,0.000,0.003,0.000,0.000,0.003,0.000,0.006,0.000,0.472,0.472,0.703
1780271123015,0.003,0.000,0.003,0.003,0.000,0.000,0.007,0.000,0.016,0.000,0.472,0.472,0.703
1780271123045,0.003,0.000,0.003,0.003,0.000,0.000,0.003,0.000,0.012,0.000,0.472,0.472,0.703
1780271123082,0.000,0.000,0.000,0.003,0.000,0.003,0.003,0.000,0.009,0.000,0.480,0.480,0.703
1780271123117,0.003,0.000,0.003,0.003,0.000,0.000,0.003,0.000,0.012,0.000,0.463,0.463,0.679
1780271123166,0.000,0.000,0.000,0.003,0.000,0.003,0.003,0.003,0.012,0.000,0.455,0.455,0.679
1780271123205,0.003,0.000,0.000,0.003,0.000,0.000,0.000,0.003,0.009,0.000,0.463,0.463,0.679
1780271123240,0.000,0.000,0.000,0.003,0.000,0.000,0.003,0.000,0.006,0.000,0.463,0.463,0.703
1780271123275,0.003,0.000,0.000,0.003,0.000,0.003,0.003,0.000,0.012,0.000,0.480,0.480,0.703
1780271123307,0.003,0.000,0.003,0.003,0.000,0.000,0.003,0.003,0.015,0.000,0.472,0.472,0.703
1780271123338,0.000,0.000,0.003,0.003,0.000,0.000,0.000,0.003,0.009,0.000,0.480,0.480,0.630
1780271123382,0.003,0.000,0.000,0.003,0.000,0.000,0.003,0.000,0.009,0.000,0.463,0.463,0.679
1780271123412,0.000,0.000,0.000,0.003,0.000,0.000,0.003,0.003,0.009,0.000,0.472,0.472,0.703
1780271123445,0.003,0.000,0.000,0.003,0.000,0.003,0.003,0.003,0.015,0.000,0.463,0.463,0.679
1780271123476,0.003,0.000,0.000,0.003,0.000,0.000,0.003,0.000,0.009,0.000,0.472,0.472,0.679
1780271123537,0.000,0.000,0.000,0.003,0.000,0.000,0.000,0.007,0.010,0.000,0.480,0.480,0.679
1780271123563,0.000,0.000,0.000,0.003,0.000,0.000,0.003,0.003,0.009,0.000,0.463,0.463,0.679
1780271123603,0.007,0.000,0.000,0.003,0.000,0.000,0.003,0.000,0.013,0.000,0.472,0.472,0.703
1780271123638,0.003,0.003,0.000,0.003,0.000,0.000,0.003,0.000,0.012,0.000,0.463,0.463,0.703
1780271123687,0.000,0.000,0.000,0.003,0.003,0.000,0.003,0.000,0.009,0.000,0.447,0.447,0.703
1780271123738,0.000,0.000,0.000,0.003,0.000,0.000,0.003,0.003,0.009,0.000,0.447,0.447,0.679
1780271123789,0.000,0.000,0.000,0.003,0.000,0.000,0.000,0.000,0.003,0.000,0.480,0.480,0.679
1780271123813,0.000,0.003,0.000,0.003,0.000,0.000,0.003,0.000,0.009,0.000,0.463,0.463,0.727
1780271123845,0.003,0.000,0.000,0.003,0.000,0.000,0.003,0.000,0.009,0.000,0.472,0.472,0.679
1780271123880,0.003,0.000,0.000,0.003,0.000,0.003,0.003,0.000,0.012,0.000,0.455,0.455,0.727
1780271123917,0.007,0.000,0.000,0.003,0.000,0.000,0.003,0.003,0.016,0.000,0.463,0.463,0.679
1780271123948,0.000,0.000,0.003,0.003,0.000,0.000,0.003,0.000,0.009,0.000,0.472,0.472,0.679
1780271123980,0.000,0.000,0.000,0.000,0.000,0.000,0.003,0.000,0.003,0.000,0.455,0.455,0.679
1780271124035,0.000,0.000,0.003,0.003,0.000,0.000,0.000,0.000,0.006,0.000,0.463,0.463,0.679
1780271124070,0.000,0.000,0.003,0.003,0.000,0.000,0.003,0.003,0.012,0.000,0.480,0.480,0.703
1780271124109,0.000,0.000,0.000,0.003,0.000,0.000,0.000,0.000,0.003,0.000,0.463,0.463,0.703
1780271124139,0.000,0.000,0.000,0.000,0.000,0.000,0.003,0.003,0.006,0.000,0.463,0.463,0.679
1780271124178,0.003,0.000,0.000,0.003,0.000,0.000,0.003,0.003,0.012,0.000,0.455,0.455,0.679
1780271124230,0.003,0.000,0.000,0.003,0.000,0.000,0.003,0.000,0.009,0.000,0.472,0.472,0.630
1780271124263,0.003,0.000,0.000,0.003,0.003,0.003,0.003,0.000,0.015,0.000,0.463,0.463,0.703
1780271124304,0.000,0.003,0.003,0.003,0.000,0.000,0.003,0.000,0.012,0.000,0.488,0.488,0.679
1780271124333,0.000,0.000,0.000,0.003,0.000,0.000,0.003,0.000,0.006,0.000,0.480,0.480,0.703
1780271124372,0.003,0.000,0.003,0.003,0.000,0.000,0.003,0.000,0.012,0.000,0.480,0.480,0.703
1780271124410,0.003,0.000,0.003,0.003,0.000,0.000,0.003,0.000,0.012,0.000,0.463,0.463,0.703
1780271124447,0.000,0.000,0.000,0.003,0.000,0.000,0.000,0.003,0.006,0.000,0.455,0.455,0.679
1780271124483,0.000,0.000,0.003,0.003,0.000,0.000,0.000,0.000,0.006,0.000,0.455,0.455,0.679
1780271124554,0.000,0.000,0.000,0.003,0.000,0.000,0.003,0.000,0.006,0.000,0.480,0.480,0.703
1780271124586,0.000,0.000,0.000,0.003,0.000,0.000,0.003,0.000,0.006,0.000,0.463,0.463,0.703
1780271124625,0.000,0.000,0.000,0.003,0.000,0.000,0.003,0.000,0.006,0.000,0.463,0.463,0.679
1780271124661,0.000,0.003,0.000,0.003,0.000,0.003,0.007,0.000,0.016,0.000,0.463,0.463,0.630
1780271124704,0.000,0.000,0.000,0.003,0.000,0.003,0.003,0.000,0.009,0.000,0.463,0.463,0.679
1780271124747,0.000,0.000,0.000,0.003,0.000,0.007,0.003,0.000,0.013,0.000,0.463,0.463,0.679
1780271124788,0.000,0.000,0.000,0.003,0.000,0.000,0.003,0.003,0.009,0.000,0.447,0.447,0.703
1780271124826,0.000,0.000,0.000,0.003,0.000,0.000,0.003,0.000,0.006,0.000,0.472,0.472,0.679
1780271124860,0.000,0.000,0.000,0.003,0.000,0.000,0.000,0.000,0.003,0.000,0.463,0.463,0.679
1780271124888,0.000,0.000,0.000,0.003,0.000,0.000,0.003,0.000,0.006,0.000,0.447,0.447,0.679
1780271124937,0.003,0.000,0.000,0.000,0.000,0.000,0.003,0.003,0.009,0.000,0.463,0.463,0.703
1780271124970,0.000,0.000,0.000,0.000,0.000,0.000,0.003,0.003,0.006,0.000,0.463,0.463,0.703
1780271125007,0.007,0.000,0.000,0.003,0.000,0.000,0.003,0.000,0.013,0.000,0.455,0.455,0.679
1780271125065,0.000,0.000,0.000,0.007,0.000,0.000,0.003,0.003,0.013,0.000,0.472,0.472,0.727
1780271125097,0.000,0.000,0.000,0.003,0.000,0.000,0.003,0.000,0.006,0.000,0.472,0.472,0.679
1780271125132,0.000,0.000,0.003,0.003,0.000,0.000,0.003,0.000,0.009,0.000,0.463,0.463,0.679
1780271125168,0.000,0.000,0.000,0.003,0.000,0.003,0.000,0.007,0.013,0.000,0.455,0.455,0.703
1780271125210,0.003,0.000,0.003,0.003,0.000,0.000,0.003,0.003,0.015,0.000,0.480,0.480,0.703
1780271125252,0.000,0.003,0.003,0.003,0.000,0.000,0.003,0.000,0.012,0.000,0.463,0.463,0.703
1780271125287,0.003,0.000,0.003,0.003,0.000,0.000,0.000,0.000,0.009,0.000,0.472,0.472,0.679
1780271125320,0.000,0.000,0.000,0.003,0.000,0.003,0.000,0.000,0.006,0.000,0.488,0.488,0.630
1780271125349,0.000,0.000,0.003,0.003,0.000,0.000,0.000,0.000,0.006,0.000,0.472,0.472,0.630
1780271125379,0.003,0.000,0.000,0.003,0.000,0.000,0.003,0.000,0.009,0.000,0.472,0.472,0.630
1780271125409,0.000,0.000,0.000,0.003,0.000,0.000,0.003,0.000,0.006,0.000,0.463,0.463,0.679
1780271125449,0.003,0.000,0.000,0.003,0.000,0.000,0.003,0.000,0.009,0.000,0.455,0.455,0.727
1780271125480,0.000,0.000,0.000,0.003,0.000,0.000,0.003,0.003,0.009,0.000,0.463,0.463,0.703
1780271125520,0.003,0.000,0.003,0.000,0.000,0.000,0.000,0.000,0.006,0.000,0.472,0.472,0.630
1780271125587,0.000,0.003,0.000,0.003,0.000,0.000,0.000,0.000,0.006,0.000,0.455,0.455,0.727
1780271125614,0.003,0.000,0.000,0.000,0.000,0.000,0.003,0.000,0.006,0.000,0.463,0.463,0.679
1780271125660,0.003,0.000,0.000,0.003,0.000,0.000,0.003,0.003,0.012,0.000,0.488,0.488,0.679
1780271125704,0.000,0.000,0.003,0.003,0.000,0.000,0.003,0.000,0.009,0.000,0.463,0.463,0.679
1780271125745,0.003,0.000,0.000,0.003,0.000,0.000,0.003,0.000,0.009,0.000,0.447,0.447,0.630
1780271125810,0.003,0.000,0.000,0.003,0.000,0.003,0.003,0.000,0.012,0.000,0.455,0.455,0.679
1780271125842,0.003,0.000,0.000,0.003,0.000,0.000,0.003,0.003,0.012,0.000,0.472,0.472,0.703
1780271125875,0.000,0.000,0.000,0.003,0.000,0.000,0.003,0.000,0.006,0.000,0.463,0.463,0.630
1780271125904,0.000,0.000,0.000,0.003,0.000,0.000,0.003,0.003,0.009,0.000,0.455,0.455,0.630
1780271125948,0.000,0.003,0.007,0.003,0.000,0.003,0.003,0.003,0.022,0.000,0.455,0.455,0.727
1780271125992,0.003,0.000,0.000,0.003,0.000,0.000,0.003,0.000,0.009,0.000,0.447,0.447,0.679
1780271126034,0.000,0.003,0.000,0.000,0.000,0.000,0.003,0.000,0.006,0.000,0.463,0.463,0.679
1780271126105,0.003,0.000,0.003,0.003,0.000,0.000,0.003,0.000,0.012,0.000,0.463,0.463,0.679
1780271126132,0.003,0.000,0.000,0.000,0.000,0.000,0.000,0.000,0.003,0.000,0.463,0.463,0.703
1780271126183,0.003,0.000,0.000,0.003,0.000,0.000,0.003,0.003,0.012,0.000,0.447,0.447,0.679
1780271126231,0.007,0.000,0.000,0.000,0.000,0.000,0.003,0.003,0.013,0.000,0.463,0.463,0.630
1780271126260,0.003,0.000,0.000,0.003,0.000,0.003,0.003,0.000,0.012,0.000,0.472,0.472,0.630
1780271126303,0.003,0.000,0.000,0.003,0.000,0.000,0.003,0.000,0.009,0.000,0.480,0.480,0.703
1780271126333,0.003,0.000,0.000,0.003,0.000,0.003,0.003,0.003,0.015,0.000,0.463,0.463,0.727
1780271126371,0.003,0.000,0.000,0.003,0.000,0.000,0.003,0.000,0.009,0.000,0.463,0.463,0.679
1780271126397,0.000,0.003,0.000,0.003,0.000,0.000,0.003,0.000,0.009,0.000,0.463,0.463,0.630
1780271126431,0.000,0.000,0.000,0.003,0.000,0.000,0.003,0.000,0.006,0.000,0.455,0.455,0.679
1780271126457,0.000,0.000,0.000,0.000,0.000,0.000,0.003,0.003,0.006,0.000,0.455,0.455,0.679
1780271126507,0.000,0.003,0.000,0.003,0.000,0.000,0.003,0.003,0.012,0.000,0.463,0.463,0.703
1780271126540,0.000,0.000,0.000,0.003,0.000,0.000,0.003,0.000,0.006,0.000,0.472,0.472,0.679
1780271126616,0.000,0.003,0.000,0.003,0.000,0.000,0.003,0.000,0.009,0.000,0.504,0.504,0.727
1780271126643,0.003,0.000,0.000,0.003,0.000,0.000,0.003,0.000,0.009,0.000,0.480,0.480,0.703
1780271126683,0.000,0.000,0.000,0.000,0.000,0.000,0.003,0.000,0.003,0.000,0.463,0.463,0.679
1780271126711,0.003,0.000,0.000,0.000,0.000,0.000,0.003,0.000,0.006,0.000,0.447,0.447,0.703
1780271126752,0.003,0.000,0.003,0.003,0.000,0.000,0.003,0.000,0.012,0.000,0.455,0.455,0.703
1780271126787,0.000,0.000,0.000,0.003,0.000,0.000,0.003,0.000,0.006,0.000,0.455,0.455,0.703
1780271126839,0.000,0.000,0.000,0.003,0.000,0.000,0.003,0.000,0.006,0.000,0.480,0.480,0.679
1780271126873,0.003,0.000,0.003,0.003,0.000,0.003,0.000,0.003,0.015,0.000,0.455,0.455,0.630
1780271126911,0.003,0.000,0.000,0.003,0.000,0.000,0.003,0.000,0.009,0.000,0.463,0.463,0.679
1780271126945,0.007,0.000,0.000,0.003,0.000,0.000,0.003,0.003,0.016,0.000,0.455,0.455,0.703
1780271126979,0.000,0.003,0.000,0.003,0.000,0.000,0.000,0.003,0.009,0.000,0.463,0.463,0.703
1780271127024,0.000,0.000,0.000,0.003,0.000,0.000,0.003,0.000,0.006,0.000,0.455,0.455,0.679
1780271127065,0.000,0.000,0.000,0.003,0.000,0.000,0.003,0.000,0.006,0.000,0.488,0.488,0.679
1780271127131,0.000,0.000,0.003,0.003,0.000,0.000,0.003,0.003,0.012,0.000,0.472,0.472,0.703
1780271127159,0.000,0.000,0.000,0.003,0.000,0.003,0.000,0.000,0.006,0.000,0.472,0.472,0.703
1780271127200,0.000,0.000,0.000,0.003,0.000,0.000,0.003,0.003,0.009,0.000,0.463,0.463,0.703
1780271127233,0.000,0.000,0.000,0.003,0.000,0.000,0.003,0.000,0.006,0.000,0.455,0.455,0.679
1780271127286,0.003,0.000,0.000,0.003,0.003,0.003,0.000,0.000,0.012,0.000,0.463,0.463,0.630
1780271127331,0.000,0.000,0.000,0.000,0.000,0.000,0.000,0.000,0.000,0.000,0.472,0.472,0.630
1780271127358,0.000,0.003,0.003,0.003,0.000,0.003,0.003,0.007,0.022,0.000,0.480,0.480,0.727
1780271127390,0.003,0.000,0.000,0.003,0.000,0.000,0.003,0.003,0.012,0.000,0.488,0.488,0.679
1780271127422,0.000,0.000,0.000,0.000,0.000,0.000,0.003,0.000,0.003,0.000,0.463,0.463,0.679
1780271127458,0.000,0.000,0.000,0.000,0.000,0.000,0.003,0.000,0.003,0.000,0.447,0.447,0.703
1780271127497,0.003,0.000,0.000,0.003,0.000,0.000,0.007,0.003,0.016,0.000,0.455,0.455,0.679
1780271127550,0.003,0.000,0.000,0.003,0.000,0.000,0.003,0.003,0.012,0.000,0.463,0.463,0.679
1780271127590,0.000,0.000,0.000,0.003,0.000,0.000,0.003,0.003,0.009,0.000,0.463,0.463,0.703
1780271127650,0.003,0.000,0.000,0.003,0.000,0.003,0.003,0.000,0.012,0.000,0.447,0.447,0.703
1780271127682,0.000,0.000,0.000,0.003,0.003,0.000,0.003,0.003,0.012,0.000,0.455,0.455,0.679
1780271127725,0.003,0.000,0.000,0.003,0.000,0.000,0.003,0.000,0.009,0.000,0.447,0.447,0.679
1780271127760,0.000,0.000,0.003,0.003,0.000,0.000,0.000,0.000,0.006,0.000,0.455,0.455,0.630
1780271127805,0.003,0.000,0.000,0.003,0.000,0.000,0.003,0.000,0.009,0.000,0.447,0.447,0.630
1780271127860,0.000,0.000,0.000,0.003,0.003,0.003,0.007,0.003,0.019,0.000,0.472,0.472,0.703
1780271127895,0.003,0.000,0.000,0.003,0.000,0.000,0.003,0.000,0.009,0.000,0.455,0.455,0.630
1780271127930,0.000,0.000,0.000,0.003,0.000,0.000,0.003,0.000,0.006,0.000,0.463,0.463,0.703
1780271127966,0.003,0.003,0.003,0.003,0.000,0.000,0.000,0.007,0.019,0.000,0.455,0.455,0.703
1780271128005,0.000,0.003,0.000,0.003,0.000,0.000,0.003,0.003,0.012,0.000,0.463,0.463,0.679
1780271128044,0.000,0.000,0.003,0.000,0.000,0.000,0.003,0.003,0.009,0.000,0.463,0.463,0.703
1780271128077,0.003,0.000,0.003,0.003,0.000,0.000,0.003,0.000,0.012,0.000,0.480,0.480,0.703
1780271128107,0.003,0.000,0.000,0.003,0.000,0.003,0.003,0.000,0.012,0.000,0.488,0.488,0.703
1780271128169,0.000,0.003,0.003,0.003,0.000,0.000,0.003,0.000,0.012,0.000,0.463,0.463,0.679
1780271128197,0.000,0.000,0.000,0.003,0.000,0.003,0.000,0.000,0.006,0.000,0.463,0.463,0.703
1780271128232,0.000,0.000,0.000,0.003,0.000,0.000,0.003,0.003,0.009,0.000,0.472,0.472,0.703
1780271128257,0.000,0.000,0.000,0.003,0.000,0.000,0.003,0.000,0.006,0.000,0.455,0.455,0.679
1780271128290,0.000,0.000,0.000,0.000,0.000,0.000,0.003,0.000,0.003,0.000,0.455,0.455,0.703
1780271128333,0.000,0.000,0.000,0.003,0.000,0.000,0.003,0.000,0.006,0.000,0.480,0.480,0.679
1780271128379,0.003,0.000,0.000,0.000,0.000,0.000,0.003,0.003,0.009,0.000,0.455,0.455,0.703
1780271128416,0.000,0.000,0.000,0.000,0.003,0.000,0.003,0.003,0.009,0.000,0.447,0.447,0.703
1780271128450,0.003,0.000,0.000,0.003,0.000,0.000,0.003,0.000,0.009,0.000,0.463,0.463,0.703
1780271128483,0.000,0.003,0.000,0.000,0.000,0.000,0.003,0.000,0.006,0.000,0.488,0.488,0.679
1780271128517,0.000,0.000,0.000,0.003,0.000,0.000,0.003,0.003,0.009,0.000,0.472,0.472,0.703
1780271128569,0.000,0.003,0.000,0.003,0.000,0.000,0.003,0.000,0.009,0.000,0.463,0.463,0.703
1780271128604,0.003,0.003,0.000,0.007,0.000,0.003,0.000,0.000,0.016,0.000,0.472,0.472,0.679
1780271128650,0.000,0.000,0.003,0.003,0.003,0.000,0.003,0.000,0.012,0.000,0.472,0.472,0.703
1780271128712,0.000,0.000,0.003,0.003,0.003,0.000,0.003,0.000,0.012,0.000,0.447,0.447,0.630
1780271128756,2.208,1.742,2.022,1.516,0.000,0.000,0.003,0.000,7.491,0.000,5.388,5.388,0.752
1780271128810,4.140,4.315,6.801,6.528,0.000,0.000,0.000,0.000,21.784,0.000,18.290,18.290,15.103
1780271128852,2.172,2.398,7.705,7.443,0.000,0.000,0.003,0.000,19.721,0.000,18.705,18.705,16.655
1780271128887,2.974,3.623,6.673,6.568,0.000,0.000,0.000,0.003,19.841,0.000,19.039,19.039,16.582
1780271128939,1.920,2.908,6.473,6.017,0.000,0.000,0.003,0.000,17.321,0.000,16.939,16.939,15.491
1780271128967,1.709,3.357,6.105,5.573,0.000,0.003,0.003,0.003,16.753,0.000,16.735,16.735,14.303
1780271129001,2.460,3.823,5.624,4.953,0.000,0.000,0.003,0.003,16.866,0.000,16.336,16.336,14.424
1780271129031,2.168,3.539,5.270,4.640,0.000,0.000,0.000,0.000,15.617,0.000,15.360,15.360,13.624
1780271129093,2.361,3.477,4.618,4.031,0.000,0.000,0.003,0.003,14.493,0.000,14.082,14.082,12.533
1780271129123,2.580,3.203,4.261,3.659,0.000,0.000,0.003,0.000,13.706,0.000,13.422,13.422,12.073
1780271129163,2.591,1.556,4.122,1.374,0.000,0.000,0.003,0.000,9.646,0.000,9.271,9.271,10.933
1780271129225,2.310,0.160,3.838,0.160,0.000,0.000,0.003,0.003,6.474,0.000,6.772,6.772,5.867
1780271129273,2.861,0.087,2.963,0.112,0.003,0.003,0.003,0.003,6.035,0.000,6.096,6.096,5.552
1780271129310,2.365,1.873,2.099,2.037,0.000,0.000,0.003,0.000,8.377,0.000,8.457,8.457,4.388
1780271129339,2.121,3.145,1.727,3.645,0.003,0.000,0.003,0.000,10.644,0.000,10.337,10.337,9.139
1780271129382,2.135,2.803,1.811,3.870,0.000,0.000,0.000,0.000,10.619,0.000,10.582,10.582,9.455
1780271129413,2.278,2.770,1.902,3.663,0.000,0.000,0.003,0.003,10.619,0.000,10.370,10.370,9.406
1780271129457,2.325,2.726,1.961,2.956,0.000,0.003,0.000,0.000,9.971,0.000,9.784,9.784,8.897
1780271129486,2.274,2.303,1.968,2.697,0.000,0.000,0.003,0.003,9.248,0.000,9.320,9.320,8.339
1780271129525,2.252,2.168,1.829,2.518,0.000,0.003,0.003,0.000,8.773,0.000,8.864,8.864,7.903
1780271129553,2.074,2.190,1.815,2.361,0.000,0.000,0.003,0.003,8.446,0.000,8.384,8.384,7.588
1780271129609,1.877,2.012,1.851,2.095,0.000,0.000,0.003,0.003,7.841,0.000,8.083,8.083,7.055
1780271129635,2.070,1.990,1.826,1.946,0.000,0.000,0.003,0.003,7.838,0.000,7.903,7.903,7.152
1780271129681,1.913,1.749,1.680,1.851,0.000,0.000,0.003,0.000,7.196,0.000,7.415,7.415,6.667
1780271129746,2.015,0.295,1.735,0.349,0.000,0.000,0.003,0.000,4.397,0.000,4.835,4.835,4.388
1780271129785,1.764,0.156,1.549,0.149,0.000,0.000,0.003,0.003,3.624,0.000,3.931,3.931,3.709
1780271129837,0.667,0.211,0.426,0.244,0.000,0.000,0.003,0.000,1.551,0.000,1.872,1.872,2.182
1780271129873,0.207,0.178,0.094,0.174,0.000,0.000,0.003,0.000,0.656,0.000,1.058,1.058,1.212
1780271129915,0.072,0.065,0.018,0.094,0.000,0.000,0.003,0.000,0.252,0.000,0.675,0.675,0.824
1780271129941,0.061,0.058,0.010,0.080,0.000,0.000,0.003,0.003,0.215,0.000,0.610,0.610,0.703
1780271129992,0.014,0.014,0.003,0.021,0.000,0.000,0.003,0.003,0.058,0.000,0.439,0.439,0.679
1780271130020,0.003,0.007,0.003,0.014,0.000,0.000,0.003,0.000,0.030,0.000,0.415,0.415,0.582
1780271130056,0.007,0.003,0.003,0.007,0.000,0.000,0.000,0.000,0.020,0.000,0.415,0.415,0.606
1780271130112,0.007,0.003,0.000,0.003,0.000,0.003,0.003,0.000,0.019,0.000,0.423,0.423,0.606
1780271130143,0.003,0.000,0.003,0.007,0.000,0.003,0.003,0.000,0.019,0.000,0.431,0.431,0.606
1780271130181,0.000,0.003,0.000,0.007,0.003,0.000,0.003,0.003,0.019,0.000,0.439,0.439,0.630
1780271130208,0.003,0.000,0.003,0.003,0.000,0.000,0.003,0.000,0.012,0.000,0.439,0.439,0.630
1780271130264,0.003,0.000,0.000,0.003,0.000,0.000,0.003,0.000,0.009,0.000,0.472,0.472,0.630
1780271130305,0.003,0.000,0.003,0.003,0.000,0.000,0.000,0.000,0.009,0.000,0.504,0.504,0.703
1780271130334,0.003,0.000,0.000,0.003,0.000,0.003,0.003,0.000,0.012,0.000,0.480,0.480,0.679
1780271130360,0.003,0.000,0.000,0.007,0.000,0.003,0.003,0.000,0.016,0.000,0.496,0.496,0.630
1780271130391,0.003,0.000,0.003,0.003,0.000,0.000,0.007,0.000,0.016,0.000,0.496,0.496,0.703
1780271130425,0.003,0.003,0.000,0.003,0.000,0.003,0.003,0.000,0.015,0.000,0.480,0.480,0.630
1780271130463,0.003,0.003,0.000,0.003,0.000,0.000,0.003,0.000,0.012,0.000,0.488,0.488,0.679
1780271130506,0.003,0.003,0.000,0.007,0.000,0.000,0.003,0.000,0.016,0.000,0.472,0.472,0.679
1780271130540,0.000,0.000,0.003,0.003,0.000,0.000,0.003,0.003,0.012,0.000,0.488,0.488,0.703
1780271130569,0.003,0.003,0.000,0.003,0.000,0.000,0.003,0.000,0.012,0.000,0.480,0.480,0.679
1780271130635,0.003,0.000,0.003,0.003,0.000,0.000,0.003,0.003,0.015,0.000,0.504,0.504,0.679
1780271130668,0.000,0.003,0.000,0.000,0.000,0.000,0.003,0.000,0.006,0.000,0.488,0.488,0.679
1780271130710,0.000,0.000,0.003,0.003,0.000,0.000,0.003,0.000,0.009,0.000,0.488,0.488,0.630
1780271130771,0.000,0.000,0.003,0.007,0.000,0.000,0.000,0.000,0.010,0.000,0.488,0.488,0.630
1780271130802,0.003,0.000,0.000,0.003,0.000,0.003,0.003,0.000,0.012,0.000,0.480,0.480,0.679
1780271130833,0.000,0.000,0.003,0.003,0.000,0.000,0.000,0.000,0.006,0.000,0.480,0.480,0.679
1780271130861,0.000,0.000,0.000,0.003,0.000,0.000,0.003,0.000,0.006,0.000,0.496,0.496,0.703
1780271130902,0.000,0.000,0.000,0.003,0.000,0.000,0.003,0.000,0.006,0.000,0.488,0.488,0.703
1780271130936,0.000,0.003,0.003,0.003,0.000,0.000,0.000,0.000,0.009,0.000,0.472,0.472,1.236
1780271130970,0.003,0.000,0.000,0.000,0.000,0.000,0.003,0.003,0.009,0.000,0.480,0.480,2.570
1780271131020,0.000,0.000,0.003,0.003,0.000,0.000,0.000,0.003,0.009,0.000,0.488,0.488,4.194
1780271131054,0.003,0.000,0.000,0.003,0.000,0.000,0.000,0.000,0.006,0.000,0.488,0.488,4.194
1780271131088,0.000,0.000,0.000,0.003,0.000,0.000,0.000,0.000,0.003,0.000,0.480,0.480,4.218
1780271131121,0.003,0.000,0.000,0.003,0.000,0.000,0.000,0.000,0.006,0.000,0.496,0.496,4.170
1780271131160,0.000,0.000,0.000,0.003,0.000,0.000,0.000,0.018,0.021,0.000,0.496,0.496,4.218
1780271131195,0.003,0.000,0.000,0.000,0.000,0.000,0.003,0.003,0.009,0.000,0.472,0.472,4.170
1780271131239,0.007,0.000,0.000,0.003,0.000,0.000,0.000,0.000,0.010,0.000,0.480,0.480,4.170
1780271131305,0.000,0.003,0.003,0.003,0.000,0.000,0.000,0.000,0.009,0.000,0.496,0.496,4.170
1780271131360,0.003,0.000,0.003,0.003,3.987,3.757,0.007,0.007,7.767,0.000,0.529,0.529,4.242
1780271131391,0.000,0.000,0.000,0.000,4.173,4.020,0.007,0.007,8.207,0.000,0.545,0.545,13.188
1780271131421,0.000,0.000,0.000,0.003,3.069,2.912,0.003,0.003,5.990,0.000,0.520,0.520,7.952
1780271131455,0.000,0.000,0.000,0.003,2.125,2.256,0.007,0.003,4.394,0.000,0.520,0.520,4.994
1780271131491,0.003,0.000,0.000,0.003,1.840,1.862,0.003,0.003,3.714,0.000,0.488,0.488,4.242
1780271131543,0.003,0.000,0.000,0.003,1.570,1.665,0.000,0.003,3.244,0.000,0.504,0.504,3.685
1780271131575,0.003,0.000,0.000,0.000,1.472,1.629,0.003,0.003,3.110,0.000,0.496,0.496,3.636
1780271131613,0.000,0.000,0.000,0.003,1.498,1.545,0.003,0.003,3.052,0.000,0.520,0.520,3.636
1780271131649,0.000,0.000,0.000,0.003,1.436,1.545,0.003,0.003,2.990,0.000,0.520,0.520,3.661
1780271131681,0.000,0.003,0.000,0.003,1.512,1.549,0.000,0.007,3.074,0.000,0.512,0.512,3.418
1780271131707,0.003,0.000,0.000,0.003,1.450,1.563,0.003,0.003,3.025,0.000,0.496,0.496,3.564
1780271131739,0.000,0.000,0.000,0.003,1.436,1.519,0.000,0.007,2.965,0.000,0.496,0.496,3.588
1780271131771,0.007,0.000,0.000,0.003,1.490,1.512,0.003,0.003,3.018,0.000,0.504,0.504,3.515
1780271131818,0.000,0.000,0.003,0.003,1.406,1.509,0.003,0.003,2.927,0.000,0.512,0.512,3.539
1780271131880,0.000,0.000,0.000,0.003,1.523,1.498,0.003,0.003,3.030,0.000,0.504,0.504,3.442
1780271131919,0.000,0.000,0.003,0.003,1.479,1.512,0.007,0.003,3.007,0.000,0.504,0.504,3.442
1780271131952,0.003,0.000,0.003,0.003,1.432,1.509,0.003,0.003,2.956,0.000,0.496,0.496,3.564
1780271131987,0.003,0.000,0.000,0.000,1.410,1.519,0.003,0.003,2.938,0.000,0.480,0.480,3.491
1780271132020,0.003,0.000,0.000,0.000,1.494,1.530,0.003,0.000,3.030,0.000,0.480,0.480,3.539
1780271132075,0.003,0.000,0.000,0.003,1.417,1.490,0.007,0.003,2.923,0.000,0.488,0.488,3.564
1780271132104,0.000,0.003,0.003,0.003,1.439,1.589,0.003,0.003,3.043,0.000,0.488,0.488,3.564
1780271132147,0.003,0.000,0.000,0.000,1.512,1.487,0.007,0.003,3.012,0.000,0.488,0.488,3.394
1780271132176,0.000,0.000,0.000,0.003,1.479,1.505,0.003,0.003,2.993,0.000,0.488,0.488,3.418
1780271132230,0.003,0.000,0.000,0.000,1.498,1.490,0.003,0.003,2.997,0.000,0.512,0.512,3.491
1780271132255,0.000,0.000,0.000,0.003,1.403,1.505,0.003,0.003,2.917,0.000,0.504,0.504,3.515
1780271132284,0.003,0.000,0.000,0.003,1.458,1.505,0.003,0.003,2.975,0.000,0.520,0.520,3.491
1780271132326,0.003,0.000,0.000,0.003,1.436,1.468,0.000,0.003,2.913,0.000,0.496,0.496,3.515
1780271132385,0.000,0.000,0.000,0.003,1.439,1.519,0.003,0.003,2.967,0.000,0.529,0.529,3.515
1780271132411,0.003,0.000,0.000,0.003,1.476,1.465,0.003,0.003,2.953,0.000,0.504,0.504,3.539
1780271132441,0.000,0.000,0.000,0.003,1.479,1.501,0.003,0.003,2.989,0.000,0.504,0.504,3.442
1780271132466,0.000,0.000,0.000,0.003,1.417,1.505,0.003,0.003,2.931,0.000,0.496,0.496,3.515
1780271132503,0.000,0.000,0.003,0.000,1.465,1.487,0.003,0.003,2.961,0.000,0.488,0.488,3.418
1780271132534,0.000,0.000,0.000,0.000,1.443,1.509,0.003,0.003,2.958,0.000,0.496,0.496,3.515
1780271132584,0.000,0.000,0.000,0.007,1.403,1.465,0.003,0.003,2.881,0.000,0.496,0.496,3.491
1780271132611,0.000,0.000,0.000,0.003,1.501,1.501,0.003,0.003,3.011,0.000,0.520,0.520,3.491
1780271132651,0.000,0.000,0.003,0.003,1.483,1.519,0.003,0.003,3.014,0.000,0.529,0.529,3.418
1780271132680,0.000,0.000,0.000,0.003,1.417,1.461,0.003,0.003,2.887,0.000,0.520,0.520,3.418
1780271132713,0.000,0.003,0.000,0.003,1.461,1.490,0.007,0.003,2.967,0.000,0.504,0.504,3.515
1780271132741,0.003,0.000,0.000,0.003,1.468,1.494,0.007,0.003,2.978,0.000,0.480,0.480,3.442
1780271132772,0.000,0.000,0.000,0.003,1.428,1.476,0.003,0.003,2.913,0.000,0.496,0.496,3.418
1780271132799,0.003,0.000,0.000,0.000,1.443,1.487,0.003,0.003,2.939,0.000,0.504,0.504,3.515
1780271132857,0.000,0.000,0.000,0.003,1.487,1.472,0.003,0.003,2.968,0.000,0.488,0.488,3.442
1780271132918,0.000,0.003,0.000,0.003,1.450,1.487,0.003,0.003,2.949,0.000,0.512,0.512,3.394
1780271132943,0.000,0.000,0.003,0.000,1.501,1.472,0.003,0.007,2.986,0.000,0.488,0.488,3.442
1780271132975,0.000,0.000,0.000,0.003,1.396,1.494,0.003,0.000,2.896,0.000,0.504,0.504,3.539
1780271133011,0.000,0.000,0.000,0.003,1.458,1.494,0.003,0.003,2.961,0.000,0.496,0.496,3.442
1780271133045,0.003,0.000,0.000,0.003,1.450,1.465,0.003,0.003,2.927,0.000,0.496,0.496,3.442
1780271133090,0.003,0.000,0.000,0.003,1.432,1.468,0.003,0.003,2.912,0.000,0.504,0.504,3.491
1780271133123,0.000,0.000,0.000,0.003,1.439,1.483,0.003,0.000,2.928,0.000,0.537,0.537,3.491
1780271133155,0.003,0.000,0.000,0.000,1.458,1.479,0.003,0.003,2.946,0.000,0.545,0.545,3.442
1780271133184,0.003,0.000,0.000,0.007,1.421,1.487,0.003,0.003,2.924,0.000,0.537,0.537,3.515
1780271133208,0.003,0.000,0.000,0.003,1.454,1.494,0.003,0.003,2.960,0.000,0.520,0.520,3.491
1780271133241,0.003,0.000,0.003,0.003,1.483,1.498,0.003,0.003,2.996,0.000,0.512,0.512,3.442
1780271133267,0.000,0.000,0.000,0.003,1.436,1.490,0.007,0.003,2.939,0.000,0.488,0.488,3.442
1780271133314,0.003,0.000,0.000,0.003,0.233,0.291,0.003,0.003,0.536,0.000,0.480,0.480,1.770
1780271133369,0.000,0.000,0.000,0.003,0.021,0.025,0.003,0.000,0.052,0.000,0.488,0.488,0.679
1780271133429,0.000,0.003,0.000,0.003,0.003,0.003,0.000,0.003,0.015,0.000,0.488,0.488,0.679
1780271133462,0.000,0.000,0.000,0.000,0.003,0.003,0.003,0.000,0.009,0.000,0.496,0.496,0.727
1780271133497,0.000,0.000,0.003,0.003,0.000,0.003,0.003,0.003,0.015,0.000,0.488,0.488,0.703
1780271133529,0.003,0.000,0.000,0.003,0.000,0.003,0.003,0.000,0.012,0.000,0.472,0.472,0.703
1780271133563,0.000,0.003,0.003,0.003,0.000,0.003,0.003,0.003,0.018,0.000,0.480,0.480,0.679
1780271133620,0.000,0.003,0.000,0.003,0.000,0.000,0.003,0.003,0.012,0.000,0.480,0.480,0.727
1780271133650,0.000,0.000,0.000,0.003,0.000,0.003,0.003,0.003,0.012,0.000,0.472,0.472,0.679
1780271133690,0.000,0.000,0.003,0.003,0.000,0.000,0.003,0.000,0.009,0.000,0.488,0.488,0.703
1780271133716,0.000,0.000,0.000,0.003,0.000,0.000,0.003,0.000,0.006,0.000,0.496,0.496,0.679
1780271133752,0.000,0.000,0.000,0.003,0.000,0.000,0.003,0.000,0.006,0.000,0.488,0.488,0.703
1780271133785,0.000,0.000,0.000,0.003,0.000,0.003,0.000,0.000,0.006,0.000,0.488,0.488,0.679
1780271133828,0.000,0.000,0.003,0.000,0.003,0.000,0.003,0.000,0.009,0.000,0.480,0.480,0.679
1780271133881,0.000,0.003,0.000,0.003,0.000,0.000,0.003,0.000,0.009,0.000,0.472,0.472,0.727
1780271133937,0.000,0.000,0.000,0.003,0.007,0.000,0.003,0.000,0.013,0.000,0.488,0.488,0.703
1780271133964,0.000,0.000,0.000,0.003,0.000,0.000,0.000,0.000,0.003,0.000,0.463,0.463,1.503
1780271133999,0.000,0.000,0.000,0.003,0.000,0.000,0.000,0.000,0.003,0.000,0.480,0.480,1.842
1780271134041,0.000,0.000,0.000,0.003,0.000,0.000,0.000,0.003,0.006,0.000,0.504,0.504,4.097
1780271134070,0.000,0.000,0.000,0.003,0.000,0.000,0.003,0.021,0.027,0.000,0.496,0.496,4.121
1780271134106,0.003,0.000,0.000,0.003,0.000,0.000,0.003,0.003,0.012,0.000,0.488,0.488,4.097
1780271134138,0.000,0.000,0.003,0.003,0.000,0.000,0.000,0.000,0.006,0.000,0.504,0.504,4.073
1780271134169,0.000,0.000,0.000,0.000,0.000,0.000,0.000,0.000,0.000,0.000,0.520,0.520,4.073
1780271134198,0.003,0.000,0.003,0.003,0.000,0.000,0.000,0.003,0.012,0.000,0.504,0.504,4.121
1780271134221,0.003,0.000,0.000,0.003,0.000,0.000,0.000,0.000,0.006,0.000,0.504,0.504,4.048
1780271134251,0.003,0.000,0.000,0.000,0.000,0.000,0.000,0.000,0.003,0.000,0.496,0.496,4.073
1780271134281,0.000,0.003,0.000,0.003,0.000,0.000,0.000,0.000,0.006,0.000,0.488,0.488,4.024
1780271134319,0.000,0.000,0.000,0.003,0.000,0.000,0.000,0.000,0.003,0.000,0.472,0.472,4.048
1780271134377,0.000,0.000,0.000,0.003,4.705,3.980,0.007,0.007,8.702,0.000,0.537,0.537,13.600
1780271134409,0.000,0.000,0.000,0.003,3.677,3.433,0.003,0.003,7.119,0.000,0.520,0.520,9.721
1780271134455,0.000,0.000,0.000,0.003,2.150,2.281,0.003,0.003,4.440,0.000,0.529,0.529,5.164
1780271134481,0.000,0.000,0.000,0.007,1.844,1.778,0.003,0.003,3.635,0.000,0.504,0.504,4.315
1780271134513,0.000,0.003,0.000,0.003,1.745,1.643,0.003,0.003,3.400,0.000,0.512,0.512,3.903
1780271134550,0.000,0.000,0.000,0.000,1.530,1.611,0.003,0.003,3.147,0.000,0.520,0.520,3.636
1780271134585,0.000,0.000,0.003,0.003,1.538,1.490,0.003,0.003,3.040,0.000,0.496,0.496,3.442
1780271134625,0.000,0.000,0.000,0.003,1.490,1.476,0.003,0.003,2.975,0.000,0.488,0.488,3.515
1780271134658,0.000,0.000,0.000,0.003,1.417,1.465,0.003,0.003,2.891,0.000,0.488,0.488,3.491
1780271134687,0.000,0.000,0.000,0.003,1.432,1.501,0.003,0.007,2.946,0.000,0.496,0.496,3.491
1780271134726,0.003,0.000,0.000,0.003,1.483,1.479,0.000,0.003,2.971,0.000,0.496,0.496,3.491
1780271134752,0.003,0.000,0.003,0.003,1.436,1.458,0.003,0.003,2.909,0.000,0.496,0.496,3.442
1780271134783,0.003,0.000,0.000,0.000,1.479,1.483,0.003,0.007,2.975,0.000,0.504,0.504,3.515
1780271134809,0.000,0.000,0.000,0.003,1.458,1.465,0.007,0.000,2.933,0.000,0.496,0.496,3.491
1780271134841,0.000,0.003,0.000,0.003,1.439,1.476,0.003,0.003,2.927,0.000,0.496,0.496,3.418
1780271134917,0.000,0.000,0.000,0.000,1.450,1.468,0.003,0.007,2.928,0.000,0.545,0.545,3.394
1780271134948,0.003,0.000,0.000,0.003,1.472,1.447,0.003,0.003,2.931,0.000,0.529,0.529,3.442
1780271134976,0.000,0.000,0.000,0.003,1.417,1.501,0.003,0.003,2.927,0.000,0.520,0.520,3.491
1780271135002,0.003,0.000,0.000,0.003,1.428,1.472,0.003,0.003,2.912,0.000,0.520,0.520,3.418
1780271135032,0.000,0.000,0.000,0.000,1.432,1.428,0.007,0.003,2.870,0.000,0.504,0.504,3.515
1780271135066,0.000,0.000,0.000,0.003,1.417,1.472,0.003,0.003,2.898,0.000,0.504,0.504,3.442
1780271135096,0.000,0.000,0.000,0.003,1.458,1.483,0.003,0.003,2.950,0.000,0.504,0.504,3.394
1780271135135,0.000,0.000,0.000,0.003,1.498,1.461,0.003,0.003,2.968,0.000,0.504,0.504,3.394
1780271135175,0.003,0.000,0.003,0.003,1.421,1.447,0.003,0.003,2.883,0.000,0.504,0.504,3.515
1780271135209,0.000,0.000,0.000,0.003,1.377,1.461,0.003,0.007,2.851,0.000,0.504,0.504,3.491
1780271135240,0.000,0.000,0.003,0.003,1.479,1.479,0.003,0.003,2.970,0.000,0.504,0.504,3.442
1780271135272,0.003,0.000,0.000,0.000,1.468,1.490,0.003,0.003,2.967,0.000,0.496,0.496,3.442
1780271135304,0.000,0.000,0.000,0.003,1.450,1.439,0.007,0.003,2.902,0.000,0.504,0.504,3.442
1780271135344,0.000,0.000,0.000,0.000,1.432,1.439,0.003,0.003,2.877,0.000,0.504,0.504,3.418
1780271135420,0.000,0.000,0.003,0.003,1.414,1.468,0.003,0.003,2.894,0.000,0.537,0.537,3.442
1780271135455,0.000,0.000,0.000,0.003,1.432,1.468,0.003,0.003,2.909,0.000,0.529,0.529,3.442
1780271135494,0.000,0.000,0.000,0.003,1.447,1.443,0.007,0.003,2.903,0.000,0.504,0.504,3.418
1780271135519,0.000,0.000,0.000,0.000,1.428,1.468,0.003,0.003,2.902,0.000,0.488,0.488,3.394
1780271135553,0.003,0.000,0.000,0.003,1.450,1.494,0.000,0.003,2.953,0.000,0.488,0.488,3.442
1780271135589,0.000,0.000,0.000,0.003,1.458,1.443,0.003,0.003,2.910,0.000,0.488,0.488,3.418
1780271135640,0.000,0.003,0.003,0.003,1.447,1.461,0.003,0.003,2.923,0.000,0.504,0.504,3.394
1780271135690,0.007,0.000,0.003,0.003,1.490,1.461,0.003,0.003,2.970,0.000,0.520,0.520,3.394
1780271135716,0.003,0.000,0.000,0.003,1.385,1.443,0.003,0.003,2.840,0.000,0.504,0.504,3.515
1780271135759,0.003,0.000,0.000,0.003,1.403,1.436,0.003,0.003,2.851,0.000,0.512,0.512,3.418
1780271135793,0.000,0.000,0.000,0.003,1.450,1.476,0.003,0.003,2.935,0.000,0.512,0.512,3.491
1780271135823,0.000,0.000,0.003,0.003,1.465,1.476,0.003,0.003,2.953,0.000,0.512,0.512,3.442
1780271135853,0.000,0.000,0.000,0.003,1.392,1.439,0.003,0.003,2.840,0.000,0.504,0.504,3.394
1780271135940,0.003,0.000,0.003,0.000,1.425,1.450,0.003,0.003,2.887,0.000,0.504,0.504,3.418
1780271135975,0.003,0.000,0.000,0.003,1.410,1.483,0.003,0.003,2.905,0.000,0.504,0.504,3.515
1780271136013,0.000,0.000,0.003,0.003,1.417,1.490,0.003,0.003,2.919,0.000,0.488,0.488,3.418
1780271136038,0.000,0.003,0.000,0.000,1.472,1.428,0.003,0.003,2.909,0.000,0.496,0.496,3.370
1780271136081,0.000,0.000,0.000,0.000,1.432,1.472,0.007,0.003,2.914,0.000,0.496,0.496,3.442
1780271136110,0.003,0.003,0.000,0.003,1.432,1.447,0.003,0.003,2.894,0.000,0.496,0.496,3.442
1780271136143,0.000,0.003,0.000,0.003,1.428,1.454,0.003,0.003,2.894,0.000,0.496,0.496,3.418
1780271136189,0.000,0.000,0.000,0.003,1.410,1.458,0.007,0.003,2.881,0.000,0.504,0.504,3.418
1780271136235,0.000,0.000,0.000,0.003,1.428,1.458,0.003,0.003,2.895,0.000,0.496,0.496,3.370
1780271136269,0.003,0.000,0.000,0.003,1.425,1.447,0.003,0.003,2.884,0.000,0.488,0.488,3.442
1780271136304,0.000,0.000,0.000,0.000,1.421,1.458,0.007,0.003,2.889,0.000,0.496,0.496,3.418
1780271136339,0.003,0.000,0.000,0.003,0.572,0.677,0.003,0.000,1.258,0.000,0.480,0.480,3.394
1780271136385,0.000,0.003,0.000,0.003,0.043,0.054,0.003,0.003,0.109,0.000,0.488,0.488,0.727
1780271136444,0.000,0.000,0.000,0.003,0.007,0.007,0.003,0.003,0.023,0.000,0.496,0.496,0.703
1780271136479,0.000,0.000,0.000,0.003,0.003,0.003,0.003,0.000,0.012,0.000,0.488,0.488,0.703
1780271136519,0.000,0.000,0.000,0.003,0.000,0.000,0.000,0.000,0.003,0.000,0.480,0.480,0.703
1780271136549,0.000,0.000,0.000,0.003,0.003,0.000,0.003,0.000,0.009,0.000,0.496,0.496,0.679
1780271136589,0.003,0.000,0.000,0.003,0.000,0.003,0.003,0.000,0.012,0.000,0.488,0.488,0.679
1780271136620,0.000,0.000,0.000,0.003,0.000,0.003,0.003,0.003,0.012,0.000,0.520,0.520,0.727
1780271136656,0.003,0.000,0.000,0.003,0.000,0.003,0.003,0.003,0.015,0.000,0.496,0.496,0.703
1780271136695,0.003,0.000,0.003,0.003,0.000,0.000,0.003,0.000,0.012,0.000,0.504,0.504,0.703
1780271136729,0.003,0.000,0.000,0.003,0.000,0.000,0.003,0.003,0.012,0.000,0.488,0.488,0.703
1780271136756,0.000,0.000,0.003,0.003,0.000,0.003,0.003,0.000,0.012,0.000,0.496,0.496,0.679
1780271136801,0.000,0.000,0.007,0.003,0.000,0.000,0.003,0.000,0.013,0.000,0.512,0.512,0.703
1780271136826,0.000,0.000,0.000,0.003,0.000,0.000,0.003,0.003,0.009,0.000,0.480,0.480,0.727
1780271136868,0.003,0.000,0.000,0.003,0.000,0.000,0.003,0.003,0.012,0.000,0.480,0.480,0.727
1780271136896,0.000,0.003,0.000,0.003,0.000,0.003,0.003,0.000,0.012,0.000,0.488,0.488,0.703
1780271136970,0.000,0.000,0.000,0.007,0.000,0.000,0.003,0.000,0.010,0.000,0.504,0.504,0.703
1780271137005,0.000,0.000,0.000,0.003,0.000,0.003,0.003,0.000,0.009,0.000,0.488,0.488,0.727
1780271137036,0.000,0.000,0.000,0.003,0.000,0.000,0.003,0.000,0.006,0.000,0.472,0.472,0.703
1780271137064,0.000,0.000,0.000,0.003,0.003,0.000,0.003,0.003,0.012,0.000,0.480,0.480,0.630
1780271137104,0.003,0.000,0.000,0.003,0.000,0.000,0.003,0.003,0.012,0.000,0.480,0.480,0.703
1780271137136,0.000,0.003,0.000,0.003,0.000,0.003,0.007,0.000,0.016,0.000,0.480,0.480,0.630
1780271137170,0.000,0.000,0.000,0.003,0.000,0.003,0.003,0.000,0.009,0.000,0.480,0.480,0.970
1780271137222,0.003,0.000,0.000,0.003,0.000,0.000,0.003,0.003,0.012,0.000,0.488,0.488,0.703
1780271137273,0.000,0.000,0.000,0.000,0.003,0.000,0.003,0.003,0.009,0.000,0.488,0.488,0.630
1780271137304,0.000,0.000,0.003,0.003,0.003,0.000,0.000,0.000,0.009,0.000,0.488,0.488,0.679
1780271137345,0.000,0.000,0.000,0.003,0.000,0.000,0.003,0.000,0.006,0.000,0.480,0.480,0.630
1780271137408,0.000,0.000,0.000,0.003,0.000,0.003,0.003,0.000,0.009,0.000,0.480,0.480,0.703
1780271137470,0.003,0.003,0.000,0.003,0.000,0.000,0.000,0.000,0.009,0.000,0.488,0.488,0.630
1780271137496,0.003,0.000,0.003,0.003,0.000,0.000,0.003,0.003,0.015,0.000,0.488,0.488,0.703
1780271137541,0.000,0.003,0.000,0.003,0.003,0.000,0.000,0.000,0.009,0.000,0.480,0.480,0.679
1780271137565,0.000,0.000,0.000,0.003,0.000,0.003,0.003,0.000,0.009,0.000,0.480,0.480,0.679
1780271137596,0.000,0.000,0.000,0.003,0.003,0.000,0.003,0.000,0.009,0.000,0.488,0.488,0.630
1780271137621,0.000,0.000,0.000,0.003,0.000,0.003,0.000,0.000,0.006,0.000,0.480,0.480,0.679
1780271137660,0.007,0.000,0.000,0.003,0.000,0.000,0.003,0.000,0.013,0.000,0.472,0.472,0.630
1780271137701,0.000,0.000,0.000,0.003,0.000,0.003,0.000,0.000,0.006,0.000,0.480,0.480,0.679
1780271137751,0.000,0.000,0.000,0.000,0.003,0.000,0.003,0.000,0.006,0.000,0.496,0.496,0.679
1780271137785,0.000,0.000,0.003,0.003,0.000,0.000,0.003,0.003,0.012,0.000,0.488,0.488,0.679
1780271137819,0.003,0.000,0.000,0.003,0.000,0.000,0.003,0.000,0.009,0.000,0.480,0.480,0.703
1780271137854,0.003,0.000,0.000,0.003,0.000,0.000,0.003,0.000,0.009,0.000,0.472,0.472,0.630
1780271137893,0.000,0.000,0.003,0.007,0.000,0.000,0.003,0.000,0.013,0.000,0.480,0.480,0.630
1780271137925,0.003,0.003,0.003,0.003,0.000,0.000,0.003,0.000,0.015,0.000,0.472,0.472,0.630
1780271137990,0.000,0.000,0.000,0.003,0.000,0.000,0.003,0.000,0.006,0.000,0.496,0.496,0.679
1780271138014,0.000,0.000,0.003,0.003,0.000,0.000,0.003,0.000,0.009,0.000,0.488,0.488,0.679
1780271138055,0.003,0.000,0.000,0.003,0.000,0.000,0.003,0.000,0.009,0.000,0.488,0.488,0.679
1780271138078,0.003,0.000,0.003,0.003,0.000,0.000,0.003,0.003,0.015,0.000,0.488,0.488,0.679
1780271138118,0.000,0.000,0.000,0.003,0.000,0.003,0.003,0.000,0.009,0.000,0.504,0.504,0.679
1780271138143,0.000,0.000,0.000,0.003,0.000,0.000,0.000,0.000,0.003,0.000,0.512,0.512,0.679
1780271138181,0.000,0.000,0.000,0.000,0.000,0.003,0.003,0.003,0.009,0.000,0.520,0.520,0.679
1780271138209,0.000,0.000,0.003,0.003,0.000,0.000,0.003,0.000,0.009,0.000,0.545,0.545,0.703
1780271138257,0.000,0.000,0.000,0.003,0.000,0.000,0.003,0.003,0.009,0.000,0.553,0.553,0.727
1780271138287,0.000,0.000,0.000,0.003,0.000,0.003,0.003,0.000,0.009,0.000,0.529,0.529,0.752
1780271138317,0.000,0.000,0.000,0.003,0.000,0.000,0.003,0.007,0.013,0.000,0.504,0.504,0.703
1780271138344,0.003,0.000,0.000,0.003,0.000,0.000,0.003,0.000,0.009,0.000,0.496,0.496,0.703
1780271138387,0.003,0.000,0.000,0.003,0.000,0.000,0.000,0.000,0.006,0.000,0.463,0.463,0.679
1780271138422,0.000,0.000,0.000,0.003,0.000,0.003,0.003,0.000,0.009,0.000,0.472,0.472,0.630
1780271138464,0.000,0.000,0.000,0.003,0.000,0.000,0.003,0.000,0.006,0.000,0.488,0.488,0.679
1780271138538,0.003,0.000,0.000,0.003,0.000,0.003,0.003,0.003,0.015,0.000,0.472,0.472,0.630
1780271138573,0.003,0.000,0.000,0.003,0.000,0.003,0.003,0.000,0.012,0.000,0.463,0.463,0.630
1780271138608,0.000,0.000,0.003,0.003,0.000,0.000,0.000,0.003,0.009,0.000,0.488,0.488,0.630
1780271138634,0.003,0.000,0.000,0.000,0.000,0.000,0.003,0.000,0.006,0.000,0.480,0.480,0.679
1780271138668,0.003,0.000,0.000,0.003,0.000,0.000,0.003,0.003,0.012,0.000,0.480,0.480,0.703
1780271138701,0.003,0.000,0.000,0.000,0.000,0.007,0.003,0.000,0.013,0.000,0.480,0.480,0.679
1780271138736,0.000,0.000,0.003,0.003,0.000,0.000,0.003,0.000,0.009,0.000,0.504,0.504,0.630
1780271138777,0.000,0.000,0.000,0.000,0.003,0.003,0.003,0.003,0.012,0.000,0.488,0.488,0.630
1780271138816,0.000,0.000,0.000,0.003,0.000,0.003,0.003,0.003,0.012,0.000,0.472,0.472,0.630
1780271138844,0.000,0.000,0.003,0.003,0.000,0.000,0.003,0.000,0.009,0.000,0.488,0.488,0.703
1780271138877,0.000,0.000,0.000,0.003,0.000,0.000,0.000,0.003,0.006,0.000,0.488,0.488,0.679
1780271138903,0.000,0.000,0.003,0.003,0.000,0.003,0.003,0.000,0.012,0.000,0.480,0.480,0.630
1780271138962,0.000,0.003,0.000,0.003,0.000,0.003,0.003,0.000,0.012,0.000,0.488,0.488,0.630
1780271138993,0.000,0.000,0.000,0.003,0.000,0.003,0.003,0.000,0.009,0.000,0.496,0.496,0.679
1780271139058,0.003,0.000,0.000,0.003,0.000,0.000,0.003,0.000,0.009,0.000,0.496,0.496,0.630
1780271139097,0.003,0.000,0.000,0.000,0.000,0.000,0.003,0.000,0.006,0.000,0.480,0.480,0.630
1780271139136,0.003,0.000,0.000,0.003,0.000,0.000,0.007,0.003,0.016,0.000,0.472,0.472,0.630
1780271139172,0.003,0.000,0.000,0.003,0.000,0.000,0.003,0.000,0.009,0.000,0.472,0.472,1.358
1780271139214,0.000,0.000,0.003,0.003,0.000,0.000,0.003,0.000,0.009,0.000,0.488,0.488,2.788
1780271139250,0.000,0.000,0.000,0.003,0.000,0.000,0.000,0.000,0.003,0.000,0.480,0.480,4.048
1780271139295,0.000,0.003,0.000,0.003,0.000,0.000,0.000,0.000,0.006,0.000,0.472,0.472,4.073
1780271139329,0.003,0.000,0.000,0.003,0.000,0.000,0.000,0.000,0.006,0.000,0.480,0.480,4.073
1780271139364,0.000,0.000,0.000,0.003,0.000,0.000,0.000,0.000,0.003,0.000,0.488,0.488,4.121
1780271139396,0.003,0.000,0.007,0.000,0.003,0.000,0.003,0.000,0.016,0.000,0.472,0.472,4.073
1780271139438,0.000,0.000,0.000,0.003,0.000,0.000,0.003,0.000,0.006,0.000,0.480,0.480,4.097
1780271139483,0.000,0.000,0.000,0.003,0.000,0.000,0.000,0.003,0.006,0.000,0.496,0.496,4.121
1780271139517,0.000,0.000,0.000,0.000,0.000,0.000,0.000,0.000,0.000,0.000,0.488,0.488,4.097
1780271139593,0.000,0.000,0.000,0.003,4.694,4.049,0.000,0.007,8.753,0.000,0.520,0.520,14.158
1780271139633,0.000,0.000,0.000,0.000,2.711,2.894,0.003,0.003,5.611,0.000,0.520,0.520,7.709
1780271139669,0.000,0.000,0.000,0.003,2.135,2.223,0.003,0.003,4.367,0.000,0.512,0.512,4.921
1780271139705,0.003,0.000,0.003,0.003,1.822,1.767,0.003,0.007,3.608,0.000,0.496,0.496,4.097
1780271139759,0.003,0.000,0.000,0.003,1.530,1.611,0.003,0.003,3.153,0.000,0.520,0.520,3.588
1780271139805,0.000,0.000,0.000,0.003,1.476,1.519,0.003,0.003,3.004,0.000,0.520,0.520,3.491
1780271139835,0.000,0.000,0.000,0.003,1.541,1.479,0.003,0.003,3.029,0.000,0.496,0.496,3.418
1780271139867,0.003,0.000,0.000,0.003,1.439,1.461,0.003,0.003,2.912,0.000,0.488,0.488,3.491
1780271139896,0.003,0.000,0.003,0.003,1.406,1.527,0.003,0.003,2.948,0.000,0.512,0.512,3.539
1780271139927,0.000,0.000,0.000,0.003,1.509,1.472,0.003,0.003,2.990,0.000,0.496,0.496,3.394
1780271139955,0.000,0.003,0.000,0.000,1.465,1.454,0.003,0.003,2.928,0.000,0.488,0.488,3.418
1780271139992,0.003,0.003,0.000,0.003,1.436,1.512,0.003,0.003,2.963,0.000,0.512,0.512,3.442
1780271140026,0.000,0.000,0.003,0.003,1.417,1.461,0.003,0.003,2.890,0.000,0.488,0.488,3.370
1780271140089,0.003,0.000,0.003,0.003,1.483,1.483,0.003,0.003,2.981,0.000,0.496,0.496,3.418
1780271140114,0.003,0.000,0.003,0.000,1.436,1.447,0.000,0.003,2.892,0.000,0.488,0.488,3.370
1780271140157,0.000,0.000,0.000,0.003,1.432,1.458,0.003,0.003,2.899,0.000,0.504,0.504,3.418
1780271140185,0.000,0.000,0.000,0.003,1.388,1.498,0.003,0.003,2.895,0.000,0.488,0.488,3.418
1780271140221,0.000,0.000,0.000,0.003,1.483,1.454,0.003,0.003,2.946,0.000,0.496,0.496,3.394
1780271140259,0.003,0.000,0.000,0.003,1.454,1.483,0.003,0.003,2.949,0.000,0.520,0.520,3.370
1780271140308,0.000,0.003,0.000,0.003,1.465,1.498,0.003,0.003,2.975,0.000,0.488,0.488,3.442
1780271140341,0.003,0.000,0.000,0.003,1.472,1.468,0.003,0.003,2.952,0.000,0.496,0.496,3.297
1780271140375,0.000,0.000,0.000,0.003,1.443,1.439,0.003,0.003,2.891,0.000,0.488,0.488,3.442
1780271140406,0.000,0.000,0.000,0.003,1.410,1.479,0.003,0.003,2.898,0.000,0.488,0.488,3.442
1780271140453,0.000,0.000,0.000,0.003,1.374,1.490,0.003,0.003,2.873,0.000,0.488,0.488,3.418
1780271140487,0.003,0.000,0.000,0.000,1.483,1.472,0.007,0.000,2.965,0.000,0.504,0.504,3.442
1780271140521,0.000,0.000,0.000,0.003,1.421,1.458,0.003,0.003,2.888,0.000,0.488,0.488,3.370
1780271140555,0.000,0.000,0.003,0.003,1.454,1.454,0.003,0.003,2.920,0.000,0.496,0.496,3.370
1780271140633,0.003,0.000,0.000,0.003,1.406,1.472,0.003,0.003,2.890,0.000,0.488,0.488,3.370
1780271140671,0.003,0.000,0.000,0.003,1.432,1.461,0.000,0.003,2.902,0.000,0.488,0.488,3.418
1780271140708,0.000,0.000,0.000,0.000,1.414,1.458,0.003,0.003,2.878,0.000,0.480,0.480,3.370
1780271140741,0.000,0.000,0.000,0.003,1.432,1.476,0.003,0.003,2.917,0.000,0.504,0.504,3.394
1780271140791,0.000,0.000,0.000,0.003,1.421,1.465,0.003,0.003,2.895,0.000,0.504,0.504,3.442
1780271140833,0.003,0.003,0.000,0.003,1.374,1.454,0.003,0.003,2.843,0.000,0.496,0.496,3.418
1780271140877,0.000,0.000,0.003,0.003,1.392,1.450,0.007,0.003,2.858,0.000,0.496,0.496,3.418
1780271140911,0.000,0.003,0.000,0.003,1.406,1.490,0.000,0.003,2.905,0.000,0.504,0.504,3.418
1780271140949,0.003,0.000,0.000,0.000,1.458,1.450,0.003,0.003,2.917,0.000,0.504,0.504,3.297
1780271140978,0.000,0.000,0.003,0.003,1.450,1.450,0.003,0.003,2.912,0.000,0.496,0.496,3.370
1780271141017,0.003,0.000,0.000,0.003,1.425,1.443,0.003,0.003,2.880,0.000,0.520,0.520,3.418
1780271141053,0.003,0.000,0.003,0.003,1.385,1.468,0.003,0.003,2.868,0.000,0.504,0.504,3.370
1780271141088,0.000,0.000,0.000,0.003,1.385,1.487,0.000,0.003,2.878,0.000,0.480,0.480,3.442
1780271141157,0.003,0.000,0.000,0.003,1.490,1.439,0.003,0.003,2.941,0.000,0.496,0.496,3.321
1780271141194,0.000,0.000,0.000,0.000,1.454,1.447,0.007,0.000,2.908,0.000,0.480,0.480,3.321
1780271141227,0.003,0.000,0.000,0.003,1.381,1.465,0.003,0.003,2.858,0.000,0.496,0.496,3.394
1780271141254,0.000,0.000,0.000,0.003,1.410,1.476,0.003,0.003,2.895,0.000,0.520,0.520,3.394
1780271141293,0.003,0.000,0.003,0.003,1.439,1.436,0.003,0.003,2.890,0.000,0.504,0.504,3.370
1780271141336,0.000,0.000,0.003,0.000,1.381,1.465,0.003,0.003,2.855,0.000,0.504,0.504,3.394
1780271141370,0.003,0.000,0.000,0.003,1.425,1.458,0.003,0.003,2.895,0.000,0.488,0.488,3.370
1780271141404,0.000,0.000,0.000,0.003,1.432,1.479,0.003,0.003,2.920,0.000,0.488,0.488,3.370
1780271141438,0.003,0.000,0.000,0.000,1.410,1.461,0.003,0.003,2.880,0.000,0.496,0.496,3.370
1780271141475,0.003,0.000,0.000,0.003,1.414,1.428,0.003,0.003,2.854,0.000,0.496,0.496,3.370
1780271141513,0.003,0.000,0.000,0.003,1.403,1.476,0.003,0.003,2.891,0.000,0.512,0.512,3.418
1780271141546,0.000,0.000,0.000,0.003,0.524,0.648,0.003,0.000,1.178,0.000,0.496,0.496,3.418
1780271141580,0.000,0.000,0.000,0.003,0.109,0.138,0.000,0.003,0.253,0.000,0.488,0.488,0.752
1780271141615,0.003,0.000,0.000,0.003,0.014,0.021,0.003,0.003,0.047,0.000,0.512,0.512,0.630
1780271141677,0.000,0.000,0.003,0.003,0.003,0.003,0.003,0.003,0.018,0.000,0.512,0.512,0.703
1780271141708,0.003,0.000,0.000,0.003,0.000,0.003,0.003,0.000,0.012,0.000,0.504,0.504,0.703
1780271141746,0.000,0.000,0.000,0.003,0.003,0.003,0.003,0.000,0.012,0.000,0.512,0.512,0.679
1780271141773,0.000,0.000,0.000,0.007,0.000,0.003,0.003,0.000,0.013,0.000,0.504,0.504,0.703
1780271141814,0.003,0.000,0.000,0.003,0.000,0.000,0.000,0.003,0.009,0.000,0.480,0.480,0.679
1780271141853,0.000,0.003,0.000,0.003,0.000,0.000,0.003,0.000,0.009,0.000,0.480,0.480,0.679
1780271141898,0.003,0.000,0.000,0.003,0.003,0.003,0.003,0.000,0.015,0.000,0.463,0.463,0.679
1780271141932,0.003,0.000,0.003,0.003,0.000,0.003,0.003,0.003,0.018,0.000,0.463,0.463,0.679
1780271141965,0.003,0.000,0.000,0.003,0.000,0.003,0.003,0.003,0.015,0.000,0.488,0.488,0.630
1780271141992,0.003,0.000,0.000,0.003,0.000,0.000,0.003,0.003,0.012,0.000,0.472,0.472,0.679
1780271142033,0.003,0.003,0.003,0.007,0.000,0.003,0.003,0.000,0.022,0.000,0.488,0.488,0.679
1780271142072,0.003,0.000,0.003,0.003,0.000,0.003,0.003,0.000,0.015,0.000,0.488,0.488,0.703
1780271142109,0.000,0.000,0.000,0.003,0.000,0.003,0.003,0.000,0.009,0.000,0.488,0.488,0.679
1780271142197,0.211,0.171,0.138,0.105,0.000,0.000,0.003,0.000,0.628,0.000,0.553,0.553,0.727
1780271142245,4.880,3.896,3.849,3.615,0.000,0.000,0.000,0.000,16.240,0.000,15.368,15.368,1.794
1780271142281,5.164,5.259,6.174,6.130,0.003,0.000,0.000,0.000,22.730,0.000,20.089,20.089,20.630
1780271142329,4.261,4.476,5.263,5.044,0.000,0.000,0.003,0.000,19.047,0.000,17.704,17.704,17.091
1780271142358,3.542,3.973,4.599,4.545,0.000,0.000,0.000,0.003,16.662,0.000,15.905,15.905,14.812
1780271142392,2.926,3.244,4.162,4.191,0.000,0.000,0.003,0.000,14.526,0.000,14.424,14.424,13.212
1780271142420,2.624,2.941,3.958,3.645,0.000,0.000,0.000,0.000,13.168,0.000,12.991,12.991,11.952
1780271142465,2.278,2.496,3.156,3.193,0.000,0.000,0.003,0.000,11.126,0.000,11.404,11.404,10.400
1780271142492,2.022,2.340,2.843,2.977,0.000,0.003,0.000,0.000,10.185,0.000,10.419,10.419,9.164
1780271142533,1.687,2.135,2.741,2.832,0.000,0.000,0.003,0.000,9.398,0.000,9.572,9.572,8.655
1780271142589,1.498,1.472,2.580,2.176,0.000,0.000,0.003,0.000,7.729,0.000,7.879,7.879,7.030
1780271142622,0.761,6.663,1.931,6.615,0.000,0.000,0.003,0.000,15.973,0.000,15.474,15.474,6.109
1780271142691,0.933,3.021,3.098,8.419,0.000,0.000,0.000,0.000,15.471,0.000,14.383,14.383,13.745
1780271142727,1.479,2.041,3.072,7.789,0.000,0.003,0.003,0.000,14.387,0.000,15.026,15.026,11.685
1780271142775,1.319,3.174,3.739,8.405,0.000,0.000,0.003,0.000,16.640,0.000,15.816,15.816,14.933
1780271142803,1.421,1.917,3.983,7.235,0.000,0.007,0.000,0.003,14.566,0.000,14.627,14.627,12.897
1780271142840,1.800,3.692,3.495,7.260,0.000,0.003,0.000,0.000,16.250,0.000,16.206,16.206,13.042
1780271142872,1.990,3.965,3.677,6.247,0.000,0.000,0.000,0.000,15.879,0.000,15.352,15.352,14.158
1780271142909,0.900,3.240,2.165,6.145,0.000,0.000,0.003,0.003,12.456,0.000,11.282,11.282,12.897
1780271142941,0.284,3.951,0.397,5.569,0.000,0.000,0.000,0.000,10.201,0.000,10.272,10.272,8.679
1780271142984,0.040,4.359,0.051,4.508,0.000,0.000,0.003,0.003,8.964,0.000,9.035,9.035,8.388
1780271143014,0.014,3.951,0.014,3.739,0.000,0.000,0.000,0.003,7.721,0.000,7.960,7.960,7.200
1780271143050,0.007,3.506,0.007,3.083,0.000,0.000,0.003,0.000,6.606,0.000,6.935,6.935,6.255
1780271143085,0.007,2.875,0.003,2.310,0.000,0.000,0.003,0.003,5.201,0.000,5.665,5.665,5.042
1780271143122,1.399,2.566,1.607,1.953,0.000,0.000,0.000,0.000,7.525,0.000,6.267,6.267,4.655
1780271143201,2.070,2.485,6.440,1.381,0.000,0.000,0.003,0.003,12.382,0.000,11.868,11.868,11.030
1780271143226,1.603,2.649,6.488,1.574,0.000,0.000,0.000,0.000,12.314,0.000,11.778,11.778,10.521
1780271143262,1.487,2.886,6.065,1.705,0.000,0.000,0.003,0.003,12.149,0.000,11.868,11.868,10.327
1780271143301,2.879,2.617,4.931,2.004,0.000,0.000,0.000,0.000,12.431,0.000,12.503,12.503,10.812
1780271143338,2.977,2.467,4.403,2.566,0.000,0.003,0.003,0.003,12.422,0.000,12.014,12.014,10.909
1780271143372,2.624,2.693,3.922,2.536,0.000,0.000,0.003,0.003,11.781,0.000,11.746,11.746,10.376
1780271143407,2.952,2.744,3.444,2.394,0.000,0.000,0.000,0.000,11.534,0.000,11.428,11.428,10.182
1780271143435,2.894,2.416,2.912,2.467,0.003,0.000,0.003,0.003,10.698,0.000,10.712,10.712,9.479
1780271143487,2.981,0.601,1.016,1.002,0.003,0.000,0.003,0.000,5.606,0.000,5.535,5.535,7.273
1780271143527,3.061,3.823,0.317,0.342,0.000,0.000,0.003,0.000,7.546,0.000,5.201,5.201,4.194
1780271143568,2.292,5.117,0.087,0.145,0.000,0.000,0.003,0.000,7.644,0.000,5.217,5.217,4.170
1780271143620,1.250,5.708,0.010,0.174,4.450,3.980,0.003,0.007,15.582,0.000,5.242,5.242,10.400
1780271143658,0.925,4.957,4.589,2.781,3.327,3.171,0.003,0.003,19.756,0.000,8.506,8.506,12.339
1780271143731,2.336,2.212,3.845,2.176,1.884,1.986,0.003,0.003,14.445,0.000,6.039,6.039,9.333
1780271143770,2.584,1.159,1.614,2.482,1.625,1.654,0.000,0.003,11.121,0.000,6.650,6.650,8.145
1780271143828,0.681,0.120,0.069,1.334,1.651,1.753,0.003,0.003,5.614,0.000,2.564,2.564,7.515
1780271143858,0.204,0.065,0.018,0.338,1.654,1.629,0.003,0.003,3.914,0.000,1.343,1.343,4.024
1780271143911,2.970,0.051,0.003,1.210,2.609,1.509,0.003,0.007,8.362,0.000,0.944,0.944,4.024
1780271143942,4.275,1.888,1.345,2.026,3.714,4.148,0.007,0.007,17.410,0.000,5.527,5.527,7.782
1780271143985,5.004,3.743,3.316,4.322,5.821,5.496,0.003,0.010,27.715,0.000,13.520,13.520,17.503
1780271144014,3.214,2.456,4.486,4.246,5.514,5.689,0.007,0.007,25.619,0.000,13.260,13.260,24.921
1780271144061,2.022,3.371,4.133,3.991,3.185,3.415,0.003,0.003,20.123,0.000,15.311,15.311,18.230
1780271144087,3.739,5.897,4.231,4.567,2.092,2.358,0.000,0.000,22.884,0.000,17.997,17.997,19.248
1780271144128,3.193,4.990,4.425,4.534,1.786,1.818,0.003,0.000,20.749,0.000,16.581,16.581,18.982
1780271144153,2.595,5.179,4.534,4.530,1.578,1.519,0.007,0.003,19.945,0.000,17.142,17.142,17.091
1780271144188,2.857,5.861,4.421,4.425,1.392,1.436,0.000,0.003,20.395,0.000,16.784,16.784,18.109
1780271144256,0.980,2.099,1.341,1.301,1.851,1.818,0.003,0.003,9.396,0.000,5.038,5.038,7.564
1780271144290,0.969,1.363,0.925,0.503,1.698,1.775,0.007,0.003,7.243,0.000,2.287,2.287,6.255
1780271144332,0.065,0.102,0.065,0.058,1.592,1.640,0.003,0.003,3.528,0.000,1.041,1.041,3.903
1780271144367,0.021,0.025,0.018,0.014,1.545,1.545,0.003,0.003,3.174,0.000,0.740,0.740,3.564
1780271144398,0.007,0.007,0.007,0.007,1.487,1.534,0.003,0.003,3.055,0.000,0.602,0.602,3.588
1780271144428,0.003,0.003,0.003,0.007,1.476,1.541,0.003,0.003,3.039,0.000,0.569,0.569,3.539
1780271144466,0.007,0.003,0.003,0.003,1.498,1.468,0.007,0.003,2.992,0.000,0.545,0.545,3.418
1780271144494,0.003,0.003,0.003,0.003,1.428,1.472,0.003,0.003,2.918,0.000,0.537,0.537,3.442
1780271144537,0.003,0.003,0.007,0.003,1.385,1.436,0.003,0.003,2.843,0.000,0.545,0.545,3.442
1780271144574,0.003,0.000,0.003,0.003,1.487,1.443,0.003,0.003,2.945,0.000,0.529,0.529,3.515
1780271144616,0.003,0.000,0.003,0.003,1.600,1.570,0.003,0.003,3.185,0.000,0.529,0.529,3.515
1780271144653,0.003,0.003,0.000,0.007,1.815,1.775,0.003,0.003,3.609,0.000,0.529,0.529,3.927
1780271144688,0.003,0.000,0.003,0.003,1.953,1.858,0.003,0.003,3.826,0.000,0.529,0.529,4.194
1780271144717,0.003,0.000,0.000,0.003,2.088,1.986,0.003,0.007,4.090,0.000,0.520,0.520,4.461
1780271144796,0.003,0.000,0.000,0.003,1.818,2.267,0.003,0.003,4.097,0.000,0.553,0.553,4.655
1780271144847,0.000,0.000,0.000,0.003,1.953,1.888,0.003,0.007,3.854,0.000,0.537,0.537,4.218
1780271144877,0.003,0.000,0.003,0.003,2.063,1.997,0.003,0.007,4.079,0.000,0.529,0.529,4.461
1780271144920,0.003,0.000,0.000,0.003,2.409,2.420,0.007,0.003,4.845,0.000,0.537,0.537,4.897
1780271144954,0.000,0.000,0.000,0.007,2.332,2.307,0.003,0.007,4.656,0.000,0.537,0.537,5.164
1780271144993,0.007,0.003,0.000,0.003,2.066,2.132,0.003,0.003,4.217,0.000,0.529,0.529,4.776
1780271145021,0.003,0.007,0.000,0.007,1.961,2.296,0.003,0.003,4.280,0.000,0.529,0.529,4.655
1780271145068,0.003,0.000,0.003,0.003,2.223,1.578,0.003,0.003,3.816,0.000,0.529,0.529,4.291
1780271145107,0.000,0.000,0.000,0.007,2.620,2.332,0.010,0.007,4.976,0.000,0.520,0.520,4.921
1780271145139,0.000,0.003,0.000,0.003,2.420,3.488,0.003,0.003,5.920,0.000,0.520,0.520,6.255
1780271145182,0.003,0.000,0.003,0.003,3.069,2.460,0.003,0.003,5.544,0.000,0.537,0.537,6.764
1780271145215,0.000,0.000,0.003,0.003,2.660,2.219,0.007,0.003,4.895,0.000,0.529,0.529,5.600
1780271145249,0.003,0.000,0.000,0.003,1.942,2.310,0.003,0.003,4.264,0.000,0.529,0.529,4.873
1780271145324,0.003,0.000,0.000,0.003,2.493,2.464,0.003,0.003,4.969,0.000,0.537,0.537,5.164
1780271145375,0.003,0.000,0.000,0.003,2.533,2.412,0.007,0.003,4.961,0.000,0.520,0.520,5.770
1780271145412,0.003,0.000,0.003,0.003,2.839,2.868,0.003,0.003,5.722,0.000,0.520,0.520,5.915
1780271145454,0.000,0.000,0.003,0.003,3.120,2.985,0.000,0.007,6.118,0.000,0.537,0.537,6.739
1780271145495,0.000,0.000,0.000,0.003,3.258,3.287,0.014,0.003,6.565,0.000,0.529,0.529,7.055
1780271145537,0.003,0.000,0.003,0.003,3.484,3.433,0.003,0.003,6.932,0.000,0.545,0.545,7.394
1780271145577,0.000,0.000,0.000,0.003,3.867,3.994,0.000,0.010,7.874,0.000,0.545,0.545,8.145
1780271145634,0.291,0.295,0.236,0.466,3.265,3.280,0.007,0.007,7.847,0.000,0.691,0.691,7.564
1780271145677,3.765,3.597,3.444,3.451,2.241,2.292,0.003,0.003,18.796,0.000,13.431,13.431,12.873
1780271145708,5.117,3.572,5.817,4.297,2.846,2.671,0.003,0.007,24.330,0.000,13.748,13.748,22.982
1780271145738,4.818,1.326,5.660,1.800,3.590,3.480,0.010,0.007,20.691,0.000,11.282,11.282,17.285
1780271145784,5.219,0.094,5.066,0.120,1.268,0.896,0.000,0.000,12.663,0.000,10.728,10.728,16.267
1780271145844,4.705,0.007,4.818,0.014,0.036,0.051,0.000,0.000,9.631,0.000,9.711,9.711,8.848
1780271145874,4.293,0.007,4.472,0.014,0.010,0.018,0.003,0.000,8.817,0.000,9.019,9.019,7.976
1780271145911,4.024,0.003,3.980,0.010,0.003,0.007,0.003,0.003,8.033,0.000,8.351,8.351,7.515
1780271145939,3.827,0.003,3.936,0.014,0.003,0.007,0.000,0.000,7.790,0.000,7.871,7.871,7.152
1780271145971,3.284,0.003,3.783,0.003,0.000,0.003,0.003,0.000,7.079,0.000,7.374,7.374,6.618
1780271146002,2.992,0.003,3.655,0.010,0.003,0.003,0.003,0.000,6.669,0.000,7.016,7.016,6.448
1780271146043,2.646,0.003,3.561,0.007,0.000,0.003,0.000,0.000,6.220,0.000,6.503,6.503,5.964
1780271146071,2.536,0.003,3.480,0.007,0.003,0.000,0.003,0.000,6.032,0.000,6.365,6.365,5.818
1780271146111,2.125,0.003,3.455,0.007,0.000,0.000,0.000,0.000,5.590,0.000,5.885,5.885,5.455
1780271146138,1.979,0.000,3.433,0.003,0.000,0.000,0.003,0.003,5.421,0.000,5.738,5.738,5.261
1780271146187,1.782,0.003,3.382,0.003,0.000,0.000,0.000,0.000,5.170,0.000,5.567,5.567,5.018
1780271146215,1.694,0.003,3.470,0.007,0.003,0.003,0.000,0.000,5.180,0.000,5.535,5.535,4.994
1780271146254,1.461,2.409,3.477,0.973,0.000,0.003,0.003,0.003,8.329,0.000,6.552,6.552,5.648
1780271146295,1.377,3.466,3.510,1.632,0.000,0.000,0.000,0.000,9.985,0.000,7.252,7.252,6.497
1780271146374,1.341,6.163,3.265,3.918,0.000,0.000,0.003,0.000,14.690,0.000,14.106,14.106,13.430
1780271146408,1.622,6.068,3.389,3.327,0.000,0.000,0.003,0.000,14.409,0.000,14.358,14.358,12.655
1780271146444,2.022,5.591,3.346,3.306,0.000,0.000,0.000,0.000,14.265,0.000,14.212,14.212,12.606
1780271146473,2.165,4.829,3.353,3.276,0.000,0.000,0.003,0.003,13.629,0.000,13.536,13.536,12.242
1780271146521,2.343,4.282,3.254,2.686,0.000,0.000,0.000,0.000,12.565,0.000,12.730,12.730,11.176
1780271146556,2.547,3.863,3.203,2.668,0.000,0.000,0.000,0.000,12.281,0.000,12.348,12.348,11.006
1780271146594,2.653,2.296,3.138,1.006,0.000,0.000,0.000,0.003,9.096,0.000,8.538,8.538,10.473
1780271146629,2.686,0.419,2.948,0.138,0.000,0.003,0.003,0.000,6.197,0.000,6.446,6.446,5.867
1780271146668,2.427,0.065,2.598,0.021,0.000,0.000,0.003,0.000,5.114,0.000,5.543,5.543,4.970
1780271146702,2.146,0.018,2.569,0.014,0.000,0.000,0.003,0.000,4.750,0.000,4.924,4.924,4.703
1780271146733,1.319,0.010,2.325,0.003,0.000,0.000,0.003,0.000,3.660,0.000,4.102,4.102,4.170
1780271146762,0.936,0.003,2.001,0.003,0.000,0.000,0.000,0.000,2.943,0.000,3.475,3.475,3.127
1780271146815,0.761,0.003,2.347,0.007,0.000,0.000,0.000,0.000,3.118,0.000,3.540,3.540,2.958
1780271146881,0.451,1.632,2.179,4.629,0.000,0.000,0.000,0.003,8.894,0.000,5.738,5.738,5.648
1780271146917,0.164,0.849,1.345,3.466,0.003,0.000,0.000,0.000,5.827,0.000,2.458,2.458,5.309
1780271146958,0.021,0.080,0.164,0.346,0.000,0.000,0.003,0.000,0.614,0.000,1.041,1.041,0.994
1780271146987,0.007,0.014,0.036,0.061,0.000,0.000,0.003,0.000,0.121,0.000,0.781,0.781,0.752
1780271147026,0.003,0.003,0.014,0.007,0.000,0.003,0.003,0.000,0.033,0.000,0.569,0.569,0.727
1780271147060,0.003,0.000,0.007,0.003,0.000,0.000,0.003,0.003,0.019,0.000,0.529,0.529,0.727
1780271147099,0.003,0.000,0.003,0.007,0.000,0.000,0.000,0.003,0.016,0.000,0.520,0.520,0.727
1780271147131,0.003,0.000,0.003,0.003,0.000,0.000,0.003,0.003,0.015,0.000,0.496,0.496,0.727
1780271147167,0.007,0.003,0.003,0.003,0.000,0.000,0.003,0.003,0.022,0.000,0.496,0.496,0.727
1780271147201,0.000,0.000,0.003,0.003,2.974,3.856,0.003,0.010,6.849,0.000,0.504,0.504,1.770
1780271147240,0.003,0.000,0.003,0.007,4.497,3.991,0.003,0.007,8.511,0.000,0.529,0.529,10.085
1780271147269,0.003,0.000,0.003,0.003,3.717,3.634,0.007,0.007,7.374,0.000,0.520,0.520,8.218
1780271147310,0.000,0.000,0.000,0.003,2.824,2.886,0.003,0.003,5.719,0.000,0.537,0.537,6.788
1780271147340,0.000,0.000,0.003,0.003,2.544,2.420,0.003,0.007,4.980,0.000,0.520,0.520,5.794
1780271147391,0.003,0.000,0.000,0.003,1.899,1.760,0.003,0.003,3.671,0.000,0.520,0.520,4.170
1780271147443,0.003,0.000,0.000,0.003,1.574,1.570,0.003,0.007,3.160,0.000,0.512,0.512,3.830
1780271147477,0.000,0.003,0.003,0.003,1.509,1.512,0.003,0.003,3.036,0.000,0.504,0.504,3.588
1780271147510,0.003,0.000,0.000,0.003,1.468,1.392,0.003,0.003,2.872,0.000,0.512,0.512,3.418
1780271147541,0.007,0.000,0.000,0.003,1.428,1.381,0.003,0.003,2.825,0.000,0.512,0.512,3.418
1780271147600,0.003,0.000,0.000,0.003,0.335,0.415,0.003,0.000,0.759,0.000,0.520,0.520,2.109
1780271147625,0.003,0.000,0.000,0.003,0.069,0.091,0.003,0.000,0.169,0.000,0.504,0.504,0.776
1780271147658,0.003,0.000,0.003,0.003,0.018,0.021,0.003,0.000,0.051,0.000,0.496,0.496,0.703
1780271147692,0.003,0.000,0.003,0.007,0.003,0.007,0.003,0.000,0.026,0.000,0.496,0.496,0.703
1780271147728,0.003,0.000,0.003,0.007,0.000,0.003,0.003,0.000,0.019,0.000,0.488,0.488,0.703
1780271147765,0.000,0.000,0.000,0.003,0.000,0.003,0.003,0.000,0.009,0.000,0.488,0.488,0.679
1780271147801,0.003,0.000,0.000,0.003,0.000,0.003,0.003,0.000,0.012,0.000,0.488,0.488,0.703
1780271147844,1.611,1.589,1.439,1.498,0.000,0.000,0.003,0.000,6.140,0.000,2.930,2.930,2.739
1780271147900,4.891,5.179,5.988,5.449,0.000,0.003,0.000,0.000,21.510,0.000,18.591,18.591,17.648
1780271147930,4.031,5.132,5.697,5.157,0.000,0.000,0.000,0.003,20.020,0.000,18.608,18.608,17.624
1780271147971,3.528,4.315,4.902,4.505,0.000,0.000,0.003,0.003,17.256,0.000,16.450,16.450,15.564
1780271148002,2.992,3.790,4.516,4.158,0.000,0.000,0.003,0.000,15.459,0.000,14.798,14.798,13.745
1780271148052,0.889,1.377,0.918,1.027,0.000,0.000,0.003,0.000,4.214,0.000,4.696,4.696,8.727
1780271148118,0.032,0.043,0.029,0.021,0.000,0.000,0.003,0.000,0.128,0.000,0.984,0.984,0.727
1780271148148,0.010,0.010,0.010,0.014,0.000,0.000,0.003,0.000,0.047,0.000,0.748,0.748,0.727
1780271148180,0.007,0.003,0.007,0.003,0.000,0.000,0.003,0.003,0.026,0.000,0.569,0.569,0.752
1780271148211,0.007,0.003,0.007,0.003,0.000,0.003,0.003,0.000,0.026,0.000,0.529,0.529,0.824
1780271148252,0.003,0.000,0.003,0.003,0.000,0.000,0.000,0.000,0.009,0.000,0.496,0.496,0.752
1780271148287,0.003,0.003,0.003,0.003,0.000,0.000,0.003,0.000,0.015,0.000,0.480,0.480,0.752
1780271148329,0.003,0.000,0.003,0.003,0.003,0.000,0.003,0.000,0.015,0.000,0.496,0.496,0.727
1780271148361,0.000,0.000,0.000,0.003,0.000,0.003,0.003,0.000,0.009,0.000,0.480,0.480,0.727
1780271148415,0.003,0.000,0.003,0.007,0.000,0.000,0.003,0.003,0.019,0.000,0.480,0.480,0.703
1780271148445,0.000,0.000,0.000,0.007,0.003,0.003,0.003,0.003,0.019,0.000,0.488,0.488,0.727
1780271148483,0.003,0.000,0.000,0.003,0.000,0.000,0.003,0.003,0.012,0.000,0.488,0.488,0.727
1780271148508,0.003,0.000,0.003,0.003,0.000,0.000,0.003,0.000,0.012,0.000,0.480,0.480,0.727
1780271148543,0.003,0.000,0.000,0.003,0.000,0.000,0.000,0.000,0.006,0.000,0.496,0.496,0.703
1780271148574,0.003,0.000,0.000,0.003,0.000,0.000,0.003,0.000,0.009,0.000,0.496,0.496,0.679
1780271148645,0.007,0.000,0.003,0.003,0.003,0.000,0.003,0.003,0.022,0.000,0.480,0.480,0.727
1780271148684,0.000,0.000,0.000,0.003,0.000,0.000,0.000,0.003,0.006,0.000,0.496,0.496,0.703
1780271148718,0.000,0.000,0.000,0.003,0.000,0.000,0.003,0.000,0.006,0.000,0.480,0.480,0.703
1780271148751,0.000,0.000,0.000,0.003,0.000,0.000,0.003,0.000,0.006,0.000,0.480,0.480,0.703
1780271148786,0.003,0.000,0.003,0.003,0.000,0.000,0.000,0.000,0.009,0.000,0.480,0.480,0.703
1780271148827,0.000,0.000,0.003,0.003,0.000,0.000,0.003,0.000,0.009,0.000,0.496,0.496,0.703
1780271148861,0.003,0.000,0.000,0.007,0.000,0.000,0.003,0.000,0.013,0.000,0.496,0.496,0.727
1780271148887,0.000,0.000,0.000,0.003,0.000,0.000,0.003,0.000,0.006,0.000,0.488,0.488,0.703
1780271148936,0.000,0.000,0.000,0.003,0.000,0.003,0.003,0.000,0.009,0.000,0.496,0.496,0.679
1780271148969,0.003,0.000,0.000,0.003,0.000,0.000,0.003,0.000,0.009,0.000,0.496,0.496,0.727
1780271149007,0.003,0.000,0.000,0.003,0.000,0.000,0.003,0.003,0.012,0.000,0.488,0.488,0.727
1780271149036,0.003,0.000,0.003,0.003,0.000,0.000,0.003,0.003,0.015,0.000,0.488,0.488,0.703
1780271149073,0.000,0.000,0.003,0.003,0.000,0.000,0.003,0.000,0.009,0.000,0.496,0.496,0.703
1780271149122,0.000,0.000,0.003,0.003,0.003,0.000,0.003,0.000,0.012,0.000,0.496,0.496,0.752
1780271149193,0.000,0.000,0.000,0.003,0.000,0.000,0.003,0.000,0.006,0.000,0.488,0.488,0.703
1780271149219,0.000,0.000,0.000,0.003,0.000,0.000,0.003,0.000,0.006,0.000,0.496,0.496,0.703
1780271149255,0.000,0.000,0.003,0.003,0.003,0.003,0.003,0.000,0.015,0.000,0.496,0.496,0.727
1780271149283,0.000,0.000,0.000,0.003,0.000,0.000,0.003,0.000,0.006,0.000,0.512,0.512,0.703
1780271149314,0.000,0.000,0.000,0.003,0.000,0.003,0.003,0.000,0.009,0.000,0.488,0.488,0.679
1780271149343,0.003,0.003,0.000,0.003,0.000,0.000,0.000,0.000,0.009,0.000,0.488,0.488,0.703
1780271149375,0.003,0.003,0.000,0.003,0.000,0.000,0.003,0.000,0.012,0.000,0.496,0.496,0.703
1780271149409,0.000,0.000,0.000,0.003,0.000,0.000,0.000,0.003,0.006,0.000,0.488,0.488,0.703
1780271149466,0.000,0.000,0.003,0.000,0.003,0.000,0.003,0.000,0.009,0.000,0.480,0.480,0.679
1780271149498,0.000,0.000,0.000,0.000,0.000,0.000,0.003,0.000,0.003,0.000,0.504,0.504,0.727
1780271149546,0.003,0.000,0.000,0.003,0.000,0.000,0.003,0.000,0.009,0.000,0.520,0.520,0.679
1780271149571,0.000,0.000,0.000,0.003,0.000,0.000,0.003,0.000,0.006,0.000,0.504,0.504,0.752
1780271149605,0.003,0.000,0.000,0.003,0.000,0.000,0.003,0.003,0.012,0.000,0.512,0.512,0.703
1780271149635,0.000,0.000,0.000,0.003,0.003,0.000,0.003,0.003,0.012,0.000,0.496,0.496,0.727
1780271149701,0.003,0.000,0.000,0.003,0.000,0.000,0.003,0.003,0.012,0.000,0.488,0.488,0.703
1780271149733,1.968,1.793,1.775,1.673,0.000,0.000,0.003,0.003,7.215,0.000,4.200,4.200,0.315
1780271149772,1.611,1.078,0.958,1.188,0.000,0.000,0.003,0.000,4.838,0.000,2.295,2.295,7.273
1780271149804,0.160,0.193,0.171,0.204,0.000,0.000,0.003,0.000,0.731,0.000,1.115,1.115,0.824
1780271149851,0.018,0.018,0.021,0.021,0.000,0.000,0.003,0.000,0.081,0.000,0.594,0.594,0.703
1780271149878,0.007,0.003,0.003,0.003,0.000,0.000,0.000,0.000,0.016,0.000,0.529,0.529,0.703
1780271149912,0.003,0.003,0.000,0.003,0.000,0.000,0.003,0.003,0.015,0.000,0.504,0.504,0.703
1780271149966,0.007,0.003,0.000,0.003,0.000,0.000,0.000,0.003,0.016,0.000,0.480,0.480,0.703
1780271149993,0.003,0.003,0.003,0.003,0.003,0.003,0.003,0.000,0.021,0.000,0.480,0.480,0.727
1780271150027,0.003,0.000,0.000,0.003,0.000,0.000,0.003,0.000,0.009,0.000,0.488,0.488,0.703
1780271150060,0.000,0.000,0.000,0.003,0.003,0.000,0.000,0.000,0.006,0.000,0.496,0.496,0.727
1780271150102,0.000,0.000,0.000,0.003,0.000,0.003,0.003,0.000,0.009,0.000,0.480,0.480,0.703
1780271150134,0.003,0.000,0.000,0.003,0.000,0.000,0.003,0.003,0.012,0.000,0.496,0.496,0.727
1780271150175,0.003,0.000,0.000,0.003,0.003,0.000,0.003,0.000,0.012,0.000,0.480,0.480,0.630
1780271150248,0.003,0.000,0.000,0.003,0.000,0.000,0.003,0.000,0.009,0.000,0.496,0.496,0.703
1780271150294,0.003,0.000,0.003,0.003,0.000,0.000,0.000,0.007,0.016,0.000,0.488,0.488,0.727
1780271150329,0.000,0.000,0.000,0.003,0.000,0.000,0.003,0.000,0.006,0.000,0.480,0.480,0.703
1780271150369,0.003,0.000,0.000,0.000,0.000,0.000,0.000,0.003,0.006,0.000,0.488,0.488,0.703
1780271150402,0.000,0.000,0.003,0.007,0.003,0.000,0.003,0.000,0.016,0.000,0.488,0.488,0.703
1780271150432,0.000,0.000,0.000,0.003,0.000,0.000,0.003,0.000,0.006,0.000,0.496,0.496,0.727
1780271150473,0.003,0.000,0.000,0.003,0.000,0.000,0.000,0.000,0.006,0.000,0.504,0.504,0.703
1780271150510,0.003,0.000,0.000,0.007,0.000,0.003,0.003,0.000,0.016,0.000,0.488,0.488,0.727
1780271150539,0.000,0.000,0.000,0.003,0.000,0.000,0.003,0.003,0.009,0.000,0.480,0.480,0.703
1780271150576,0.000,0.000,0.000,0.007,0.000,0.000,0.003,0.000,0.010,0.000,0.488,0.488,0.703
1780271150608,0.003,0.000,0.000,0.000,0.000,0.000,0.000,0.000,0.003,0.000,0.488,0.488,0.703
1780271150647,0.000,0.000,0.000,0.003,0.000,0.000,0.003,0.000,0.006,0.000,0.480,0.480,0.727
1780271150676,0.000,0.000,0.000,0.003,0.000,0.000,0.000,0.000,0.003,0.000,0.480,0.480,0.703
1780271150712,0.000,0.003,0.003,0.007,0.000,0.000,0.003,0.000,0.016,0.000,0.488,0.488,0.703
1780271150764,0.000,0.000,0.003,0.003,0.000,0.003,0.003,0.000,0.012,0.000,0.480,0.480,0.703
1780271150805,0.000,0.000,0.000,0.003,0.000,0.000,0.003,0.000,0.006,0.000,0.488,0.488,0.703
1780271150842,0.000,0.000,0.000,0.007,0.000,0.003,0.003,0.003,0.016,0.000,0.488,0.488,0.703
1780271150873,0.007,0.000,0.000,0.003,0.000,0.000,0.003,0.003,0.016,0.000,0.496,0.496,0.703
1780271150911,0.000,0.000,0.000,0.000,0.000,0.000,0.000,0.000,0.000,0.000,0.488,0.488,0.727
1780271150947,0.003,0.003,0.003,0.003,0.000,0.000,0.003,0.000,0.015,0.000,0.480,0.480,0.679
1780271151002,0.000,0.000,0.000,0.003,0.000,0.000,0.003,0.000,0.006,0.000,0.488,0.488,0.703
1780271151027,0.003,0.000,0.000,0.003,0.000,0.000,0.000,0.000,0.006,0.000,0.480,0.480,0.703
1780271151062,0.003,0.003,0.000,0.003,0.000,0.003,0.003,0.003,0.018,0.000,0.488,0.488,0.703
1780271151095,0.003,0.000,0.000,0.003,0.000,0.003,0.000,0.003,0.012,0.000,0.480,0.480,0.703
1780271151130,0.000,0.000,0.003,0.003,0.000,0.000,0.000,0.000,0.006,0.000,0.496,0.496,0.727
1780271151157,0.007,0.000,0.000,0.003,0.000,0.000,0.003,0.000,0.013,0.000,0.480,0.480,0.703
1780271151194,0.000,0.000,0.000,0.003,0.000,0.000,0.003,0.000,0.006,0.000,0.480,0.480,0.703
1780271151227,0.007,0.000,0.000,0.003,0.000,0.000,0.007,0.000,0.017,0.000,0.480,0.480,0.727
1780271151286,0.000,0.000,0.000,0.003,0.000,0.000,0.003,0.003,0.009,0.000,0.472,0.472,0.727
1780271151327,0.003,0.000,0.000,0.003,0.000,0.000,0.003,0.000,0.009,0.000,0.463,0.463,0.679
1780271151374,0.003,0.000,0.003,0.000,0.000,0.000,0.003,0.000,0.009,0.000,0.488,0.488,0.703
1780271151399,0.003,0.000,0.000,0.003,0.003,0.000,0.003,0.000,0.012,0.000,0.488,0.488,0.703
1780271151432,0.003,0.000,0.000,0.003,0.000,0.000,0.003,0.003,0.012,0.000,0.488,0.488,0.679
1780271151464,0.003,0.000,0.000,0.003,0.000,0.000,0.003,0.000,0.009,0.000,0.472,0.472,0.703
1780271151524,0.000,0.000,0.000,0.000,0.003,0.000,0.000,0.000,0.003,0.000,0.472,0.472,0.679
1780271151553,0.003,0.000,0.000,0.003,0.000,0.000,0.003,0.000,0.009,0.000,0.463,0.463,0.727
1780271151592,0.000,0.000,0.000,0.003,0.000,0.000,0.003,0.000,0.006,0.000,0.480,0.480,0.703
1780271151628,0.000,0.000,0.000,0.003,0.000,0.000,0.000,0.000,0.003,0.000,0.504,0.504,0.703
1780271151665,0.003,0.000,0.000,0.003,0.000,0.003,0.003,0.003,0.015,0.000,0.488,0.488,0.703
1780271151698,0.007,0.000,0.000,0.007,0.000,0.000,0.003,0.000,0.017,0.000,0.480,0.480,0.703
1780271151736,0.003,0.000,0.003,0.003,0.000,0.000,0.003,0.000,0.012,0.000,0.480,0.480,0.679
1780271151804,0.000,0.000,0.003,0.003,0.000,0.000,0.000,0.000,0.006,0.000,0.480,0.480,0.679
1780271151855,0.000,0.000,0.000,0.003,0.000,0.000,0.003,0.003,0.009,0.000,0.496,0.496,0.703
1780271151887,0.003,0.000,0.000,0.003,0.000,0.000,0.003,0.003,0.012,0.000,0.496,0.496,0.703
1780271151918,0.003,0.000,0.000,0.003,0.000,0.000,0.003,0.000,0.009,0.000,0.496,0.496,0.727
1780271151948,0.000,0.000,0.000,0.003,0.000,0.000,0.000,0.000,0.003,0.000,0.496,0.496,0.703
1780271151986,0.000,0.000,0.000,0.003,0.000,0.003,0.003,0.003,0.012,0.000,0.496,0.496,0.703
1780271152039,0.000,0.000,0.000,0.003,0.003,0.000,0.003,0.000,0.009,0.000,0.496,0.496,0.703
1780271152065,0.000,0.000,0.000,0.000,0.000,0.000,0.003,0.003,0.006,0.000,0.488,0.488,0.727
1780271152113,0.003,0.003,0.000,0.000,0.000,0.000,0.000,0.003,0.009,0.000,0.488,0.488,0.727
1780271152144,0.000,0.000,0.000,0.000,0.000,0.000,0.003,0.003,0.006,0.000,0.496,0.496,0.679
1780271152176,0.003,0.000,0.003,0.003,0.000,0.000,0.003,0.000,0.012,0.000,0.504,0.504,0.679
1780271152205,0.003,0.000,0.003,0.003,0.000,0.000,0.003,0.000,0.012,0.000,0.480,0.480,0.630
1780271152248,0.003,0.000,0.000,0.003,0.000,0.000,0.003,0.000,0.009,0.000,0.472,0.472,0.703
1780271152311,0.000,0.000,0.003,0.003,0.000,0.000,0.003,0.000,0.009,0.000,0.480,0.480,0.679
1780271152354,0.003,0.000,0.003,0.000,0.000,0.000,0.003,0.000,0.009,0.000,0.480,0.480,0.703
1780271152399,0.003,0.000,0.000,0.003,0.000,0.000,0.003,0.003,0.012,0.000,0.496,0.496,0.679
1780271152428,0.003,0.000,0.000,0.003,0.000,0.000,0.003,0.000,0.009,0.000,0.472,0.472,0.703
1780271152460,0.003,0.000,0.000,0.003,0.000,0.000,0.003,0.000,0.009,0.000,0.472,0.472,0.679
1780271152490,0.003,0.000,0.000,0.003,0.000,0.000,0.003,0.000,0.009,0.000,0.472,0.472,0.679
1780271152545,0.000,0.000,0.003,0.000,0.000,0.000,0.003,0.003,0.009,0.000,0.480,0.480,0.679
1780271152576,0.000,0.000,0.000,0.003,0.000,0.003,0.003,0.000,0.009,0.000,0.472,0.472,0.703
1780271152621,0.000,0.003,0.003,0.003,0.000,0.000,0.003,0.000,0.012,0.000,0.488,0.488,0.679
1780271152654,0.003,0.000,0.000,0.000,0.000,0.000,0.003,0.003,0.009,0.000,0.480,0.480,0.727
1780271152693,0.003,0.000,0.000,0.003,0.000,0.000,0.003,0.007,0.016,0.000,0.480,0.480,0.703
1780271152722,0.003,0.000,0.003,0.000,0.000,0.003,0.003,0.000,0.012,0.000,0.488,0.488,0.703
1780271152758,0.003,0.000,0.007,0.003,0.000,0.000,0.000,0.000,0.013,0.000,0.488,0.488,0.703
1780271152819,0.000,0.000,0.000,0.003,0.000,0.000,0.003,0.000,0.006,0.000,0.480,0.480,0.679
1780271152876,0.000,0.000,0.000,0.000,0.000,0.000,0.003,0.000,0.003,0.000,0.488,0.488,0.727
1780271152906,0.000,0.000,0.000,0.003,0.000,0.000,0.003,0.003,0.009,0.000,0.496,0.496,0.727
1780271152939,0.003,0.000,0.000,0.003,0.003,0.000,0.003,0.000,0.012,0.000,0.480,0.480,0.703
1780271152969,0.000,0.000,0.000,0.000,0.000,0.000,0.003,0.000,0.003,0.000,0.480,0.480,0.703
1780271153020,0.000,0.000,0.000,0.003,0.000,0.000,0.000,0.003,0.006,0.000,0.480,0.480,0.703
1780271153062,0.000,0.000,0.003,0.003,0.000,0.000,0.000,0.003,0.009,0.000,0.472,0.472,0.727
1780271153099,0.003,0.000,0.000,0.000,0.000,0.000,0.003,0.000,0.006,0.000,0.480,0.480,0.703
1780271153153,0.000,0.000,0.000,0.000,0.000,0.000,0.003,0.003,0.006,0.000,0.496,0.496,0.703
1780271153181,0.000,0.000,0.000,0.000,0.003,0.000,0.000,0.000,0.003,0.000,0.488,0.488,0.703
1780271153214,0.000,0.003,0.000,0.003,0.000,0.000,0.003,0.000,0.009,0.000,0.480,0.480,0.703
1780271153245,0.000,0.000,0.000,0.003,0.000,0.000,0.000,0.003,0.006,0.000,0.480,0.480,0.703
1780271153289,0.000,0.000,0.000,0.003,0.003,0.000,0.003,0.000,0.009,0.000,0.496,0.496,0.703
1780271153347,0.003,0.000,0.003,0.003,0.000,0.000,0.003,0.000,0.012,0.000,0.480,0.480,0.703
1780271153391,0.000,0.000,0.000,0.003,0.000,0.000,0.003,0.003,0.009,0.000,0.488,0.488,0.727
1780271153431,0.000,0.003,0.000,0.003,0.000,0.000,0.003,0.000,0.009,0.000,0.480,0.480,0.703
1780271153459,0.000,0.000,0.000,0.003,0.000,0.000,0.003,0.000,0.006,0.000,0.480,0.480,0.703
1780271153490,0.000,0.000,0.000,0.003,0.000,0.000,0.003,0.000,0.006,0.000,0.472,0.472,0.727
1780271153518,0.000,0.000,0.003,0.003,0.000,0.000,0.003,0.000,0.009,0.000,0.480,0.480,0.703
1780271153550,0.003,0.000,0.000,0.003,0.000,0.000,0.000,0.007,0.013,0.000,0.496,0.496,0.703
1780271153607,0.000,0.003,0.003,0.003,0.003,0.000,0.003,0.000,0.015,0.000,0.488,0.488,0.703
1780271153648,0.007,0.000,0.000,0.003,0.000,0.000,0.003,0.000,0.013,0.000,0.512,0.512,0.703
1780271153682,0.000,0.000,0.000,0.000,0.000,0.000,0.003,0.000,0.003,0.000,0.520,0.520,0.727
1780271153710,0.000,0.000,0.000,0.003,0.000,0.003,0.000,0.000,0.006,0.000,0.529,0.529,0.727
1780271153747,0.000,0.000,0.000,0.003,0.000,0.000,0.003,0.003,0.009,0.000,0.512,0.512,0.703
1780271153774,0.000,0.000,0.000,0.003,0.000,0.003,0.003,0.000,0.009,0.000,0.496,0.496,0.679
1780271153803,0.000,0.000,0.003,0.003,0.000,0.003,0.000,0.000,0.009,0.000,0.496,0.496,0.703
1780271153855,0.003,0.000,0.003,0.003,0.000,0.003,0.003,0.000,0.015,0.000,0.480,0.480,0.703
1780271153902,0.000,0.000,0.003,0.000,0.000,0.000,0.003,0.003,0.009,0.000,0.480,0.480,0.727
1780271153933,0.000,0.000,0.000,0.000,0.000,0.003,0.000,0.000,0.003,0.000,0.496,0.496,0.703
1780271153962,0.003,0.000,0.000,0.000,0.000,0.000,0.000,0.003,0.006,0.000,0.480,0.480,0.679
1780271153995,0.003,0.000,0.000,0.003,0.000,0.007,0.003,0.000,0.016,0.000,0.480,0.480,0.703
1780271154037,0.003,0.000,0.000,0.003,0.000,0.000,0.003,0.003,0.012,0.000,0.472,0.472,0.679
1780271154078,0.003,0.000,0.000,0.003,0.000,0.000,0.003,0.003,0.012,0.000,0.480,0.480,0.703
1780271154127,0.003,0.000,0.003,0.000,0.000,0.000,0.003,0.000,0.009,0.000,0.472,0.472,0.679
1780271154164,0.003,0.003,0.003,0.003,0.000,0.003,0.000,0.003,0.018,0.000,0.496,0.496,0.703
1780271154195,0.003,0.000,0.003,0.003,0.000,0.000,0.003,0.000,0.012,0.000,0.472,0.472,0.703
1780271154223,0.000,0.000,0.003,0.003,0.000,0.000,0.003,0.000,0.009,0.000,0.472,0.472,0.679
1780271154253,0.000,0.000,0.000,0.003,0.000,0.000,0.003,0.003,0.009,0.000,0.488,0.488,0.679
1780271154290,0.003,0.000,0.000,0.007,0.000,0.003,0.003,0.003,0.019,0.000,0.488,0.488,0.703
1780271154321,0.003,0.000,0.000,0.003,0.003,0.000,0.003,0.003,0.015,0.000,0.472,0.472,0.703
1780271154380,0.000,0.000,0.003,0.003,0.000,0.000,0.003,0.007,0.016,0.000,0.463,0.463,0.679
1780271154434,0.000,0.000,0.000,0.000,0.000,0.000,0.000,0.000,0.000,0.000,0.504,0.504,0.679
1780271154460,0.003,0.000,0.000,0.003,0.000,0.000,0.003,0.003,0.012,0.000,0.488,0.488,0.703
1780271154494,0.003,0.000,0.000,0.000,0.000,0.000,0.003,0.003,0.009,0.000,0.488,0.488,0.703
1780271154520,0.000,0.003,0.000,0.007,0.003,0.000,0.003,0.000,0.016,0.000,0.488,0.488,0.679
1780271154568,0.000,0.000,0.000,0.003,0.000,0.000,0.000,0.000,0.003,0.000,0.472,0.472,0.703
1780271154609,0.007,0.000,0.000,0.003,0.000,0.000,0.003,0.000,0.013,0.000,0.480,0.480,0.679
1780271154657,0.003,0.000,0.000,0.003,0.000,0.003,0.003,0.000,0.012,0.000,0.488,0.488,0.630
1780271154691,0.003,0.000,0.000,0.003,0.000,0.000,0.003,0.000,0.009,0.000,0.496,0.496,0.703
1780271154722,0.000,0.003,0.000,0.003,0.000,0.000,0.003,0.003,0.012,0.000,0.488,0.488,0.727
1780271154757,0.000,0.000,0.000,0.003,0.000,0.000,0.003,0.000,0.006,0.000,0.496,0.496,0.679
1780271154798,0.003,0.000,0.000,0.000,0.000,0.003,0.003,0.000,0.009,0.000,0.496,0.496,0.703
1780271154827,0.000,0.000,0.000,0.003,0.000,0.000,0.003,0.000,0.006,0.000,0.488,0.488,0.703
1780271154893,0.000,0.000,0.000,0.003,0.000,0.000,0.003,0.000,0.006,0.000,0.480,0.480,0.703
1780271154936,0.000,0.000,0.000,0.003,0.000,0.000,0.000,0.003,0.006,0.000,0.496,0.496,0.703
1780271154967,0.003,0.000,0.000,0.003,0.000,0.000,0.000,0.003,0.009,0.000,0.496,0.496,0.727
1780271154997,0.000,0.000,0.000,0.003,0.000,0.000,0.000,0.000,0.003,0.000,0.480,0.480,0.703
1780271155033,0.000,0.000,0.003,0.003,0.000,0.000,0.003,0.000,0.009,0.000,0.480,0.480,0.703
1780271155061,0.003,0.003,0.000,0.003,0.000,0.003,0.000,0.003,0.015,0.000,0.488,0.488,0.630
1780271155090,0.000,0.000,0.000,0.000,0.000,0.000,0.000,0.000,0.000,0.000,0.488,0.488,0.703
1780271155116,0.003,0.000,0.003,0.003,0.003,0.000,0.000,0.003,0.015,0.000,0.480,0.480,0.727
1780271155176,0.003,0.000,0.000,0.000,0.000,0.000,0.003,0.003,0.009,0.000,0.496,0.496,0.703
1780271155209,0.003,0.000,0.000,0.003,0.000,0.000,0.003,0.000,0.009,0.000,0.488,0.488,0.703
1780271155239,0.000,0.000,0.000,0.003,0.000,0.000,0.003,0.003,0.009,0.000,0.480,0.480,0.703
1780271155269,0.000,0.000,0.000,0.003,0.000,0.003,0.003,0.003,0.012,0.000,0.472,0.472,0.727
1780271155308,0.000,0.000,0.000,0.003,0.000,0.000,0.003,0.000,0.006,0.000,0.480,0.480,0.703
1780271155338,0.000,0.000,0.003,0.003,0.000,0.000,0.000,0.000,0.006,0.000,0.488,0.488,0.703
1780271155392,0.000,0.000,0.000,0.003,0.000,0.000,0.003,0.003,0.009,0.000,0.488,0.488,0.703
1780271155446,0.000,0.000,0.000,0.003,0.000,0.000,0.000,0.000,0.003,0.000,0.496,0.496,0.703
1780271155473,0.003,0.000,0.000,0.003,0.000,0.000,0.003,0.000,0.009,0.000,0.488,0.488,0.679
1780271155510,0.000,0.000,0.000,0.003,0.000,0.000,0.003,0.000,0.006,0.000,0.472,0.472,0.679
1780271155539,0.007,0.000,0.000,0.003,0.000,0.000,0.003,0.000,0.013,0.000,0.463,0.463,0.703
1780271155581,0.000,0.000,0.000,0.003,0.000,0.003,0.003,0.000,0.009,0.000,0.480,0.480,0.679
1780271155609,0.000,0.000,0.003,0.003,0.000,0.003,0.003,0.003,0.015,0.000,0.480,0.480,0.679
1780271155642,0.003,0.000,0.003,0.003,0.003,0.000,0.000,0.000,0.012,0.000,0.472,0.472,0.703
1780271155694,0.003,0.000,0.000,0.003,0.000,0.000,0.003,0.000,0.009,0.000,0.496,0.496,0.727
1780271155728,0.000,0.003,0.000,0.003,0.000,0.003,0.003,0.000,0.012,0.000,0.480,0.480,0.679
1780271155760,0.000,0.000,0.000,0.003,0.000,0.000,0.003,0.000,0.006,0.000,0.472,0.472,0.679
1780271155789,0.000,0.000,0.000,0.007,0.000,0.000,0.000,0.003,0.010,0.000,0.480,0.480,0.679
1780271155824,0.003,0.003,0.003,0.003,0.000,0.003,0.003,0.000,0.018,0.000,0.472,0.472,0.703
1780271155858,0.000,0.000,0.000,0.000,0.003,0.000,0.000,0.000,0.003,0.000,0.480,0.480,0.679
1780271155918,0.003,0.000,0.000,0.003,0.000,0.000,0.003,0.000,0.009,0.000,0.472,0.472,0.727
1780271155965,0.000,0.000,0.003,0.003,0.000,0.000,0.003,0.003,0.012,0.000,0.480,0.480,0.703
1780271155997,0.003,0.000,0.000,0.003,0.000,0.000,0.003,0.000,0.009,0.000,0.488,0.488,0.703
1780271156030,0.000,0.000,0.000,0.003,0.000,0.003,0.003,0.000,0.009,0.000,0.488,0.488,0.703
1780271156055,0.000,0.000,0.000,0.003,0.000,0.003,0.000,0.003,0.009,0.000,0.480,0.480,0.703
1780271156089,0.003,0.000,0.000,0.003,0.000,0.000,0.000,0.003,0.009,0.000,0.496,0.496,0.703
1780271156114,0.003,0.000,0.000,0.003,0.000,0.000,0.003,0.000,0.009,0.000,0.488,0.488,0.727
1780271156149,0.003,0.000,0.000,0.007,0.000,0.000,0.003,0.000,0.013,0.000,0.488,0.488,0.703
1780271156198,0.000,0.000,0.000,0.003,0.000,0.003,0.003,0.000,0.009,0.000,0.488,0.488,0.703
1780271156234,0.003,0.000,0.000,0.000,0.000,0.000,0.003,0.003,0.009,0.000,0.480,0.480,0.679
1780271156264,0.000,0.003,0.000,0.003,0.000,0.000,0.003,0.000,0.009,0.000,0.480,0.480,0.727
1780271156306,0.003,0.000,0.000,0.003,0.003,0.000,0.003,0.003,0.015,0.000,0.472,0.472,0.703
1780271156346,0.000,0.000,0.000,0.003,0.000,0.000,0.003,0.000,0.006,0.000,0.472,0.472,0.703
1780271156383,0.000,0.000,0.000,0.003,0.000,0.000,0.003,0.003,0.009,0.000,0.480,0.480,0.703
1780271156457,0.000,0.003,0.000,0.003,0.000,0.000,0.003,0.000,0.009,0.000,0.488,0.488,0.727
1780271156495,0.000,0.000,0.000,0.000,0.003,0.000,0.003,0.000,0.006,0.000,0.480,0.480,0.703
1780271156529,0.000,0.000,0.003,0.000,0.000,0.003,0.003,0.000,0.009,0.000,0.480,0.480,0.703
1780271156560,0.003,0.000,0.000,0.000,0.000,0.000,0.000,0.000,0.003,0.000,0.480,0.480,0.703
1780271156605,0.000,0.000,0.000,0.003,0.000,0.000,0.003,0.000,0.006,0.000,0.496,0.496,0.703
1780271156632,0.000,0.000,0.000,0.003,0.000,0.007,0.003,0.000,0.013,0.000,0.488,0.488,0.703
1780271156669,0.000,0.000,0.000,0.003,0.000,0.000,0.003,0.000,0.006,0.000,0.463,0.463,0.703
1780271156719,0.003,0.000,0.000,0.003,0.003,0.003,0.003,0.000,0.015,0.000,0.488,0.488,0.752
1780271156749,0.007,0.000,0.000,0.003,0.003,0.003,0.003,0.000,0.019,0.000,0.488,0.488,0.703
1780271156782,0.007,0.000,0.003,0.007,0.000,0.000,0.000,0.003,0.020,0.000,0.488,0.488,0.703
1780271156809,0.000,0.000,0.000,0.003,0.000,0.000,0.003,0.000,0.006,0.000,0.480,0.480,0.727
1780271156842,0.003,0.000,0.000,0.003,0.000,0.000,0.003,0.000,0.009,0.000,0.480,0.480,0.679
1780271156870,0.000,0.000,0.000,0.000,0.000,0.003,0.003,0.000,0.006,0.000,0.480,0.480,0.727
1780271156908,0.000,0.000,0.000,0.003,0.000,0.000,0.000,0.000,0.003,0.000,0.480,0.480,0.703
1780271156962,0.000,0.000,0.000,0.003,0.000,0.000,0.003,0.003,0.009,0.000,0.496,0.496,0.703
1780271157002,0.000,0.000,0.000,0.003,0.000,0.000,0.003,0.000,0.006,0.000,0.480,0.480,0.727
1780271157037,0.000,0.003,0.000,0.003,0.000,0.000,0.003,0.000,0.009,0.000,0.480,0.480,0.703
1780271157071,0.003,0.000,0.000,0.003,0.000,0.003,0.003,0.000,0.012,0.000,0.488,0.488,0.727
1780271157110,0.003,0.000,0.007,0.003,0.000,0.003,0.003,0.000,0.019,0.000,0.472,0.472,0.703
1780271157138,0.000,0.000,0.003,0.003,0.000,0.000,0.000,0.000,0.006,0.000,0.472,0.472,0.703
1780271157193,0.003,0.000,0.000,0.003,0.000,0.000,0.003,0.000,0.009,0.000,0.504,0.504,0.703
1780271157252,0.007,0.000,0.000,0.003,0.000,0.000,0.003,0.003,0.016,0.000,0.472,0.472,0.679
1780271157286,0.000,0.000,0.000,0.003,0.000,0.000,0.003,0.000,0.006,0.000,0.480,0.480,0.703
1780271157332,0.003,0.003,0.000,0.003,0.000,0.000,0.003,0.000,0.012,0.000,0.472,0.472,0.630
1780271157364,0.000,0.000,0.003,0.003,0.000,0.000,0.003,0.003,0.012,0.000,0.455,0.455,0.703
1780271157399,0.000,0.000,0.003,0.003,0.000,0.003,0.003,0.003,0.015,0.000,0.480,0.480,0.703
1780271157427,0.000,0.000,0.000,0.003,0.000,0.000,0.003,0.000,0.006,0.000,0.480,0.480,0.703
1780271157487,0.000,0.000,0.000,0.007,0.000,0.000,0.003,0.003,0.013,0.000,0.488,0.488,0.727
1780271157530,0.003,0.003,0.003,0.003,0.000,0.000,0.000,0.000,0.012,0.000,0.496,0.496,0.703
1780271157565,0.000,0.000,0.003,0.003,0.000,0.000,0.003,0.000,0.009,0.000,0.504,0.504,0.703
1780271157599,0.000,0.000,0.000,0.003,0.000,0.000,0.003,0.000,0.006,0.000,0.496,0.496,0.703
1780271157654,0.003,0.000,0.003,0.000,0.000,0.000,0.003,0.000,0.009,0.000,0.480,0.480,0.679
1780271157691,0.000,0.000,0.000,0.003,0.000,0.000,0.003,0.000,0.006,0.000,0.472,0.472,0.703
1780271157750,0.000,0.000,0.000,0.003,0.000,0.003,0.003,0.000,0.009,0.000,0.480,0.480,0.727
1780271157790,0.000,0.003,0.000,0.003,0.000,0.000,0.003,0.000,0.009,0.000,0.496,0.496,0.727
1780271157836,0.003,0.000,0.000,0.003,0.000,0.000,0.003,0.003,0.012,0.000,0.488,0.488,0.703
1780271157866,0.003,0.000,0.000,0.003,0.000,0.000,0.003,0.000,0.009,0.000,0.520,0.520,0.727
1780271157893,0.003,0.000,0.000,0.003,0.000,0.003,0.003,0.000,0.012,0.000,0.512,0.512,0.752
1780271157928,0.000,0.000,0.003,0.003,0.000,0.000,0.007,0.000,0.013,0.000,0.496,0.496,0.679
1780271157982,0.003,0.000,0.000,0.003,0.000,0.000,0.000,0.000,0.006,0.000,0.496,0.496,0.727
1780271158013,0.003,0.000,0.000,0.003,0.000,0.000,0.003,0.003,0.012,0.000,0.488,0.488,0.679
1780271158074,0.000,0.000,0.000,0.007,0.000,0.000,0.003,0.000,0.010,0.000,0.488,0.488,0.703
1780271158108,0.000,0.000,0.000,0.003,0.000,0.000,0.003,0.003,0.009,0.000,0.488,0.488,0.703
1780271158154,0.003,0.003,0.000,0.003,0.003,0.000,0.003,0.000,0.015,0.000,0.480,0.480,0.727
1780271158191,0.000,0.000,0.007,0.003,0.000,0.000,0.000,0.000,0.010,0.000,0.472,0.472,0.703
1780271158237,0.000,0.000,0.000,0.003,0.000,0.000,0.003,0.000,0.006,0.000,0.480,0.480,0.727
1780271158288,0.003,0.000,0.000,0.007,0.000,0.000,0.003,0.000,0.013,0.000,0.488,0.488,0.703
1780271158316,0.003,0.000,0.000,0.003,0.000,0.000,0.000,0.000,0.006,0.000,0.472,0.472,0.727
1780271158355,0.003,0.000,0.003,0.003,0.000,0.003,0.003,0.000,0.015,0.000,0.480,0.480,0.703
1780271158383,0.003,0.000,0.000,0.000,0.000,0.000,0.000,0.000,0.003,0.000,0.480,0.480,0.703
1780271158414,0.000,0.000,0.000,0.003,0.000,0.000,0.000,0.003,0.006,0.000,0.480,0.480,0.703
1780271158447,0.000,0.000,0.000,0.007,0.000,0.000,0.000,0.000,0.007,0.000,0.488,0.488,0.727
1780271158500,0.003,0.000,0.003,0.003,0.000,0.000,0.003,0.000,0.012,0.000,0.496,0.496,0.703
1780271158530,0.000,0.000,0.000,0.003,0.000,0.000,0.000,0.000,0.003,0.000,0.496,0.496,0.630
1780271158576,0.003,0.000,0.000,0.003,0.000,0.000,0.000,0.000,0.006,0.000,0.488,0.488,0.703
1780271158605,0.003,0.000,0.003,0.003,0.000,0.003,0.000,0.000,0.012,0.000,0.463,0.463,0.727
1780271158653,0.003,0.000,0.000,0.003,0.000,0.000,0.003,0.007,0.016,0.000,0.472,0.472,0.679
1780271158685,0.003,0.003,0.000,0.003,0.000,0.000,0.003,0.000,0.012,0.000,0.463,0.463,0.703
1780271158720,0.003,0.000,0.000,0.003,0.000,0.000,0.003,0.000,0.009,0.000,0.496,0.496,0.679
1780271158751,0.320,0.623,0.605,0.681,0.000,0.000,0.003,0.003,2.235,0.000,1.017,1.017,0.679
1780271158809,5.110,3.688,6.786,4.435,0.000,0.000,0.000,0.003,20.022,0.000,14.782,14.782,13.503
1780271158837,3.400,2.638,7.924,2.569,0.000,0.003,0.003,0.000,16.537,0.000,12.584,12.584,15.321
1780271158874,1.953,0.306,8.430,0.634,0.000,0.000,0.000,0.000,11.323,0.000,10.956,10.956,9.673
1780271158902,3.196,0.058,7.588,0.123,0.000,0.000,0.000,0.000,10.965,0.000,11.119,11.119,9.309
1780271158936,3.852,0.014,6.418,0.032,0.000,0.000,0.003,0.000,10.319,0.000,10.240,10.240,9.600
1780271158970,3.123,0.003,5.748,0.010,0.000,0.000,0.003,0.000,8.887,0.000,9.067,9.067,8.242
1780271159020,3.794,0.003,4.811,0.010,0.000,0.000,0.003,0.000,8.621,0.000,8.685,8.685,8.048
1780271159050,3.586,0.000,4.199,0.007,0.000,0.000,0.003,0.000,7.795,0.000,7.936,7.936,7.152
1780271159088,3.182,0.003,3.983,0.010,0.000,0.000,0.003,0.000,7.181,0.000,7.415,7.415,6.570
1780271159119,3.196,0.003,3.717,0.007,0.000,0.000,0.000,0.003,6.926,0.000,7.146,7.146,6.376
1780271159159,3.371,0.000,3.203,0.003,0.000,0.000,0.003,0.000,6.580,0.000,6.658,6.658,6.230
1780271159188,3.265,0.000,2.792,0.003,0.000,0.000,0.003,0.003,6.066,0.000,6.414,6.414,5.770
1780271159237,3.327,0.000,2.464,0.003,0.000,0.000,0.003,0.000,5.797,0.000,6.015,6.015,5.673
1780271159268,3.160,0.976,2.299,2.103,0.007,0.000,0.003,0.000,8.548,0.000,7.179,7.179,5.261
1780271159325,2.507,4.286,1.658,6.575,0.000,0.000,0.003,0.000,15.029,0.000,13.504,13.504,13.479
1780271159362,2.595,2.544,1.924,6.706,0.000,0.000,0.003,0.000,13.772,0.000,13.406,13.406,12.655
1780271159396,2.817,1.877,2.245,6.499,0.000,0.000,0.000,0.000,13.438,0.000,13.439,13.439,11.491
1780271159426,3.134,2.693,2.361,5.835,0.000,0.000,0.003,0.000,14.026,0.000,14.041,14.041,12.000
1780271159467,2.274,3.378,1.979,4.501,3.881,3.736,0.007,0.007,19.763,0.000,11.990,11.990,12.630
1780271159525,2.263,2.959,2.540,3.550,2.566,2.715,0.000,0.003,16.596,0.000,11.526,11.526,15.370
1780271159569,1.031,1.224,1.002,0.936,2.307,2.464,0.003,0.003,8.970,0.000,3.850,3.850,12.024
1780271159611,0.149,0.164,0.080,0.131,1.964,1.986,0.003,0.003,4.480,0.000,1.440,1.440,4.703
1780271159648,0.021,0.025,0.021,0.032,1.622,1.724,0.003,0.003,3.451,0.000,0.724,0.724,3.830
1780271159706,6.626,0.597,2.372,2.959,1.170,1.206,0.003,0.003,14.936,0.000,8.205,8.205,10.279
1780271159740,7.002,2.427,2.598,6.983,0.944,0.900,0.003,0.000,20.857,0.000,15.864,15.864,12.073
1780271159779,4.191,4.457,2.584,7.366,1.057,1.035,0.003,0.003,20.696,0.000,16.825,16.825,18.933
1780271159823,5.179,5.427,2.442,5.934,1.159,1.217,0.003,0.000,21.361,0.000,18.852,18.852,18.085
1780271159865,3.776,5.139,2.591,5.715,1.530,1.563,0.003,0.003,20.320,0.000,15.042,15.042,19.733
1780271159917,1.709,1.957,3.025,5.274,1.647,1.636,0.003,0.003,15.254,0.000,10.175,10.175,12.024
1780271159958,1.888,0.725,3.262,4.640,1.519,1.581,0.003,0.003,13.621,0.000,8.571,8.571,10.812
1780271160006,2.281,1.691,3.163,4.199,1.421,1.410,0.003,0.000,14.168,0.000,8.742,8.742,9.648
1780271160062,5.602,5.143,2.977,2.828,1.057,1.177,0.003,0.003,18.790,0.000,15.026,15.026,16.218
1780271160096,4.971,5.799,2.996,2.292,1.308,1.272,0.003,0.003,18.644,0.000,14.814,14.814,16.097
1780271160132,3.200,5.733,3.747,1.880,1.432,1.505,0.003,0.003,17.503,0.000,12.535,12.535,15.370
1780271160163,1.716,3.951,4.541,1.330,1.498,1.552,0.000,0.003,14.591,0.000,10.769,10.769,12.509
1780271160227,1.862,4.745,3.911,0.944,1.406,1.432,0.003,0.003,14.306,0.000,10.590,10.590,11.758
1780271160260,2.088,3.867,4.483,1.964,1.465,1.483,0.003,0.003,15.356,0.000,8.555,8.555,11.733
1780271160300,0.856,1.217,4.486,2.606,1.458,1.494,0.003,0.003,12.123,0.000,7.830,7.830,9.164
1780271160360,0.262,1.913,3.925,2.697,1.414,1.436,0.003,0.003,11.653,0.000,7.456,7.456,9.382
1780271160398,0.218,1.242,2.041,1.745,1.614,1.651,0.007,0.003,8.521,0.000,3.280,3.280,9.285
1780271160442,0.021,0.083,0.138,0.102,1.567,1.662,0.003,0.003,3.579,0.000,1.318,1.318,4.097
1780271160489,3.849,1.731,0.823,2.726,1.232,1.337,0.003,0.003,11.704,0.000,5.364,5.364,6.667
1780271160531,5.547,2.657,2.580,6.265,0.914,0.980,0.003,0.003,18.949,0.000,12.730,12.730,8.655
1780271160585,2.977,0.488,5.503,3.240,1.498,1.541,0.003,0.007,15.257,0.000,9.344,9.344,11.418
1780271160630,1.377,1.727,3.801,1.622,1.654,1.658,0.007,0.003,11.849,0.000,5.868,5.868,7.515
1780271160676,0.736,0.794,1.013,0.692,1.683,1.709,0.003,0.003,6.633,0.000,2.433,2.433,8.000
1780271160714,0.091,0.083,0.123,0.080,1.570,1.578,0.003,0.003,3.531,0.000,1.066,1.066,3.782
1780271160757,0.014,0.010,0.018,0.010,1.494,1.509,0.000,0.003,3.058,0.000,0.651,0.651,3.636
1780271160793,0.007,0.003,0.007,0.003,1.396,1.461,0.000,0.003,2.880,0.000,0.586,0.586,3.442
1780271160832,1.636,0.747,0.575,1.239,1.348,1.377,0.003,0.000,6.925,0.000,1.611,1.611,3.418
1780271160885,5.544,4.592,4.836,5.930,0.506,0.608,0.003,0.000,22.019,0.000,17.533,17.533,13.164
1780271160922,6.637,3.907,6.331,4.946,1.002,1.013,0.000,0.000,23.836,0.000,20.333,20.333,20.436
1780271160965,6.320,4.556,6.294,4.665,1.188,1.224,0.003,0.000,24.250,0.000,21.107,21.107,20.509
1780271160999,5.387,3.976,6.025,5.449,1.312,1.334,0.003,0.003,23.489,0.000,19.641,19.641,20.824
1780271161039,4.949,3.604,5.376,5.259,0.390,0.466,0.000,0.000,20.044,0.000,19.023,19.023,18.691
1780271161077,5.139,3.947,5.077,4.938,0.043,0.058,0.003,0.000,19.205,0.000,18.315,18.315,16.558
1780271161124,4.596,3.065,4.275,4.818,0.003,0.007,0.003,0.000,16.767,0.000,15.905,15.905,15.200
1780271161160,4.497,2.649,3.233,5.008,0.000,0.003,0.003,0.003,15.396,0.000,13.911,13.911,12.461
1780271161211,1.829,0.787,1.060,2.281,0.000,0.003,0.003,0.000,5.963,0.000,4.688,4.688,11.709
1780271161266,0.185,0.054,0.094,0.317,0.003,0.000,0.007,0.000,0.660,0.000,1.497,1.497,1.236
1780271161298,2.442,1.727,1.144,1.541,0.000,0.003,0.003,0.003,6.863,0.000,6.943,6.943,0.703
1780271161341,2.201,5.383,1.410,1.560,0.000,0.003,0.003,0.000,10.560,0.000,5.242,5.242,8.242
1780271161403,0.900,1.272,1.534,0.295,0.000,0.000,0.003,0.000,4.004,0.000,1.896,1.896,1.794
1780271161437,2.518,1.374,2.981,0.579,0.003,0.000,0.003,0.003,7.461,0.000,4.599,4.599,1.406
1780271161483,1.807,3.553,5.201,3.229,0.000,0.000,0.003,0.003,13.796,0.000,7.049,7.049,5.576
1780271161523,1.468,3.659,4.855,4.035,0.000,0.000,0.003,0.000,14.020,0.000,7.789,7.789,7.055
1780271161574,2.788,3.480,4.096,3.954,0.000,0.000,0.003,0.000,14.321,0.000,8.490,8.490,7.418
1780271161614,3.193,3.178,4.053,3.958,0.000,0.000,0.003,0.003,14.388,0.000,9.222,9.222,8.000
1780271161678,3.324,3.069,4.060,3.765,0.000,0.000,0.003,0.000,14.221,0.000,9.686,9.686,8.873
1780271161717,2.799,2.591,3.448,3.189,0.000,0.000,0.003,0.000,12.030,0.000,7.708,7.708,8.267
1780271161774,1.607,1.425,3.280,4.742,0.003,0.000,0.000,0.003,11.060,0.000,6.780,6.780,6.206
1780271161828,0.375,0.371,3.295,3.816,5.383,4.086,0.007,0.010,17.343,0.000,4.029,4.029,11.830
1780271161866,3.039,0.776,4.275,3.353,4.840,4.603,0.003,0.007,20.896,0.000,6.056,6.056,13.091
1780271161911,3.196,2.803,5.660,3.987,3.437,3.575,0.003,0.007,22.668,0.000,12.039,12.039,18.230
1780271161941,2.278,4.825,5.354,4.250,2.671,3.182,0.007,0.003,22.570,0.000,14.008,14.008,18.400
1780271161978,2.449,6.119,5.955,5.048,1.899,2.453,0.000,0.003,23.926,0.000,18.412,18.412,18.400
1780271162008,2.256,5.595,6.458,5.584,1.683,1.775,0.003,0.003,23.357,0.000,18.925,18.925,20.679
1780271162043,2.095,6.247,5.525,5.675,1.519,1.450,0.003,0.003,22.517,0.000,19.039,19.039,19.709
1780271162073,2.026,5.923,5.529,5.598,1.425,1.483,0.000,0.000,21.984,0.000,18.559,18.559,19.176
1780271162109,2.194,5.675,5.113,5.296,1.370,1.428,0.000,0.003,21.079,0.000,17.509,17.509,18.497
1780271162144,1.884,5.788,4.574,4.909,1.428,1.421,0.003,0.003,20.010,0.000,16.654,16.654,17.455
1780271162198,1.694,5.777,4.140,4.122,1.381,1.414,0.003,0.000,18.531,0.000,16.019,16.019,16.218
1780271162236,0.882,6.043,4.745,1.829,1.567,1.523,0.003,0.000,16.592,0.000,13.308,13.308,16.170
1780271162284,1.454,5.307,5.482,3.083,1.450,1.487,0.000,0.000,18.263,0.000,12.169,12.169,13.406
1780271162322,2.536,1.851,4.133,3.244,1.662,1.786,0.003,0.003,15.218,0.000,7.114,7.114,11.127
1780271162367,3.145,0.929,2.500,2.358,1.676,1.687,0.003,0.003,12.301,0.000,4.517,4.517,6.909
1780271162425,1.505,2.063,2.066,2.343,1.523,1.585,0.003,0.003,11.091,0.000,2.849,2.849,5.430
1780271162460,0.787,1.377,1.425,0.958,1.574,1.549,0.003,0.003,7.676,0.000,1.465,1.465,5.018
1780271162508,0.058,0.091,0.105,0.065,1.527,1.596,0.003,0.003,3.448,0.000,0.732,0.732,3.685
1780271162544,0.014,0.018,0.018,0.021,1.465,1.519,0.003,0.003,3.061,0.000,0.618,0.618,3.515
1780271162577,0.003,0.007,0.007,0.007,1.432,1.472,0.003,0.003,2.934,0.000,0.553,0.553,3.539
1780271162608,0.003,0.003,0.003,0.003,1.447,1.494,0.003,0.003,2.959,0.000,0.529,0.529,3.442
1780271162664,0.364,0.441,0.236,0.564,1.476,1.487,0.003,0.003,4.574,0.000,0.716,0.716,3.661
1780271162724,4.647,6.050,0.025,0.207,0.969,1.089,0.003,0.003,12.993,0.000,9.768,9.768,10.885
1780271162770,3.437,6.513,0.572,0.185,1.399,1.377,0.000,0.003,13.486,0.000,9.719,9.719,11.830
1780271162825,3.065,6.488,0.954,0.379,1.873,1.611,0.003,0.003,14.376,0.000,9.768,9.768,12.194
1780271162858,2.682,6.433,2.449,2.974,1.483,1.673,0.003,0.000,17.697,0.000,12.950,12.950,11.976
1780271162891,2.733,5.401,4.100,5.817,1.319,1.432,0.003,0.003,20.808,0.000,16.687,16.687,15.297
1780271162933,3.502,4.359,4.297,5.168,1.782,1.629,0.003,0.003,20.743,0.000,16.711,16.711,18.376
1780271162967,3.112,3.976,3.809,4.734,2.157,1.909,0.000,0.003,19.700,0.000,14.619,14.619,17.964
1780271163004,2.340,3.123,3.244,4.490,2.263,2.219,0.003,0.003,17.685,0.000,13.235,13.235,15.830
1780271163033,2.157,3.076,2.879,4.322,2.194,2.336,0.007,0.003,16.974,0.000,12.323,12.323,15.224
1780271163062,1.990,2.821,2.529,3.896,2.540,2.336,0.003,0.003,16.118,0.000,11.298,11.298,14.473
1780271163097,1.093,2.536,1.851,3.615,2.646,2.631,0.003,0.003,14.378,0.000,8.587,8.587,14.376
1780271163128,2.299,2.048,3.258,3.619,2.460,2.854,0.003,0.007,16.548,0.000,9.531,9.531,11.588
1780271163172,5.084,0.287,5.332,4.148,2.558,2.675,0.003,0.003,20.090,0.000,10.989,10.989,15.055
1780271163238,2.329,0.153,4.042,4.756,2.963,2.919,0.010,0.003,17.175,0.000,10.166,10.166,13.091
1780271163270,4.472,0.094,2.227,4.928,3.007,2.970,0.010,0.003,17.711,0.000,10.036,10.036,15.467
1780271163307,3.269,2.584,1.366,5.205,3.193,3.098,0.000,0.003,18.718,0.000,9.987,9.987,13.939
1780271163345,5.500,3.714,2.125,5.358,2.741,2.941,0.010,0.003,22.392,0.000,14.293,14.293,16.145
1780271163388,7.191,4.658,5.930,4.093,2.624,2.474,0.003,0.003,26.976,0.000,20.341,20.341,21.842
1780271163413,7.461,3.907,6.896,3.819,2.719,2.795,0.003,0.003,27.603,0.000,21.025,21.025,24.170
1780271163468,4.716,4.578,7.034,3.768,2.941,3.010,0.007,0.003,26.057,0.000,16.361,16.361,20.776
1780271163519,2.387,4.064,6.495,1.673,2.861,2.897,0.007,0.007,20.391,0.000,11.778,11.778,17.503
1780271163543,1.964,3.892,5.755,1.199,2.937,2.792,0.007,0.003,18.549,0.000,9.938,9.938,14.497
1780271163581,2.380,5.128,1.534,1.629,2.762,2.788,0.003,0.003,16.227,0.000,8.245,8.245,11.879
1780271163611,2.077,5.070,0.820,2.795,2.671,2.587,0.003,0.003,16.026,0.000,7.830,7.830,12.073
1780271163647,2.631,4.658,1.115,0.885,2.536,2.569,0.010,0.003,14.407,0.000,7.163,7.163,11.321
1780271163681,2.843,4.151,2.172,0.277,2.577,2.423,0.007,0.003,14.453,0.000,6.756,6.756,10.909
1780271163738,4.122,2.682,5.267,5.113,2.066,2.161,0.000,0.003,21.414,0.000,14.033,14.033,16.145
1780271163789,5.277,1.756,5.423,6.714,2.066,2.074,0.003,0.007,23.320,0.000,17.948,17.948,19.079
1780271163825,5.474,2.354,4.979,7.177,0.889,1.016,0.003,0.000,21.892,0.000,19.185,19.185,21.188
1780271163866,5.157,2.766,4.694,6.509,0.116,0.131,0.000,0.000,19.373,0.000,18.485,18.485,17.455
1780271163904,5.026,2.606,4.486,6.130,0.014,0.021,0.003,0.000,18.286,0.000,18.046,18.046,15.806
1780271163939,5.390,3.131,4.191,5.606,0.007,0.007,0.003,0.000,18.335,0.000,18.347,18.347,15.709
1780271164002,6.867,5.314,1.002,1.647,0.003,0.003,0.000,0.000,14.836,0.000,13.471,13.471,12.485
1780271164043,5.365,5.544,0.222,0.922,0.000,0.003,0.000,0.000,12.056,0.000,11.306,11.306,10.085
1780271164088,6.641,4.760,0.207,1.326,0.000,0.000,0.003,0.000,12.937,0.000,11.868,11.868,9.915
1780271164140,2.354,1.662,1.293,3.306,0.000,0.000,0.003,0.000,8.618,0.000,5.209,5.209,6.933
1780271164175,1.261,0.524,0.677,2.343,0.000,0.000,0.000,0.003,4.808,0.000,2.914,2.914,2.788
1780271164215,0.160,0.065,0.065,0.225,0.000,0.007,0.003,0.003,0.528,0.000,1.245,1.245,0.848
1780271164259,0.029,0.014,0.010,0.018,0.000,0.003,0.000,0.000,0.074,0.000,0.691,0.691,0.776
1780271164296,0.215,0.145,0.156,0.138,0.000,0.000,0.003,0.000,0.657,0.000,0.675,0.675,0.727
1780271164350,2.945,4.414,4.370,3.039,0.000,0.000,0.000,0.000,14.768,0.000,11.680,11.680,7.588
1780271164389,5.132,5.926,5.700,2.996,0.000,0.000,0.000,0.000,19.754,0.000,16.157,16.157,14.400
1780271164419,5.500,6.768,4.239,1.913,0.000,0.000,0.000,0.000,18.420,0.000,16.109,16.109,14.545
1780271164449,5.081,6.655,4.836,3.083,0.000,0.000,0.003,0.000,19.658,0.000,17.720,17.720,14.667
1780271164512,3.779,6.207,4.917,3.743,0.000,0.000,0.000,0.000,18.646,0.000,16.450,16.450,14.933
1780271164547,3.553,6.174,4.694,3.174,0.000,0.000,0.000,0.000,17.595,0.000,15.685,15.685,13.891
1780271164587,3.069,5.795,4.570,3.459,0.000,0.000,0.003,0.000,16.896,0.000,14.855,14.855,13.455
1780271164616,2.832,5.332,4.264,3.342,0.000,0.000,0.000,0.000,15.770,0.000,14.220,14.220,12.727
1780271164659,2.376,5.514,3.962,3.233,0.000,0.000,0.000,0.003,15.088,0.000,13.512,13.512,12.097
1780271164696,1.348,3.874,2.562,2.668,0.003,0.000,0.000,0.000,10.455,0.000,8.091,8.091,9.018
1780271164741,0.284,0.765,0.441,0.258,0.000,0.000,0.003,0.000,1.751,0.000,2.205,2.205,1.794
1780271164801,0.010,0.029,0.014,0.018,0.000,0.000,0.003,0.003,0.077,0.000,0.773,0.773,0.752
1780271164830,0.003,0.014,0.010,0.003,0.000,0.003,0.003,0.000,0.036,0.000,0.594,0.594,0.679
1780271164874,0.003,0.003,0.003,0.003,0.000,0.003,0.003,0.000,0.018,0.000,0.520,0.520,0.703
1780271164902,0.003,0.003,0.003,0.007,0.000,0.000,0.000,0.003,0.019,0.000,0.496,0.496,0.703
1780271164936,0.003,0.000,0.003,0.000,0.000,0.000,0.003,0.007,0.016,0.000,0.504,0.504,0.703
1780271164964,0.003,0.003,0.003,0.003,0.000,0.000,0.003,0.000,0.015,0.000,0.496,0.496,0.727
1780271165021,0.003,0.000,0.007,0.003,0.000,0.000,0.000,0.000,0.013,0.000,0.504,0.504,0.703
1780271165060,0.003,0.003,0.003,0.007,0.000,0.000,0.003,0.000,0.019,0.000,0.496,0.496,0.703
1780271165091,0.003,0.003,0.003,0.007,0.000,0.000,0.000,0.003,0.019,0.000,0.496,0.496,0.703
1780271165120,0.003,0.000,0.003,0.003,0.000,0.000,0.000,0.000,0.009,0.000,0.496,0.496,0.727
1780271165160,0.003,0.000,0.000,0.003,0.000,0.000,0.003,0.003,0.012,0.000,0.496,0.496,0.703
1780271165193,0.003,0.000,0.003,0.003,0.000,0.000,0.003,0.000,0.012,0.000,0.488,0.488,0.703
1780271165231,0.000,0.000,0.000,0.003,0.000,0.000,0.003,0.000,0.006,0.000,0.496,0.496,0.679
1780271165297,0.007,0.000,0.003,0.003,0.000,0.000,0.003,0.000,0.016,0.000,0.504,0.504,0.703
1780271165337,0.003,0.003,0.003,0.003,0.000,0.000,0.003,0.000,0.015,0.000,0.488,0.488,0.703
1780271165393,0.000,0.000,0.000,0.003,0.000,0.003,0.003,0.003,0.012,0.000,0.496,0.496,0.703
1780271165434,0.000,0.003,0.003,0.003,0.000,0.000,0.003,0.000,0.012,0.000,0.488,0.488,0.703
1780271165474,0.003,0.000,0.000,0.000,0.000,0.000,0.003,0.000,0.006,0.000,0.520,0.520,0.727
1780271165517,0.000,0.000,0.003,0.003,0.000,0.000,0.003,0.000,0.009,0.000,0.520,0.520,0.727
1780271165546,0.000,0.000,0.003,0.003,0.000,0.000,0.003,0.000,0.009,0.000,0.520,0.520,0.727
1780271165579,0.003,0.000,0.000,0.003,0.003,0.000,0.003,0.000,0.012,0.000,0.496,0.496,0.727
1780271165615,0.003,0.000,0.000,0.003,0.000,0.000,0.000,0.000,0.006,0.000,0.488,0.488,0.703
1780271165641,0.003,0.000,0.000,0.003,0.000,0.003,0.003,0.000,0.012,0.000,0.480,0.480,0.703
1780271165675,0.003,0.000,0.000,0.003,0.000,0.000,0.003,0.003,0.012,0.000,0.480,0.480,0.703
1780271165701,0.003,0.000,0.000,0.003,0.000,0.003,0.003,0.000,0.012,0.000,0.504,0.504,0.703
1780271165731,0.003,0.000,0.000,0.003,0.003,0.003,0.000,0.000,0.012,0.000,0.488,0.488,0.703
1780271165769,0.000,0.000,0.000,0.003,0.000,0.000,0.003,0.003,0.009,0.000,0.504,0.504,0.703
1780271165828,0.003,0.000,0.003,0.003,0.000,0.000,0.003,0.003,0.015,0.000,0.488,0.488,0.727
1780271165862,0.003,0.003,0.000,0.003,0.000,0.000,0.003,0.000,0.012,0.000,0.496,0.496,0.727
1780271165914,0.000,0.000,0.000,0.003,0.000,0.003,0.000,0.007,0.013,0.000,0.496,0.496,0.727
1780271165942,0.000,0.000,0.000,0.003,0.000,0.000,0.003,0.003,0.009,0.000,0.488,0.488,0.703
1780271165973,0.000,0.000,0.000,0.003,0.000,0.000,0.003,0.000,0.006,0.000,0.488,0.488,0.679
1780271165999,0.000,0.000,0.000,0.000,0.000,0.000,0.000,0.000,0.000,0.000,0.488,0.488,0.727
1780271166054,0.000,0.003,0.000,0.003,0.000,0.000,0.003,0.000,0.009,0.000,0.504,0.504,0.752
1780271166085,0.000,0.000,0.000,0.003,0.003,0.000,0.003,0.000,0.009,0.000,0.512,0.512,0.703
1780271166116,0.003,0.000,0.000,0.003,0.000,0.000,0.003,0.003,0.012,0.000,0.488,0.488,0.679
1780271166142,0.000,0.000,0.000,0.003,0.000,0.000,0.000,0.003,0.006,0.000,0.488,0.488,0.727
1780271166182,0.000,0.000,0.000,0.003,0.000,0.000,0.003,0.000,0.006,0.000,0.480,0.480,0.703
1780271166207,0.003,0.000,0.000,0.003,0.000,0.003,0.003,0.003,0.015,0.000,0.496,0.496,0.703
1780271166246,0.000,0.000,0.000,0.000,0.003,0.003,0.003,0.000,0.009,0.000,0.480,0.480,0.703
1780271166276,0.000,0.000,0.000,0.003,0.000,0.003,0.003,0.000,0.009,0.000,0.480,0.480,0.679
1780271166350,0.003,0.000,0.000,0.003,0.000,0.000,0.000,0.000,0.006,0.000,0.496,0.496,0.727
1780271166381,0.000,0.000,0.003,0.003,0.000,0.000,0.003,0.000,0.009,0.000,0.480,0.480,0.727
1780271166434,0.003,0.000,0.000,0.003,0.000,0.003,0.003,0.000,0.012,0.000,0.488,0.488,0.703
1780271166470,0.000,0.003,0.000,0.003,0.000,0.000,0.003,0.000,0.009,0.000,0.472,0.472,0.703
1780271166504,0.003,0.000,0.003,0.003,0.000,0.003,0.003,0.003,0.018,0.000,0.488,0.488,0.703
1780271166561,0.003,0.000,0.000,0.003,0.003,0.000,0.003,0.000,0.012,0.000,0.488,0.488,0.727
1780271166598,0.000,0.000,0.000,0.003,0.000,0.003,0.003,0.000,0.009,0.000,0.496,0.496,0.703
1780271166632,0.000,0.000,0.000,0.007,0.003,0.000,0.003,0.000,0.013,0.000,0.504,0.504,0.727
1780271166657,0.003,0.000,0.000,0.003,0.000,0.000,0.003,0.003,0.012,0.000,0.480,0.480,0.703
1780271166692,0.003,0.000,0.003,0.007,0.000,0.000,0.003,0.003,0.019,0.000,0.488,0.488,0.727
1780271166724,0.003,0.000,0.003,0.003,0.000,0.003,0.003,0.000,0.015,0.000,0.488,0.488,0.703
1780271166759,0.000,0.000,0.000,0.003,0.000,0.000,0.000,0.003,0.006,0.000,0.496,0.496,0.703
1780271166789,0.000,0.000,0.003,0.003,0.000,0.000,0.003,0.003,0.012,0.000,0.496,0.496,0.727
1780271166846,0.003,0.000,0.000,0.003,0.000,0.000,0.003,0.000,0.009,0.000,0.480,0.480,0.703
1780271166887,0.007,0.000,0.000,0.003,0.000,0.000,0.003,0.000,0.013,0.000,0.480,0.480,0.703
1780271166935,0.003,0.000,0.000,0.003,0.000,0.000,0.003,0.003,0.012,0.000,0.496,0.496,0.727
1780271166962,0.000,0.000,0.000,0.003,0.000,0.000,0.003,0.000,0.006,0.000,0.496,0.496,0.679
1780271166996,0.000,0.003,0.000,0.003,0.003,0.000,0.003,0.003,0.015,0.000,0.480,0.480,0.679
1780271167034,0.000,0.000,0.000,0.003,0.000,0.000,0.000,0.003,0.006,0.000,0.480,0.480,0.703
1780271167084,0.000,0.000,0.000,0.003,0.000,0.000,0.003,0.003,0.009,0.000,0.488,0.488,0.703
1780271167113,0.003,0.000,0.003,0.000,0.003,0.003,0.003,0.000,0.015,0.000,0.480,0.480,0.679
1780271167146,0.000,0.000,0.003,0.003,0.000,0.003,0.003,0.003,0.015,0.000,0.488,0.488,0.679
1780271167176,0.003,0.000,0.000,0.003,0.000,0.000,0.003,0.003,0.012,0.000,0.480,0.480,0.703
1780271167211,0.003,0.003,0.000,0.003,0.000,0.000,0.003,0.000,0.012,0.000,0.488,0.488,0.679
1780271167236,0.003,0.000,0.000,0.003,0.000,0.003,0.003,0.000,0.012,0.000,0.480,0.480,0.727
1780271167270,0.003,0.000,0.000,0.003,0.000,0.000,0.003,0.003,0.012,0.000,0.488,0.488,0.727
1780271167304,0.003,0.000,0.000,0.003,0.000,0.000,0.003,0.000,0.009,0.000,0.512,0.512,0.727
1780271167358,0.000,0.000,0.000,0.003,0.000,0.000,0.003,0.000,0.006,0.000,0.480,0.480,0.703
1780271167385,0.000,0.000,0.000,0.003,0.000,0.000,0.000,0.003,0.006,0.000,0.488,0.488,0.679
1780271167425,0.003,0.000,0.000,0.003,0.003,0.000,0.003,0.000,0.012,0.000,0.488,0.488,0.703
1780271167485,0.003,0.000,0.000,0.003,0.000,0.000,0.003,0.000,0.009,0.000,0.488,0.488,0.679
1780271167519,0.003,0.000,0.000,0.003,0.000,0.003,0.000,0.000,0.009,0.000,0.480,0.480,0.727
1780271167559,0.000,0.000,0.003,0.003,0.000,0.000,0.003,0.000,0.009,0.000,0.496,0.496,0.703
1780271167616,0.003,0.000,0.003,0.003,0.000,0.000,0.003,0.003,0.015,0.000,0.488,0.488,0.679
1780271167645,0.000,0.000,0.007,0.003,0.000,0.000,0.003,0.000,0.013,0.000,0.488,0.488,0.679
1780271167684,0.003,0.000,0.000,0.003,0.003,0.000,0.003,0.003,0.015,0.000,0.488,0.488,0.703
1780271167714,0.000,0.000,0.003,0.007,0.000,0.000,0.003,0.000,0.013,0.000,0.488,0.488,0.679
1780271167760,0.000,0.000,0.000,0.003,0.000,0.000,0.000,0.000,0.003,0.000,0.480,0.480,0.679
1780271167789,0.000,0.000,0.000,0.003,0.000,0.000,0.000,0.007,0.010,0.000,0.472,0.472,0.679
1780271167828,0.000,0.003,0.000,0.000,0.000,0.000,0.000,0.003,0.006,0.000,0.488,0.488,0.703
1780271167891,0.000,0.000,0.000,0.003,0.000,0.000,0.003,0.003,0.009,0.000,0.463,0.463,0.679
1780271167920,0.003,0.000,0.003,0.003,0.000,0.000,0.000,0.003,0.012,0.000,0.480,0.480,0.703
1780271167953,0.000,0.000,0.000,0.003,0.000,0.000,0.000,0.000,0.003,0.000,0.488,0.488,0.703
1780271168014,0.000,0.000,0.000,0.003,0.000,0.000,0.003,0.000,0.006,0.000,0.472,0.472,0.703
1780271168056,0.003,0.000,0.003,0.003,0.003,0.000,0.003,0.000,0.015,0.000,0.496,0.496,0.703
1780271168082,0.007,0.000,0.003,0.003,0.000,0.000,0.000,0.000,0.013,0.000,0.496,0.496,0.727
1780271168129,0.003,0.003,0.000,0.003,0.000,0.000,0.000,0.003,0.012,0.000,0.480,0.480,0.679
1780271168158,0.000,0.000,0.000,0.003,0.000,0.000,0.003,0.000,0.006,0.000,0.496,0.496,0.727
1780271168193,0.000,0.003,0.000,0.003,0.003,0.003,0.003,0.000,0.015,0.000,0.488,0.488,0.703
1780271168221,0.000,0.000,0.000,0.003,0.000,0.000,0.003,0.000,0.006,0.000,0.472,0.472,0.703
1780271168253,0.003,0.000,0.000,0.003,0.000,0.000,0.003,0.000,0.009,0.000,0.472,0.472,0.703
1780271168281,0.000,0.000,0.000,0.003,0.000,0.000,0.000,0.000,0.003,0.000,0.488,0.488,0.727
1780271168320,0.003,0.000,0.000,0.003,0.000,0.000,0.003,0.000,0.009,0.000,0.480,0.480,0.703
1780271168348,0.003,0.003,0.000,0.003,0.000,0.000,0.003,0.000,0.012,0.000,0.480,0.480,0.703
1780271168404,0.000,0.003,0.000,0.003,0.000,0.000,0.003,0.003,0.012,0.000,0.488,0.488,0.727
1780271168429,0.000,0.000,0.000,0.003,0.000,0.000,0.000,0.000,0.003,0.000,0.480,0.480,0.703
1780271168465,0.003,0.000,0.003,0.003,0.000,0.000,0.003,0.000,0.012,0.000,0.472,0.472,0.703
1780271168506,0.003,0.000,0.000,0.003,0.000,0.003,0.003,0.000,0.012,0.000,0.480,0.480,0.630
1780271168541,0.000,0.003,0.000,0.003,0.000,0.000,0.003,0.000,0.009,0.000,0.480,0.480,0.679
1780271168577,0.000,0.000,0.000,0.003,0.000,0.000,0.003,0.000,0.006,0.000,0.512,0.512,0.679
1780271168618,0.003,0.003,0.000,0.000,0.000,0.000,0.003,0.000,0.009,0.000,0.561,0.561,0.727
1780271168658,0.000,0.000,0.000,0.003,0.000,0.000,0.003,0.000,0.006,0.000,0.512,0.512,0.703
1780271168691,0.003,0.000,0.000,0.000,0.000,0.000,0.003,0.000,0.006,0.000,0.496,0.496,0.703
1780271168716,0.000,0.000,0.000,0.007,0.000,0.000,0.003,0.000,0.010,0.000,0.496,0.496,0.703
1780271168758,0.000,0.000,0.000,0.000,0.000,0.000,0.003,0.003,0.006,0.000,0.480,0.480,0.727
1780271168792,0.000,0.000,0.003,0.003,0.000,0.003,0.003,0.000,0.012,0.000,0.472,0.472,0.703
1780271168825,0.000,0.000,0.000,0.003,0.000,0.000,0.000,0.000,0.003,0.000,0.504,0.504,0.727
1780271168853,0.000,0.000,0.003,0.003,0.000,0.000,0.003,0.000,0.009,0.000,0.472,0.472,0.703
1780271168912,0.000,0.000,0.000,0.003,0.000,0.003,0.003,0.000,0.009,0.000,0.488,0.488,0.703
1780271168939,0.003,0.000,0.000,0.000,0.000,0.000,0.003,0.000,0.006,0.000,0.480,0.480,0.727
1780271168970,0.003,0.000,0.000,0.003,0.000,0.000,0.003,0.000,0.009,0.000,0.480,0.480,0.679
1780271169015,0.003,0.000,0.000,0.003,0.000,0.003,0.000,0.003,0.012,0.000,0.488,0.488,0.703
1780271169062,0.000,0.000,0.000,0.003,0.000,0.003,0.003,0.003,0.012,0.000,0.496,0.496,0.679
1780271169094,0.000,0.000,0.000,0.003,0.000,0.000,0.003,0.000,0.006,0.000,0.488,0.488,0.703
1780271169129,0.000,0.003,0.000,0.003,0.000,0.000,0.003,0.000,0.009,0.000,0.488,0.488,0.679
1780271169180,0.000,0.000,0.000,0.000,0.000,0.000,0.003,0.000,0.003,0.000,0.480,0.480,0.703
1780271169210,0.000,0.000,0.000,0.003,0.000,0.000,0.003,0.000,0.006,0.000,0.480,0.480,0.679
1780271169241,0.003,0.000,0.003,0.003,0.000,0.000,0.003,0.003,0.015,0.000,0.488,0.488,0.679
1780271169270,0.000,0.000,0.000,0.000,0.000,0.000,0.003,0.000,0.003,0.000,0.488,0.488,0.703
1780271169308,0.000,0.000,0.000,0.003,0.000,0.000,0.003,0.000,0.006,0.000,0.480,0.480,0.679
1780271169338,0.000,0.000,0.000,0.003,0.000,0.000,0.003,0.000,0.006,0.000,0.504,0.504,0.703
1780271169368,0.000,0.000,0.000,0.003,0.000,0.000,0.000,0.003,0.006,0.000,0.480,0.480,0.727
1780271169411,0.003,0.000,0.000,0.003,0.000,0.000,0.003,0.003,0.012,0.000,0.488,0.488,0.703
1780271169449,0.000,0.000,0.000,0.000,0.000,0.003,0.003,0.000,0.006,0.000,0.488,0.488,0.727
1780271169478,0.000,0.003,0.000,0.003,0.000,0.003,0.003,0.000,0.012,0.000,0.488,0.488,0.703
1780271169529,0.000,0.000,0.000,0.003,0.000,0.000,0.003,0.003,0.009,0.000,0.488,0.488,0.679
1780271169557,0.000,0.000,0.000,0.003,0.000,0.000,0.003,0.000,0.006,0.000,0.488,0.488,0.703
1780271169605,0.000,0.000,0.000,0.000,0.000,0.000,0.003,0.003,0.006,0.000,0.488,0.488,0.727
1780271169637,0.626,0.313,0.481,1.067,0.000,0.000,0.003,0.000,2.490,0.000,1.701,1.701,0.679
1780271169689,3.881,3.739,4.009,4.209,0.000,0.000,0.003,0.000,15.841,0.000,9.157,9.157,9.261
1780271169738,4.173,4.239,4.822,4.825,0.000,0.003,0.003,0.000,18.065,0.000,12.999,12.999,12.339
1780271169772,4.082,4.177,4.898,4.618,0.000,0.000,0.000,0.000,17.775,0.000,15.466,15.466,11.830
1780271169816,3.291,3.615,4.355,4.454,0.000,0.000,0.003,0.000,15.718,0.000,13.821,13.821,14.642
1780271169849,2.314,2.883,3.218,2.132,0.000,0.000,0.000,0.000,10.547,0.000,6.227,6.227,10.352
1780271169890,0.298,0.225,0.207,0.284,0.000,0.000,0.003,0.000,1.017,0.000,2.124,2.124,1.115
1780271169944,0.025,0.025,0.021,0.036,0.000,0.000,0.003,0.000,0.110,0.000,0.814,0.814,0.727
1780271169969,0.010,0.007,0.010,0.007,0.000,0.000,0.003,0.003,0.040,0.000,0.610,0.610,0.679
1780271170006,0.003,0.003,0.007,0.003,0.000,0.000,0.003,0.000,0.019,0.000,0.545,0.545,0.679
1780271170072,0.003,0.000,0.000,0.007,0.000,0.000,0.003,0.003,0.016,0.000,0.504,0.504,0.776
1780271170101,0.003,0.000,0.003,0.003,0.000,0.000,0.000,0.000,0.009,0.000,0.512,0.512,0.727
1780271170137,0.003,0.000,0.003,0.003,0.000,0.000,0.003,0.003,0.015,0.000,0.488,0.488,0.727
1780271170168,0.000,0.000,0.003,0.003,0.000,0.003,0.003,0.000,0.012,0.000,0.480,0.480,0.703
1780271170230,0.003,0.000,0.000,0.003,0.000,0.000,0.003,0.003,0.012,0.000,0.488,0.488,0.727
1780271170263,0.000,0.000,0.003,0.003,0.000,0.000,0.003,0.000,0.009,0.000,0.488,0.488,0.703
1780271170297,0.003,0.000,0.000,0.003,0.000,0.000,0.003,0.000,0.009,0.000,0.472,0.472,0.703
1780271170325,0.000,0.007,0.000,0.003,0.000,0.000,0.003,0.003,0.016,0.000,0.496,0.496,0.703
1780271170367,0.007,0.000,0.000,0.003,0.000,0.000,0.003,0.000,0.013,0.000,0.480,0.480,0.776
1780271170399,0.003,0.000,0.000,0.000,0.000,0.000,0.003,0.000,0.006,0.000,0.480,0.480,0.703
1780271170454,0.007,0.000,0.000,0.003,0.000,0.000,0.007,0.003,0.020,0.000,0.496,0.496,0.703
1780271170482,0.003,0.000,0.000,0.003,0.000,0.000,0.003,0.000,0.009,0.000,0.480,0.480,0.727
1780271170525,0.003,0.000,0.000,0.003,0.000,0.000,0.003,0.003,0.012,0.000,0.488,0.488,0.703
1780271170577,0.000,0.000,0.000,0.003,0.000,0.000,0.003,0.003,0.009,0.000,0.488,0.488,0.727
1780271170604,0.000,0.003,0.000,0.003,0.000,0.000,0.003,0.003,0.012,0.000,0.504,0.504,0.727
1780271170638,0.000,0.000,0.000,0.003,0.000,0.000,0.003,0.003,0.009,0.000,0.480,0.480,0.727
1780271170689,0.000,0.000,0.000,0.000,0.000,0.000,0.003,0.003,0.006,0.000,0.480,0.480,0.703
1780271170739,0.000,0.000,0.003,0.003,0.000,0.000,0.003,0.000,0.009,0.000,0.480,0.480,0.703
1780271170772,0.000,0.000,0.007,0.000,0.000,0.000,0.000,0.003,0.010,0.000,0.488,0.488,0.679
1780271170820,0.000,0.000,0.000,0.000,0.000,0.000,0.003,0.003,0.006,0.000,0.496,0.496,0.703
1780271170849,0.000,0.000,0.003,0.003,0.000,0.000,0.003,0.003,0.012,0.000,0.496,0.496,0.703
1780271170887,0.003,0.000,0.000,0.003,0.000,0.000,0.003,0.003,0.012,0.000,0.472,0.472,0.727
1780271170916,0.000,0.000,0.000,0.003,0.003,0.000,0.003,0.003,0.012,0.000,0.480,0.480,0.679
1780271170978,0.000,0.000,0.000,0.003,0.000,0.000,0.000,0.000,0.003,0.000,0.480,0.480,0.727
1780271171007,0.000,0.000,0.000,0.000,0.000,0.000,0.007,0.000,0.007,0.000,0.472,0.472,0.727
1780271171038,0.000,0.000,0.000,0.003,0.003,0.003,0.003,0.003,0.015,0.000,0.488,0.488,0.703
1780271171079,0.000,0.000,0.000,0.003,0.000,0.003,0.003,0.000,0.009,0.000,0.496,0.496,0.727
1780271171122,0.000,0.000,0.000,0.003,0.000,0.003,0.000,0.000,0.006,0.000,0.488,0.488,0.752
1780271171149,0.003,0.000,0.003,0.003,0.000,0.000,0.000,0.003,0.012,0.000,0.488,0.488,0.727
1780271171183,0.000,0.000,0.000,0.003,0.000,0.000,0.000,0.003,0.006,0.000,0.496,0.496,0.703
1780271171213,0.000,0.000,0.000,0.003,0.000,0.000,0.003,0.000,0.006,0.000,0.488,0.488,0.703
1780271171275,0.003,0.000,0.000,0.000,0.000,0.000,0.000,0.000,0.003,0.000,0.480,0.480,0.703
1780271171313,0.000,0.000,0.000,0.003,0.000,0.000,0.000,0.000,0.003,0.000,0.488,0.488,0.703
1780271171347,0.003,0.000,0.000,0.003,0.003,0.003,0.003,0.000,0.015,0.000,0.496,0.496,0.703
1780271171376,0.000,0.000,0.000,0.000,0.000,0.000,0.003,0.003,0.006,0.000,0.488,0.488,0.752
1780271171416,0.000,0.003,0.000,0.003,0.000,0.000,0.003,0.000,0.009,0.000,0.488,0.488,0.703
1780271171447,0.000,0.000,0.000,0.000,0.000,0.003,0.003,0.003,0.009,0.000,0.496,0.496,0.703
1780271171500,0.000,0.000,0.000,0.003,0.000,0.000,0.003,0.003,0.009,0.000,0.472,0.472,0.703
1780271171528,0.000,0.003,0.000,0.003,0.003,0.000,0.003,0.000,0.012,0.000,0.472,0.472,0.703
1780271171581,0.000,0.000,0.000,0.000,0.000,0.003,0.003,0.000,0.006,0.000,0.488,0.488,0.703
1780271171642,0.000,0.000,0.000,0.003,0.000,0.003,0.000,0.000,0.006,0.000,0.480,0.480,0.727
1780271171668,0.000,0.000,0.000,0.003,0.000,0.003,0.003,0.000,0.009,0.000,0.480,0.480,0.679
1780271171716,0.000,0.000,0.003,0.003,0.000,0.003,0.000,0.000,0.009,0.000,0.488,0.488,0.703
1780271171781,0.000,0.000,0.000,0.003,0.000,0.000,0.003,0.000,0.006,0.000,0.529,0.529,0.727
1780271171811,0.000,0.000,0.000,0.003,0.000,0.000,0.003,0.000,0.006,0.000,0.520,0.520,0.752
1780271171856,0.000,0.003,0.000,0.003,0.000,0.000,0.000,0.003,0.009,0.000,0.512,0.512,0.703
1780271171880,0.000,0.003,0.000,0.003,0.000,0.000,0.003,0.000,0.009,0.000,0.504,0.504,0.776
1780271171913,0.000,0.003,0.000,0.003,0.000,0.003,0.003,0.000,0.012,0.000,0.496,0.496,0.727
1780271171938,0.003,0.000,0.000,0.000,0.000,0.000,0.003,0.000,0.006,0.000,0.488,0.488,0.727
1780271171973,0.000,0.000,0.000,0.003,0.000,0.000,0.003,0.000,0.006,0.000,0.472,0.472,0.727
1780271172042,0.000,0.000,0.000,0.003,0.000,0.007,0.003,0.000,0.013,0.000,0.480,0.480,0.703
1780271172073,0.000,0.000,0.000,0.003,0.000,0.000,0.007,0.003,0.013,0.000,0.480,0.480,0.727
1780271172109,0.000,0.000,0.000,0.003,0.000,0.000,0.003,0.000,0.006,0.000,0.504,0.504,0.703
1780271172148,0.007,0.000,0.003,0.003,0.000,0.000,0.003,0.000,0.016,0.000,0.488,0.488,0.703
1780271172187,0.000,0.003,0.000,0.003,0.000,0.000,0.003,0.003,0.012,0.000,0.480,0.480,0.727
1780271172213,0.003,0.000,0.000,0.000,0.000,0.000,0.003,0.003,0.009,0.000,0.480,0.480,0.703
1780271172246,0.000,0.003,0.000,0.003,0.000,0.000,0.003,0.003,0.012,0.000,0.488,0.488,0.703
1780271172306,0.000,0.000,0.000,0.003,0.000,0.000,0.003,0.000,0.006,0.000,0.488,0.488,0.727
1780271172357,0.000,0.000,0.000,0.000,0.000,0.000,0.003,0.000,0.003,0.000,0.504,0.504,0.752
1780271172382,0.000,0.000,0.000,0.003,0.000,0.000,0.003,0.003,0.009,0.000,0.504,0.504,0.776
1780271172412,0.000,0.000,0.000,0.003,0.000,0.000,0.003,0.000,0.006,0.000,0.488,0.488,0.727
1780271172438,0.000,0.000,0.000,0.003,0.000,0.000,0.003,0.000,0.006,0.000,0.496,0.496,0.727
1780271172468,0.003,0.000,0.003,0.003,0.000,0.003,0.003,0.000,0.015,0.000,0.480,0.480,0.727
1780271172504,0.007,0.000,0.000,0.003,0.000,0.000,0.003,0.003,0.016,0.000,0.488,0.488,0.727
1780271172556,0.000,0.000,0.000,0.003,0.000,0.000,0.000,0.000,0.003,0.000,0.488,0.488,0.703
1780271172584,0.007,0.000,0.000,0.003,0.000,0.000,0.000,0.003,0.013,0.000,0.472,0.472,0.727
1780271172623,0.000,0.000,0.000,0.003,0.000,0.003,0.003,0.000,0.009,0.000,0.496,0.496,0.703
1780271172683,0.003,0.000,0.000,0.003,0.000,0.000,0.000,0.003,0.009,0.000,0.496,0.496,0.727
1780271172711,0.000,0.000,0.000,0.003,0.000,0.000,0.000,0.000,0.003,0.000,0.480,0.480,0.727
1780271172744,0.003,0.000,0.000,0.000,0.000,0.000,0.003,0.000,0.006,0.000,0.480,0.480,0.752
1780271172776,0.000,0.000,0.000,0.003,0.000,0.000,0.000,0.000,0.003,0.000,0.488,0.488,0.727
1780271172849,0.003,0.003,0.000,0.003,0.000,0.000,0.003,0.000,0.012,0.000,0.504,0.504,0.752
1780271172887,0.000,0.000,0.003,0.003,0.000,0.003,0.003,0.003,0.015,0.000,0.496,0.496,0.776
1780271172918,0.003,0.003,0.000,0.003,0.000,0.000,0.003,0.000,0.012,0.000,0.488,0.488,0.727
1780271172945,0.000,0.000,0.000,0.003,0.000,0.003,0.000,0.000,0.006,0.000,0.496,0.496,0.752
1780271172983,0.000,0.000,0.000,0.003,0.000,0.000,0.003,0.000,0.006,0.000,0.496,0.496,0.897
1780271173011,0.003,0.000,0.000,0.003,0.003,0.000,0.000,0.003,0.012,0.000,0.480,0.480,0.945
1780271173073,0.000,0.000,0.000,0.003,0.000,0.000,0.007,0.003,0.013,0.000,0.488,0.488,0.945
1780271173114,0.003,0.000,0.000,0.003,0.000,0.000,0.000,0.000,0.006,0.000,0.488,0.488,0.873
1780271173149,0.000,0.000,0.000,0.003,0.000,0.000,0.003,0.000,0.006,0.000,0.480,0.480,0.970
1780271173200,0.000,0.000,0.000,0.003,0.000,0.000,0.000,0.000,0.003,0.000,0.496,0.496,0.776
1780271173230,0.000,0.000,0.000,0.003,0.000,0.000,0.003,0.000,0.006,0.000,0.472,0.472,0.727
1780271173267,0.000,0.000,0.000,0.003,0.000,0.003,0.000,0.003,0.009,0.000,0.488,0.488,0.703
1780271173298,0.000,0.000,0.000,0.003,0.000,0.000,0.003,0.007,0.013,0.000,0.480,0.480,0.703
1780271173359,0.000,0.000,0.000,0.003,0.000,0.000,0.003,0.000,0.006,0.000,0.488,0.488,0.679
1780271173415,0.000,0.000,0.000,0.003,0.000,0.000,0.003,0.003,0.009,0.000,0.488,0.488,0.703
1780271173440,0.000,0.000,0.003,0.003,0.000,0.000,0.003,0.000,0.009,0.000,0.472,0.472,0.679
1780271173470,0.000,0.000,0.000,0.003,0.000,0.000,0.003,0.003,0.009,0.000,0.488,0.488,0.703
1780271173496,0.003,0.000,0.000,0.000,0.000,0.000,0.003,0.000,0.006,0.000,0.488,0.488,0.727
1780271173527,0.000,0.000,0.000,0.003,0.000,0.000,0.003,0.003,0.009,0.000,0.480,0.480,0.703
1780271173587,0.000,0.000,0.000,0.003,0.000,0.003,0.003,0.003,0.012,0.000,0.472,0.472,0.703
1780271173619,0.007,0.000,0.000,0.003,0.000,0.000,0.003,0.003,0.016,0.000,0.488,0.488,0.630
1780271173650,0.003,0.000,0.000,0.003,0.000,0.000,0.003,0.000,0.009,0.000,0.480,0.480,0.703
1780271173676,0.003,0.000,0.000,0.003,0.000,0.000,0.003,0.000,0.009,0.000,0.472,0.472,0.679
1780271173729,0.000,0.000,0.000,0.003,0.000,0.000,0.003,0.003,0.009,0.000,0.472,0.472,0.703
1780271173756,0.003,0.000,0.003,0.003,0.000,0.003,0.003,0.000,0.015,0.000,0.488,0.488,0.679
1780271173786,0.000,0.000,0.000,0.003,0.000,0.000,0.003,0.000,0.006,0.000,0.488,0.488,0.679
1780271173817,0.003,0.000,0.000,0.003,0.000,0.000,0.000,0.000,0.006,0.000,0.480,0.480,0.703
1780271173881,0.003,0.003,0.003,0.003,0.000,0.000,0.003,0.003,0.018,0.000,0.512,0.512,0.703
1780271173913,0.003,0.000,0.000,0.003,0.000,0.003,0.003,0.000,0.012,0.000,0.480,0.480,0.679
1780271173944,0.000,0.000,0.007,0.003,0.000,0.003,0.003,0.000,0.016,0.000,0.480,0.480,0.679
1780271173969,0.000,0.003,0.000,0.003,0.000,0.000,0.003,0.003,0.012,0.000,0.488,0.488,0.679
1780271174011,0.000,0.000,0.000,0.003,0.000,0.000,0.003,0.000,0.006,0.000,0.480,0.480,0.703
1780271174037,0.000,0.000,0.003,0.003,0.000,0.000,0.003,0.003,0.012,0.000,0.480,0.480,0.679
1780271174093,0.000,0.000,0.000,0.003,0.000,0.000,0.000,0.003,0.006,0.000,0.480,0.480,0.703
1780271174124,0.003,0.000,0.000,0.003,0.000,0.000,0.000,0.007,0.013,0.000,0.488,0.488,0.679
1780271174172,0.000,0.000,0.000,0.003,0.000,0.000,0.003,0.003,0.009,0.000,0.496,0.496,0.727
1780271174199,0.000,0.000,0.000,0.003,0.000,0.000,0.000,0.000,0.003,0.000,0.504,0.504,0.703
1780271174247,0.000,0.003,0.000,0.003,0.000,0.000,0.003,0.000,0.009,0.000,0.480,0.480,0.703
1780271174277,0.003,0.000,0.000,0.003,0.000,0.000,0.003,0.000,0.009,0.000,0.496,0.496,0.727
1780271174322,0.003,0.000,0.000,0.003,0.000,0.000,0.003,0.000,0.009,0.000,0.480,0.480,0.703
1780271174367,0.000,0.000,0.000,0.007,0.000,0.000,0.003,0.000,0.010,0.000,0.512,0.512,0.703
1780271174403,0.000,0.000,0.000,0.003,0.000,0.000,0.003,0.000,0.006,0.000,0.504,0.504,0.727
1780271174441,0.000,0.000,0.000,0.003,0.000,0.000,0.003,0.003,0.009,0.000,0.480,0.480,0.679
1780271174479,0.003,0.000,0.000,0.003,0.003,0.003,0.003,0.003,0.018,0.000,0.480,0.480,0.703
1780271174504,0.003,0.000,0.000,0.003,0.000,0.000,0.003,0.000,0.009,0.000,0.480,0.480,0.703
1780271174533,0.003,0.000,0.003,0.003,0.000,0.000,0.003,0.003,0.015,0.000,0.472,0.472,0.679
1780271174589,0.000,0.000,0.000,0.003,0.000,0.000,0.003,0.003,0.009,0.000,0.480,0.480,0.703
1780271174627,0.000,0.000,0.003,0.003,0.000,0.000,0.000,0.000,0.006,0.000,0.496,0.496,0.679
1780271174658,0.000,0.000,0.000,0.003,0.000,0.000,0.003,0.000,0.006,0.000,0.472,0.472,0.727
1780271174686,0.003,0.000,0.000,0.003,0.000,0.000,0.003,0.000,0.009,0.000,0.472,0.472,0.703
1780271174727,0.003,0.000,0.000,0.007,0.000,0.003,0.003,0.000,0.016,0.000,0.480,0.480,0.679
1780271174766,0.000,0.000,0.000,0.003,0.000,0.000,0.003,0.000,0.006,0.000,0.488,0.488,0.703
1780271174798,0.003,0.000,0.000,0.003,0.000,0.000,0.003,0.003,0.012,0.000,0.472,0.472,0.703
1780271174827,0.000,0.000,0.003,0.000,0.000,0.000,0.003,0.003,0.009,0.000,0.488,0.488,0.703
1780271174894,0.000,0.000,0.000,0.003,0.000,0.000,0.000,0.003,0.006,0.000,0.545,0.545,0.752
1780271174920,0.000,0.000,0.000,0.000,0.000,0.000,0.003,0.003,0.006,0.000,0.504,0.504,0.727
1780271174956,0.003,0.000,0.000,0.003,0.000,0.000,0.003,0.000,0.009,0.000,0.504,0.504,0.703
1780271174980,0.003,0.000,0.000,0.003,0.000,0.000,0.003,0.003,0.012,0.000,0.496,0.496,0.679
1780271175023,0.003,0.000,0.000,0.003,0.000,0.000,0.003,0.000,0.009,0.000,0.472,0.472,0.703
1780271175048,0.000,0.000,0.000,0.007,0.000,0.000,0.003,0.000,0.010,0.000,0.480,0.480,0.703
1780271175108,0.000,0.000,0.000,0.003,0.000,0.003,0.003,0.003,0.012,0.000,0.472,0.472,0.703
1780271175140,0.000,0.000,0.000,0.003,0.000,0.000,0.003,0.000,0.006,0.000,0.488,0.488,0.679
1780271175178,0.000,0.000,0.000,0.003,0.003,0.000,0.003,0.000,0.009,0.000,0.480,0.480,0.703
1780271175206,0.000,0.000,0.000,0.003,0.000,0.000,0.003,0.000,0.006,0.000,0.488,0.488,0.679
1780271175236,0.000,0.000,0.000,0.007,0.000,0.003,0.003,0.000,0.013,0.000,0.480,0.480,0.703
1780271175281,0.000,0.000,0.003,0.003,0.000,0.000,0.003,0.003,0.012,0.000,0.488,0.488,0.679
1780271175326,0.003,0.000,0.003,0.000,0.000,0.000,0.003,0.000,0.009,0.000,0.488,0.488,0.679
1780271175353,0.000,0.000,0.000,0.003,0.000,0.000,0.003,0.003,0.009,0.000,0.480,0.480,0.703
1780271175410,0.000,0.000,0.000,0.007,0.000,0.000,0.003,0.003,0.013,0.000,0.488,0.488,0.703
1780271175441,0.000,0.000,0.000,0.007,0.000,0.000,0.003,0.000,0.010,0.000,0.480,0.480,0.703
1780271175499,0.003,0.000,0.000,0.003,0.000,0.000,0.003,0.003,0.012,0.000,0.472,0.472,0.679
1780271175525,0.000,0.000,0.000,0.000,0.000,0.000,0.000,0.000,0.000,0.000,0.480,0.480,0.703
1780271175559,0.003,0.000,0.003,0.003,0.000,0.000,0.003,0.000,0.012,0.000,0.472,0.472,0.679
1780271175617,0.000,0.000,0.003,0.003,0.000,0.000,0.000,0.000,0.006,0.000,0.480,0.480,0.679
1780271175676,0.007,0.000,0.003,0.000,0.000,0.000,0.003,0.003,0.016,0.000,0.496,0.496,0.679
1780271175702,0.000,0.003,0.000,0.003,0.000,0.000,0.003,0.000,0.009,0.000,0.472,0.472,0.703
1780271175736,0.000,0.000,0.000,0.003,0.000,0.000,0.000,0.000,0.003,0.000,0.480,0.480,0.679
1780271175764,0.003,0.000,0.000,0.003,0.000,0.003,0.003,0.000,0.012,0.000,0.480,0.480,0.703
1780271175817,0.000,0.003,0.000,0.003,0.000,0.000,0.003,0.000,0.009,0.000,0.472,0.472,0.703
1780271175845,0.000,0.000,0.000,0.003,0.000,0.003,0.003,0.003,0.012,0.000,0.463,0.463,0.679
1780271175884,0.003,0.000,0.003,0.003,0.000,0.003,0.003,0.000,0.015,0.000,0.480,0.480,0.703
1780271175956,0.003,0.000,0.000,0.003,0.000,0.000,0.003,0.000,0.009,0.000,0.480,0.480,0.727
1780271175993,0.000,0.003,0.000,0.003,0.000,0.000,0.003,0.003,0.012,0.000,0.480,0.480,0.679
1780271176028,0.003,0.000,0.003,0.000,0.000,0.003,0.003,0.000,0.012,0.000,0.488,0.488,0.679
1780271176061,0.003,0.003,0.000,0.003,0.000,0.000,0.003,0.000,0.012,0.000,0.480,0.480,0.679
1780271176123,0.000,0.000,0.000,0.003,0.000,0.000,0.000,0.000,0.003,0.000,0.472,0.472,0.630
1780271176159,0.003,0.000,0.000,0.003,0.000,0.000,0.003,0.003,0.012,0.000,0.504,0.504,0.679
1780271176197,0.000,0.000,0.000,0.003,0.000,0.000,0.003,0.000,0.006,0.000,0.496,0.496,0.752
1780271176224,0.000,0.000,0.000,0.003,0.003,0.000,0.003,0.000,0.009,0.000,0.480,0.480,0.703
1780271176270,0.003,0.000,0.000,0.003,0.000,0.000,0.000,0.000,0.006,0.000,0.480,0.480,0.703
1780271176328,0.003,0.000,0.000,0.003,0.000,0.003,0.003,0.000,0.012,0.000,0.472,0.472,0.727
1780271176360,0.003,0.000,0.000,0.003,0.000,0.003,0.003,0.000,0.012,0.000,0.480,0.480,0.679
1780271176411,0.000,0.000,0.000,0.003,0.000,0.000,0.003,0.003,0.009,0.000,0.488,0.488,0.703
1780271176464,0.003,0.000,0.000,0.003,0.000,0.000,0.003,0.000,0.009,0.000,0.496,0.496,0.727
1780271176497,0.000,0.000,0.000,0.000,0.000,0.000,0.003,0.003,0.006,0.000,0.463,0.463,0.703
1780271176533,0.003,0.000,0.000,0.003,0.000,0.000,0.003,0.000,0.009,0.000,0.480,0.480,0.703
1780271176558,0.000,0.003,0.000,0.003,0.000,0.000,0.003,0.000,0.009,0.000,0.488,0.488,0.703
1780271176591,0.000,0.000,0.000,0.003,0.000,0.000,0.003,0.003,0.009,0.000,0.472,0.472,0.703
1780271176644,0.000,0.000,0.000,0.000,0.000,0.000,0.003,0.000,0.003,0.000,0.504,0.504,0.703
1780271176676,0.000,0.003,0.000,0.003,0.000,0.000,0.003,0.003,0.012,0.000,0.504,0.504,0.727
1780271176705,0.000,0.000,0.000,0.000,0.003,0.003,0.003,0.000,0.009,0.000,0.488,0.488,0.679
1780271176731,0.007,0.000,0.000,0.003,0.000,0.003,0.003,0.003,0.019,0.000,0.488,0.488,0.679
1780271176765,0.003,0.003,0.000,0.007,0.000,0.000,0.003,0.000,0.016,0.000,0.480,0.480,0.703
1780271176794,0.000,0.000,0.003,0.007,0.000,0.000,0.003,0.000,0.013,0.000,0.472,0.472,0.679
1780271176846,0.003,0.000,0.000,0.003,0.000,0.000,0.003,0.000,0.009,0.000,0.472,0.472,0.679
1780271176872,0.003,0.000,0.000,0.003,0.000,0.003,0.003,0.000,0.012,0.000,0.488,0.488,0.703
1780271176910,0.003,0.000,0.000,0.000,0.000,0.000,0.003,0.000,0.006,0.000,0.512,0.512,0.703
1780271176935,0.000,0.000,0.003,0.003,0.000,0.003,0.003,0.000,0.012,0.000,0.504,0.504,0.727
1780271176990,0.003,0.000,0.000,0.003,0.000,0.003,0.003,0.000,0.012,0.000,0.480,0.480,0.727
1780271177022,0.003,0.003,0.000,0.007,0.003,0.000,0.003,0.003,0.022,0.000,0.472,0.472,0.679
1780271177053,0.003,0.000,0.000,0.007,0.000,0.003,0.003,0.000,0.016,0.000,0.472,0.472,0.630
1780271177080,0.000,0.007,0.000,0.003,0.000,0.000,0.003,0.000,0.013,0.000,0.480,0.480,0.703
1780271177117,0.000,0.000,0.000,0.007,0.000,0.003,0.003,0.000,0.013,0.000,0.480,0.480,0.703
1780271177173,0.000,0.000,0.003,0.003,0.000,0.000,0.003,0.000,0.009,0.000,0.496,0.496,0.679
1780271177200,0.000,0.000,0.000,0.000,0.000,0.003,0.000,0.000,0.003,0.000,0.488,0.488,0.703
1780271177235,0.003,0.000,0.003,0.003,0.003,0.000,0.003,0.000,0.015,0.000,0.480,0.480,0.679
1780271177264,0.000,0.000,0.003,0.000,0.000,0.000,0.003,0.003,0.009,0.000,0.480,0.480,0.727
1780271177295,0.000,0.000,0.000,0.007,0.000,0.003,0.003,0.000,0.013,0.000,0.488,0.488,0.679
1780271177330,0.000,0.000,0.000,0.003,0.000,0.000,0.003,0.000,0.006,0.000,0.488,0.488,0.703
1780271177364,0.000,0.000,0.003,0.003,0.000,0.000,0.003,0.000,0.009,0.000,0.472,0.472,0.703
1780271177402,0.000,0.000,0.000,0.003,0.000,0.000,0.003,0.003,0.009,0.000,0.480,0.480,0.703
1780271177442,0.003,0.000,0.000,0.003,0.000,0.000,0.003,0.003,0.012,0.000,0.488,0.488,0.727
1780271177500,0.000,0.000,0.000,0.003,0.000,0.000,0.003,0.003,0.009,0.000,0.488,0.488,0.703
1780271177549,0.003,0.000,0.000,0.000,0.000,0.000,0.003,0.000,0.006,0.000,0.472,0.472,0.703
1780271177579,0.000,0.000,0.000,0.003,0.000,0.000,0.003,0.000,0.006,0.000,0.488,0.488,0.703
1780271177609,0.000,0.000,0.000,0.003,0.000,0.000,0.003,0.003,0.009,0.000,0.480,0.480,0.727
1780271177635,0.000,0.000,0.000,0.003,0.000,0.000,0.003,0.003,0.009,0.000,0.488,0.488,0.703
1780271177694,0.000,0.000,0.000,0.003,0.000,0.000,0.003,0.003,0.009,0.000,0.488,0.488,0.727
1780271177727,0.003,0.000,0.000,0.003,0.000,0.000,0.003,0.000,0.009,0.000,0.488,0.488,0.679
1780271177759,0.000,0.000,0.000,0.003,0.000,0.000,0.000,0.000,0.003,0.000,0.480,0.480,0.703
1780271177789,0.000,0.003,0.000,0.003,0.000,0.000,0.003,0.003,0.012,0.000,0.488,0.488,0.727
1780271177822,0.000,0.000,0.003,0.003,0.000,0.000,0.003,0.003,0.012,0.000,0.488,0.488,0.679
1780271177864,0.000,0.000,0.000,0.007,0.000,0.000,0.003,0.000,0.010,0.000,0.480,0.480,0.679
1780271177903,0.000,0.000,0.000,0.003,0.000,0.000,0.007,0.003,0.013,0.000,0.488,0.488,0.679
1780271177940,0.000,0.003,0.000,0.003,0.000,0.000,0.003,0.000,0.009,0.000,0.512,0.512,0.703
1780271177979,0.000,0.000,0.000,0.003,0.000,0.000,0.003,0.000,0.006,0.000,0.537,0.537,0.703
1780271178021,0.000,0.000,0.000,0.000,0.000,0.000,0.003,0.003,0.006,0.000,0.520,0.520,0.727
1780271178060,0.000,0.000,0.000,0.007,0.000,0.003,0.003,0.000,0.013,0.000,0.496,0.496,0.703
1780271178085,0.003,0.000,0.000,0.003,0.000,0.000,0.003,0.000,0.009,0.000,0.496,0.496,0.727
1780271178119,0.000,0.000,0.000,0.003,0.000,0.000,0.003,0.000,0.006,0.000,0.488,0.488,0.679
1780271178146,0.003,0.000,0.000,0.003,0.000,0.000,0.003,0.000,0.009,0.000,0.480,0.480,0.679
1780271178206,0.000,0.000,0.000,0.003,0.000,0.003,0.000,0.003,0.009,0.000,0.496,0.496,0.703
1780271178236,0.000,0.000,0.003,0.007,0.000,0.000,0.003,0.000,0.013,0.000,0.496,0.496,0.703
1780271178270,0.003,0.000,0.000,0.003,0.003,0.000,0.003,0.003,0.015,0.000,0.472,0.472,0.703
1780271178297,0.000,0.000,0.000,0.003,0.000,0.003,0.003,0.000,0.009,0.000,0.480,0.480,0.630
1780271178328,0.003,0.000,0.000,0.003,0.000,0.000,0.003,0.000,0.009,0.000,0.480,0.480,0.679
1780271178371,0.000,0.000,0.000,0.000,0.000,0.000,0.003,0.003,0.006,0.000,0.480,0.480,0.679
1780271178406,0.003,0.000,0.000,0.007,0.000,0.003,0.003,0.003,0.019,0.000,0.480,0.480,0.703
1780271178438,0.000,0.000,0.000,0.003,0.000,0.000,0.000,0.000,0.003,0.000,0.496,0.496,0.679
1780271178467,0.000,0.000,0.003,0.000,0.000,0.003,0.003,0.000,0.009,0.000,0.488,0.488,0.727
1780271178492,0.000,0.000,0.000,0.003,0.003,0.000,0.003,0.000,0.009,0.000,0.480,0.480,0.703
1780271178546,0.000,0.000,0.003,0.003,0.000,0.000,0.003,0.000,0.009,0.000,0.480,0.480,0.679
1780271178578,0.000,0.003,0.000,0.003,0.003,0.003,0.003,0.003,0.018,0.000,0.480,0.480,0.703
1780271178611,0.003,0.000,0.000,0.003,0.000,0.000,0.003,0.003,0.012,0.000,0.480,0.480,0.679
1780271178642,0.000,0.000,0.000,0.003,0.000,0.000,0.003,0.000,0.006,0.000,0.472,0.472,0.679
1780271178690,0.000,0.000,0.003,0.000,0.000,0.000,0.003,0.000,0.006,0.000,0.496,0.496,0.703
1780271178740,0.003,0.003,0.000,0.003,0.000,0.003,0.003,0.003,0.018,0.000,0.472,0.472,0.703
1780271178772,0.000,0.000,0.000,0.003,0.000,0.003,0.003,0.000,0.009,0.000,0.488,0.488,0.679
1780271178803,0.000,0.000,0.000,0.003,0.000,0.000,0.003,0.000,0.006,0.000,0.480,0.480,0.703
1780271178832,0.003,0.000,0.000,0.003,0.000,0.000,0.003,0.000,0.009,0.000,0.480,0.480,0.630
1780271178877,0.000,0.003,0.000,0.003,0.000,0.000,0.003,0.000,0.009,0.000,0.472,0.472,0.703
1780271178911,0.000,0.000,0.000,0.003,0.000,0.000,0.003,0.000,0.006,0.000,0.488,0.488,0.703
1780271178951,1.293,1.159,1.228,1.268,0.000,0.003,0.000,0.000,4.951,0.000,2.254,2.254,0.630
1780271178987,4.512,3.757,4.180,4.709,0.000,0.000,0.003,0.000,17.161,0.000,15.498,15.498,12.412
1780271179026,4.877,5.503,5.941,5.948,0.000,0.000,0.000,0.000,22.269,0.000,19.462,19.462,19.297
1780271179081,3.739,4.516,4.840,4.716,0.000,0.003,0.003,0.000,17.817,0.000,17.232,17.232,16.364
1780271179118,2.919,3.838,4.384,4.045,0.000,0.003,0.003,0.003,15.195,0.000,14.806,14.806,13.188
1780271179151,2.361,3.247,4.067,3.579,0.000,0.000,0.000,0.000,13.254,0.000,13.398,13.398,12.218
1780271179181,2.442,3.032,3.583,3.364,0.000,0.000,0.003,0.000,12.424,0.000,12.364,12.364,10.933
1780271179219,2.168,2.595,3.309,3.138,0.000,0.000,0.003,0.000,11.213,0.000,11.387,11.387,10.012
1780271179269,2.001,2.092,2.861,2.755,0.000,0.000,0.003,0.000,9.712,0.000,9.873,9.873,8.800
1780271179309,0.871,1.246,0.914,1.057,0.000,0.000,0.003,0.000,4.091,0.000,4.232,4.232,4.558
1780271179347,0.145,0.185,0.233,0.233,0.000,0.000,0.003,0.000,0.799,0.000,1.579,1.579,1.164
1780271179401,3.163,2.515,0.032,0.014,0.000,0.000,0.003,0.000,5.727,0.000,1.619,1.619,1.648
1780271179435,4.749,4.851,1.683,1.669,0.000,0.003,0.003,0.000,12.958,0.000,9.914,9.914,0.679
1780271179471,4.403,7.155,4.508,4.862,0.000,0.000,0.000,0.000,20.928,0.000,18.062,18.062,14.933
1780271179499,3.732,6.692,4.968,5.387,0.000,0.000,0.003,0.000,20.782,0.000,19.356,19.356,17.988
1780271179538,3.863,6.743,4.261,5.270,0.000,0.000,0.000,0.000,20.137,0.000,19.242,19.242,17.382
1780271179591,3.860,5.649,3.200,3.794,0.003,0.000,0.003,0.000,16.509,0.000,14.757,14.757,14.133
1780271179634,4.432,5.011,4.209,4.523,0.000,0.000,0.000,0.000,18.175,0.000,17.264,17.264,13.988
1780271179680,4.173,3.389,2.846,5.806,0.000,0.000,0.003,0.003,16.220,0.000,14.391,14.391,14.109
1780271179713,4.257,1.815,1.862,5.547,0.000,0.000,0.003,0.000,13.484,0.000,12.380,12.380,12.097
1780271179756,4.439,1.133,1.348,4.764,0.000,0.000,0.003,0.000,11.687,0.000,10.923,10.923,9.552
1780271179807,1.151,0.554,0.677,0.922,0.000,0.000,0.003,0.003,3.310,0.000,3.378,3.378,3.394
1780271179843,0.215,0.277,0.291,0.317,0.000,0.000,0.003,0.003,1.106,0.000,1.725,1.725,1.285
1780271179878,0.047,0.058,0.058,0.058,0.000,0.000,0.003,0.000,0.224,0.000,0.854,0.854,0.727
1780271179929,0.007,0.010,0.007,0.007,0.000,0.000,0.003,0.003,0.037,0.000,0.586,0.586,0.679
1780271179966,0.003,0.010,0.003,0.007,0.000,0.003,0.003,0.000,0.029,0.000,0.545,0.545,0.679
1780271180003,0.003,0.003,0.003,0.007,0.000,0.000,0.003,0.000,0.019,0.000,0.520,0.520,0.703
1780271180034,0.007,0.000,0.003,0.003,0.000,0.000,0.003,0.000,0.016,0.000,0.520,0.520,0.703
1780271180073,0.000,0.000,0.000,0.003,3.827,3.517,0.007,0.010,7.364,0.000,0.545,0.545,0.703
1780271180144,0.000,0.000,0.000,0.003,2.730,2.835,0.003,0.003,5.574,0.000,0.537,0.537,6.739
1780271180181,0.003,0.000,0.003,0.003,1.993,2.055,0.003,0.003,4.063,0.000,0.545,0.545,4.485
1780271180230,0.761,0.761,0.572,0.834,1.629,1.614,0.000,0.003,6.174,0.000,1.245,1.245,3.903
1780271180277,3.422,3.039,2.868,3.061,1.235,1.210,0.003,0.003,14.841,0.000,7.439,7.439,7.661
1780271180328,3.349,3.499,4.898,4.866,1.206,1.242,0.003,0.003,19.066,0.000,10.345,10.345,11.927
1780271180385,2.908,3.327,4.942,4.774,1.330,1.359,0.000,0.000,18.640,0.000,10.883,10.883,12.145
1780271180450,2.135,4.417,6.342,2.139,1.381,1.399,0.000,0.003,17.816,0.000,11.892,11.892,13.188
1780271180487,2.861,5.700,4.979,3.422,1.319,1.290,0.000,0.003,19.574,0.000,12.991,12.991,12.776
1780271180522,4.209,5.686,3.316,4.312,1.304,1.326,0.003,0.003,20.159,0.000,13.455,13.455,14.158
1780271180557,4.209,4.938,3.688,4.457,1.352,1.403,0.003,0.003,20.053,0.000,13.015,13.015,14.691
1780271180614,2.941,4.297,4.610,3.047,1.465,1.468,0.003,0.003,17.834,0.000,11.461,11.461,13.212
1780271180681,0.801,1.964,4.191,3.725,1.523,1.505,0.003,0.007,13.719,0.000,8.123,8.123,9.867
1780271180737,2.139,1.126,3.830,4.552,1.345,1.366,0.003,0.003,14.364,0.000,9.287,9.287,10.861
1780271180768,4.096,2.835,3.028,3.823,1.016,1.086,0.000,0.003,15.887,0.000,14.660,14.660,12.194
1780271180802,4.898,5.489,2.562,3.779,1.170,1.093,0.003,0.000,18.994,0.000,15.702,15.702,17.018
1780271180853,1.195,1.844,0.645,0.885,1.964,1.902,0.003,0.003,8.441,0.000,4.989,4.989,11.418
1780271180909,0.255,0.178,0.043,0.051,1.651,1.698,0.003,0.003,3.882,0.000,1.261,1.261,4.121
1780271180948,0.036,0.040,0.010,0.010,1.538,1.589,0.003,0.003,3.229,0.000,0.748,0.748,3.709
1780271180983,0.010,0.010,0.003,0.003,1.519,1.501,0.003,0.003,3.052,0.000,0.610,0.610,3.564
1780271181018,0.007,0.003,0.003,0.003,1.454,1.512,0.007,0.007,2.996,0.000,0.537,0.537,3.442
1780271181058,0.003,0.003,0.003,0.003,1.428,1.523,0.003,0.003,2.969,0.000,0.520,0.520,3.491
1780271181089,0.003,0.000,0.000,0.003,1.468,1.461,0.003,0.003,2.941,0.000,0.529,0.529,3.491
1780271181130,0.000,0.000,0.000,0.003,1.447,1.461,0.007,0.003,2.921,0.000,0.520,0.520,3.442
1780271181195,0.000,0.003,0.003,0.003,1.447,1.483,0.003,0.003,2.945,0.000,0.496,0.496,3.370
1780271181234,0.003,0.003,0.000,0.003,1.567,1.468,0.003,0.003,3.050,0.000,0.520,0.520,3.418
1780271181271,0.003,0.000,0.000,0.003,1.425,1.530,0.003,0.003,2.967,0.000,0.520,0.520,3.491
1780271181299,0.000,0.003,0.003,0.003,1.629,1.538,0.003,0.003,3.182,0.000,0.520,0.520,3.588
1780271181339,0.000,0.000,0.003,0.003,1.669,1.716,0.003,0.003,3.397,0.000,0.512,0.512,3.782
1780271181379,0.000,0.003,0.000,0.003,1.673,1.687,0.003,0.003,3.372,0.000,0.512,0.512,3.806
1780271181441,2.977,2.299,1.753,1.964,1.731,1.745,0.000,0.003,12.472,0.000,4.965,4.965,5.552
1780271181496,0.772,0.718,0.761,0.914,2.711,2.577,0.003,0.007,8.463,0.000,1.741,1.741,7.588
1780271181529,0.193,0.156,0.120,0.127,2.380,2.518,0.007,0.003,5.504,0.000,0.854,0.854,5.430
1780271181558,0.036,0.025,0.021,0.021,2.515,2.383,0.003,0.003,5.007,0.000,0.651,0.651,5.309
1780271181581,0.010,0.007,0.010,0.007,2.682,2.449,0.003,0.007,5.175,0.000,0.594,0.594,5.600
1780271181615,0.003,0.003,0.003,0.007,2.223,2.314,0.003,0.003,4.559,0.000,0.577,0.577,5.261
1780271181651,0.710,0.648,0.677,0.787,2.376,2.256,0.007,0.003,7.464,0.000,1.131,1.131,5.091
1780271181707,1.042,1.232,1.250,1.341,2.690,3.018,0.003,0.007,10.583,0.000,1.579,1.579,6.933
1780271181765,4.625,4.563,4.851,4.818,2.496,2.569,0.018,0.003,23.943,0.000,16.483,16.483,14.836
1780271181793,4.825,4.694,5.190,5.325,2.598,2.817,0.014,0.003,25.466,0.000,18.021,18.021,24.073
1780271181826,4.064,4.111,4.647,4.764,3.080,2.926,0.000,0.018,23.610,0.000,15.954,15.954,21.624
1780271181855,4.760,2.759,2.864,4.501,3.484,3.495,0.003,0.003,21.869,0.000,12.185,12.185,19.903
1780271181903,5.682,0.331,2.354,4.326,3.357,3.360,0.000,0.003,19.413,0.000,10.883,10.883,15.733
1780271181940,3.765,0.138,3.156,5.598,3.302,3.364,0.007,0.007,19.337,0.000,9.629,9.629,15.321
1780271181976,1.862,0.098,2.292,5.810,3.163,3.014,0.003,0.007,16.249,0.000,8.620,8.620,13.770
1780271182010,3.346,1.709,0.998,5.511,3.050,2.861,0.007,0.003,17.485,0.000,9.898,9.898,13.285
1780271182047,4.661,2.690,1.855,5.157,3.214,2.996,0.007,0.007,20.587,0.000,12.210,12.210,15.636
1780271182078,4.800,2.857,3.291,4.957,3.036,3.528,0.003,0.003,22.475,0.000,13.137,13.137,17.721
1780271182111,6.010,3.776,4.574,3.940,3.539,3.473,0.007,0.003,25.322,0.000,15.848,15.848,18.424
1780271182151,5.434,4.096,5.697,3.903,3.532,3.962,0.007,0.007,26.638,0.000,17.777,17.777,22.739
1780271182196,5.245,3.163,4.326,3.557,4.115,4.180,0.007,0.007,24.600,0.000,13.227,13.227,22.109
1780271182255,3.583,3.958,0.572,0.987,0.882,0.656,0.003,0.003,10.644,0.000,9.198,9.198,9.018
1780271182291,4.002,4.279,0.998,1.461,0.109,0.145,0.003,0.000,10.997,0.000,9.613,9.613,8.145
1780271182330,3.532,2.558,3.324,5.715,0.014,0.025,0.003,0.000,15.171,0.000,14.122,14.122,10.279
1780271182358,2.941,2.135,4.778,6.342,0.007,0.007,0.007,0.000,16.217,0.000,16.361,16.361,14.788
1780271182414,7.282,1.359,5.751,4.964,0.000,0.003,0.000,0.000,19.359,0.000,18.876,18.876,16.097
1780271182449,6.582,1.676,5.307,6.043,0.000,0.000,0.000,0.000,19.608,0.000,18.583,18.583,17.285
1780271182488,6.528,2.606,4.647,5.569,0.000,0.003,0.003,0.000,19.356,0.000,19.479,19.479,16.412
1780271182523,6.681,3.039,4.720,5.270,0.000,0.000,0.003,0.000,19.713,0.000,19.389,19.389,16.970
1780271182556,5.708,3.557,4.654,5.237,0.000,0.003,0.003,0.000,19.162,0.000,16.621,16.621,17.188
1780271182585,4.658,4.002,4.443,4.417,0.000,0.000,0.007,0.000,17.527,0.000,14.342,14.342,14.085
1780271182622,1.742,4.421,4.873,1.472,0.000,0.003,0.007,0.000,12.518,0.000,11.054,11.054,9.939
1780271182654,0.878,4.527,4.949,1.016,0.000,0.007,0.003,0.000,11.380,0.000,11.306,11.306,8.606
1780271182690,1.589,5.503,3.925,5.190,0.000,0.000,0.003,0.003,16.213,0.000,16.467,16.467,11.297
1780271182725,4.195,6.076,3.422,5.226,0.000,0.000,0.000,0.003,18.922,0.000,18.380,18.380,16.824
1780271182796,4.352,5.551,3.703,4.716,0.000,0.000,0.003,0.003,18.328,0.000,17.956,17.956,16.024
1780271182834,3.958,5.226,3.645,4.636,0.000,0.000,0.003,0.000,17.468,0.000,17.118,17.118,15.442
1780271182871,3.688,4.647,3.386,4.435,0.000,0.000,0.003,0.000,16.159,0.000,16.052,16.052,14.376
1780271182925,3.645,4.308,3.182,3.502,0.000,0.000,0.000,0.003,14.640,0.000,14.741,14.741,12.921
1780271182955,3.542,3.951,3.178,3.685,0.000,0.000,0.003,0.000,14.359,0.000,14.293,14.293,12.679
1780271182994,3.254,3.652,3.028,3.265,0.000,0.000,0.003,0.000,13.202,0.000,13.064,13.064,12.097
1780271183036,3.036,3.225,2.850,2.916,0.000,0.000,0.003,0.000,12.030,0.000,11.990,11.990,10.715
1780271183069,2.886,2.996,2.813,2.795,0.000,0.000,0.007,0.000,11.497,0.000,11.599,11.599,10.206
1780271183099,2.751,2.890,2.628,2.566,0.000,0.000,0.003,0.000,10.838,0.000,10.875,10.875,10.109
1780271183134,1.213,1.786,1.323,1.775,0.000,0.000,0.003,0.000,6.100,0.000,5.925,5.925,9.285
1780271183175,0.171,0.222,0.164,0.189,0.000,0.000,0.003,0.000,0.749,0.000,2.059,2.059,1.018
1780271183214,0.025,0.032,0.025,0.021,0.000,0.000,0.003,0.000,0.106,0.000,0.927,0.927,0.752
1780271183255,0.007,0.007,0.010,0.007,0.000,0.003,0.003,0.003,0.040,0.000,0.618,0.618,0.752
1780271183316,0.010,0.000,0.007,0.003,0.003,0.000,0.003,0.000,0.026,0.000,0.496,0.496,0.703
1780271183358,0.000,0.003,0.003,0.003,0.000,0.003,0.003,0.003,0.018,0.000,0.463,0.463,0.727
1780271183392,0.003,0.003,0.003,0.003,0.003,0.000,0.003,0.000,0.018,0.000,0.472,0.472,0.752
1780271183428,0.000,0.003,0.003,0.003,0.003,0.000,0.003,0.003,0.018,0.000,0.488,0.488,0.727
1780271183463,0.003,0.000,0.003,0.003,0.000,0.000,0.003,0.003,0.015,0.000,0.480,0.480,0.752
1780271183496,0.003,0.000,0.003,0.003,0.000,0.000,0.003,0.000,0.012,0.000,0.504,0.504,0.752
1780271183546,1.257,0.185,1.097,0.098,0.000,0.000,0.003,0.000,2.640,0.000,0.984,0.984,0.873
1780271183581,3.506,0.470,4.979,0.543,0.000,0.000,0.003,0.003,9.504,0.000,9.230,9.230,3.952
1780271183620,5.008,0.298,7.924,0.266,0.000,0.000,0.000,0.000,13.496,0.000,11.469,11.469,12.364
1780271183654,3.597,0.047,7.694,0.091,0.000,0.003,0.007,0.000,11.439,0.000,11.086,11.086,10.230
1780271183688,3.557,2.292,6.732,1.891,0.000,0.000,0.003,0.000,14.475,0.000,11.770,11.770,9.745
1780271183725,1.622,2.325,3.295,2.361,0.000,0.000,0.003,0.000,9.606,0.000,6.007,6.007,10.642
1780271183763,0.222,0.780,0.546,0.838,0.000,0.000,0.000,0.003,2.389,0.000,2.189,2.189,1.624
1780271183826,0.014,0.029,0.029,0.029,0.000,0.000,0.003,0.000,0.104,0.000,0.675,0.675,0.776
1780271183859,0.007,0.007,0.007,0.007,0.000,0.000,0.003,0.003,0.034,0.000,0.561,0.561,0.776
1780271183891,0.003,0.000,0.003,0.003,0.000,0.000,0.000,0.000,0.009,0.000,0.537,0.537,0.752
1780271183919,0.003,0.000,0.003,0.003,0.000,0.000,0.000,0.000,0.009,0.000,0.520,0.520,0.752
1780271183972,0.003,0.000,0.003,0.003,0.000,0.000,0.000,0.000,0.009,0.000,0.504,0.504,0.752
1780271184005,0.003,0.000,0.003,0.000,0.003,0.003,0.007,0.000,0.019,0.000,0.520,0.520,0.776
1780271184043,0.003,0.000,0.000,0.003,0.000,0.000,0.003,0.003,0.012,0.000,0.488,0.488,0.776
1780271184081,0.003,0.000,0.003,0.003,0.000,0.000,0.003,0.000,0.012,0.000,0.488,0.488,0.776
1780271184124,0.000,0.003,0.003,0.007,0.000,0.000,0.003,0.003,0.019,0.000,0.488,0.488,0.752
1780271184153,0.003,0.000,0.003,0.003,0.000,0.000,0.000,0.000,0.009,0.000,0.480,0.480,0.752
1780271184189,0.003,0.003,0.000,0.003,0.000,0.000,0.000,0.000,0.009,0.000,0.488,0.488,0.776
1780271184216,0.000,0.000,0.003,0.003,0.003,0.000,0.000,0.003,0.012,0.000,0.496,0.496,0.752
1780271184261,0.000,0.000,0.000,0.003,0.000,0.000,0.000,0.000,0.003,0.000,0.520,0.520,0.752
1780271184328,0.000,0.000,0.000,0.003,0.000,0.000,0.003,0.003,0.009,0.000,0.504,0.504,0.752
1780271184360,0.003,0.000,0.003,0.003,0.000,0.000,0.000,0.000,0.009,0.000,0.488,0.488,0.752
1780271184398,0.003,0.000,0.003,0.003,0.000,0.000,0.003,0.000,0.012,0.000,0.488,0.488,0.727
1780271184424,0.003,0.003,0.003,0.003,0.000,0.000,0.007,0.000,0.019,0.000,0.480,0.480,0.752
1780271184464,0.003,0.003,0.003,0.003,0.000,0.003,0.003,0.000,0.018,0.000,0.488,0.488,0.752
1780271184492,0.003,0.000,0.003,0.003,0.000,0.000,0.003,0.000,0.012,0.000,0.512,0.512,0.752
1780271184531,0.000,0.003,0.000,0.003,0.000,0.000,0.003,0.000,0.009,0.000,0.496,0.496,0.752
1780271184558,0.000,0.000,0.003,0.003,0.000,0.000,0.003,0.003,0.012,0.000,0.488,0.488,0.752
1780271184600,0.003,0.003,0.000,0.003,0.000,0.000,0.000,0.000,0.009,0.000,0.488,0.488,0.752
1780271184629,0.000,0.000,0.003,0.003,0.000,0.000,0.000,0.000,0.006,0.000,0.480,0.480,0.752
1780271184663,0.000,0.000,0.000,0.003,0.000,0.003,0.003,0.003,0.012,0.000,0.480,0.480,0.752
1780271184689,0.000,0.000,0.000,0.003,0.000,0.000,0.000,0.000,0.003,0.000,0.480,0.480,0.752
1780271184726,0.003,0.000,0.000,0.003,0.000,0.000,0.000,0.003,0.009,0.000,0.496,0.496,0.727
1780271184760,0.003,0.000,0.000,0.000,0.000,0.003,0.003,0.000,0.009,0.000,0.529,0.529,0.752
1780271184800,0.000,0.000,0.003,0.003,0.000,0.000,0.003,0.000,0.009,0.000,0.529,0.529,0.824
1780271184864,0.003,0.000,0.000,0.007,0.000,0.000,0.003,0.000,0.013,0.000,0.504,0.504,0.776
1780271184901,0.000,0.000,0.000,0.000,0.000,0.000,0.000,0.003,0.003,0.000,0.480,0.480,0.752
1780271184938,0.000,0.000,0.000,0.003,0.000,0.003,0.007,0.000,0.013,0.000,0.504,0.504,0.727
1780271184977,0.000,0.000,0.000,0.003,0.000,0.000,0.000,0.003,0.006,0.000,0.488,0.488,0.752
1780271185012,0.000,0.000,0.000,0.000,0.000,0.003,0.003,0.003,0.009,0.000,0.520,0.520,0.752
1780271185044,0.000,0.000,0.003,0.003,0.000,0.000,0.003,0.000,0.009,0.000,0.488,0.488,0.752
1780271185083,0.000,0.000,0.000,0.000,0.000,0.000,0.003,0.000,0.003,0.000,0.480,0.480,0.727
1780271185124,0.000,0.000,0.000,0.003,0.000,0.000,0.007,0.003,0.013,0.000,0.480,0.480,0.752
1780271185159,0.003,0.000,0.000,0.003,0.000,0.000,0.007,0.000,0.013,0.000,0.480,0.480,0.727
1780271185187,0.000,0.000,0.000,0.003,0.000,0.000,0.003,0.000,0.006,0.000,0.472,0.472,0.752
1780271185223,0.000,0.003,0.000,0.003,0.000,0.000,0.003,0.000,0.009,0.000,0.496,0.496,0.727
1780271185250,0.000,0.000,0.000,0.003,0.000,0.000,0.003,0.000,0.006,0.000,0.520,0.520,0.776
1780271185285,0.003,0.003,0.003,0.003,0.000,0.000,0.003,0.000,0.015,0.000,0.504,0.504,0.776
1780271185311,0.003,0.000,0.000,0.000,0.000,0.000,0.003,0.000,0.006,0.000,0.504,0.504,0.752
1780271185390,0.003,0.000,0.000,0.007,0.000,0.003,0.003,0.003,0.019,0.000,0.488,0.488,0.752
1780271185427,0.003,0.000,0.000,0.003,0.000,0.000,0.003,0.000,0.009,0.000,0.488,0.488,0.703
1780271185461,0.000,0.000,0.000,0.003,0.000,0.000,0.000,0.003,0.006,0.000,0.488,0.488,0.776
1780271185502,0.000,0.003,0.000,0.007,0.000,0.000,0.003,0.000,0.013,0.000,0.488,0.488,0.727
1780271185540,0.000,0.000,0.000,0.003,0.003,0.000,0.003,0.000,0.009,0.000,0.496,0.496,0.776
1780271185572,0.000,0.003,0.003,0.007,0.000,0.000,0.007,0.000,0.020,0.000,0.496,0.496,0.727
1780271185602,0.000,0.000,0.000,0.007,0.000,0.000,0.000,0.000,0.007,0.000,0.488,0.488,0.752
1780271185640,0.000,0.000,0.000,0.003,0.000,0.000,0.007,0.003,0.013,0.000,0.496,0.496,0.776
1780271185678,0.003,0.000,0.000,0.003,0.000,0.003,0.000,0.000,0.009,0.000,0.488,0.488,0.727
1780271185712,0.000,0.003,0.000,0.000,0.003,0.000,0.000,0.000,0.006,0.000,0.496,0.496,0.727
1780271185755,0.003,0.000,0.000,0.003,0.000,0.000,0.007,0.003,0.016,0.000,0.488,0.488,0.727
1780271185785,0.000,0.000,0.003,0.003,0.000,0.000,0.003,0.000,0.009,0.000,0.488,0.488,0.824
1780271185826,0.000,0.000,0.003,0.003,0.000,0.000,0.003,0.000,0.009,0.000,0.480,0.480,0.752
1780271185901,0.003,0.000,0.000,0.003,0.000,0.000,0.000,0.000,0.006,0.000,0.480,0.480,0.752
1780271185941,0.007,0.000,0.000,0.003,0.000,0.003,0.003,0.003,0.019,0.000,0.480,0.480,0.776
1780271185976,0.000,0.000,0.000,0.003,0.000,0.000,0.007,0.000,0.010,0.000,0.488,0.488,0.727
1780271186031,0.003,0.003,0.000,0.003,0.000,0.000,0.003,0.000,0.012,0.000,0.504,0.504,0.752
1780271186058,0.000,0.000,0.000,0.003,0.000,0.000,0.000,0.003,0.006,0.000,0.480,0.480,0.727
1780271186101,0.003,0.000,0.000,0.003,0.000,0.003,0.003,0.000,0.012,0.000,0.488,0.488,0.752
1780271186128,0.000,0.000,0.000,0.000,0.000,0.003,0.003,0.003,0.009,0.000,0.488,0.488,0.727
1780271186173,0.003,0.000,0.000,0.000,0.000,0.000,0.003,0.000,0.006,0.000,0.480,0.480,0.727
1780271186201,0.003,0.000,0.000,0.003,0.000,0.000,0.000,0.003,0.009,0.000,0.488,0.488,0.776
1780271186243,0.003,0.000,0.000,0.003,0.000,0.000,0.003,0.000,0.009,0.000,0.488,0.488,0.776
1780271186272,0.003,0.000,0.000,0.000,0.000,0.000,0.003,0.003,0.009,0.000,0.488,0.488,0.727
1780271186308,0.003,0.000,0.003,0.003,0.000,0.000,0.003,0.000,0.012,0.000,0.488,0.488,0.776
1780271186337,0.000,0.000,0.000,0.007,0.003,0.003,0.003,0.003,0.019,0.000,0.488,0.488,0.752
1780271186416,0.000,0.003,0.000,0.003,0.000,0.000,0.003,0.003,0.012,0.000,0.488,0.488,0.752
1780271186452,0.000,0.000,0.000,0.003,0.000,0.000,0.003,0.000,0.006,0.000,0.488,0.488,0.727
1780271186489,0.000,0.000,0.000,0.003,0.000,0.000,0.003,0.000,0.006,0.000,0.488,0.488,0.727
1780271186535,0.003,0.000,0.000,0.003,0.000,0.003,0.003,0.000,0.012,0.000,0.480,0.480,0.727
1780271186568,0.000,0.000,0.000,0.000,0.000,0.000,0.003,0.003,0.006,0.000,0.472,0.472,0.752
1780271186603,0.003,0.000,0.000,0.000,0.000,0.000,0.003,0.003,0.009,0.000,0.488,0.488,0.703
1780271186636,0.003,0.000,0.000,0.003,0.000,0.000,0.003,0.003,0.012,0.000,0.504,0.504,0.752
1780271186681,0.000,0.000,0.000,0.003,0.000,0.000,0.007,0.003,0.013,0.000,0.488,0.488,0.703
1780271186717,0.000,0.003,0.000,0.003,0.000,0.000,0.003,0.003,0.012,0.000,0.480,0.480,0.727
1780271186754,0.000,0.000,0.000,0.003,0.000,0.000,0.007,0.000,0.010,0.000,0.472,0.472,0.727
1780271186783,0.000,0.000,0.000,0.003,0.000,0.000,0.003,0.000,0.006,0.000,0.496,0.496,0.727
1780271186821,0.000,0.003,0.000,0.000,0.000,0.003,0.003,0.003,0.012,0.000,0.496,0.496,0.727
1780271186851,0.000,0.003,0.003,0.003,0.000,0.000,0.003,0.000,0.012,0.000,0.472,0.472,0.752
1780271186917,0.003,0.000,0.000,0.003,0.000,0.000,0.003,0.000,0.009,0.000,0.472,0.472,0.752
1780271186942,0.003,0.000,0.000,0.003,0.000,0.003,0.003,0.000,0.012,0.000,0.488,0.488,0.727
1780271186983,0.003,0.000,0.000,0.003,0.000,0.000,0.003,0.000,0.009,0.000,0.480,0.480,0.752
1780271187013,0.000,0.000,0.000,0.003,0.000,0.000,0.003,0.003,0.009,0.000,0.463,0.463,0.752
1780271187056,0.000,0.000,0.000,0.000,0.000,0.000,0.000,0.000,0.000,0.000,0.496,0.496,0.752
1780271187087,0.003,0.000,0.000,0.003,0.000,0.000,0.003,0.000,0.009,0.000,0.480,0.480,0.752
1780271187124,0.003,0.000,0.003,0.003,0.000,0.003,0.003,0.000,0.015,0.000,0.480,0.480,0.752
1780271187156,0.000,0.000,0.000,0.003,0.000,0.000,0.000,0.000,0.003,0.000,0.480,0.480,0.727
1780271187194,0.003,0.000,0.003,0.003,0.000,0.000,0.007,0.000,0.016,0.000,0.488,0.488,0.727
1780271187220,0.003,0.000,0.000,0.003,0.000,0.000,0.003,0.000,0.009,0.000,0.496,0.496,0.727
1780271187256,0.000,0.000,0.003,0.003,0.000,0.000,0.000,0.003,0.009,0.000,0.480,0.480,0.703
1780271187288,0.000,0.003,0.000,0.003,0.000,0.000,0.000,0.000,0.006,0.000,0.488,0.488,0.727
1780271187320,0.003,0.000,0.003,0.003,0.000,0.000,0.000,0.000,0.009,0.000,0.496,0.496,0.727
1780271187353,0.000,0.000,0.000,0.003,0.000,0.003,0.003,0.000,0.009,0.000,0.480,0.480,0.727
1780271187399,0.003,0.000,0.000,0.000,0.000,0.000,0.003,0.003,0.009,0.000,0.480,0.480,0.752
1780271187454,0.003,0.000,0.003,0.003,0.000,0.000,0.000,0.000,0.009,0.000,0.480,0.480,0.752
1780271187485,0.000,0.000,0.000,0.003,0.000,0.000,0.003,0.000,0.006,0.000,0.480,0.480,0.752
1780271187518,0.000,0.003,0.000,0.003,0.000,0.000,0.003,0.003,0.012,0.000,0.496,0.496,0.752
1780271187561,0.000,0.000,0.000,0.003,0.000,0.000,0.003,0.003,0.009,0.000,0.488,0.488,0.776
1780271187592,0.000,0.000,0.000,0.003,0.000,0.000,0.000,0.000,0.003,0.000,0.480,0.480,0.727
1780271187623,0.003,0.000,0.000,0.003,0.000,0.003,0.000,0.000,0.009,0.000,0.496,0.496,0.727
1780271187657,0.000,0.000,0.000,0.003,0.003,0.000,0.003,0.000,0.009,0.000,0.480,0.480,0.752
1780271187694,0.000,0.000,0.000,0.003,0.000,0.003,0.003,0.000,0.009,0.000,0.488,0.488,0.703
1780271187747,0.000,0.000,0.000,0.000,0.003,0.000,0.003,0.000,0.006,0.000,0.480,0.480,0.727
1780271187788,0.000,0.000,0.003,0.003,0.003,0.003,0.000,0.003,0.015,0.000,0.512,0.512,0.727
1780271187836,0.000,0.000,0.000,0.003,0.000,0.000,0.003,0.000,0.006,0.000,0.520,0.520,0.752
1780271187860,0.010,0.000,0.000,0.000,0.000,0.000,0.003,0.000,0.013,0.000,0.496,0.496,0.752
1780271187897,0.000,0.000,0.000,0.003,0.000,0.003,0.000,0.003,0.009,0.000,0.504,0.504,0.752
1780271187920,0.003,0.000,0.003,0.003,0.000,0.000,0.003,0.003,0.015,0.000,0.488,0.488,0.776
1780271187982,0.000,0.000,0.000,0.000,0.000,0.000,0.003,0.000,0.003,0.000,0.496,0.496,0.752
1780271188020,0.000,0.000,0.000,0.003,0.000,0.000,0.003,0.000,0.006,0.000,0.520,0.520,0.752
1780271188063,0.000,0.000,0.000,0.003,0.000,0.000,0.003,0.003,0.009,0.000,0.512,0.512,0.752
1780271188091,0.003,0.000,0.000,0.003,0.000,0.000,0.003,0.000,0.009,0.000,0.488,0.488,0.752
1780271188130,0.003,0.000,0.000,0.003,0.000,0.000,0.003,0.000,0.009,0.000,0.480,0.480,0.727
1780271188160,0.003,0.003,0.000,0.003,0.000,0.000,0.000,0.003,0.012,0.000,0.472,0.472,0.727
1780271188197,0.003,0.000,0.000,0.003,0.000,0.000,0.003,0.003,0.012,0.000,0.480,0.480,0.727
1780271188229,0.000,0.000,0.000,0.003,0.000,0.000,0.007,0.000,0.010,0.000,0.472,0.472,0.727
1780271188277,0.000,0.000,0.000,0.003,0.000,0.003,0.003,0.000,0.009,0.000,0.488,0.488,0.752
1780271188304,0.003,0.000,0.000,0.003,0.000,0.000,0.000,0.000,0.006,0.000,0.504,0.504,0.752
1780271188338,0.000,0.000,0.003,0.003,0.000,0.000,0.003,0.000,0.009,0.000,0.496,0.496,0.752
1780271188365,0.003,0.000,0.000,0.000,0.000,0.000,0.003,0.000,0.006,0.000,0.480,0.480,0.776
1780271188416,0.000,0.000,0.003,0.003,0.000,0.000,0.003,0.007,0.016,0.000,0.480,0.480,0.703
1780271188444,0.003,0.000,0.000,0.003,0.000,0.000,0.007,0.000,0.013,0.000,0.472,0.472,0.727
1780271188511,0.003,0.000,0.000,0.003,0.000,0.000,0.000,0.000,0.006,0.000,0.472,0.472,0.703
1780271188569,0.000,0.000,0.000,0.003,0.003,0.000,0.003,0.000,0.009,0.000,0.496,0.496,0.752
1780271188599,0.003,0.000,0.000,0.003,0.003,0.000,0.000,0.000,0.009,0.000,0.480,0.480,0.752
1780271188631,0.003,0.000,0.003,0.003,0.000,0.000,0.007,0.003,0.019,0.000,0.488,0.488,0.752
1780271188657,0.003,0.000,0.000,0.003,0.000,0.000,0.003,0.000,0.009,0.000,0.496,0.496,0.752
1780271188690,0.000,0.000,0.000,0.003,0.000,0.000,0.003,0.000,0.006,0.000,0.480,0.480,0.752
1780271188720,0.000,0.000,0.003,0.000,0.003,0.000,0.003,0.000,0.009,0.000,0.488,0.488,0.727
1780271188757,0.007,0.000,0.000,0.000,0.000,0.000,0.003,0.000,0.010,0.000,0.480,0.480,0.752
1780271188791,0.000,0.000,0.003,0.003,0.000,0.000,0.003,0.003,0.012,0.000,0.504,0.504,0.727
1780271188822,0.000,0.000,0.003,0.003,0.000,0.000,0.003,0.003,0.012,0.000,0.496,0.496,0.752
1780271188851,0.000,0.000,0.000,0.003,0.000,0.000,0.003,0.000,0.006,0.000,0.488,0.488,0.727
1780271188881,0.000,0.003,0.000,0.003,0.000,0.000,0.003,0.003,0.012,0.000,0.496,0.496,0.752
1780271188917,0.000,0.000,0.000,0.003,0.000,0.000,0.007,0.000,0.010,0.000,0.472,0.472,0.727
1780271188949,0.003,0.000,0.003,0.000,0.000,0.000,0.007,0.003,0.016,0.000,0.472,0.472,0.727
1780271189020,0.003,0.000,0.000,0.003,0.000,0.000,0.007,0.003,0.016,0.000,0.480,0.480,0.727
1780271189068,0.000,0.000,0.003,0.007,0.000,0.000,0.007,0.003,0.020,0.000,0.504,0.504,0.776
1780271189092,0.003,0.000,0.003,0.003,0.000,0.000,0.003,0.000,0.012,0.000,0.504,0.504,0.752
1780271189125,0.000,0.000,0.000,0.003,0.003,0.000,0.003,0.000,0.009,0.000,0.496,0.496,0.752
1780271189152,0.003,0.000,0.003,0.003,0.000,0.000,0.003,0.003,0.015,0.000,0.496,0.496,0.727
1780271189183,0.000,0.000,0.000,0.003,0.000,0.000,0.000,0.003,0.006,0.000,0.488,0.488,0.752
1780271189212,0.000,0.000,0.003,0.003,0.000,0.000,0.003,0.000,0.009,0.000,0.480,0.480,0.727
1780271189243,0.000,0.000,0.000,0.003,0.000,0.000,0.003,0.003,0.009,0.000,0.480,0.480,0.727
1780271189281,0.003,0.000,0.000,0.003,0.000,0.003,0.003,0.000,0.012,0.000,0.488,0.488,0.752
1780271189329,0.003,0.000,0.000,0.003,0.000,0.000,0.003,0.000,0.009,0.000,0.496,0.496,0.776
1780271189356,0.003,0.000,0.003,0.003,0.003,0.000,0.007,0.000,0.019,0.000,0.488,0.488,0.824
1780271189391,0.000,0.000,0.000,0.003,0.000,0.000,0.003,0.003,0.009,0.000,0.480,0.480,0.727
1780271189430,0.000,0.000,0.000,0.000,0.000,0.000,0.003,0.000,0.003,0.000,0.480,0.480,0.752
1780271189471,0.003,0.000,0.003,0.003,0.000,0.000,0.003,0.003,0.015,0.000,0.488,0.488,0.727
1780271189536,0.003,0.003,0.000,0.003,0.000,0.003,0.003,0.000,0.015,0.000,0.488,0.488,0.752
1780271189593,0.000,0.003,0.000,0.003,0.000,0.000,0.007,0.000,0.013,0.000,0.496,0.496,0.776
1780271189622,0.000,0.000,0.003,0.003,0.000,0.000,0.000,0.003,0.009,0.000,0.488,0.488,0.752
1780271189655,0.007,0.000,0.003,0.000,0.000,0.003,0.003,0.003,0.019,0.000,0.480,0.480,0.752
1780271189682,0.000,0.000,0.000,0.003,0.000,0.003,0.003,0.003,0.012,0.000,0.480,0.480,0.752
1780271189725,0.000,0.000,0.000,0.007,0.000,0.003,0.003,0.003,0.016,0.000,0.488,0.488,0.752
1780271189753,0.007,0.000,0.000,0.003,0.000,0.000,0.003,0.000,0.013,0.000,0.480,0.480,0.727
1780271189792,0.003,0.003,0.000,0.003,0.000,0.000,0.003,0.003,0.015,0.000,0.496,0.496,0.727
1780271189822,0.000,0.000,0.000,0.000,0.000,0.000,0.000,0.003,0.003,0.000,0.480,0.480,0.776
1780271189858,0.000,0.000,0.003,0.003,0.000,0.000,0.003,0.000,0.009,0.000,0.488,0.488,0.727
1780271189886,0.000,0.000,0.000,0.003,0.000,0.000,0.003,0.000,0.006,0.000,0.472,0.472,0.776
1780271189925,0.000,0.000,0.000,0.003,0.000,0.003,0.000,0.000,0.006,0.000,0.480,0.480,0.752
1780271189974,0.003,0.000,0.003,0.003,0.000,0.000,0.003,0.000,0.012,0.000,0.463,0.463,0.752
1780271190059,4.126,3.998,4.107,4.005,0.000,0.003,0.007,0.000,16.246,0.000,8.774,8.774,8.509
1780271190118,4.162,4.308,4.778,4.778,0.000,0.000,0.000,0.000,18.026,0.000,15.588,15.588,14.352
1780271190151,3.659,3.666,4.282,4.326,0.000,0.000,0.003,0.003,15.939,0.000,13.724,13.724,14.570
1780271190195,1.326,1.468,2.044,2.351,0.000,0.000,0.003,0.000,7.192,0.000,6.194,6.194,11.200
1780271190229,0.532,0.583,0.546,0.732,0.000,0.000,0.003,0.003,2.399,0.000,2.376,2.376,2.109
1780271190267,0.061,0.065,0.112,0.134,0.000,0.000,0.000,0.007,0.379,0.000,1.009,1.009,0.824
1780271190302,0.018,0.007,0.018,0.018,0.000,0.000,0.003,0.003,0.067,0.000,0.691,0.691,0.703
1780271190346,0.007,0.003,0.007,0.007,0.000,0.000,0.003,0.003,0.030,0.000,0.537,0.537,0.752
1780271190379,0.291,0.200,0.521,0.579,0.000,0.000,0.007,0.000,1.598,0.000,0.854,0.854,0.824
1780271190414,3.007,3.007,2.416,2.824,0.000,0.000,0.003,0.000,11.257,0.000,9.190,9.190,0.339
1780271190441,4.435,4.592,4.993,5.507,0.000,0.000,0.003,0.003,19.533,0.000,14.285,14.285,14.230
1780271190485,4.723,4.651,5.135,5.263,0.000,0.000,0.000,0.003,19.775,0.000,17.427,17.427,15.491
1780271190525,3.969,3.874,4.567,4.621,0.000,0.000,0.000,0.003,17.034,0.000,16.214,16.214,15.370
1780271190574,3.069,3.065,3.783,4.253,0.000,0.000,0.000,0.000,14.170,0.000,13.968,13.968,13.018
1780271190629,0.903,0.718,1.166,1.479,0.000,0.000,0.003,0.003,4.272,0.000,4.542,4.542,4.994
1780271190668,0.247,0.291,0.437,0.681,0.000,0.000,0.003,0.003,1.662,0.000,1.766,1.766,1.939
1780271190703,0.032,0.032,0.058,0.076,0.003,0.000,0.000,0.000,0.201,0.000,0.976,0.976,0.824
1780271190732,0.014,0.010,0.018,0.014,0.000,0.000,0.003,0.003,0.062,0.000,0.683,0.683,0.703
1780271190778,0.007,0.003,0.007,0.007,0.000,0.003,0.003,0.000,0.030,0.000,0.561,0.561,0.776
1780271190812,0.003,0.000,0.003,0.007,0.003,0.000,0.003,0.000,0.019,0.000,0.545,0.545,0.873
1780271190857,0.000,0.003,0.003,0.007,4.691,4.031,0.007,0.014,8.756,0.000,0.545,0.545,6.352
1780271190884,0.003,0.000,0.000,0.003,4.822,4.064,0.003,0.007,8.902,0.000,0.537,0.537,9.842
1780271190949,0.003,0.003,0.000,0.003,3.014,2.824,0.007,0.007,5.861,0.000,0.537,0.537,7.370
1780271190982,0.000,0.000,0.003,0.003,2.485,2.482,0.003,0.003,4.979,0.000,0.537,0.537,5.600
1780271191011,0.000,0.000,0.000,0.003,2.052,2.044,0.003,0.003,4.105,0.000,0.553,0.553,4.727
1780271191045,0.003,0.000,0.000,0.003,1.862,1.735,0.003,0.003,3.609,0.000,0.553,0.553,4.121
1780271191090,0.003,0.000,0.000,0.003,1.643,1.658,0.000,0.003,3.310,0.000,0.537,0.537,4.048
1780271191123,0.003,0.000,0.000,0.003,1.570,1.487,0.003,0.003,3.069,0.000,0.512,0.512,3.685
1780271191154,0.000,0.000,0.000,0.007,1.465,1.417,0.007,0.007,2.903,0.000,0.504,0.504,3.661
1780271191222,0.000,0.000,0.000,0.000,0.415,0.532,0.003,0.000,0.950,0.000,0.480,0.480,1.673
1780271191248,0.000,0.003,0.000,0.000,0.087,0.112,0.003,0.000,0.205,0.000,0.480,0.480,0.752
1780271191285,0.000,0.003,0.000,0.003,0.010,0.018,0.003,0.000,0.037,0.000,0.496,0.496,0.679
1780271191316,0.003,0.000,0.000,0.003,0.003,0.007,0.003,0.000,0.019,0.000,0.496,0.496,0.727
1780271191353,0.003,0.000,0.000,0.003,0.003,0.003,0.003,0.000,0.015,0.000,0.488,0.488,0.727
1780271191383,0.000,0.000,0.003,0.003,0.003,0.003,0.003,0.000,0.015,0.000,0.496,0.496,0.727
1780271191414,0.003,0.000,0.003,0.003,0.000,0.000,0.003,0.000,0.012,0.000,0.488,0.488,0.727
1780271191447,0.003,0.000,0.003,0.003,0.003,0.000,0.003,0.000,0.015,0.000,0.480,0.480,0.679
1780271191485,0.000,0.000,0.000,0.003,0.000,0.003,0.000,0.003,0.009,0.000,0.496,0.496,0.727
1780271191519,0.000,0.003,0.000,0.003,0.003,0.000,0.003,0.000,0.012,0.000,0.496,0.496,0.752
1780271191565,0.003,0.000,0.003,0.003,0.000,0.003,0.003,0.000,0.015,0.000,0.480,0.480,0.703
1780271191632,0.000,0.000,0.003,0.003,0.003,0.000,0.003,0.003,0.015,0.000,0.504,0.504,0.679
1780271191666,0.003,0.000,0.000,0.007,0.003,0.003,0.003,0.003,0.022,0.000,0.488,0.488,0.727
1780271191734,0.003,0.000,0.000,0.003,0.000,0.000,0.003,0.003,0.012,0.000,0.472,0.472,0.703
1780271191772,0.003,0.000,0.003,0.003,0.000,0.000,0.003,0.000,0.012,0.000,0.472,0.472,0.703
1780271191812,0.000,0.003,0.000,0.003,0.000,0.000,0.003,0.000,0.009,0.000,0.472,0.472,0.703
1780271191845,0.003,0.000,0.000,0.003,0.000,0.003,0.003,0.000,0.012,0.000,0.488,0.488,0.703
1780271191882,0.003,0.003,0.000,0.003,0.000,0.003,0.003,0.000,0.015,0.000,0.496,0.496,0.727
1780271191921,0.003,0.000,0.000,0.003,0.000,0.000,0.003,0.003,0.012,0.000,0.488,0.488,0.703
1780271191956,0.000,0.000,0.003,0.003,0.000,0.000,0.003,0.003,0.012,0.000,0.480,0.480,0.703
1780271191986,0.000,0.000,0.000,0.003,0.000,0.000,0.003,0.003,0.009,0.000,0.480,0.480,0.727
1780271192020,0.003,0.000,0.000,0.003,0.003,0.000,0.003,0.000,0.012,0.000,0.480,0.480,0.703
1780271192055,0.000,0.000,0.003,0.003,0.000,0.000,0.003,0.003,0.012,0.000,0.504,0.504,0.679
1780271192091,0.003,0.000,0.000,0.003,0.000,0.000,0.003,0.000,0.009,0.000,0.504,0.504,0.752
1780271192130,0.000,0.000,0.000,0.003,0.000,0.000,0.003,0.003,0.009,0.000,0.496,0.496,0.752
1780271192163,0.000,0.000,0.000,0.003,0.003,0.000,0.003,0.000,0.009,0.000,0.504,0.504,0.703
1780271192203,0.000,0.000,0.003,0.003,0.000,0.000,0.000,0.000,0.006,0.000,0.488,0.488,0.727
1780271192269,0.000,0.000,0.003,0.003,0.000,0.000,0.003,0.000,0.009,0.000,0.480,0.480,0.703
1780271192300,0.000,0.000,0.000,0.003,0.003,0.000,0.000,0.003,0.009,0.000,0.488,0.488,0.727
1780271192347,0.000,0.003,0.000,0.003,0.000,0.000,0.007,0.000,0.013,0.000,0.496,0.496,0.727
1780271192377,0.003,0.000,0.000,0.003,0.003,0.000,0.000,0.000,0.009,0.000,0.480,0.480,0.752
1780271192407,0.003,0.000,0.000,0.003,0.000,0.003,0.003,0.003,0.015,0.000,0.472,0.472,0.703
1780271192437,0.000,0.000,0.000,0.003,0.000,0.000,0.003,0.000,0.006,0.000,0.488,0.488,0.703
1780271192473,0.000,0.000,0.003,0.000,0.000,0.000,0.003,0.003,0.009,0.000,0.488,0.488,0.727
1780271192499,0.003,0.000,0.000,0.003,0.000,0.000,0.000,0.000,0.006,0.000,0.488,0.488,0.703
1780271192531,0.000,0.003,0.003,0.003,0.000,0.000,0.000,0.003,0.012,0.000,0.488,0.488,0.727
1780271192559,0.003,0.000,0.000,0.007,0.000,0.003,0.003,0.003,0.019,0.000,0.504,0.504,0.703
1780271192599,0.000,0.000,0.000,0.003,0.000,0.000,0.003,0.000,0.006,0.000,0.488,0.488,0.727
1780271192642,0.007,0.000,0.000,0.003,0.003,0.000,0.003,0.000,0.016,0.000,0.488,0.488,0.703
1780271192673,0.000,0.000,0.000,0.003,0.003,0.000,0.000,0.003,0.009,0.000,0.480,0.480,0.703
1780271192707,0.000,0.000,0.000,0.000,0.000,0.000,0.003,0.000,0.003,0.000,0.480,0.480,0.703
1780271192778,0.003,0.000,0.000,0.003,0.000,0.000,0.003,0.000,0.009,0.000,0.496,0.496,0.703
1780271192807,0.000,0.003,0.000,0.003,0.000,0.003,0.003,0.000,0.012,0.000,0.480,0.480,0.727
1780271192844,0.000,0.000,0.000,0.003,0.000,0.000,0.003,0.000,0.006,0.000,0.504,0.504,0.703
1780271192870,0.000,0.000,0.000,0.000,0.000,0.003,0.003,0.003,0.009,0.000,0.496,0.496,0.727
1780271192915,0.000,0.000,0.000,0.003,0.003,0.000,0.003,0.003,0.012,0.000,0.488,0.488,0.703
1780271192949,0.003,0.003,0.003,0.003,0.000,0.003,0.003,0.000,0.018,0.000,0.480,0.480,0.679
1780271192981,0.000,0.003,0.000,0.003,0.000,0.000,0.003,0.000,0.009,0.000,0.480,0.480,0.679
1780271193010,0.000,0.000,0.000,0.003,0.000,0.000,0.000,0.000,0.003,0.000,0.480,0.480,0.727
1780271193046,0.003,0.000,0.003,0.003,0.000,0.000,0.003,0.000,0.012,0.000,0.480,0.480,0.727
1780271193073,0.000,0.003,0.000,0.003,0.000,0.000,0.003,0.000,0.009,0.000,0.480,0.480,0.703
1780271193109,0.000,0.003,0.000,0.007,0.000,0.000,0.003,0.003,0.016,0.000,0.496,0.496,0.727
1780271193153,0.000,0.000,0.000,0.003,0.000,0.000,0.003,0.000,0.006,0.000,0.504,0.504,0.727
1780271193190,0.000,0.000,0.003,0.003,0.000,0.000,0.000,0.003,0.009,0.000,0.480,0.480,0.727
1780271193222,0.007,0.000,0.000,0.000,0.000,0.000,0.003,0.003,0.013,0.000,0.480,0.480,0.727
1780271193284,0.003,0.003,0.000,0.007,0.000,0.000,0.000,0.000,0.013,0.000,0.480,0.480,0.727
1780271193320,0.003,0.000,0.000,0.003,0.000,0.000,0.003,0.003,0.012,0.000,0.496,0.496,0.703
1780271193355,0.000,0.000,0.000,0.003,0.000,0.000,0.003,0.000,0.006,0.000,0.496,0.496,0.727
1780271193380,0.003,0.000,0.000,0.003,0.003,0.003,0.003,0.000,0.015,0.000,0.480,0.480,0.703
1780271193412,0.003,0.000,0.003,0.003,0.000,0.003,0.003,0.003,0.018,0.000,0.488,0.488,0.727
1780271193441,0.003,0.000,0.000,0.003,0.000,0.000,0.003,0.003,0.012,0.000,0.496,0.496,0.727
1780271193477,0.000,0.000,0.000,0.003,0.000,0.003,0.003,0.000,0.009,0.000,0.480,0.480,0.703
1780271193503,0.000,0.000,0.000,0.000,0.000,0.000,0.003,0.000,0.003,0.000,0.488,0.488,0.727
1780271193537,0.003,0.000,0.003,0.003,0.000,0.000,0.003,0.000,0.012,0.000,0.480,0.480,0.703
1780271193572,0.007,0.000,0.000,0.003,0.003,0.000,0.000,0.000,0.013,0.000,0.488,0.488,0.727
1780271193611,0.000,0.000,0.000,0.003,0.000,0.000,0.003,0.000,0.006,0.000,0.488,0.488,0.727
1780271193668,0.007,0.000,0.000,0.003,0.000,0.003,0.003,0.000,0.016,0.000,0.480,0.480,0.752
1780271193700,0.000,0.000,0.000,0.000,0.000,0.000,0.000,0.000,0.000,0.000,0.480,0.480,0.727
1780271193738,0.000,0.000,0.000,0.003,0.000,0.000,0.000,0.000,0.003,0.000,0.488,0.488,0.703
1780271193800,0.000,0.000,0.000,0.003,0.000,0.000,0.000,0.000,0.003,0.000,0.480,0.480,0.703
1780271193844,0.003,0.000,0.000,0.000,0.000,0.000,0.003,0.000,0.006,0.000,0.496,0.496,0.727
1780271193880,0.000,0.000,0.000,0.003,0.000,0.000,0.003,0.000,0.006,0.000,0.537,0.537,0.752
1780271193904,0.003,0.000,0.003,0.003,0.000,0.000,0.000,0.007,0.016,0.000,0.520,0.520,0.776
1780271193932,0.003,0.000,0.000,0.003,0.000,0.000,0.003,0.000,0.009,0.000,0.504,0.504,0.703
1780271193983,0.003,0.000,0.003,0.003,0.000,0.003,0.000,0.000,0.012,0.000,0.480,0.480,0.703
1780271194020,0.000,0.003,0.000,0.000,0.000,0.000,0.003,0.003,0.009,0.000,0.480,0.480,0.752
1780271194053,0.003,0.000,0.000,0.003,0.000,0.000,0.003,0.000,0.009,0.000,0.480,0.480,0.727
1780271194086,0.000,0.003,0.000,0.003,0.000,0.003,0.000,0.000,0.009,0.000,0.504,0.504,0.727
1780271194134,0.003,0.000,0.000,0.003,0.000,0.003,0.003,0.000,0.012,0.000,0.488,0.488,0.703
1780271194185,0.003,0.000,0.000,0.003,0.000,0.000,0.000,0.003,0.009,0.000,0.488,0.488,0.727
1780271194217,0.000,0.000,0.003,0.003,0.000,0.000,0.003,0.000,0.009,0.000,0.480,0.480,0.703
1780271194280,0.000,0.000,0.000,0.003,0.003,0.003,0.000,0.003,0.012,0.000,0.480,0.480,0.727
1780271194363,0.000,0.000,0.003,0.003,0.000,0.003,0.003,0.003,0.015,0.000,0.496,0.496,0.703
1780271194410,0.000,0.000,0.000,0.003,0.000,0.000,0.003,0.000,0.006,0.000,0.480,0.480,0.703
1780271194438,0.003,0.000,0.003,0.003,0.000,0.000,0.007,0.003,0.019,0.000,0.472,0.472,0.727
1780271194468,0.000,0.000,0.000,0.003,0.000,0.000,0.003,0.000,0.006,0.000,0.496,0.496,0.703
1780271194499,0.000,0.000,0.000,0.003,0.000,0.000,0.000,0.000,0.003,0.000,0.480,0.480,0.752
1780271194548,0.007,0.000,0.000,0.003,0.000,0.000,0.000,0.000,0.010,0.000,0.488,0.488,0.727
1780271194574,0.000,0.003,0.000,0.003,0.000,0.000,0.003,0.000,0.009,0.000,0.488,0.488,0.703
1780271194607,0.000,0.000,0.003,0.003,0.000,0.000,0.003,0.000,0.009,0.000,0.496,0.496,0.703
1780271194634,0.000,0.003,0.000,0.003,0.000,0.000,0.003,0.003,0.012,0.000,0.496,0.496,0.727
1780271194676,0.000,0.003,0.000,0.003,0.000,0.000,0.003,0.000,0.009,0.000,0.480,0.480,0.703
1780271194728,0.000,0.000,0.003,0.003,0.000,0.000,0.003,0.000,0.009,0.000,0.472,0.472,0.727
1780271194762,0.003,0.000,0.000,0.003,0.000,0.000,0.003,0.000,0.009,0.000,0.488,0.488,0.727
1780271194810,0.003,0.000,0.000,0.000,0.000,0.000,0.003,0.003,0.009,0.000,0.488,0.488,0.679
1780271194880,0.000,0.003,0.000,0.003,0.000,0.000,0.003,0.003,0.012,0.000,0.488,0.488,0.727
1780271194908,0.000,0.000,0.000,0.003,0.000,0.000,0.003,0.000,0.006,0.000,0.472,0.472,0.703
1780271194955,0.000,0.000,0.000,0.003,0.000,0.003,0.003,0.000,0.009,0.000,0.472,0.472,0.703
1780271194984,0.003,0.000,0.000,0.003,0.000,0.000,0.003,0.000,0.009,0.000,0.480,0.480,0.679
1780271195023,0.003,0.000,0.000,0.007,0.000,0.000,0.003,0.000,0.013,0.000,0.488,0.488,0.703
1780271195056,0.003,0.000,0.000,0.000,0.000,0.003,0.003,0.000,0.009,0.000,0.480,0.480,0.703
1780271195101,0.003,0.000,0.000,0.003,0.000,0.000,0.007,0.000,0.013,0.000,0.480,0.480,0.727
1780271195133,0.003,0.000,0.007,0.003,0.000,0.000,0.003,0.000,0.016,0.000,0.496,0.496,0.727
1780271195166,0.000,0.000,0.000,0.003,0.000,0.000,0.003,0.003,0.009,0.000,0.480,0.480,0.727
1780271195196,0.003,0.000,0.000,0.000,0.000,0.000,0.003,0.000,0.006,0.000,0.472,0.472,0.727
1780271195260,0.000,0.000,0.003,0.003,0.000,0.000,0.000,0.003,0.009,0.000,0.488,0.488,0.703
1780271195289,0.000,0.000,0.000,0.007,0.000,0.000,0.003,0.003,0.013,0.000,0.480,0.480,0.727
1780271195322,0.000,0.000,0.003,0.000,0.000,0.000,0.003,0.000,0.006,0.000,0.488,0.488,0.703
1780271195398,0.000,0.000,0.000,0.007,0.003,0.000,0.003,0.000,0.013,0.000,0.504,0.504,0.727
1780271195425,0.000,0.000,0.003,0.000,0.000,0.000,0.003,0.000,0.006,0.000,0.496,0.496,0.752
1780271195458,0.000,0.003,0.000,0.003,0.000,0.000,0.003,0.000,0.009,0.000,0.488,0.488,0.703
1780271195484,0.000,0.000,0.000,0.003,0.000,0.000,0.000,0.000,0.003,0.000,0.496,0.496,0.727
1780271195527,0.003,0.000,0.003,0.003,0.000,0.000,0.003,0.007,0.019,0.000,0.512,0.512,0.752
1780271195554,0.000,0.000,0.003,0.003,0.003,0.003,0.003,0.000,0.015,0.000,0.512,0.512,0.727
1780271195582,0.000,0.000,0.000,0.003,0.000,0.003,0.000,0.000,0.006,0.000,0.520,0.520,0.752
1780271195608,0.003,0.000,0.000,0.003,0.000,0.000,0.003,0.000,0.009,0.000,0.520,0.520,0.727
1780271195638,0.003,0.003,0.000,0.003,0.000,0.000,0.003,0.003,0.015,0.000,0.504,0.504,0.752
1780271195674,0.000,0.000,0.000,0.007,0.000,0.000,0.003,0.003,0.013,0.000,0.488,0.488,0.703
1780271195706,0.003,0.000,0.003,0.003,0.000,0.000,0.003,0.000,0.012,0.000,0.480,0.480,0.727
1780271195759,0.003,0.000,0.000,0.003,0.000,0.000,0.003,0.003,0.012,0.000,0.472,0.472,0.752
1780271195791,0.000,0.003,0.000,0.003,0.000,0.003,0.003,0.000,0.012,0.000,0.472,0.472,0.703
1780271195842,0.000,0.000,0.000,0.007,0.000,0.000,0.003,0.003,0.013,0.000,0.480,0.480,0.703
1780271195916,0.000,0.000,0.000,0.003,0.000,0.000,0.007,0.000,0.010,0.000,0.488,0.488,0.703
1780271195946,0.000,0.000,0.000,0.003,0.003,0.000,0.003,0.003,0.012,0.000,0.480,0.480,0.703
1780271195996,0.000,0.000,0.000,0.003,0.000,0.000,0.003,0.000,0.006,0.000,0.472,0.472,0.727
1780271196029,0.000,0.003,0.000,0.000,0.003,0.000,0.000,0.003,0.009,0.000,0.472,0.472,0.727
1780271196073,0.003,0.000,0.000,0.003,0.000,0.000,0.000,0.003,0.009,0.000,0.480,0.480,0.703
1780271196103,0.000,0.000,0.000,0.000,0.003,0.000,0.003,0.003,0.009,0.000,0.480,0.480,0.679
1780271196151,0.003,0.000,0.000,0.007,0.000,0.000,0.003,0.003,0.016,0.000,0.480,0.480,0.752
1780271196184,0.003,0.003,0.000,0.003,0.000,0.000,0.000,0.003,0.012,0.000,0.488,0.488,0.727
1780271196218,0.000,0.000,0.000,0.000,0.000,0.000,0.003,0.003,0.006,0.000,0.480,0.480,0.703
1780271196274,0.003,0.000,0.000,0.003,0.000,0.000,0.003,0.000,0.009,0.000,0.472,0.472,0.703
1780271196313,0.003,0.000,0.000,0.003,0.000,0.000,0.007,0.003,0.016,0.000,0.488,0.488,0.703
1780271196352,0.003,0.000,0.000,0.000,0.000,0.000,0.003,0.000,0.006,0.000,0.504,0.504,0.703
1780271196417,0.007,0.000,0.000,0.003,0.000,0.000,0.003,0.000,0.013,0.000,0.504,0.504,0.703
1780271196455,0.000,0.000,0.000,0.003,0.000,0.000,0.003,0.000,0.006,0.000,0.472,0.472,0.727
1780271196490,0.000,0.000,0.000,0.007,0.000,0.003,0.000,0.000,0.010,0.000,0.480,0.480,0.679
1780271196526,0.003,0.003,0.000,0.003,0.000,0.000,0.003,0.000,0.012,0.000,0.472,0.472,0.703
1780271196565,0.000,0.003,0.003,0.003,0.000,0.000,0.003,0.000,0.012,0.000,0.472,0.472,0.703
1780271196620,0.003,0.000,0.000,0.003,0.003,0.000,0.003,0.003,0.015,0.000,0.488,0.488,0.703
1780271196652,0.003,0.000,0.000,0.003,0.000,0.003,0.003,0.000,0.012,0.000,0.504,0.504,0.703
1780271196683,0.003,0.000,0.000,0.003,0.000,0.003,0.003,0.000,0.012,0.000,0.496,0.496,0.752
1780271196710,0.003,0.000,0.000,0.003,0.000,0.003,0.003,0.000,0.012,0.000,0.472,0.472,0.703
1780271196750,0.000,0.000,0.000,0.003,0.000,0.000,0.003,0.003,0.009,0.000,0.480,0.480,0.752
1780271196806,0.000,0.000,0.000,0.003,0.000,0.000,0.003,0.000,0.006,0.000,0.488,0.488,0.727
1780271196834,0.003,0.000,0.000,0.000,0.000,0.000,0.003,0.003,0.009,0.000,0.512,0.512,0.703
1780271196880,0.003,0.000,0.003,0.003,0.000,0.000,0.003,0.000,0.012,0.000,0.520,0.520,0.776
1780271196938,0.003,0.000,0.000,0.007,0.003,0.000,0.003,0.000,0.016,0.000,0.496,0.496,0.727
1780271196963,0.000,0.000,0.007,0.003,0.000,0.000,0.003,0.000,0.013,0.000,0.496,0.496,0.727
1780271196995,0.000,0.000,0.000,0.003,0.000,0.000,0.007,0.000,0.010,0.000,0.480,0.480,0.727
1780271197028,0.000,0.000,0.000,0.003,0.000,0.003,0.000,0.000,0.006,0.000,0.496,0.496,0.727
1780271197064,0.003,0.000,0.000,0.003,0.000,0.000,0.003,0.000,0.009,0.000,0.480,0.480,0.727
1780271197089,0.000,0.000,0.000,0.003,0.000,0.000,0.003,0.000,0.006,0.000,0.472,0.472,0.727
1780271197129,0.003,0.000,0.003,0.003,0.000,0.000,0.000,0.003,0.012,0.000,0.504,0.504,0.703
1780271197161,0.000,0.000,0.000,0.003,0.000,0.000,0.003,0.000,0.006,0.000,0.504,0.504,0.727
1780271197190,0.000,0.000,0.003,0.003,0.000,0.000,0.003,0.000,0.009,0.000,0.488,0.488,0.727
1780271197216,0.000,0.000,0.000,0.003,0.000,0.000,0.007,0.003,0.013,0.000,0.496,0.496,0.703
1780271197247,0.000,0.003,0.000,0.003,0.000,0.000,0.000,0.003,0.009,0.000,0.480,0.480,0.727
1780271197272,0.007,0.000,0.000,0.003,0.000,0.003,0.003,0.000,0.016,0.000,0.488,0.488,0.703
1780271197337,0.357,0.357,0.386,0.583,0.000,0.003,0.003,0.000,1.689,0.000,0.757,0.757,0.945
1780271197376,4.169,3.087,3.619,2.726,0.000,0.000,0.003,0.000,13.604,0.000,16.239,16.239,1.236
1780271197407,5.059,5.657,6.138,6.057,0.000,0.000,0.003,0.000,22.914,0.000,20.073,20.073,19.976
1780271197458,4.024,4.669,5.121,5.168,0.000,0.000,0.003,0.000,18.985,0.000,18.233,18.233,17.309
1780271197491,3.502,3.911,4.585,4.643,0.000,0.000,0.003,0.000,16.644,0.000,16.320,16.320,14.667
1780271197531,3.065,3.284,3.954,3.958,0.000,0.000,0.000,0.000,14.261,0.000,14.220,14.220,13.067
1780271197566,2.525,2.952,3.648,3.703,0.000,0.000,0.003,0.000,12.831,0.000,12.551,12.551,11.491
1780271197600,2.201,2.620,3.218,3.134,0.000,0.000,0.003,0.000,11.176,0.000,11.314,11.314,10.473
1780271197651,1.818,2.248,2.609,2.875,0.000,0.000,0.003,0.000,9.553,0.000,9.914,9.914,8.994
1780271197678,1.640,2.030,2.624,2.868,0.000,0.000,0.003,0.000,9.165,0.000,9.401,9.401,8.315
1780271197711,1.570,1.771,2.617,2.617,0.000,0.000,0.003,0.003,8.581,0.000,8.897,8.897,8.000
1780271197746,0.820,1.213,1.581,1.159,0.000,0.000,0.003,0.003,4.779,0.000,4.151,4.151,5.527
1780271197798,3.448,7.789,2.048,0.083,0.000,0.000,0.007,0.003,13.378,0.000,9.743,9.743,8.339
1780271197851,1.665,7.417,2.792,0.010,0.003,0.000,0.003,0.000,11.890,0.000,10.093,10.093,9.576
1780271197885,0.907,5.106,3.976,0.007,0.000,0.000,0.003,0.000,9.999,0.000,9.051,9.051,8.509
1780271197925,3.021,4.443,4.261,0.043,0.000,0.000,0.003,0.000,11.771,0.000,10.752,10.752,7.976
1780271197980,2.580,6.725,3.553,2.591,0.000,0.000,0.000,0.000,15.449,0.000,12.714,12.714,12.194
1780271198011,3.827,4.217,4.589,3.794,0.000,0.000,0.003,0.000,16.430,0.000,15.669,15.669,10.376
1780271198049,5.883,5.113,3.218,4.454,0.000,0.000,0.000,0.000,18.668,0.000,16.882,16.882,16.388
1780271198096,3.480,5.011,2.259,5.347,0.000,0.000,0.003,0.000,16.100,0.000,14.993,14.993,13.455
1780271198133,3.922,3.014,1.458,5.609,0.000,0.003,0.000,0.003,14.009,0.000,13.097,13.097,12.945
1780271198171,5.460,1.465,0.382,4.632,0.000,0.003,0.003,0.000,11.945,0.000,11.322,11.322,10.255
1780271198206,5.780,0.878,0.473,4.155,0.000,0.000,0.003,0.000,11.289,0.000,10.956,10.956,9.067
1780271198246,5.008,2.474,1.877,4.556,0.000,0.000,0.003,0.000,13.918,0.000,13.691,13.691,10.667
1780271198284,3.827,3.870,4.169,4.206,0.000,0.000,0.000,0.000,16.072,0.000,15.490,15.490,13.018
1780271198316,3.488,4.261,4.275,4.002,0.000,0.000,0.000,0.000,16.026,0.000,15.612,15.612,14.133
1780271198388,3.236,2.310,2.646,4.100,0.000,0.000,0.000,0.000,12.292,0.000,10.858,10.858,9.479
1780271198427,1.596,1.385,1.414,2.872,0.000,0.000,0.003,0.000,7.270,0.000,4.517,4.517,9.139
1780271198460,0.324,0.160,0.160,0.302,0.000,0.000,0.003,0.003,0.952,0.000,2.091,2.091,1.261
1780271198522,0.014,0.010,0.010,0.018,0.000,0.000,0.003,0.000,0.055,0.000,0.765,0.765,0.727
1780271198550,0.007,0.003,0.003,0.003,0.000,0.000,0.007,0.000,0.023,0.000,0.602,0.602,0.752
1780271198582,0.003,0.003,0.007,0.007,0.000,0.000,0.003,0.000,0.023,0.000,0.537,0.537,0.703
1780271198614,0.003,0.000,0.003,0.003,0.000,0.000,0.000,0.003,0.012,0.000,0.529,0.529,0.703
1780271198652,0.003,0.003,0.003,0.007,0.000,0.003,0.003,0.000,0.022,0.000,0.545,0.545,0.752
1780271198684,0.003,0.003,0.003,0.007,0.000,0.000,0.003,0.000,0.019,0.000,0.529,0.529,0.752
1780271198716,0.003,0.000,0.003,0.003,0.003,0.000,0.003,0.000,0.015,0.000,0.512,0.512,0.727
1780271198741,0.003,0.003,0.000,0.003,0.000,0.003,0.003,0.000,0.015,0.000,0.520,0.520,0.752
1780271198777,0.003,0.003,0.003,0.003,0.000,0.003,0.003,0.000,0.018,0.000,0.512,0.512,0.727
1780271198803,0.003,0.000,0.003,0.003,0.000,0.003,0.003,0.000,0.015,0.000,0.512,0.512,0.752
1780271198839,0.003,0.003,0.000,0.007,0.000,0.003,0.003,0.003,0.022,0.000,0.512,0.512,0.752
1780271198887,0.003,0.003,0.000,0.003,0.000,0.007,0.003,0.000,0.019,0.000,0.529,0.529,0.752
1780271198914,0.003,0.000,0.000,0.000,0.000,0.003,0.003,0.003,0.012,0.000,0.520,0.520,0.776
1780271198959,0.003,0.000,0.003,0.007,0.000,0.003,0.003,0.000,0.019,0.000,0.529,0.529,0.727
1780271198984,0.000,0.000,0.000,0.003,0.000,0.000,0.003,0.000,0.006,0.000,0.520,0.520,0.776
1780271199036,0.003,0.000,0.000,0.007,0.000,0.000,0.003,0.000,0.013,0.000,0.520,0.520,0.727
1780271199070,0.003,0.000,0.000,0.003,0.000,0.000,0.003,0.000,0.009,0.000,0.529,0.529,0.752
1780271199107,0.000,0.000,0.000,0.003,0.000,0.000,0.003,0.000,0.006,0.000,0.520,0.520,0.752
1780271199144,0.003,0.000,0.003,0.007,0.000,0.000,0.003,0.000,0.016,0.000,0.520,0.520,0.752
1780271199179,0.000,0.000,0.000,0.003,0.000,0.000,0.007,0.000,0.010,0.000,0.529,0.529,0.752
1780271199213,0.000,0.000,0.003,0.000,0.000,0.000,0.003,0.000,0.006,0.000,0.512,0.512,0.727
1780271199244,0.000,0.003,0.000,0.007,0.000,0.000,0.000,0.003,0.013,0.000,0.512,0.512,0.727
1780271199272,0.000,0.000,0.003,0.003,0.000,0.000,0.000,0.000,0.006,0.000,0.512,0.512,0.727
1780271199309,0.000,0.000,0.003,0.003,0.003,0.000,0.003,0.000,0.012,0.000,0.504,0.504,0.727
1780271199343,0.000,0.000,0.000,0.003,0.000,0.000,0.007,0.003,0.013,0.000,0.504,0.504,0.703
1780271199405,0.000,0.000,0.000,0.003,0.003,0.003,0.007,0.000,0.016,0.000,0.512,0.512,0.752
1780271199438,0.000,0.000,0.003,0.003,0.000,0.000,0.003,0.007,0.016,0.000,0.520,0.520,0.752
1780271199494,0.000,0.000,0.000,0.003,0.000,0.000,0.000,0.000,0.003,0.000,0.504,0.504,0.703
1780271199551,0.003,0.000,0.000,0.003,0.000,0.000,0.000,0.003,0.009,0.000,0.504,0.504,0.752
1780271199583,0.000,0.000,0.000,0.003,0.000,0.000,0.003,0.003,0.009,0.000,0.504,0.504,0.752
1780271199624,0.000,0.000,0.000,0.003,0.000,0.000,0.000,0.000,0.003,0.000,0.488,0.488,0.727
1780271199657,0.003,0.000,0.000,0.003,0.000,0.000,0.003,0.000,0.009,0.000,0.512,0.512,0.703
1780271199687,0.000,0.000,0.000,0.003,0.000,0.000,0.003,0.000,0.006,0.000,0.512,0.512,0.752
1780271199717,0.000,0.000,0.000,0.000,0.003,0.000,0.003,0.003,0.009,0.000,0.504,0.504,0.727
1780271199756,0.003,0.000,0.000,0.003,0.000,0.000,0.003,0.000,0.009,0.000,0.504,0.504,0.752
1780271199783,0.003,0.000,0.000,0.003,0.000,0.000,0.003,0.000,0.009,0.000,0.504,0.504,0.727
1780271199820,0.003,0.003,0.003,0.007,0.003,0.000,0.003,0.000,0.022,0.000,0.504,0.504,0.727
1780271199852,0.000,0.000,0.003,0.003,0.000,0.003,0.003,0.003,0.015,0.000,0.504,0.504,0.727
1780271199928,0.000,0.000,0.000,0.003,0.000,0.000,0.000,0.000,0.003,0.000,0.504,0.504,0.727
1780271199959,0.000,0.000,0.000,0.003,0.000,0.003,0.003,0.003,0.012,0.000,0.504,0.504,0.727
1780271200010,0.000,0.000,0.000,0.003,0.000,0.003,0.003,0.000,0.009,0.000,0.504,0.504,0.752
1780271200081,0.000,0.000,0.003,0.003,0.000,0.000,0.003,0.000,0.009,0.000,0.496,0.496,0.727
1780271200116,0.000,0.000,0.003,0.003,0.003,0.000,0.003,0.000,0.012,0.000,0.496,0.496,0.727
1780271200160,0.000,0.000,0.007,0.003,0.000,0.000,0.003,0.000,0.013,0.000,0.512,0.512,0.703
1780271200214,0.003,0.000,0.003,0.003,0.000,0.000,0.000,0.000,0.009,0.000,0.512,0.512,0.752
1780271200247,0.000,0.000,0.003,0.003,0.003,0.000,0.003,0.000,0.012,0.000,0.537,0.537,0.727
1780271200279,0.000,0.000,0.003,0.003,0.003,0.000,0.003,0.003,0.015,0.000,0.561,0.561,0.776
1780271200302,0.000,0.000,0.000,0.003,0.000,0.000,0.003,0.000,0.006,0.000,0.537,0.537,0.824
1780271200335,0.000,0.000,0.000,0.003,0.003,0.000,0.003,0.000,0.009,0.000,0.529,0.529,0.727
1780271200360,0.003,0.000,0.003,0.000,0.000,0.000,0.003,0.000,0.009,0.000,0.512,0.512,0.727
1780271200414,0.003,0.000,0.003,0.003,0.000,0.000,0.007,0.000,0.016,0.000,0.529,0.529,0.703
1780271200440,0.000,0.000,0.000,0.003,0.000,0.000,0.003,0.000,0.006,0.000,0.520,0.520,0.752
1780271200477,0.000,0.000,0.000,0.003,0.000,0.000,0.003,0.000,0.006,0.000,0.512,0.512,0.727
1780271200516,0.000,0.000,0.003,0.000,0.000,0.000,0.000,0.003,0.006,0.000,0.496,0.496,0.727
1780271200565,0.003,0.000,0.003,0.003,0.000,0.000,0.000,0.000,0.009,0.000,0.504,0.504,0.752
1780271200595,0.003,0.000,0.000,0.003,0.000,0.000,0.003,0.003,0.012,0.000,0.512,0.512,0.727
1780271200630,0.000,0.003,0.003,0.007,0.000,0.000,0.000,0.003,0.016,0.000,0.512,0.512,0.727
1780271200657,0.000,0.000,0.003,0.003,0.000,0.000,0.003,0.000,0.009,0.000,0.512,0.512,0.703
1780271200689,0.003,0.000,0.000,0.003,0.000,0.000,0.003,0.003,0.012,0.000,0.512,0.512,0.727
1780271200727,0.000,0.003,0.000,0.003,0.003,0.003,0.003,0.000,0.015,0.000,0.496,0.496,0.727
1780271200763,0.003,0.000,0.003,0.003,0.000,0.000,0.003,0.003,0.015,0.000,0.504,0.504,0.752
1780271200793,0.000,0.000,0.000,0.003,0.000,0.000,0.003,0.000,0.006,0.000,0.488,0.488,0.727
1780271200832,0.000,0.000,0.000,0.003,0.000,0.000,0.003,0.000,0.006,0.000,0.496,0.496,0.727
1780271200866,0.003,0.000,0.000,0.003,0.000,0.000,0.003,0.000,0.009,0.000,0.496,0.496,0.727
1780271200922,0.003,0.000,0.000,0.003,0.000,0.000,0.003,0.003,0.012,0.000,0.512,0.512,0.727
1780271200950,0.000,0.003,0.000,0.003,0.000,0.003,0.003,0.000,0.012,0.000,0.512,0.512,0.752
1780271200982,0.003,0.000,0.000,0.003,0.000,0.000,0.000,0.000,0.006,0.000,0.504,0.504,0.752
1780271201043,0.003,0.000,0.000,0.003,0.000,0.000,0.000,0.003,0.009,0.000,0.512,0.512,0.727
1780271201100,0.003,0.003,0.003,0.003,0.000,0.000,0.003,0.003,0.018,0.000,0.496,0.496,0.727
1780271201134,0.000,0.000,0.000,0.003,0.000,0.000,0.007,0.000,0.010,0.000,0.488,0.488,0.703
1780271201177,0.000,0.000,0.000,0.003,0.003,0.000,0.007,0.000,0.013,0.000,0.512,0.512,0.727
1780271201210,0.000,0.003,0.000,0.003,0.000,0.000,0.003,0.003,0.012,0.000,0.512,0.512,0.727
1780271201249,0.000,0.003,0.000,0.003,0.000,0.000,0.003,0.000,0.009,0.000,0.504,0.504,0.727
1780271201279,0.003,0.000,0.003,0.003,0.000,0.000,0.003,0.003,0.015,0.000,0.512,0.512,0.727
1780271201313,0.000,0.003,0.000,0.003,0.003,0.000,0.003,0.003,0.015,0.000,0.504,0.504,0.727
1780271201345,0.000,0.000,0.000,0.003,0.000,0.000,0.000,0.000,0.003,0.000,0.496,0.496,0.703
1780271201379,0.003,0.000,0.000,0.003,0.000,0.000,0.003,0.000,0.009,0.000,0.504,0.504,0.727
1780271201438,0.003,0.000,0.000,0.003,0.000,0.000,0.003,0.000,0.009,0.000,0.520,0.520,0.727
1780271201487,0.000,0.000,0.000,0.003,0.000,0.000,0.000,0.003,0.006,0.000,0.512,0.512,0.727
1780271201528,0.000,0.000,0.000,0.000,0.003,0.000,0.003,0.000,0.006,0.000,0.488,0.488,0.727
1780271201568,0.000,0.000,0.003,0.003,0.000,0.000,0.000,0.000,0.006,0.000,0.496,0.496,0.727
1780271201637,0.000,0.000,0.000,0.003,0.000,0.000,0.003,0.000,0.006,0.000,0.512,0.512,0.703
1780271201674,0.000,0.003,0.000,0.007,0.000,0.000,0.003,0.003,0.016,0.000,0.512,0.512,0.727
1780271201710,0.000,0.000,0.000,0.003,0.000,0.000,0.003,0.000,0.006,0.000,0.520,0.520,0.727
1780271201739,0.000,0.000,0.000,0.003,0.000,0.003,0.003,0.003,0.012,0.000,0.512,0.512,0.727
1780271201781,0.000,0.000,0.000,0.003,0.000,0.000,0.003,0.003,0.009,0.000,0.512,0.512,0.727
1780271201812,0.000,0.000,0.000,0.003,0.000,0.003,0.003,0.000,0.009,0.000,0.512,0.512,0.727
1780271201857,0.003,0.000,0.000,0.003,0.000,0.000,0.003,0.000,0.009,0.000,0.520,0.520,0.752
1780271201888,0.000,0.000,0.000,0.003,0.000,0.000,0.003,0.000,0.006,0.000,0.520,0.520,0.727
1780271201961,0.000,0.000,0.000,0.003,0.000,0.000,0.000,0.000,0.003,0.000,0.520,0.520,0.752
1780271201992,0.000,0.000,0.000,0.003,0.000,0.000,0.003,0.000,0.006,0.000,0.504,0.504,0.727
1780271202032,0.000,0.000,0.003,0.003,0.000,0.003,0.000,0.003,0.012,0.000,0.504,0.504,0.703
1780271202071,0.003,0.000,0.000,0.003,0.000,0.000,0.003,0.000,0.009,0.000,0.504,0.504,0.727
1780271202131,0.000,0.003,0.000,0.003,0.000,0.003,0.003,0.000,0.012,0.000,0.496,0.496,0.752
1780271202161,0.003,0.000,0.000,0.000,0.000,0.000,0.003,0.000,0.006,0.000,0.488,0.488,0.752
1780271202203,0.000,0.000,0.000,0.003,0.000,0.003,0.003,0.000,0.009,0.000,0.520,0.520,0.727
1780271202231,0.000,0.000,0.000,0.003,0.003,0.000,0.003,0.003,0.012,0.000,0.512,0.512,0.703
1780271202272,0.000,0.003,0.000,0.000,0.000,0.000,0.003,0.003,0.009,0.000,0.504,0.504,0.703
1780271202308,0.000,0.000,0.000,0.003,0.000,0.003,0.003,0.000,0.009,0.000,0.496,0.496,0.727
1780271202348,0.003,0.000,0.000,0.003,0.000,0.000,0.003,0.000,0.009,0.000,0.504,0.504,0.727
1780271202375,0.003,0.000,0.000,0.003,0.000,0.000,0.003,0.000,0.009,0.000,0.504,0.504,0.752
1780271202410,0.003,0.000,0.000,0.000,0.000,0.000,0.003,0.000,0.006,0.000,0.504,0.504,0.727
1780271202465,0.003,0.000,0.000,0.003,0.000,0.003,0.003,0.003,0.015,0.000,0.520,0.520,0.776
1780271202493,0.003,0.000,0.000,0.003,0.000,0.003,0.000,0.003,0.012,0.000,0.504,0.504,0.727
1780271202540,0.000,0.000,0.000,0.003,0.000,0.000,0.000,0.003,0.006,0.000,0.496,0.496,0.727
1780271202574,0.000,0.000,0.000,0.003,0.000,0.000,0.003,0.003,0.009,0.000,0.504,0.504,0.703
1780271202612,0.000,0.000,0.000,0.003,0.000,0.000,0.003,0.000,0.006,0.000,0.504,0.504,0.727
1780271202648,0.003,0.000,0.000,0.003,0.003,0.000,0.003,0.000,0.012,0.000,0.504,0.504,0.727
1780271202689,0.000,0.000,0.007,0.003,0.000,0.000,0.000,0.003,0.013,0.000,0.512,0.512,0.752
1780271202719,0.000,0.000,0.003,0.003,0.000,0.000,0.003,0.003,0.012,0.000,0.512,0.512,0.727
1780271202750,0.003,0.000,0.000,0.003,0.000,0.003,0.003,0.003,0.015,0.000,0.512,0.512,0.703
1780271202780,0.000,0.000,0.000,0.003,0.000,0.000,0.000,0.000,0.003,0.000,0.496,0.496,0.727
1780271202824,0.000,0.000,0.000,0.000,0.000,0.000,0.000,0.003,0.003,0.000,0.512,0.512,0.727
1780271202857,0.000,0.000,0.003,0.003,0.000,0.000,0.003,0.000,0.009,0.000,0.512,0.512,0.752
1780271202890,0.000,0.000,0.000,0.000,0.000,0.000,0.003,0.000,0.003,0.000,0.512,0.512,0.752
1780271202925,0.000,0.003,0.003,0.000,0.000,0.000,0.003,0.003,0.012,0.000,0.504,0.504,0.703
1780271202988,0.000,0.010,0.000,0.003,0.000,0.000,0.000,0.003,0.016,0.000,0.512,0.512,0.752
1780271203014,0.000,0.000,0.000,0.003,0.000,0.000,0.003,0.003,0.009,0.000,0.504,0.504,0.752
1780271203056,0.003,0.000,0.003,0.000,0.000,0.000,0.003,0.003,0.012,0.000,0.496,0.496,0.703
1780271203090,0.000,0.000,0.000,0.000,0.000,0.003,0.000,0.003,0.006,0.000,0.504,0.504,0.752
1780271203135,0.003,0.000,0.000,0.003,0.000,0.000,0.007,0.000,0.013,0.000,0.504,0.504,0.727
1780271203174,0.003,0.000,0.000,0.003,0.000,0.000,0.003,0.003,0.012,0.000,0.504,0.504,0.727
1780271203208,0.000,0.000,0.000,0.000,0.000,0.000,0.003,0.000,0.003,0.000,0.520,0.520,0.727
1780271203237,0.000,0.000,0.003,0.003,0.003,0.000,0.007,0.000,0.016,0.000,0.496,0.496,0.727
1780271203271,0.000,0.003,0.003,0.003,0.000,0.000,0.003,0.000,0.012,0.000,0.504,0.504,0.752
1780271203298,0.000,0.003,0.000,0.003,0.000,0.000,0.000,0.003,0.009,0.000,0.496,0.496,0.727
1780271203342,0.000,0.000,0.000,0.003,0.003,0.003,0.000,0.000,0.009,0.000,0.496,0.496,0.703
1780271203376,0.000,0.000,0.000,0.003,0.000,0.000,0.003,0.000,0.006,0.000,0.496,0.496,0.727
1780271203415,0.003,0.000,0.000,0.007,0.000,0.003,0.003,0.000,0.016,0.000,0.496,0.496,0.703
1780271203450,0.000,0.000,0.003,0.003,0.000,0.000,0.003,0.003,0.012,0.000,0.512,0.512,0.727
1780271203504,0.000,0.000,0.000,0.003,0.003,0.000,0.007,0.000,0.013,0.000,0.496,0.496,0.752
1780271203538,0.000,0.000,0.003,0.003,0.000,0.003,0.007,0.000,0.016,0.000,0.504,0.504,0.727
1780271203580,0.000,0.000,0.000,0.000,0.000,0.003,0.003,0.003,0.009,0.000,0.504,0.504,0.727
1780271203640,0.000,0.003,0.000,0.003,0.000,0.000,0.003,0.000,0.009,0.000,0.504,0.504,0.703
1780271203699,0.422,0.495,0.379,0.586,0.000,0.000,0.003,0.000,1.885,0.000,0.757,0.757,0.945
1780271203736,1.337,1.078,0.790,1.396,0.000,0.000,0.003,0.000,4.604,0.000,1.880,1.880,0.970
1780271203779,3.090,2.799,3.258,3.309,0.000,0.003,0.000,0.003,12.462,0.000,5.820,5.820,2.861
1780271203817,3.911,3.561,4.195,4.399,0.000,0.000,0.003,0.000,16.069,0.000,8.978,8.978,8.315
1780271203869,4.100,3.287,4.917,4.960,0.000,0.000,0.003,0.000,17.267,0.000,11.176,11.176,8.945
1780271203917,3.608,3.258,4.877,5.070,0.000,0.000,0.003,0.000,16.816,0.000,12.307,12.307,9.867
1780271203952,3.564,3.546,4.804,5.030,0.000,0.000,0.003,0.003,16.950,0.000,13.243,13.243,10.861
1780271204005,3.236,2.974,4.523,4.753,0.000,0.003,0.003,0.000,15.492,0.000,12.665,12.665,11.491
1780271204035,3.123,3.131,4.414,4.585,0.003,0.000,0.003,0.000,15.259,0.000,12.901,12.901,10.958
1780271204075,2.245,3.371,4.242,3.298,3.819,3.564,0.003,0.007,20.549,0.000,10.866,10.866,11.006
1780271204122,0.798,3.761,4.202,0.703,3.466,3.517,0.007,0.007,16.461,0.000,9.149,9.149,16.533
1780271204173,5.121,3.706,3.451,5.959,1.720,1.764,0.003,0.003,21.727,0.000,15.360,15.360,14.958
1780271204212,5.726,3.929,2.340,7.676,1.319,1.399,0.003,0.000,22.392,0.000,18.412,18.412,17.648
1780271204252,7.005,3.127,1.705,7.253,2.157,1.494,0.003,0.003,22.747,0.000,18.331,18.331,19.612
1780271204295,4.472,2.766,1.928,8.522,2.948,3.036,0.007,0.007,23.686,0.000,16.687,16.687,20.412
1780271204333,3.360,2.314,2.668,5.970,3.539,3.466,0.007,0.007,21.331,0.000,13.675,13.675,20.461
1780271204368,2.988,1.658,2.817,3.663,4.691,4.913,0.007,0.010,20.747,0.000,11.143,11.143,17.964
1780271204410,3.141,3.615,2.897,3.375,4.501,4.541,0.003,0.007,22.080,0.000,12.258,12.258,18.788
1780271204443,2.022,4.177,3.240,3.539,3.659,3.798,0.003,0.003,20.441,0.000,12.112,12.112,18.400
1780271204485,3.203,4.129,3.327,3.185,2.314,2.956,0.003,0.003,19.120,0.000,13.724,13.724,16.776
1780271204552,0.860,1.632,0.419,0.430,2.227,2.041,0.003,0.003,7.615,0.000,3.321,3.321,5.867
1780271204592,0.302,0.535,0.109,0.087,1.800,1.811,0.003,0.003,4.650,0.000,1.457,1.457,4.509
1780271204629,0.065,0.065,0.018,0.010,1.585,1.683,0.003,0.003,3.432,0.000,0.805,0.805,3.927
1780271204665,0.010,0.014,0.007,0.010,1.541,1.552,0.003,0.003,3.140,0.000,0.651,0.651,3.685
1780271204708,0.003,0.003,0.003,0.003,1.479,1.578,0.003,0.000,3.072,0.000,0.561,0.561,3.564
1780271204735,0.003,0.003,0.003,0.003,1.490,1.494,0.003,0.003,3.002,0.000,0.561,0.561,3.539
1780271204766,0.003,0.000,0.000,0.003,1.461,1.494,0.003,0.003,2.967,0.000,0.553,0.553,3.588
1780271204799,0.003,0.000,0.000,0.003,1.501,1.512,0.003,0.003,3.025,0.000,0.529,0.529,3.539
1780271204848,0.379,0.342,0.295,0.393,1.414,1.538,0.003,0.003,4.367,0.000,0.667,0.667,3.588
1780271204885,0.980,0.893,0.776,0.849,1.428,1.490,0.003,0.003,6.422,0.000,1.221,1.221,3.588
1780271204925,1.509,1.326,1.337,1.352,1.425,1.421,0.003,0.003,8.376,0.000,1.807,1.807,4.121
1780271204969,1.006,1.538,1.450,0.867,1.487,1.505,0.003,0.003,7.859,0.000,1.538,1.538,4.606
1780271205005,2.941,3.320,1.396,1.122,1.191,1.261,0.003,0.000,11.234,0.000,5.746,5.746,3.806
1780271205066,4.523,6.017,0.838,0.543,1.250,1.264,0.003,0.003,14.441,0.000,9.654,9.654,12.097
1780271205109,3.444,5.500,0.517,0.703,1.432,1.381,0.003,0.003,12.983,0.000,8.880,8.880,10.885
1780271205149,3.003,5.234,0.426,0.739,1.472,1.454,0.003,0.003,12.334,0.000,8.481,8.481,10.448
1780271205206,1.979,4.767,1.388,0.612,1.939,1.662,0.003,0.003,12.353,0.000,6.829,6.829,9.309
1780271205247,1.749,3.991,2.132,1.217,1.764,1.899,0.003,0.003,12.758,0.000,6.218,6.218,9.261
1780271205279,1.884,4.126,2.256,1.148,1.786,1.869,0.003,0.003,13.075,0.000,6.674,6.674,8.921
1780271205316,2.894,4.479,1.891,0.477,1.636,1.665,0.003,0.003,13.048,0.000,7.496,7.496,10.061
1780271205354,3.284,4.388,1.363,0.295,1.866,1.858,0.003,0.003,13.060,0.000,7.838,7.838,10.085
1780271205388,2.799,4.235,2.150,0.907,1.939,2.041,0.007,0.000,14.078,0.000,7.228,7.228,10.255
1780271205436,4.071,3.973,5.985,1.611,1.844,1.964,0.000,0.007,19.455,0.000,12.885,12.885,10.933
1780271205475,4.184,2.471,7.129,4.909,2.103,1.979,0.003,0.003,22.781,0.000,15.791,15.791,17.018
1780271205510,5.051,0.838,4.056,5.974,2.500,2.464,0.003,0.003,20.889,0.000,13.919,13.919,19.103
1780271205577,5.307,1.443,1.199,6.892,2.642,2.569,0.003,0.007,20.062,0.000,12.519,12.519,16.073
1780271205609,4.432,0.874,0.641,6.925,2.941,2.762,0.003,0.003,18.581,0.000,11.607,11.607,15.806
1780271205651,3.900,1.942,0.995,6.119,2.781,3.138,0.003,0.003,18.881,0.000,12.006,12.006,15.079
1780271205688,4.683,4.158,2.937,5.299,2.628,2.551,0.003,0.003,22.262,0.000,15.702,15.702,16.485
1780271205750,6.262,5.653,1.738,2.329,2.675,2.726,0.003,0.007,21.393,0.000,14.155,14.155,17.358
1780271205787,5.496,5.821,2.117,2.926,2.606,2.485,0.003,0.003,21.457,0.000,14.090,14.090,16.752
1780271205834,5.682,4.567,4.275,5.358,2.223,2.624,0.003,0.003,24.735,0.000,18.713,18.713,20.776
1780271205868,6.119,4.261,4.902,5.620,2.525,2.398,0.003,0.003,25.831,0.000,20.130,20.130,22.691
1780271205902,6.641,3.973,4.745,5.456,2.471,2.569,0.003,0.003,25.861,0.000,20.325,20.325,22.448
1780271205929,6.229,4.013,4.596,5.981,2.442,2.474,0.003,0.003,25.741,0.000,20.211,20.211,22.400
1780271205967,5.959,4.301,4.173,5.857,2.529,2.569,0.003,0.003,25.394,0.000,20.170,20.170,22.036
1780271206019,7.107,4.621,4.064,5.664,2.464,2.438,0.000,0.007,26.365,0.000,20.545,20.545,22.739
1780271206080,5.642,4.753,4.093,4.789,2.595,2.675,0.003,0.003,24.553,0.000,16.743,16.743,19.782
1780271206116,4.906,4.578,4.104,3.947,2.744,2.773,0.003,0.003,23.058,0.000,13.186,13.186,17.915
1780271206164,2.248,4.261,4.705,1.662,0.568,0.714,0.000,0.000,14.158,0.000,10.793,10.793,12.291
1780271206199,1.392,4.275,4.723,0.670,0.120,0.156,0.003,0.000,11.339,0.000,9.605,9.605,8.752
1780271206271,0.174,4.344,4.286,1.301,0.007,0.010,0.000,0.000,10.122,0.000,9.287,9.287,8.000
1780271206324,1.250,5.270,4.027,3.648,0.003,0.003,0.000,0.000,14.201,0.000,12.470,12.470,11.006
1780271206363,3.258,5.620,3.451,4.687,0.003,0.003,0.003,0.000,17.025,0.000,15.579,15.579,12.606
1780271206397,4.067,5.157,3.101,4.468,0.000,0.003,0.000,0.003,16.799,0.000,16.231,16.231,14.812
1780271206428,4.206,5.004,2.967,4.366,0.000,0.000,0.003,0.000,16.546,0.000,16.198,16.198,14.109
1780271206465,3.929,4.348,3.050,4.479,0.000,0.003,0.003,0.000,15.812,0.000,15.181,15.181,14.109
1780271206502,3.553,4.056,2.908,3.699,0.000,0.000,0.003,0.000,14.219,0.000,14.228,14.228,12.606
1780271206537,3.510,3.798,2.799,3.444,0.000,0.000,0.003,0.003,13.557,0.000,13.544,13.544,11.927
1780271206587,3.058,3.429,2.821,3.025,0.000,0.000,0.000,0.000,12.333,0.000,12.234,12.234,11.297
1780271206618,2.894,3.251,2.686,2.905,0.000,0.000,0.003,0.000,11.739,0.000,11.737,11.737,10.327
1780271206653,2.711,2.945,2.453,2.883,0.000,0.003,0.007,0.000,11.002,0.000,11.176,11.176,10.133
1780271206690,2.730,2.686,2.318,2.617,0.000,0.000,0.000,0.000,10.351,0.000,10.573,10.573,9.382
1780271206730,1.636,1.826,1.479,1.560,0.000,0.000,0.003,0.000,6.504,0.000,6.528,6.528,7.055
1780271206770,1.170,1.122,0.954,1.049,0.000,0.000,0.003,0.003,4.301,0.000,4.485,4.485,3.418
1780271206807,0.564,0.634,0.492,0.349,0.000,0.000,0.007,0.003,2.049,0.000,1.937,1.937,3.564
1780271206835,0.109,0.131,0.102,0.112,0.000,0.003,0.000,0.000,0.457,0.000,1.033,1.033,0.824
1780271206866,0.025,0.029,0.029,0.025,0.000,0.000,0.003,0.000,0.111,0.000,0.781,0.781,0.703
1780271206902,0.007,0.007,0.010,0.007,0.003,0.003,0.003,0.000,0.040,0.000,0.553,0.553,0.703
1780271206938,0.003,0.003,0.007,0.007,0.000,0.000,0.003,0.000,0.023,0.000,0.496,0.496,0.703
1780271206966,0.003,0.003,0.003,0.003,0.000,0.000,0.003,0.000,0.015,0.000,0.488,0.488,0.703
1780271207008,0.003,0.000,0.003,0.000,0.000,0.000,0.000,0.000,0.006,0.000,0.488,0.488,0.727
1780271207052,0.003,0.003,0.003,0.003,0.000,0.003,0.003,0.000,0.018,0.000,0.480,0.480,0.703
1780271207102,0.003,0.003,0.003,0.003,0.000,0.003,0.003,0.000,0.018,0.000,0.480,0.480,0.703
1780271207127,0.003,0.003,0.003,0.000,0.003,0.000,0.003,0.000,0.015,0.000,0.488,0.488,0.703
1780271207164,0.000,0.000,0.003,0.003,0.000,0.000,0.003,0.007,0.016,0.000,0.488,0.488,0.752
1780271207210,0.000,0.003,0.003,0.003,0.000,0.000,0.003,0.000,0.012,0.000,0.488,0.488,0.703
1780271207259,0.003,0.000,0.000,0.003,0.000,0.000,0.003,0.000,0.009,0.000,0.520,0.520,0.727
1780271207308,0.003,0.000,0.003,0.003,0.000,0.000,0.003,0.000,0.012,0.000,0.537,0.537,0.752
1780271207352,0.000,0.003,0.000,0.000,0.000,0.000,0.000,0.000,0.003,0.000,0.512,0.512,0.752
1780271207381,0.003,0.000,0.003,0.000,0.000,0.003,0.000,0.003,0.012,0.000,0.504,0.504,0.776
1780271207412,0.000,0.003,0.000,0.003,0.000,0.003,0.000,0.000,0.009,0.000,0.512,0.512,0.727
1780271207444,0.000,0.000,0.000,0.003,0.000,0.000,0.003,0.000,0.006,0.000,0.488,0.488,0.727
1780271207477,0.000,0.000,0.000,0.003,0.000,0.000,0.003,0.000,0.006,0.000,0.512,0.512,0.727
1780271207511,0.000,0.003,0.000,0.003,0.000,0.003,0.003,0.000,0.012,0.000,0.529,0.529,0.752
1780271207535,0.000,0.000,0.003,0.003,0.000,0.000,0.003,0.000,0.009,0.000,0.520,0.520,0.727
1780271207573,0.003,0.000,0.003,0.003,0.000,0.003,0.003,0.003,0.018,0.000,0.504,0.504,0.727
1780271207628,0.003,0.000,0.000,0.007,0.000,0.000,0.003,0.000,0.013,0.000,0.488,0.488,0.727
1780271207652,0.003,0.000,0.000,0.003,0.000,0.000,0.000,0.003,0.009,0.000,0.496,0.496,0.703
1780271207682,0.003,0.000,0.003,0.003,0.000,0.000,0.003,0.000,0.012,0.000,0.488,0.488,0.727
1780271207713,0.003,0.000,0.000,0.003,0.000,0.000,0.000,0.000,0.006,0.000,0.496,0.496,0.703
1780271207754,0.003,0.000,0.000,0.000,0.000,0.000,0.003,0.000,0.006,0.000,0.504,0.504,0.703
1780271207788,0.003,0.000,0.000,0.003,0.000,0.000,0.003,0.000,0.009,0.000,0.504,0.504,0.703
1780271207831,0.003,0.003,0.000,0.003,0.000,0.003,0.000,0.000,0.012,0.000,0.496,0.496,0.752
1780271207873,0.003,0.000,0.003,0.003,0.000,0.000,0.003,0.003,0.015,0.000,0.496,0.496,0.703
1780271207905,0.003,0.000,0.007,0.003,0.000,0.000,0.003,0.000,0.016,0.000,0.496,0.496,0.703
1780271207958,0.000,0.000,0.000,0.000,0.003,0.000,0.003,0.000,0.006,0.000,0.496,0.496,0.679
1780271207990,0.003,0.000,0.000,0.003,0.000,0.000,0.003,0.000,0.009,0.000,0.480,0.480,0.703
1780271208027,0.003,0.003,0.003,0.003,0.003,0.000,0.003,0.000,0.018,0.000,0.496,0.496,0.703
1780271208054,0.000,0.000,0.000,0.003,0.000,0.000,0.003,0.003,0.009,0.000,0.488,0.488,0.703
1780271208108,0.000,0.000,0.000,0.003,0.000,0.000,0.003,0.000,0.006,0.000,0.480,0.480,0.703
1780271208164,0.003,0.000,0.003,0.007,0.003,0.000,0.003,0.000,0.019,0.000,0.488,0.488,0.727
1780271208193,0.000,0.003,0.000,0.003,0.000,0.000,0.003,0.000,0.009,0.000,0.496,0.496,0.703
1780271208262,0.003,0.000,0.000,0.003,0.000,0.000,0.007,0.000,0.013,0.000,0.488,0.488,0.727
1780271208295,0.000,0.000,0.000,0.003,0.000,0.000,0.007,0.000,0.010,0.000,0.488,0.488,0.703
1780271208342,0.000,0.000,0.000,0.003,0.000,0.003,0.003,0.000,0.009,0.000,0.488,0.488,0.703
1780271208397,0.000,0.000,0.000,0.003,0.003,0.000,0.003,0.000,0.009,0.000,0.488,0.488,0.727
1780271208426,0.003,0.000,0.000,0.003,0.000,0.000,0.003,0.000,0.009,0.000,0.496,0.496,0.703
1780271208469,0.003,0.000,0.000,0.003,0.000,0.000,0.007,0.003,0.016,0.000,0.488,0.488,0.727
1780271208499,0.000,0.000,0.000,0.003,0.000,0.000,0.003,0.000,0.006,0.000,0.496,0.496,0.727
1780271208553,0.003,0.000,0.000,0.000,0.000,0.000,0.003,0.000,0.006,0.000,0.504,0.504,0.752
1780271208583,0.003,0.000,0.000,0.000,0.000,0.000,0.000,0.000,0.003,0.000,0.488,0.488,0.752
1780271208627,0.000,0.000,0.000,0.000,0.003,0.000,0.003,0.003,0.009,0.000,0.488,0.488,0.703
1780271208697,0.000,0.000,0.000,0.003,0.000,0.000,0.003,0.003,0.009,0.000,0.488,0.488,0.727
1780271208735,0.000,0.000,0.000,0.003,0.000,0.000,0.003,0.000,0.006,0.000,0.496,0.496,0.703
1780271208773,0.003,0.000,0.000,0.003,0.000,0.000,0.003,0.000,0.009,0.000,0.496,0.496,0.727
1780271208805,0.000,0.000,0.000,0.003,0.003,0.003,0.003,0.003,0.015,0.000,0.488,0.488,0.727
1780271208862,0.000,0.003,0.000,0.003,0.000,0.000,0.003,0.000,0.009,0.000,0.488,0.488,0.752
1780271208903,0.003,0.000,0.000,0.000,0.000,0.000,0.000,0.003,0.006,0.000,0.488,0.488,0.752
1780271208937,0.000,0.000,0.000,0.003,0.003,0.000,0.003,0.000,0.009,0.000,0.488,0.488,0.727
1780271208969,0.000,0.000,0.000,0.000,0.000,0.000,0.003,0.003,0.006,0.000,0.496,0.496,0.703
1780271209013,0.000,0.003,0.000,0.003,0.000,0.000,0.007,0.000,0.013,0.000,0.488,0.488,0.703
1780271209040,0.007,0.000,0.003,0.003,0.000,0.003,0.003,0.003,0.022,0.000,0.504,0.504,0.703
1780271209074,0.000,0.000,0.000,0.003,0.000,0.000,0.003,0.000,0.006,0.000,0.488,0.488,0.727
1780271209101,0.000,0.000,0.000,0.003,0.000,0.000,0.003,0.003,0.009,0.000,0.472,0.472,0.703
1780271209150,0.007,0.000,0.000,0.000,0.000,0.000,0.000,0.000,0.007,0.000,0.480,0.480,0.727
1780271209198,0.000,0.000,0.000,0.003,0.000,0.000,0.003,0.000,0.006,0.000,0.488,0.488,0.752
1780271209235,0.003,0.000,0.000,0.000,0.000,0.000,0.003,0.003,0.009,0.000,0.488,0.488,0.727
1780271209262,0.003,0.000,0.000,0.003,0.000,0.000,0.003,0.003,0.012,0.000,0.496,0.496,0.703
1780271209303,0.003,0.000,0.003,0.003,0.000,0.000,0.003,0.000,0.012,0.000,0.504,0.504,0.727
1780271209330,0.000,0.000,0.000,0.003,0.000,0.000,0.003,0.000,0.006,0.000,0.488,0.488,0.703
1780271209377,0.000,0.000,0.000,0.003,0.000,0.000,0.003,0.003,0.009,0.000,0.488,0.488,0.727
1780271209423,0.003,0.000,0.000,0.003,0.000,0.000,0.003,0.000,0.009,0.000,0.488,0.488,0.727
1780271209460,0.000,0.000,0.000,0.003,0.000,0.000,0.003,0.003,0.009,0.000,0.480,0.480,0.727
1780271209495,0.000,0.000,0.003,0.003,0.000,0.000,0.003,0.003,0.012,0.000,0.480,0.480,0.727
1780271209529,0.003,0.000,0.000,0.003,0.000,0.000,0.003,0.003,0.012,0.000,0.504,0.504,0.727
1780271209560,0.000,0.000,0.000,0.003,0.000,0.003,0.003,0.003,0.012,0.000,0.488,0.488,0.752
1780271209598,0.003,0.000,0.000,0.003,0.000,0.000,0.003,0.000,0.009,0.000,0.480,0.480,0.727
1780271209632,0.000,0.000,0.000,0.003,0.000,0.000,0.003,0.000,0.006,0.000,0.488,0.488,0.727
1780271209672,0.003,0.000,0.003,0.003,0.000,0.003,0.003,0.000,0.015,0.000,0.480,0.480,0.727
1780271209741,0.000,0.000,0.000,0.003,0.000,0.000,0.003,0.000,0.006,0.000,0.488,0.488,0.727
1780271209782,0.003,0.000,0.000,0.003,0.000,0.000,0.000,0.000,0.006,0.000,0.504,0.504,0.703
1780271209817,0.000,0.000,0.000,0.003,0.000,0.000,0.003,0.000,0.006,0.000,0.496,0.496,0.752
1780271209848,0.000,0.000,0.003,0.003,0.003,0.000,0.003,0.000,0.012,0.000,0.488,0.488,0.727
1780271209901,0.000,0.000,0.000,0.003,0.000,0.000,0.003,0.003,0.009,0.000,0.488,0.488,0.727
1780271209942,0.000,0.000,0.003,0.003,0.000,0.003,0.003,0.000,0.012,0.000,0.488,0.488,0.727
1780271209977,0.003,0.000,0.000,0.003,0.000,0.000,0.003,0.003,0.012,0.000,0.488,0.488,0.703
1780271210010,0.000,0.000,0.000,0.003,0.000,0.000,0.003,0.003,0.009,0.000,0.488,0.488,0.703
1780271210063,0.000,0.000,0.000,0.003,0.000,0.000,0.003,0.000,0.006,0.000,0.504,0.504,0.727
1780271210095,0.003,0.000,0.003,0.003,0.000,0.000,0.003,0.003,0.015,0.000,0.504,0.504,0.727
1780271210126,0.000,0.000,0.000,0.003,0.003,0.000,0.003,0.000,0.009,0.000,0.537,0.537,0.727
1780271210149,0.000,0.000,0.000,0.003,0.000,0.000,0.003,0.000,0.006,0.000,0.512,0.512,0.752
1780271210199,0.003,0.000,0.000,0.003,0.000,0.000,0.003,0.003,0.012,0.000,0.496,0.496,0.752
1780271210244,0.000,0.000,0.000,0.003,0.003,0.000,0.000,0.003,0.009,0.000,0.488,0.488,0.727
1780271210284,0.000,0.000,0.000,0.003,0.000,0.000,0.003,0.003,0.009,0.000,0.504,0.504,0.703
1780271210322,0.000,0.000,0.000,0.003,0.000,0.000,0.003,0.003,0.009,0.000,0.480,0.480,0.752
1780271210356,0.000,0.000,0.000,0.003,0.000,0.000,0.003,0.003,0.009,0.000,0.480,0.480,0.727
1780271210395,0.000,0.000,0.000,0.000,0.000,0.000,0.007,0.000,0.007,0.000,0.480,0.480,0.752
1780271210427,0.000,0.000,0.003,0.003,0.003,0.000,0.003,0.003,0.015,0.000,0.488,0.488,0.727
1780271210489,0.003,0.000,0.000,0.003,0.000,0.000,0.003,0.000,0.009,0.000,0.496,0.496,0.703
1780271210521,0.000,0.000,0.003,0.003,0.000,0.003,0.003,0.000,0.012,0.000,0.504,0.504,0.727
1780271210554,0.003,0.000,0.000,0.003,0.000,0.000,0.003,0.000,0.009,0.000,0.504,0.504,0.727
1780271210582,0.003,0.000,0.000,0.003,0.000,0.003,0.003,0.000,0.012,0.000,0.496,0.496,0.727
1780271210623,0.000,0.003,0.000,0.003,0.000,0.003,0.003,0.000,0.012,0.000,0.480,0.480,0.727
1780271210651,0.000,0.000,0.003,0.003,0.000,0.000,0.003,0.000,0.009,0.000,0.496,0.496,0.703
1780271210687,0.000,0.000,0.000,0.000,0.000,0.000,0.003,0.000,0.003,0.000,0.480,0.480,0.703
1780271210724,0.000,0.000,0.003,0.007,0.000,0.000,0.000,0.003,0.013,0.000,0.480,0.480,0.703
1780271210788,0.000,0.000,0.003,0.003,0.000,0.003,0.007,0.000,0.016,0.000,0.504,0.504,0.703
1780271210821,0.000,0.000,0.000,0.003,0.000,0.003,0.003,0.000,0.009,0.000,0.480,0.480,0.727
1780271210850,0.003,0.000,0.000,0.003,0.000,0.000,0.007,0.000,0.013,0.000,0.496,0.496,0.703
1780271210877,0.000,0.000,0.000,0.003,0.000,0.000,0.003,0.000,0.006,0.000,0.488,0.488,0.727
1780271210925,0.003,0.000,0.000,0.003,0.000,0.000,0.003,0.000,0.009,0.000,0.488,0.488,0.752
1780271210952,0.000,0.000,0.000,0.003,0.000,0.000,0.007,0.003,0.013,0.000,0.496,0.496,0.703
1780271210996,0.003,0.000,0.000,0.000,0.003,0.000,0.003,0.003,0.012,0.000,0.496,0.496,0.703
1780271211026,0.003,0.000,0.003,0.003,0.000,0.000,0.003,0.000,0.012,0.000,0.480,0.480,0.727
1780271211070,0.000,0.000,0.000,0.003,0.000,0.000,0.003,0.000,0.006,0.000,0.496,0.496,0.727
1780271211096,0.000,0.000,0.003,0.000,0.003,0.000,0.000,0.003,0.009,0.000,0.488,0.488,0.727
1780271211128,0.000,0.000,0.003,0.000,0.000,0.000,0.003,0.000,0.006,0.000,0.480,0.480,0.703
1780271211154,0.000,0.000,0.000,0.003,0.000,0.000,0.003,0.000,0.006,0.000,0.480,0.480,0.703
1780271211203,0.000,0.000,0.000,0.003,0.000,0.000,0.003,0.003,0.009,0.000,0.472,0.472,0.679
1780271211238,0.000,0.000,0.000,0.003,0.000,0.000,0.000,0.000,0.003,0.000,0.480,0.480,0.727
1780271211287,0.000,0.000,0.000,0.000,0.000,0.000,0.003,0.000,0.003,0.000,0.472,0.472,0.727
1780271211317,0.000,0.000,0.003,0.003,0.000,0.000,0.003,0.003,0.012,0.000,0.496,0.496,0.703
1780271211372,0.003,0.000,0.000,0.000,0.000,0.000,0.000,0.003,0.006,0.000,0.488,0.488,0.703
1780271211400,0.000,0.003,0.000,0.003,0.000,0.000,0.003,0.000,0.009,0.000,0.472,0.472,0.727
1780271211443,0.000,0.000,0.000,0.003,0.003,0.000,0.003,0.003,0.012,0.000,0.480,0.480,0.727
1780271211469,0.000,0.000,0.000,0.003,0.000,0.000,0.003,0.000,0.006,0.000,0.488,0.488,0.703
1780271211524,0.003,0.000,0.000,0.003,0.000,0.003,0.003,0.003,0.015,0.000,0.488,0.488,0.703
1780271211561,0.000,0.000,0.000,0.003,0.003,0.000,0.003,0.003,0.012,0.000,0.512,0.512,0.727
1780271211592,0.000,0.003,0.000,0.003,0.000,0.000,0.003,0.000,0.009,0.000,0.488,0.488,0.703
1780271211618,0.000,0.000,0.000,0.000,0.003,0.000,0.003,0.003,0.009,0.000,0.472,0.472,0.727
1780271211661,0.003,0.000,0.000,0.000,0.000,0.003,0.003,0.000,0.009,0.000,0.504,0.504,0.727
1780271211702,0.000,0.000,0.000,0.003,0.000,0.000,0.000,0.000,0.003,0.000,0.496,0.496,0.727
1780271211735,0.000,0.000,0.000,0.003,0.003,0.003,0.003,0.000,0.012,0.000,0.480,0.480,0.727
1780271211772,0.000,0.000,0.000,0.003,0.000,0.000,0.007,0.003,0.013,0.000,0.480,0.480,0.727
1780271211837,0.000,0.000,0.000,0.003,0.000,0.000,0.003,0.000,0.006,0.000,0.496,0.496,0.752
1780271211879,0.466,0.415,4.800,3.178,0.000,0.003,0.003,0.000,8.865,0.000,7.749,7.749,5.842
1780271211923,0.320,1.275,7.424,5.478,0.000,0.003,0.000,0.000,14.500,0.000,10.850,10.850,11.709
1780271211979,0.164,1.815,6.232,4.931,0.000,0.000,0.003,0.000,13.145,0.000,10.443,10.443,9.333
1780271212020,1.720,5.037,5.580,2.981,0.000,0.000,0.003,0.000,15.321,0.000,12.218,12.218,10.933
1780271212071,2.354,6.145,5.106,0.951,0.000,0.003,0.003,0.000,14.562,0.000,12.128,12.128,11.152
1780271212107,1.738,5.795,5.299,0.648,0.000,0.000,0.003,0.000,13.483,0.000,11.314,11.314,10.497
1780271212143,0.889,4.246,5.726,0.295,0.000,0.000,0.003,0.000,11.159,0.000,10.354,10.354,9.600
1780271212177,0.590,4.519,5.252,0.240,0.000,0.000,0.003,0.000,10.604,0.000,10.142,10.142,8.727
1780271212218,1.377,4.169,5.015,1.858,0.003,0.003,0.003,0.000,12.428,0.000,10.386,10.386,9.115
1780271212251,2.336,3.185,5.259,3.222,0.000,0.000,0.003,0.000,14.005,0.000,11.249,11.249,9.430
1780271212294,3.779,2.660,4.691,4.261,0.000,0.000,0.003,0.000,15.394,0.000,12.218,12.218,9.988
1780271212344,3.506,2.482,4.505,4.020,0.000,0.000,0.003,0.000,14.516,0.000,11.933,11.933,10.739
1780271212397,4.607,2.205,4.016,4.774,0.000,0.000,0.003,0.000,15.605,0.000,14.676,14.676,13.309
1780271212430,4.199,2.431,3.925,4.804,0.000,0.000,0.003,0.000,15.362,0.000,14.839,14.839,13.479
1780271212479,3.677,1.188,2.066,4.723,0.000,0.000,0.003,0.000,11.657,0.000,10.638,10.638,10.012
1780271212532,4.552,0.375,0.269,4.111,0.000,0.000,0.003,0.000,9.310,0.000,9.124,9.124,8.218
1780271212563,3.962,2.110,2.015,3.983,0.000,0.000,0.000,0.003,12.073,0.000,9.010,9.010,7.418
1780271212602,3.965,3.557,4.767,3.244,0.000,0.000,0.003,0.000,15.536,0.000,10.321,10.321,7.564
1780271212634,4.162,4.428,5.110,2.088,0.000,0.000,0.003,0.000,15.791,0.000,11.444,11.444,8.848
1780271212676,2.919,6.327,6.469,2.256,0.000,0.000,0.003,0.000,17.974,0.000,14.831,14.831,10.715
1780271212718,2.686,6.433,7.384,1.731,3.634,3.316,0.003,0.007,25.194,0.000,15.588,15.588,15.297
1780271212754,2.522,6.047,5.212,1.600,4.209,3.994,0.007,0.007,23.598,0.000,13.781,13.781,21.673
1780271212793,2.176,6.440,6.338,1.862,3.295,3.156,0.003,0.003,23.273,0.000,15.783,15.783,18.836
1780271212839,2.329,5.828,6.415,2.048,2.748,2.850,0.003,0.003,22.224,0.000,15.547,15.547,19.709
1780271212904,1.115,5.726,6.203,1.064,2.668,2.835,0.003,0.007,19.621,0.000,13.569,13.569,17.236
1780271212935,0.798,5.551,5.580,0.838,2.708,2.726,0.007,0.003,18.211,0.000,12.096,12.096,16.630
1780271212986,0.116,5.267,5.103,0.123,2.660,2.726,0.003,0.007,16.005,0.000,10.704,10.704,14.400
1780271213022,1.202,5.215,4.749,1.053,2.671,2.620,0.003,0.007,17.520,0.000,10.199,10.199,14.158
1780271213063,2.613,4.975,4.253,2.289,2.628,2.638,0.000,0.007,19.403,0.000,10.411,10.411,13.745
1780271213092,3.269,3.717,3.619,1.563,2.861,2.872,0.003,0.003,17.907,0.000,8.783,8.783,14.497
1780271213134,5.390,0.845,3.185,0.382,0.718,0.958,0.003,0.000,11.481,0.000,8.009,8.009,9.673
1780271213170,5.394,0.229,3.448,0.153,0.142,0.123,0.000,0.003,9.492,0.000,8.587,8.587,6.715
1780271213202,5.376,0.061,3.561,0.051,0.032,0.029,0.003,0.003,9.116,0.000,8.791,8.791,7.830
1780271213232,5.620,0.018,3.072,0.018,0.007,0.007,0.003,0.000,8.745,0.000,8.547,8.547,7.830
1780271213267,4.935,0.010,2.762,0.014,0.003,0.003,0.003,0.000,7.730,0.000,7.838,7.838,7.176
1780271213294,4.388,0.007,2.930,0.010,0.003,0.003,0.003,0.000,7.344,0.000,7.366,7.366,6.667
1780271213333,3.677,0.007,2.894,0.010,0.000,0.000,0.000,0.000,6.588,0.000,6.731,6.731,6.230
1780271213366,3.105,0.003,2.992,0.007,0.000,0.000,0.003,0.003,6.113,0.000,6.284,6.284,5.697
1780271213427,2.748,0.003,3.028,0.007,0.000,0.003,0.000,0.003,5.792,0.000,6.007,6.007,5.527
1780271213458,2.445,0.003,3.174,0.007,0.000,0.000,0.000,0.000,5.629,0.000,5.771,5.771,5.309
1780271213505,1.982,0.003,3.167,0.007,0.000,0.000,0.000,0.000,5.159,0.000,5.502,5.502,4.970
1780271213535,1.877,0.003,3.269,0.007,0.000,0.000,0.003,0.003,5.162,0.000,5.388,5.388,5.018
1780271213573,1.786,0.003,3.265,0.007,0.000,0.000,0.003,0.000,5.064,0.000,5.356,5.356,4.776
1780271213601,1.731,0.003,3.306,0.003,0.000,0.003,0.003,0.000,5.049,0.000,5.339,5.339,4.921
1780271213652,1.425,0.051,3.211,0.003,0.000,0.000,0.003,0.000,4.693,0.000,4.997,4.997,4.558
1780271213687,1.410,0.080,2.394,0.269,0.000,0.000,0.003,0.000,4.156,0.000,4.013,4.013,4.315
1780271213728,1.293,0.123,1.778,0.156,0.000,0.000,0.003,0.003,3.356,0.000,3.337,3.337,3.030
1780271213766,1.479,0.142,1.177,0.382,0.000,0.000,0.000,0.000,3.180,0.000,2.995,2.995,2.836
1780271213802,1.341,0.171,2.741,2.657,0.000,0.000,0.003,0.003,6.916,0.000,5.128,5.128,2.691
1780271213832,1.075,0.160,2.941,5.292,0.000,0.003,0.003,0.000,9.474,0.000,6.862,6.862,6.230
1780271213875,1.089,1.119,4.381,5.744,0.000,0.000,0.003,0.000,12.336,0.000,9.564,9.564,7.006
1780271213931,1.654,3.404,6.258,4.333,0.000,0.003,0.000,0.000,15.652,0.000,12.641,12.641,11.709
1780271213965,1.651,3.623,6.240,4.111,0.000,0.000,0.000,0.000,15.625,0.000,14.586,14.586,11.200
1780271214021,1.545,4.556,6.422,3.502,0.000,0.000,0.003,0.000,16.028,0.000,15.563,15.563,13.745
1780271214054,1.760,4.519,5.372,3.251,0.000,0.000,0.003,0.003,14.908,0.000,12.169,12.169,13.261
1780271214096,2.172,4.366,1.385,0.663,0.000,0.000,0.003,0.003,8.592,0.000,8.571,8.571,9.067
1780271214123,2.522,4.220,0.692,0.222,0.000,0.000,0.003,0.000,7.659,0.000,7.789,7.789,6.448
1780271214177,2.598,2.394,0.437,0.036,0.000,0.000,0.003,0.000,5.468,0.000,5.347,5.347,4.655
1780271214215,2.431,1.352,2.132,0.211,0.000,0.000,0.003,0.000,6.129,0.000,5.079,5.079,4.170
1780271214259,2.412,3.324,4.231,2.733,0.000,0.000,0.000,0.000,12.700,0.000,7.586,7.586,4.582
1780271214292,2.806,3.907,4.228,2.741,0.000,0.000,0.003,0.003,13.688,0.000,8.123,8.123,7.806
1780271214341,3.302,5.489,4.472,2.525,0.000,0.000,0.000,0.000,15.788,0.000,11.501,11.501,7.418
1780271214368,3.265,6.364,4.308,2.343,0.000,0.000,0.003,0.000,16.283,0.000,12.600,12.600,11.079
1780271214402,3.444,6.593,3.790,3.327,0.000,0.000,0.003,0.003,17.160,0.000,13.553,13.553,11.927
1780271214451,4.122,5.500,3.360,2.420,0.000,0.000,0.003,0.003,15.408,0.000,12.600,12.600,11.321
1780271214486,4.016,5.183,3.134,3.284,0.000,0.000,0.000,0.000,15.617,0.000,13.015,13.015,11.030
1780271214541,2.234,1.913,0.845,2.751,0.000,0.000,0.003,0.000,7.746,0.000,6.113,6.113,5.430
1780271214578,1.330,0.688,0.331,1.170,0.000,0.000,0.000,0.003,3.522,0.000,2.539,2.539,2.861
1780271214621,0.091,0.054,0.032,0.116,0.000,0.000,0.003,0.003,0.299,0.000,1.090,1.090,0.752
1780271214647,0.036,0.021,0.010,0.025,0.000,0.003,0.003,0.000,0.098,0.000,0.724,0.724,0.752
1780271214689,0.007,0.003,0.007,0.003,0.000,0.000,0.000,0.003,0.023,0.000,0.561,0.561,0.703
1780271214713,0.003,0.003,0.003,0.007,0.003,0.000,0.003,0.000,0.022,0.000,0.520,0.520,0.703
1780271214752,0.003,0.003,0.003,0.007,0.000,0.000,0.003,0.000,0.019,0.000,0.496,0.496,0.703
1780271214780,0.003,0.003,0.003,0.003,0.000,0.003,0.003,0.000,0.018,0.000,0.496,0.496,0.727
1780271214832,0.003,0.003,0.003,0.003,0.000,0.000,0.003,0.000,0.015,0.000,0.488,0.488,0.727
1780271214865,0.007,0.000,0.003,0.003,0.003,0.000,0.003,0.000,0.019,0.000,0.504,0.504,0.703
1780271214904,0.003,0.000,0.000,0.003,0.000,0.003,0.003,0.000,0.012,0.000,0.496,0.496,0.703
1780271214963,0.003,0.000,0.003,0.007,0.000,0.003,0.000,0.007,0.023,0.000,0.488,0.488,0.727
1780271214995,0.003,0.000,0.000,0.003,0.000,0.000,0.003,0.003,0.012,0.000,0.496,0.496,0.703
1780271215049,0.000,0.000,0.000,0.003,0.003,0.000,0.003,0.000,0.009,0.000,0.488,0.488,0.727
1780271215106,0.003,0.003,0.000,0.003,0.000,0.000,0.003,0.000,0.012,0.000,0.496,0.496,0.752
1780271215134,0.003,0.000,0.000,0.003,0.000,0.000,0.003,0.003,0.012,0.000,0.496,0.496,0.727
1780271215169,0.003,0.000,0.000,0.003,0.000,0.000,0.000,0.003,0.009,0.000,0.480,0.480,0.752
1780271215211,0.003,0.000,0.003,0.003,0.000,0.000,0.003,0.003,0.015,0.000,0.488,0.488,0.727
1780271215242,0.003,0.003,0.007,0.003,0.003,0.000,0.003,0.000,0.022,0.000,0.496,0.496,0.727
1780271215270,0.003,0.000,0.000,0.003,0.000,0.000,0.000,0.000,0.006,0.000,0.488,0.488,0.727
1780271215302,0.003,0.000,0.000,0.000,0.000,0.000,0.000,0.000,0.003,0.000,0.504,0.504,0.727
1780271215349,0.003,0.000,0.000,0.007,0.000,0.000,0.003,0.000,0.013,0.000,0.488,0.488,0.679
1780271215384,0.000,0.000,0.000,0.003,0.000,0.000,0.003,0.000,0.006,0.000,0.488,0.488,0.727
1780271215417,0.003,0.000,0.003,0.003,0.000,0.000,0.007,0.003,0.019,0.000,0.480,0.480,0.703
1780271215481,0.003,0.000,0.000,0.003,0.000,0.003,0.003,0.000,0.012,0.000,0.480,0.480,0.727
1780271215510,0.000,0.000,0.003,0.003,0.003,0.003,0.003,0.000,0.015,0.000,0.472,0.472,0.703
1780271215555,0.003,0.000,0.000,0.003,0.000,0.003,0.003,0.000,0.012,0.000,0.488,0.488,0.679
1780271215587,0.003,0.000,0.000,0.003,0.000,0.003,0.000,0.003,0.012,0.000,0.504,0.504,0.703
1780271215642,0.000,0.000,0.000,0.003,0.003,0.000,0.003,0.000,0.009,0.000,0.488,0.488,0.703
1780271215669,0.000,0.000,0.000,0.003,0.003,0.000,0.003,0.000,0.009,0.000,0.504,0.504,0.727
1780271215708,0.003,0.000,0.000,0.003,0.000,0.000,0.003,0.003,0.012,0.000,0.504,0.504,0.703
1780271215745,0.000,0.000,0.003,0.003,0.000,0.000,0.003,0.000,0.009,0.000,0.488,0.488,0.727
1780271215785,0.003,0.000,0.000,0.003,0.000,0.000,0.003,0.000,0.009,0.000,0.472,0.472,0.703
1780271215815,0.000,0.000,0.003,0.003,0.000,0.000,0.003,0.000,0.009,0.000,0.472,0.472,0.727
1780271215858,0.000,0.000,0.000,0.003,0.000,0.000,0.003,0.000,0.006,0.000,0.496,0.496,0.727
1780271215885,0.003,0.000,0.000,0.003,0.000,0.000,0.003,0.000,0.009,0.000,0.496,0.496,0.727
1780271215931,0.003,0.000,0.000,0.007,0.003,0.000,0.000,0.003,0.016,0.000,0.496,0.496,0.727
1780271215988,0.000,0.003,0.000,0.003,0.000,0.000,0.003,0.000,0.009,0.000,0.520,0.520,0.703
1780271216016,0.007,0.000,0.000,0.003,0.000,0.000,0.007,0.000,0.017,0.000,0.529,0.529,0.727
1780271216059,0.003,0.000,0.003,0.000,0.003,0.000,0.007,0.000,0.016,0.000,0.512,0.512,0.752
1780271216085,0.000,0.000,0.000,0.003,0.000,0.000,0.000,0.000,0.003,0.000,0.488,0.488,0.752
1780271216119,0.000,0.000,0.000,0.003,0.000,0.000,0.000,0.003,0.006,0.000,0.496,0.496,0.727
1780271216154,0.000,0.003,0.000,0.003,0.003,0.000,0.003,0.003,0.015,0.000,0.488,0.488,0.703
1780271216190,0.003,0.003,0.000,0.003,0.000,0.000,0.003,0.000,0.012,0.000,0.488,0.488,0.727
1780271216217,0.003,0.000,0.000,0.003,0.000,0.000,0.003,0.000,0.009,0.000,0.480,0.480,0.752
1780271216258,0.003,0.000,0.000,0.003,0.000,0.000,0.007,0.000,0.013,0.000,0.496,0.496,0.703
1780271216283,0.003,0.000,0.000,0.003,0.000,0.000,0.003,0.000,0.009,0.000,0.496,0.496,0.703
1780271216328,0.000,0.000,0.000,0.000,0.000,0.000,0.003,0.003,0.006,0.000,0.472,0.472,0.703
1780271216359,0.003,0.000,0.000,0.000,0.000,0.000,0.003,0.000,0.006,0.000,0.512,0.512,0.703
1780271216394,0.000,0.000,0.000,0.003,0.000,0.000,0.003,0.000,0.006,0.000,0.496,0.496,0.727
1780271216421,0.003,0.000,0.000,0.003,0.000,0.000,0.003,0.000,0.009,0.000,0.488,0.488,0.727
1780271216463,0.000,0.000,0.000,0.003,0.000,0.000,0.003,0.003,0.009,0.000,0.496,0.496,0.727
1780271216521,0.000,0.003,0.000,0.003,0.003,0.000,0.003,0.003,0.015,0.000,0.504,0.504,0.703
1780271216570,0.003,0.000,0.000,0.000,0.000,0.003,0.003,0.000,0.009,0.000,0.488,0.488,0.703
1780271216608,0.003,0.000,0.000,0.003,0.000,0.003,0.003,0.003,0.015,0.000,0.504,0.504,0.703
1780271216650,0.003,0.000,0.003,0.003,0.000,0.000,0.003,0.000,0.012,0.000,0.504,0.504,0.752
1780271216693,0.000,0.000,0.000,0.003,0.000,0.000,0.003,0.000,0.006,0.000,0.496,0.496,0.727
1780271216734,0.003,0.003,0.000,0.003,0.000,0.000,0.007,0.000,0.016,0.000,0.480,0.480,0.727
1780271216779,0.003,0.000,0.000,0.003,0.000,0.003,0.003,0.000,0.012,0.000,0.472,0.472,0.703
1780271216810,0.000,0.000,0.000,0.007,0.000,0.000,0.010,0.003,0.020,0.000,0.480,0.480,0.727
1780271216851,0.000,0.000,0.000,0.003,0.000,0.000,0.003,0.000,0.006,0.000,0.472,0.472,0.703
1780271216889,0.003,0.000,0.000,0.000,0.000,0.000,0.003,0.000,0.006,0.000,0.496,0.496,0.727
1780271216921,0.000,0.003,0.000,0.003,0.000,0.000,0.000,0.000,0.006,0.000,0.496,0.496,0.727
1780271216947,0.003,0.000,0.000,0.003,0.000,0.000,0.003,0.003,0.012,0.000,0.480,0.480,0.703
1780271216978,0.003,0.000,0.000,0.003,0.000,0.000,0.003,0.003,0.012,0.000,0.472,0.472,0.703
1780271217030,0.003,0.000,0.000,0.003,0.000,0.000,0.003,0.000,0.009,0.000,0.488,0.488,0.727
1780271217075,0.000,0.000,0.003,0.003,0.000,0.000,0.003,0.000,0.009,0.000,0.480,0.480,0.703
1780271217114,0.000,0.000,0.003,0.003,0.000,0.000,0.003,0.000,0.009,0.000,0.504,0.504,0.727
1780271217142,0.000,0.000,0.000,0.003,0.000,0.000,0.003,0.000,0.006,0.000,0.488,0.488,0.727
1780271217180,0.000,0.003,0.000,0.003,0.000,0.000,0.003,0.000,0.009,0.000,0.488,0.488,0.727
1780271217216,0.000,0.000,0.000,0.000,0.000,0.000,0.003,0.000,0.003,0.000,0.496,0.496,0.752
1780271217254,0.000,0.000,0.003,0.003,0.000,0.000,0.000,0.000,0.006,0.000,0.472,0.472,0.703
1780271217291,0.000,0.000,0.000,0.000,0.000,0.003,0.003,0.003,0.009,0.000,0.463,0.463,0.679
1780271217331,0.000,0.000,0.000,0.000,0.000,0.000,0.000,0.003,0.003,0.000,0.472,0.472,0.703
1780271217364,0.003,0.000,0.000,0.003,0.003,0.003,0.003,0.003,0.018,0.000,0.496,0.496,0.703
1780271217401,0.000,0.000,0.000,0.003,0.003,0.000,0.003,0.003,0.012,0.000,0.496,0.496,0.703
1780271217431,0.007,0.000,0.000,0.003,0.003,0.000,0.003,0.000,0.016,0.000,0.488,0.488,0.703
1780271217470,0.007,0.000,0.000,0.003,0.000,0.000,0.003,0.003,0.016,0.000,0.488,0.488,0.727
1780271217501,0.003,0.000,0.003,0.003,0.000,0.000,0.003,0.003,0.015,0.000,0.472,0.472,0.703
1780271217554,0.000,0.000,0.000,0.003,0.003,0.000,0.003,0.000,0.009,0.000,0.488,0.488,0.727
1780271217614,0.000,0.000,0.000,0.000,0.000,0.000,0.003,0.000,0.003,0.000,0.488,0.488,0.727
1780271217646,0.000,0.000,0.000,0.003,0.000,0.000,0.000,0.000,0.003,0.000,0.496,0.496,0.727
1780271217678,0.000,0.003,0.000,0.003,0.000,0.000,0.003,0.000,0.009,0.000,0.488,0.488,0.752
1780271217703,0.000,0.000,0.000,0.003,0.000,0.000,0.007,0.000,0.010,0.000,0.480,0.480,0.703
1780271217755,0.000,0.000,0.000,0.000,0.000,0.000,0.003,0.003,0.006,0.000,0.480,0.480,0.703
1780271217792,0.003,0.000,0.000,0.003,0.000,0.000,0.003,0.000,0.009,0.000,0.480,0.480,0.727
1780271217822,0.000,0.000,0.000,0.003,0.000,0.000,0.000,0.000,0.003,0.000,0.480,0.480,0.703
1780271217851,0.000,0.000,0.000,0.003,0.000,0.000,0.003,0.000,0.006,0.000,0.488,0.488,0.727
1780271217896,0.000,0.000,0.000,0.003,0.000,0.000,0.003,0.003,0.009,0.000,0.488,0.488,0.727
1780271217927,0.003,0.003,0.000,0.003,0.000,0.000,0.003,0.000,0.012,0.000,0.488,0.488,0.727
1780271217958,0.000,0.000,0.000,0.003,0.000,0.000,0.000,0.000,0.003,0.000,0.472,0.472,0.727
1780271217986,0.003,0.000,0.000,0.000,0.000,0.000,0.000,0.000,0.003,0.000,0.480,0.480,0.703
1780271218026,0.000,0.000,0.003,0.003,0.000,0.003,0.000,0.000,0.009,0.000,0.488,0.488,0.727
1780271218077,0.003,0.000,0.000,0.003,0.000,0.000,0.000,0.000,0.006,0.000,0.488,0.488,0.727
1780271218121,0.003,0.000,0.003,0.003,0.000,0.000,0.000,0.000,0.009,0.000,0.488,0.488,0.727
1780271218159,0.003,0.000,0.000,0.003,0.000,0.000,0.003,0.000,0.009,0.000,0.480,0.480,0.752
1780271218184,0.000,0.000,0.003,0.003,0.000,0.000,0.000,0.000,0.006,0.000,0.480,0.480,0.752
1780271218215,0.003,0.000,0.003,0.003,0.000,0.000,0.003,0.000,0.012,0.000,0.488,0.488,0.703
1780271218258,0.000,0.000,0.000,0.003,0.000,0.003,0.003,0.000,0.009,0.000,0.480,0.480,0.727
1780271218309,0.000,0.003,0.000,0.003,0.000,0.000,0.007,0.000,0.013,0.000,0.480,0.480,0.703
1780271218337,0.000,0.000,0.000,0.000,0.000,0.000,0.007,0.003,0.010,0.000,0.488,0.488,0.727
1780271218383,0.000,0.000,0.000,0.003,0.003,0.000,0.003,0.000,0.009,0.000,0.496,0.496,0.703
1780271218415,0.000,0.000,0.000,0.003,0.000,0.000,0.007,0.000,0.010,0.000,0.488,0.488,0.727
1780271218461,0.000,0.000,0.000,0.003,0.000,0.000,0.003,0.000,0.006,0.000,0.496,0.496,0.727
1780271218497,0.000,0.000,0.000,0.003,0.000,0.000,0.003,0.000,0.006,0.000,0.488,0.488,0.727
1780271218530,0.003,0.000,0.000,0.003,0.000,0.000,0.003,0.003,0.012,0.000,0.488,0.488,0.752
1780271218591,0.000,0.003,0.000,0.003,0.000,0.003,0.003,0.000,0.012,0.000,0.480,0.480,0.727
1780271218650,0.003,0.000,0.003,0.003,0.000,0.000,0.000,0.003,0.012,0.000,0.488,0.488,0.727
1780271218679,0.003,0.000,0.000,0.003,0.000,0.000,0.000,0.003,0.009,0.000,0.512,0.512,0.727
1780271218715,0.000,0.000,0.003,0.003,0.000,0.003,0.003,0.003,0.015,0.000,0.529,0.529,0.752
1780271218739,0.003,0.000,0.000,0.003,0.000,0.000,0.007,0.000,0.013,0.000,0.504,0.504,0.776
1780271218785,0.003,0.003,0.000,0.003,0.000,0.000,0.003,0.000,0.012,0.000,0.488,0.488,0.727
1780271218823,0.000,0.000,0.000,0.003,0.000,0.000,0.003,0.003,0.009,0.000,0.488,0.488,0.727
1780271218855,0.000,0.003,0.000,0.003,0.000,0.000,0.003,0.000,0.009,0.000,0.488,0.488,0.703
1780271218887,0.000,0.003,0.000,0.003,0.000,0.000,0.000,0.007,0.013,0.000,0.512,0.512,0.679
1780271218918,0.003,0.000,0.003,0.003,0.000,0.000,0.003,0.000,0.012,0.000,0.488,0.488,0.727
1780271218943,0.003,0.000,0.000,0.003,0.000,0.003,0.007,0.000,0.016,0.000,0.488,0.488,0.727
1780271218991,0.003,0.000,0.007,0.000,0.000,0.000,0.003,0.003,0.016,0.000,0.480,0.480,0.679
1780271219020,0.000,0.000,0.000,0.003,0.003,0.000,0.007,0.000,0.013,0.000,0.488,0.488,0.703
1780271219051,0.000,0.000,0.000,0.003,0.000,0.000,0.003,0.000,0.006,0.000,0.472,0.472,0.703
1780271219106,0.000,0.000,0.000,0.007,0.000,0.000,0.003,0.000,0.010,0.000,0.480,0.480,0.703
1780271219167,0.000,0.000,0.000,0.003,0.000,0.000,0.003,0.003,0.009,0.000,0.480,0.480,0.679
1780271219196,0.000,0.000,0.000,0.003,0.000,0.000,0.003,0.003,0.009,0.000,0.472,0.472,0.679
1780271219233,0.000,0.000,0.000,0.003,0.000,0.000,0.003,0.000,0.006,0.000,0.488,0.488,0.703
1780271219263,0.003,0.000,0.000,0.003,0.003,0.000,0.007,0.000,0.016,0.000,0.480,0.480,0.727
1780271219318,0.000,0.000,0.003,0.003,0.000,0.003,0.003,0.000,0.012,0.000,0.480,0.480,0.703
1780271219379,0.003,0.000,0.003,0.003,0.000,0.003,0.003,0.000,0.015,0.000,0.496,0.496,0.727
1780271219412,0.000,0.000,0.003,0.003,0.000,0.000,0.003,0.003,0.012,0.000,0.480,0.480,0.703
1780271219454,0.000,0.000,0.000,0.003,0.000,0.000,0.003,0.000,0.006,0.000,0.488,0.488,0.703
1780271219492,0.003,0.000,0.000,0.003,0.000,0.000,0.003,0.000,0.009,0.000,0.472,0.472,0.727
1780271219527,0.007,0.000,0.003,0.003,0.003,0.000,0.003,0.003,0.022,0.000,0.472,0.472,0.703
1780271219563,0.000,0.000,0.000,0.003,0.000,0.003,0.000,0.000,0.006,0.000,0.480,0.480,0.703
1780271219621,0.000,0.000,0.000,0.000,0.000,0.000,0.003,0.000,0.003,0.000,0.472,0.472,0.703
1780271219675,0.000,0.000,0.000,0.003,0.000,0.000,0.003,0.000,0.006,0.000,0.488,0.488,0.703
1780271219703,0.003,0.003,0.003,0.003,0.003,0.000,0.000,0.000,0.015,0.000,0.480,0.480,0.703
1780271219736,0.000,0.000,0.000,0.003,0.000,0.000,0.003,0.000,0.006,0.000,0.472,0.472,0.703
1780271219778,0.000,0.000,0.000,0.003,0.000,0.000,0.003,0.000,0.006,0.000,0.472,0.472,0.727
1780271219831,0.000,0.000,0.003,0.003,0.000,0.000,0.003,0.000,0.009,0.000,0.472,0.472,0.703
1780271219874,0.000,0.000,0.000,0.003,0.003,0.000,0.003,0.003,0.012,0.000,0.472,0.472,0.727
1780271219921,0.000,0.000,0.000,0.003,0.000,0.003,0.003,0.000,0.009,0.000,0.488,0.488,0.727
1780271219962,0.000,0.000,0.003,0.003,0.000,0.000,0.003,0.000,0.009,0.000,0.472,0.472,0.679
1780271220008,0.003,0.000,0.000,0.003,0.000,0.003,0.003,0.003,0.015,0.000,0.472,0.472,0.703
1780271220042,0.000,0.000,0.000,0.003,0.000,0.003,0.000,0.003,0.009,0.000,0.480,0.480,0.703
1780271220076,0.000,0.003,0.003,0.003,0.000,0.000,0.003,0.000,0.012,0.000,0.488,0.488,0.703
1780271220142,0.000,0.000,0.003,0.003,0.000,0.003,0.003,0.003,0.015,0.000,0.480,0.480,0.703
1780271220199,0.003,0.000,0.000,0.003,0.000,0.003,0.003,0.000,0.012,0.000,0.488,0.488,0.703
1780271220227,0.003,0.000,0.000,0.003,0.000,0.003,0.003,0.000,0.012,0.000,0.480,0.480,0.703
1780271220259,0.000,0.000,0.003,0.003,0.000,0.003,0.003,0.000,0.012,0.000,0.480,0.480,0.727
1780271220287,0.000,0.000,0.003,0.003,0.000,0.000,0.003,0.003,0.012,0.000,0.480,0.480,0.703
1780271220342,0.003,0.000,0.003,0.007,0.000,0.000,0.003,0.003,0.019,0.000,0.480,0.480,0.703
1780271220384,0.003,0.003,0.000,0.003,0.000,0.000,0.003,0.003,0.015,0.000,0.472,0.472,0.703
1780271220421,0.000,0.000,0.000,0.003,0.003,0.000,0.003,0.003,0.012,0.000,0.504,0.504,0.703
1780271220448,0.000,0.000,0.003,0.003,0.000,0.000,0.003,0.000,0.009,0.000,0.488,0.488,0.703
1780271220486,0.000,0.000,0.003,0.003,0.000,0.000,0.003,0.000,0.009,0.000,0.488,0.488,0.703
1780271220516,0.000,0.000,0.000,0.003,0.000,0.000,0.003,0.003,0.009,0.000,0.488,0.488,0.703
1780271220548,0.003,0.000,0.000,0.003,0.000,0.000,0.003,0.003,0.012,0.000,0.488,0.488,0.727
1780271220574,0.003,0.000,0.000,0.003,0.000,0.000,0.003,0.003,0.012,0.000,0.480,0.480,0.703
1780271220613,0.003,0.003,0.000,0.003,0.000,0.000,0.003,0.000,0.012,0.000,0.472,0.472,0.727
1780271220670,0.000,0.000,0.000,0.003,0.000,0.000,0.003,0.000,0.006,0.000,0.480,0.480,0.703
1780271220707,0.000,0.003,0.000,0.003,0.000,0.000,0.003,0.000,0.009,0.000,0.472,0.472,0.703
1780271220742,0.000,0.000,0.003,0.003,0.003,0.003,0.003,0.000,0.015,0.000,0.504,0.504,0.703
1780271220768,0.000,0.000,0.000,0.003,0.000,0.000,0.000,0.003,0.006,0.000,0.480,0.480,0.703
1780271220802,0.007,0.000,0.000,0.003,0.000,0.000,0.003,0.000,0.013,0.000,0.488,0.488,0.727
1780271220838,0.000,0.000,0.000,0.007,0.000,0.000,0.003,0.003,0.013,0.000,0.480,0.480,0.727
1780271220884,0.000,0.000,0.000,0.003,0.000,0.000,0.003,0.000,0.006,0.000,0.480,0.480,0.703
1780271220939,0.000,0.000,0.003,0.003,0.000,0.003,0.003,0.000,0.012,0.000,0.488,0.488,0.727
1780271220964,0.000,0.000,0.000,0.000,0.000,0.000,0.003,0.000,0.003,0.000,0.488,0.488,0.727
1780271220999,0.000,0.000,0.000,0.003,0.000,0.000,0.003,0.000,0.006,0.000,0.488,0.488,0.727
1780271221037,0.000,0.000,0.000,0.003,0.000,0.000,0.003,0.000,0.006,0.000,0.488,0.488,0.703
1780271221076,0.003,0.000,0.000,0.003,0.000,0.000,0.003,0.000,0.009,0.000,0.488,0.488,0.727
1780271221103,0.000,0.000,0.000,0.003,0.003,0.000,0.003,0.000,0.009,0.000,0.472,0.472,0.679
1780271221142,0.000,0.003,0.003,0.003,0.000,0.000,0.000,0.000,0.009,0.000,0.480,0.480,0.727
1780271221204,0.003,0.000,0.000,0.007,0.000,0.000,0.007,0.000,0.017,0.000,0.488,0.488,0.752
1780271221243,0.000,0.003,0.003,0.003,0.000,0.000,0.000,0.000,0.009,0.000,0.496,0.496,0.727
1780271221276,0.003,0.000,0.000,0.003,0.000,0.000,0.003,0.000,0.009,0.000,0.488,0.488,0.703
1780271221303,0.000,0.000,0.000,0.003,0.000,0.000,0.003,0.000,0.006,0.000,0.480,0.480,0.703
1780271221361,0.000,0.000,0.000,0.003,0.000,0.003,0.000,0.000,0.006,0.000,0.488,0.488,0.703
1780271221396,0.003,0.000,0.000,0.000,0.000,0.003,0.003,0.000,0.009,0.000,0.496,0.496,0.679
1780271221443,0.003,0.000,0.000,0.003,0.000,0.003,0.000,0.000,0.009,0.000,0.520,0.520,0.752
1780271221473,0.003,0.000,0.000,0.000,0.000,0.000,0.003,0.000,0.006,0.000,0.512,0.512,0.727
1780271221515,0.000,0.000,0.003,0.003,0.000,0.000,0.000,0.003,0.009,0.000,0.504,0.504,0.727
1780271221546,0.000,0.000,0.000,0.003,0.000,0.000,0.003,0.000,0.006,0.000,0.496,0.496,0.727
1780271221577,0.000,0.000,0.000,0.003,0.003,0.000,0.007,0.000,0.013,0.000,0.488,0.488,0.679
1780271221603,0.000,0.000,0.000,0.003,0.000,0.000,0.003,0.000,0.006,0.000,0.488,0.488,0.727
1780271221649,0.000,0.000,0.003,0.003,0.000,0.000,0.000,0.003,0.009,0.000,0.504,0.504,0.703
1780271221697,0.000,0.003,0.000,0.003,0.000,0.000,0.003,0.003,0.012,0.000,0.504,0.504,0.727
1780271221720,0.007,0.000,0.000,0.003,0.000,0.000,0.003,0.000,0.013,0.000,0.488,0.488,0.703
1780271221773,0.000,0.000,0.003,0.003,0.000,0.000,0.000,0.000,0.006,0.000,0.480,0.480,0.703
1780271221800,0.000,0.003,0.000,0.003,0.000,0.000,0.003,0.003,0.012,0.000,0.480,0.480,0.727
1780271221831,0.000,0.000,0.000,0.003,0.000,0.000,0.003,0.000,0.006,0.000,0.488,0.488,0.727
1780271221870,0.003,0.000,0.000,0.003,0.000,0.000,0.003,0.003,0.012,0.000,0.488,0.488,0.703
1780271221903,0.000,0.000,0.000,0.000,0.000,0.000,0.003,0.003,0.006,0.000,0.480,0.480,0.703
1780271221944,0.000,0.000,0.000,0.003,0.000,0.000,0.000,0.000,0.003,0.000,0.472,0.472,0.703
1780271221975,0.000,0.000,0.000,0.003,0.000,0.000,0.003,0.000,0.006,0.000,0.488,0.488,0.679
1780271222002,0.000,0.000,0.003,0.003,0.000,0.000,0.000,0.000,0.006,0.000,0.496,0.496,0.727
1780271222040,0.000,0.000,0.003,0.003,0.000,0.000,0.000,0.000,0.006,0.000,0.480,0.480,0.703
1780271222075,0.000,0.000,0.000,0.003,0.003,0.000,0.003,0.000,0.009,0.000,0.472,0.472,0.703
1780271222106,0.003,0.000,0.000,0.003,0.000,0.000,0.003,0.000,0.009,0.000,0.488,0.488,0.679
1780271222133,0.000,0.003,0.000,0.003,0.000,0.000,0.003,0.000,0.009,0.000,0.480,0.480,0.703
1780271222171,0.003,0.000,0.007,0.003,0.000,0.000,0.003,0.000,0.016,0.000,0.504,0.504,0.703
1780271222220,0.003,0.000,0.000,0.003,0.000,0.000,0.003,0.000,0.009,0.000,0.480,0.480,0.703
1780271222263,0.000,0.000,0.000,0.000,0.000,0.000,0.003,0.000,0.003,0.000,0.488,0.488,0.703
1780271222298,0.003,0.000,0.003,0.003,0.000,0.003,0.007,0.003,0.022,0.000,0.488,0.488,0.703
1780271222326,0.003,0.000,0.000,0.003,0.000,0.000,0.003,0.000,0.009,0.000,0.472,0.472,0.703
1780271222358,0.000,0.000,0.003,0.003,0.000,0.000,0.003,0.000,0.009,0.000,0.480,0.480,0.727
1780271222398,0.000,0.000,0.000,0.003,0.000,0.000,0.003,0.003,0.009,0.000,0.488,0.488,0.703
1780271222441,0.000,0.000,0.000,0.003,0.003,0.000,0.003,0.003,0.012,0.000,0.496,0.496,0.727
1780271222483,0.000,0.000,0.000,0.003,0.000,0.000,0.003,0.000,0.006,0.000,0.488,0.488,0.703
1780271222517,0.003,0.000,0.000,0.003,0.000,0.000,0.003,0.003,0.012,0.000,0.472,0.472,0.703
1780271222548,0.000,0.000,0.000,0.007,0.000,0.000,0.003,0.000,0.010,0.000,0.488,0.488,0.703
1780271222594,0.000,0.000,0.000,0.000,0.000,0.000,0.003,0.000,0.003,0.000,0.480,0.480,0.703
1780271222623,0.000,0.000,0.003,0.003,0.000,0.000,0.007,0.000,0.013,0.000,0.480,0.480,0.703
1780271222660,0.000,0.000,0.000,0.003,0.000,0.000,0.003,0.000,0.006,0.000,0.480,0.480,0.703
1780271222692,0.003,0.000,0.000,0.000,0.000,0.000,0.003,0.003,0.009,0.000,0.488,0.488,0.703
1780271222753,0.000,0.000,0.000,0.003,0.003,0.000,0.003,0.000,0.009,0.000,0.463,0.463,0.703
1780271222803,0.000,0.000,0.000,0.003,0.000,0.000,0.000,0.003,0.006,0.000,0.480,0.480,0.703
1780271222833,0.003,0.000,0.000,0.003,0.000,0.003,0.000,0.000,0.009,0.000,0.472,0.472,0.727
1780271222865,0.003,0.000,0.000,0.003,0.000,0.000,0.003,0.003,0.012,0.000,0.472,0.472,0.703
1780271222913,0.000,0.000,0.000,0.003,0.000,0.003,0.003,0.000,0.009,0.000,0.480,0.480,0.727
1780271222946,0.003,0.000,0.000,0.003,0.000,0.000,0.003,0.000,0.009,0.000,0.496,0.496,0.703
1780271222985,0.003,0.000,0.000,0.003,0.000,0.000,0.003,0.003,0.012,0.000,0.488,0.488,0.727
1780271223016,0.003,0.000,0.000,0.003,0.000,0.000,0.003,0.003,0.012,0.000,0.488,0.488,0.703
1780271223052,0.007,0.000,0.003,0.003,0.000,0.000,0.003,0.000,0.016,0.000,0.480,0.480,0.703
1780271223088,0.003,0.000,0.000,0.003,0.000,0.003,0.003,0.000,0.012,0.000,0.480,0.480,0.727
1780271223118,0.003,0.000,0.000,0.003,0.000,0.000,0.003,0.000,0.009,0.000,0.488,0.488,0.703
1780271223151,0.000,0.000,0.000,0.003,0.000,0.003,0.003,0.000,0.009,0.000,0.472,0.472,0.679
1780271223194,0.003,0.000,0.000,0.003,0.000,0.000,0.003,0.000,0.009,0.000,0.504,0.504,0.703
1780271223230,0.000,0.000,0.003,0.003,0.000,0.000,0.003,0.000,0.009,0.000,0.480,0.480,0.727
1780271223283,0.000,0.000,0.000,0.003,0.000,0.000,0.003,0.003,0.009,0.000,0.472,0.472,0.679
1780271223338,0.000,0.000,0.000,0.003,0.000,0.000,0.003,0.003,0.009,0.000,0.472,0.472,0.703
1780271223369,0.003,0.000,0.000,0.003,0.000,0.000,0.003,0.003,0.012,0.000,0.472,0.472,0.703
1780271223414,0.003,0.000,0.000,0.003,0.000,0.000,0.003,0.000,0.009,0.000,0.496,0.496,0.703
1780271223447,0.003,0.000,0.003,0.003,0.000,0.000,0.003,0.000,0.012,0.000,0.488,0.488,0.752
1780271223481,0.000,0.000,0.000,0.003,0.000,0.000,0.003,0.000,0.006,0.000,0.480,0.480,0.727
1780271223524,0.000,0.000,0.000,0.003,0.000,0.000,0.003,0.000,0.006,0.000,0.480,0.480,0.703
1780271223562,0.000,0.000,0.003,0.003,0.000,0.000,0.003,0.000,0.009,0.000,0.480,0.480,0.727
1780271223598,0.003,0.000,0.000,0.003,0.000,0.000,0.000,0.000,0.006,0.000,0.480,0.480,0.703
1780271223640,0.007,0.000,0.000,0.007,0.000,0.003,0.003,0.003,0.023,0.000,0.480,0.480,0.727
1780271223668,0.000,0.000,0.000,0.003,0.000,0.000,0.003,0.000,0.006,0.000,0.480,0.480,0.703
1780271223705,0.003,0.000,0.000,0.003,0.000,0.000,0.003,0.000,0.009,0.000,0.496,0.496,0.703
1780271223731,0.003,0.003,0.000,0.000,0.000,0.000,0.003,0.000,0.009,0.000,0.480,0.480,0.752
1780271223773,0.000,0.000,0.000,0.000,0.000,0.000,0.000,0.003,0.003,0.000,0.472,0.472,0.727
1780271223825,0.003,0.000,0.000,0.000,0.000,0.003,0.003,0.000,0.009,0.000,0.472,0.472,0.727
1780271223868,0.000,0.000,0.000,0.003,0.000,0.000,0.000,0.000,0.003,0.000,0.480,0.480,0.752
1780271223912,0.000,0.003,0.000,0.003,0.000,0.003,0.003,0.003,0.015,0.000,0.472,0.472,0.679
1780271223962,0.003,0.000,0.000,0.007,0.000,0.000,0.003,0.000,0.013,0.000,0.496,0.496,0.703
1780271223993,0.335,0.105,0.215,0.018,0.000,0.000,0.003,0.000,0.676,0.000,0.846,0.846,0.727
1780271224049,3.593,3.302,4.315,3.900,0.000,0.000,0.007,0.000,15.117,0.000,8.652,8.652,6.327
1780271224088,4.556,4.538,5.405,4.957,0.000,0.000,0.000,0.000,19.456,0.000,15.221,15.221,10.788
1780271224130,4.461,4.446,5.394,5.164,0.000,0.000,0.000,0.000,19.465,0.000,17.728,17.728,16.291
1780271224154,3.943,4.333,4.968,4.909,0.000,0.000,0.000,0.000,18.153,0.000,16.866,16.866,15.491
1780271224193,3.025,3.608,4.330,4.709,0.000,0.000,0.003,0.000,15.675,0.000,15.490,15.490,13.891
1780271224218,2.547,3.123,4.151,4.271,0.000,0.000,0.000,0.000,14.092,0.000,14.122,14.122,12.558
1780271224249,2.358,2.799,3.728,3.688,0.000,0.000,0.003,0.000,12.576,0.000,12.722,12.722,11.394
1780271224279,2.278,2.697,3.178,3.440,0.000,0.000,0.000,0.000,11.593,0.000,11.648,11.648,10.376
1780271224341,1.771,2.125,2.759,2.992,0.000,0.000,0.003,0.000,9.650,0.000,9.898,9.898,8.945
1780271224400,0.758,1.129,1.461,1.968,0.000,0.000,0.003,0.003,5.322,0.000,5.347,5.347,5.697
1780271224442,0.368,0.718,1.027,1.523,0.000,0.000,0.000,0.000,3.636,0.000,2.523,2.523,3.515
1780271224496,0.025,0.029,0.021,0.032,0.000,0.000,0.003,0.003,0.113,0.000,0.757,0.757,0.703
1780271224525,0.007,0.007,0.007,0.010,0.000,0.000,0.000,0.003,0.034,0.000,0.561,0.561,0.703
1780271224569,0.003,0.003,0.000,0.003,0.000,0.000,0.003,0.000,0.012,0.000,0.504,0.504,0.848
1780271224599,0.003,0.003,0.003,0.007,0.000,0.000,0.007,0.003,0.026,0.000,0.496,0.496,0.824
1780271224638,0.003,0.000,0.003,0.003,0.000,0.000,0.003,0.000,0.012,0.000,0.496,0.496,0.824
1780271224672,0.000,0.000,0.003,0.003,0.003,0.000,0.003,0.000,0.012,0.000,0.488,0.488,0.824
1780271224716,0.003,0.003,0.000,0.003,0.000,0.000,0.003,0.000,0.012,0.000,0.504,0.504,0.824
1780271224743,0.003,0.000,0.000,0.003,0.000,0.000,0.003,0.003,0.012,0.000,0.504,0.504,0.752
1780271224788,0.003,0.003,0.000,0.003,0.000,0.003,0.003,0.000,0.015,0.000,0.488,0.488,0.752
1780271224830,0.000,0.000,0.003,0.003,0.003,0.000,0.000,0.003,0.012,0.000,0.496,0.496,0.703
1780271224861,0.003,0.000,0.000,0.003,0.000,0.003,0.003,0.000,0.012,0.000,0.496,0.496,0.727
1780271224907,0.003,0.000,0.000,0.003,3.765,3.455,0.003,0.010,7.239,0.000,0.520,0.520,0.727
1780271224949,0.000,0.000,0.000,0.003,4.217,4.100,0.010,0.007,8.337,0.000,0.569,0.569,9.721
1780271225005,0.003,0.000,0.000,0.000,3.371,2.883,0.003,0.007,6.267,0.000,0.520,0.520,7.127
1780271225036,0.000,0.000,0.000,0.003,2.861,2.988,0.003,0.003,5.858,0.000,0.520,0.520,6.836
1780271225080,0.003,0.000,0.003,0.003,2.292,2.405,0.000,0.007,4.713,0.000,0.512,0.512,5.648
1780271225110,0.000,0.003,0.000,0.003,2.015,1.899,0.003,0.003,3.926,0.000,0.504,0.504,4.291
1780271225143,0.000,0.000,0.003,0.003,1.749,1.724,0.003,0.003,3.485,0.000,0.504,0.504,4.073
1780271225186,0.003,0.000,0.003,0.003,1.527,1.603,0.003,0.003,3.145,0.000,0.504,0.504,3.903
1780271225229,0.000,0.000,0.003,0.003,1.490,1.428,0.003,0.003,2.930,0.000,0.520,0.520,3.685
1780271225281,0.000,0.003,0.000,0.003,0.495,0.375,0.003,0.000,0.879,0.000,0.504,0.504,3.539
1780271225310,0.000,0.000,0.000,0.007,0.102,0.131,0.000,0.003,0.243,0.000,0.480,0.480,0.752
1780271225373,0.000,0.000,0.000,0.003,0.003,0.007,0.003,0.000,0.016,0.000,0.496,0.496,0.679
1780271225408,0.003,0.000,0.003,0.003,0.003,0.003,0.003,0.000,0.018,0.000,0.480,0.480,0.703
1780271225441,0.000,0.000,0.003,0.003,0.003,0.000,0.003,0.000,0.012,0.000,0.488,0.488,0.703
1780271225470,0.000,0.003,0.000,0.003,0.000,0.003,0.007,0.000,0.016,0.000,0.504,0.504,0.703
1780271225518,0.003,0.000,0.000,0.000,0.000,0.000,0.003,0.000,0.006,0.000,0.496,0.496,0.703
1780271225547,0.000,0.000,0.000,0.000,0.003,0.000,0.003,0.000,0.006,0.000,0.488,0.488,0.703
1780271225583,0.010,0.000,0.000,0.003,0.000,0.000,0.000,0.000,0.013,0.000,0.488,0.488,0.727
1780271225617,0.000,0.003,0.000,0.003,0.000,0.000,0.003,0.003,0.012,0.000,0.488,0.488,0.679
1780271225656,0.003,0.000,0.000,0.003,0.000,0.000,0.003,0.000,0.009,0.000,0.488,0.488,0.703
1780271225696,0.000,0.003,0.000,0.003,0.000,0.000,0.003,0.000,0.009,0.000,0.496,0.496,0.703
1780271225732,0.003,0.000,0.000,0.003,0.000,0.000,0.003,0.000,0.009,0.000,0.496,0.496,0.727
1780271225793,0.000,0.000,0.000,0.007,0.003,0.000,0.003,0.000,0.013,0.000,0.480,0.480,0.727
1780271225825,0.000,0.003,0.000,0.003,0.000,0.000,0.003,0.003,0.012,0.000,0.472,0.472,0.703
1780271225876,0.007,0.000,0.003,0.003,0.003,0.000,0.003,0.003,0.022,0.000,0.488,0.488,0.703
1780271225912,0.003,0.000,0.000,0.003,0.000,0.000,0.003,0.000,0.009,0.000,0.488,0.488,0.727
1780271225950,0.003,0.000,0.000,0.003,0.000,0.000,0.003,0.000,0.009,0.000,0.496,0.496,0.703
1780271225980,0.003,0.000,0.000,0.003,0.000,0.000,0.000,0.003,0.009,0.000,0.504,0.504,0.703
1780271226026,0.003,0.000,0.000,0.003,0.000,0.000,0.003,0.000,0.009,0.000,0.488,0.488,0.703
1780271226055,0.000,0.000,0.000,0.003,0.003,0.000,0.003,0.000,0.009,0.000,0.480,0.480,0.703
1780271226093,0.000,0.000,0.000,0.003,0.000,0.000,0.003,0.000,0.006,0.000,0.480,0.480,0.727
1780271226119,0.000,0.000,0.000,0.003,0.000,0.003,0.003,0.000,0.009,0.000,0.488,0.488,0.703
1780271226157,0.000,0.000,0.000,0.003,0.000,0.000,0.003,0.007,0.013,0.000,0.488,0.488,0.727
1780271226194,0.000,0.000,0.000,0.003,0.003,0.000,0.003,0.000,0.009,0.000,0.488,0.488,0.703
1780271226236,0.000,0.000,0.000,0.003,0.000,0.000,0.003,0.000,0.006,0.000,0.496,0.496,0.703
1780271226270,0.003,0.000,0.000,0.007,0.000,0.003,0.003,0.000,0.016,0.000,0.496,0.496,0.727
1780271226312,0.000,0.000,0.003,0.003,0.000,0.000,0.003,0.003,0.012,0.000,0.488,0.488,0.703
1780271226343,0.000,0.000,0.000,0.003,0.000,0.000,0.003,0.000,0.006,0.000,0.480,0.480,0.703
1780271226395,0.000,0.000,0.003,0.003,0.000,0.000,0.003,0.000,0.009,0.000,0.472,0.472,0.679
1780271226437,0.003,0.000,0.000,0.000,0.000,0.000,0.003,0.000,0.006,0.000,0.480,0.480,0.703
1780271226482,0.000,0.000,0.007,0.003,0.000,0.003,0.003,0.000,0.016,0.000,0.504,0.504,0.679
1780271226523,0.000,0.000,0.000,0.000,0.000,0.000,0.000,0.000,0.000,0.000,0.480,0.480,0.679
1780271226562,0.000,0.000,0.000,0.003,0.000,0.000,0.003,0.000,0.006,0.000,0.480,0.480,0.679
1780271226615,0.003,0.000,0.000,0.003,0.000,0.000,0.003,0.003,0.012,0.000,0.480,0.480,0.703
1780271226648,0.000,0.000,0.000,0.003,0.000,0.000,0.007,0.000,0.010,0.000,0.472,0.472,0.703
1780271226688,0.000,0.000,0.000,0.003,0.000,0.000,0.000,0.003,0.006,0.000,0.496,0.496,0.703
1780271226724,0.003,0.003,0.000,0.003,0.000,0.000,0.000,0.000,0.009,0.000,0.504,0.504,0.679
1780271226769,0.000,0.000,0.000,0.003,0.000,0.003,0.003,0.000,0.009,0.000,0.520,0.520,0.752
1780271226825,0.000,0.003,0.000,0.003,0.000,0.000,0.003,0.000,0.009,0.000,0.496,0.496,0.727
1780271226853,0.000,0.000,0.000,0.003,0.000,0.000,0.003,0.003,0.009,0.000,0.480,0.480,0.703
1780271226916,0.003,0.000,0.000,0.000,0.003,0.000,0.003,0.003,0.012,0.000,0.488,0.488,0.703
1780271226949,0.003,0.000,0.003,0.003,0.000,0.000,0.003,0.000,0.012,0.000,0.488,0.488,0.727
1780271226987,0.000,0.000,0.000,0.003,0.000,0.000,0.003,0.000,0.006,0.000,0.488,0.488,0.703
1780271227037,0.000,0.000,0.000,0.003,0.000,0.000,0.003,0.000,0.006,0.000,0.488,0.488,0.727
1780271227075,0.003,0.000,0.000,0.003,0.000,0.003,0.003,0.003,0.015,0.000,0.488,0.488,0.703
1780271227112,0.003,0.000,0.000,0.003,0.000,0.000,0.003,0.000,0.009,0.000,0.496,0.496,0.703
1780271227152,0.473,0.634,0.269,0.240,0.003,0.000,0.003,0.000,1.622,0.000,0.822,0.822,0.824
1780271227190,3.287,2.773,0.309,0.437,0.000,0.000,0.003,0.000,6.809,0.000,3.321,3.321,1.164
1780271227253,5.478,4.053,0.419,0.379,0.000,0.003,0.003,0.000,10.335,0.000,6.284,6.284,5.770
1780271227308,4.764,3.885,0.477,0.379,0.000,0.000,0.003,0.000,9.508,0.000,6.487,6.487,6.133
1780271227366,3.991,3.054,0.543,0.546,0.000,0.003,0.003,0.000,8.140,0.000,5.934,5.934,5.794
1780271227418,3.900,2.646,0.277,0.681,0.000,0.000,0.003,0.000,7.507,0.000,5.559,5.559,5.164
1780271227453,3.860,2.598,0.174,0.812,0.000,0.000,0.007,0.000,7.451,0.000,5.877,5.877,4.752
1780271227508,3.830,2.883,0.076,1.297,0.000,0.000,0.003,0.000,8.089,0.000,6.178,6.178,5.794
1780271227556,3.550,2.799,0.043,1.195,0.000,0.000,0.003,0.003,7.593,0.000,6.105,6.105,5.285
1780271227583,3.502,2.671,0.043,1.206,0.000,0.000,0.003,0.003,7.428,0.000,5.803,5.803,5.552
1780271227627,3.200,2.485,0.051,1.217,0.000,0.000,0.003,0.003,6.959,0.000,5.551,5.551,5.018
1780271227662,3.149,2.369,0.047,1.221,0.000,0.000,0.003,0.003,6.792,0.000,5.404,5.404,4.897
1780271227701,2.617,2.624,0.579,0.739,0.000,0.000,0.003,0.003,6.565,0.000,5.136,5.136,4.558
1780271227737,2.453,2.784,0.783,0.561,0.000,0.000,0.003,0.003,6.587,0.000,5.063,5.063,4.582
1780271227775,2.008,2.474,1.414,0.998,0.000,0.003,0.000,0.003,6.900,0.000,4.607,4.607,4.582
1780271227812,2.238,2.351,1.377,1.202,0.000,0.000,0.003,0.000,7.171,0.000,4.647,4.647,4.170
1780271227870,1.406,1.279,2.846,3.276,0.000,0.000,0.000,0.003,8.810,0.000,4.590,4.590,3.855
1780271227923,1.060,0.572,3.732,4.264,0.000,0.003,0.000,0.000,9.631,0.000,5.364,5.364,4.873
1780271227966,1.290,0.623,3.280,4.297,0.000,0.003,0.003,0.000,9.496,0.000,5.478,5.478,5.042
1780271228006,1.713,0.863,3.160,3.958,0.000,0.000,0.003,0.003,9.700,0.000,5.575,5.575,4.994
1780271228038,2.190,1.144,2.795,3.907,0.000,0.000,0.003,0.000,10.039,0.000,5.860,5.860,5.091
1780271228076,2.259,1.326,2.682,3.579,0.000,0.000,0.003,0.003,9.852,0.000,5.852,5.852,5.503
1780271228113,2.354,1.538,2.577,3.473,0.000,0.000,0.003,0.003,9.948,0.000,5.868,5.868,5.188
1780271228163,2.442,1.735,2.504,3.149,0.000,0.000,0.003,0.000,9.833,0.000,5.722,5.722,5.261
1780271228199,2.402,1.826,2.467,3.014,0.000,0.000,0.000,0.000,9.709,0.000,5.771,5.771,5.139
1780271228246,2.190,2.194,2.744,2.668,0.000,0.000,0.003,0.000,9.799,0.000,5.787,5.787,5.236
1780271228277,2.165,2.212,2.635,2.602,0.000,0.000,0.003,0.003,9.620,0.000,5.706,5.706,5.188
1780271228319,2.146,2.238,2.584,2.598,0.000,0.000,0.003,0.000,9.569,0.000,5.665,5.665,5.188
1780271228389,2.194,2.074,2.577,2.649,0.000,0.000,0.003,0.000,9.497,0.000,5.453,5.453,4.873
1780271228445,1.742,1.800,2.336,2.285,0.000,0.000,0.000,0.003,8.166,0.000,4.460,4.460,3.952
1780271228479,1.753,1.691,2.278,2.194,0.000,0.003,0.000,0.003,7.922,0.000,4.273,4.273,3.952
1780271228529,1.724,1.643,2.092,2.132,0.000,0.000,0.003,0.000,7.594,0.000,4.167,4.167,3.830
1780271228564,1.742,1.793,2.376,2.230,0.000,0.000,0.000,0.003,8.144,0.000,4.428,4.428,3.830
1780271228600,1.789,1.950,2.464,2.055,0.000,0.000,0.003,0.000,8.261,0.000,4.444,4.444,4.097
1780271228630,1.756,1.953,2.347,2.168,0.000,0.000,0.003,0.000,8.227,0.000,4.411,4.411,4.024
1780271228685,1.512,2.256,2.948,1.855,0.000,0.000,0.003,0.000,8.574,0.000,4.810,4.810,4.339
1780271228721,1.439,2.369,3.014,1.833,0.000,0.000,0.003,0.000,8.658,0.000,4.810,4.810,4.436
1780271228759,0.896,2.544,3.251,1.549,0.000,0.000,0.003,0.003,8.246,0.000,4.753,4.753,4.339
1780271228796,0.823,2.602,3.320,1.279,0.000,0.000,0.007,0.003,8.034,0.000,4.786,4.786,4.242
1780271228840,0.852,2.726,3.353,1.228,0.000,0.000,0.003,0.000,8.162,0.000,4.729,4.729,4.339
1780271228901,0.583,2.682,3.273,0.856,0.000,0.000,0.000,0.000,7.394,0.000,4.590,4.590,4.291
1780271228961,0.532,2.704,3.233,0.652,0.000,0.003,0.003,0.000,7.127,0.000,4.509,4.509,4.073
1780271229021,0.732,2.515,2.792,0.583,0.000,0.000,0.003,0.003,6.628,0.000,4.061,4.061,3.830
1780271229055,0.674,2.507,2.686,0.521,0.000,0.000,0.003,0.003,6.394,0.000,3.980,3.980,3.685
1780271229096,0.626,2.668,2.613,0.601,0.000,0.000,0.003,0.000,6.511,0.000,3.956,3.956,3.758
1780271229129,0.699,2.525,2.536,0.568,0.000,0.000,0.003,0.000,6.331,0.000,3.874,3.874,3.588
1780271229173,0.517,2.558,2.609,0.524,0.000,0.000,0.003,0.000,6.211,0.000,3.931,3.931,3.588
1780271229230,0.495,2.391,2.595,0.495,0.000,0.000,0.003,0.003,5.982,0.000,3.663,3.663,3.491
1780271229273,0.338,2.201,2.325,0.273,0.000,0.000,0.003,0.000,5.140,0.000,3.296,3.296,3.152
1780271229323,0.335,2.252,2.325,0.513,0.000,0.000,0.000,0.003,5.428,0.000,3.402,3.402,3.030
1780271229353,0.466,2.238,2.522,0.492,0.000,0.000,0.000,0.000,5.718,0.000,3.410,3.410,3.321
1780271229402,0.400,2.176,2.281,0.441,0.003,0.000,0.003,0.000,5.304,0.000,3.321,3.321,2.958
1780271229445,0.583,2.369,2.547,0.586,0.000,0.000,0.003,0.000,6.088,0.000,3.337,3.337,3.248
1780271229500,0.586,2.084,2.139,0.535,0.000,0.000,0.000,0.000,5.344,0.000,3.158,3.158,3.006
1780271229540,0.262,2.139,2.252,0.477,0.000,0.000,0.003,0.000,5.133,0.000,3.125,3.125,3.103
1780271229584,0.120,1.953,2.150,0.145,0.000,0.003,0.003,0.000,4.374,0.000,2.881,2.881,2.764
1780271229615,0.123,1.979,2.219,0.123,0.000,0.000,0.003,0.003,4.450,0.000,2.946,2.946,2.715
1780271229656,0.134,1.939,2.125,0.145,0.000,0.000,0.003,0.003,4.349,0.000,2.775,2.775,2.836
1780271229682,0.142,1.851,2.172,0.149,0.000,0.003,0.003,0.000,4.320,0.000,2.751,2.751,2.594
1780271229720,0.138,1.913,2.351,0.134,0.000,0.000,0.003,0.000,4.539,0.000,2.832,2.832,2.642
1780271229751,0.134,1.957,2.296,0.134,0.000,0.000,0.003,0.003,4.527,0.000,2.824,2.824,2.764
1780271229787,0.131,2.004,2.263,0.127,0.000,0.000,0.000,0.000,4.525,0.000,2.840,2.840,2.739
1780271229823,0.123,1.993,2.263,0.127,0.000,0.000,0.003,0.000,4.509,0.000,2.922,2.922,2.691
1780271229858,0.127,2.117,2.405,0.127,0.000,0.000,0.003,0.000,4.779,0.000,3.011,3.011,2.788
1780271229910,0.120,2.128,2.416,0.120,0.000,0.000,0.000,0.003,4.787,0.000,3.060,3.060,2.982
1780271229937,0.116,2.157,2.394,0.116,0.000,0.000,0.003,0.000,4.786,0.000,2.987,2.987,2.909
1780271229976,0.112,2.099,2.412,0.112,0.003,0.000,0.003,0.003,4.744,0.000,2.995,2.995,2.788
1780271230041,0.109,2.055,2.201,0.112,0.000,0.003,0.000,0.000,4.480,0.000,2.922,2.922,2.861
1780271230075,0.105,2.037,2.205,0.116,0.000,0.003,0.003,0.000,4.469,0.000,2.889,2.889,2.764
1780271230112,0.105,1.971,2.194,0.109,0.000,0.000,0.003,0.000,4.382,0.000,2.865,2.865,2.715
1780271230139,0.105,1.968,2.219,0.116,0.000,0.000,0.003,0.003,4.414,0.000,2.816,2.816,2.739
1780271230181,0.109,1.899,2.197,0.116,0.000,0.000,0.000,0.000,4.321,0.000,2.800,2.800,2.642
1780271230208,0.105,1.939,2.055,0.116,0.000,0.000,0.003,0.003,4.221,0.000,2.759,2.759,2.618
1780271230243,0.102,1.924,2.004,0.109,0.000,0.003,0.000,0.000,4.142,0.000,2.710,2.710,2.691
1780271230275,0.102,1.866,1.909,0.112,0.000,0.000,0.003,0.000,3.992,0.000,2.694,2.694,2.618
1780271230318,0.102,1.957,1.917,0.112,0.000,0.000,0.000,0.000,4.088,0.000,2.653,2.653,2.570
1780271230367,0.102,1.848,1.935,0.109,0.000,0.000,0.003,0.000,3.997,0.000,2.645,2.645,2.545
1780271230423,0.156,1.283,1.334,0.153,0.000,0.000,0.003,0.000,2.929,0.000,1.921,1.921,1.964
1780271230454,0.182,0.947,0.616,0.189,0.000,0.000,0.000,0.003,1.937,0.000,1.245,1.245,1.624
1780271230488,0.211,0.273,0.255,0.200,0.000,0.000,0.003,0.000,0.942,0.000,0.944,0.944,0.970
1780271230533,0.207,0.178,0.182,0.204,0.003,0.000,0.003,0.000,0.777,0.000,0.805,0.805,0.945
1780271230569,0.200,0.164,0.138,0.196,0.000,0.003,0.003,0.003,0.707,0.000,0.757,0.757,0.897
1780271230602,0.207,0.185,0.131,0.193,0.000,0.000,0.003,0.000,0.719,0.000,0.757,0.757,0.897
1780271230641,0.211,0.189,0.145,0.196,0.000,0.000,0.003,0.000,0.744,0.000,0.732,0.732,0.897
1780271230666,0.204,0.185,0.153,0.204,0.000,0.000,0.003,0.000,0.749,0.000,0.732,0.732,0.897
1780271230703,0.200,0.185,0.156,0.211,0.000,0.000,0.003,0.000,0.755,0.000,0.740,0.740,0.873
1780271230735,0.204,0.193,0.160,0.218,0.003,0.000,0.003,0.000,0.781,0.000,0.732,0.732,0.897
1780271230778,0.160,0.470,0.371,0.160,0.000,0.000,0.003,0.000,1.164,0.000,0.870,0.870,0.945
1780271230808,0.138,0.739,0.320,0.149,0.000,0.000,0.003,0.000,1.349,0.000,0.984,0.984,1.018
1780271230849,0.083,2.263,1.975,0.098,0.000,0.000,0.003,0.003,4.425,0.000,2.897,2.897,0.994
1780271230900,1.574,3.765,3.932,1.560,0.000,0.000,0.003,0.000,10.834,0.000,6.284,6.284,4.752
1780271230968,1.680,4.643,4.286,2.285,0.000,0.000,0.003,0.000,12.897,0.000,8.107,8.107,7.515
1780271231004,1.775,4.308,4.078,2.022,0.000,0.000,0.003,0.000,12.186,0.000,8.042,8.042,7.152
1780271231078,1.479,3.794,3.805,1.527,0.000,0.000,0.000,0.000,10.605,0.000,7.342,7.342,6.788
1780271231112,1.494,3.546,3.557,1.436,0.000,0.000,0.003,0.000,10.036,0.000,6.975,6.975,6.206
1780271231147,1.552,3.491,3.553,1.545,0.000,0.000,0.003,0.003,10.147,0.000,7.089,7.089,6.061
1780271231176,1.662,3.444,3.470,1.541,0.000,0.000,0.000,0.000,10.117,0.000,6.975,6.975,6.473
1780271231221,1.924,3.542,3.502,2.044,0.000,0.000,0.000,0.000,11.012,0.000,7.651,7.651,6.061
1780271231257,2.474,3.397,3.502,2.595,0.000,0.000,0.003,0.000,11.971,0.000,8.408,8.408,7.127
1780271231305,2.351,1.855,1.997,2.566,0.000,0.000,0.000,0.000,8.769,0.000,4.680,4.680,8.073
1780271231336,2.347,1.345,1.352,2.544,0.000,0.000,0.003,0.000,7.591,0.000,3.980,3.980,3.321
1780271231380,0.590,0.368,0.371,0.703,0.000,0.000,0.003,0.000,2.035,0.000,1.611,1.611,3.321
1780271231411,0.109,0.076,0.076,0.123,0.000,0.000,0.000,0.000,0.384,0.000,0.895,0.895,0.679
1780271231467,0.010,0.007,0.007,0.010,0.000,0.000,0.003,0.000,0.037,0.000,0.545,0.545,0.679
1780271231496,0.007,0.003,0.007,0.003,0.000,0.000,0.003,0.003,0.026,0.000,0.504,0.504,0.703
1780271231539,0.007,0.003,0.003,0.003,0.000,0.003,0.000,0.000,0.019,0.000,0.496,0.496,0.703
1780271231600,0.007,0.003,0.003,0.003,0.000,0.000,0.003,0.003,0.022,0.000,0.496,0.496,0.703
1780271231639,0.003,0.003,0.003,0.003,0.000,0.000,0.000,0.000,0.012,0.000,0.480,0.480,0.703
1780271231682,0.007,0.000,0.003,0.003,0.000,0.000,0.003,0.000,0.016,0.000,0.512,0.512,0.703
1780271231712,0.003,0.000,0.003,0.003,0.000,0.003,0.003,0.003,0.018,0.000,0.496,0.496,0.703
1780271231746,0.003,0.000,0.003,0.003,0.000,0.003,0.003,0.000,0.015,0.000,0.480,0.480,0.703
1780271231782,0.000,0.000,0.000,0.003,0.000,0.000,0.003,0.003,0.009,0.000,0.480,0.480,0.679
1780271231832,0.007,0.000,0.003,0.003,0.000,0.003,0.003,0.000,0.019,0.000,0.480,0.480,0.703
1780271231863,0.003,0.003,0.000,0.003,0.000,0.000,0.003,0.000,0.012,0.000,0.496,0.496,0.703
1780271231908,0.003,0.000,0.003,0.003,0.003,0.000,0.003,0.003,0.018,0.000,0.496,0.496,0.679
1780271231938,0.003,0.003,0.000,0.003,0.000,0.003,0.003,0.000,0.015,0.000,0.480,0.480,0.679
1780271232007,0.003,0.000,0.000,0.003,0.003,0.000,0.003,0.000,0.012,0.000,0.488,0.488,0.679
1780271232040,0.007,0.000,0.000,0.003,0.003,0.007,0.003,0.000,0.023,0.000,0.496,0.496,0.727
1780271232078,0.000,0.000,0.000,0.003,0.000,0.000,0.003,0.003,0.009,0.000,0.480,0.480,0.703
1780271232137,0.000,0.000,0.000,0.003,0.000,0.000,0.003,0.000,0.006,0.000,0.488,0.488,0.679
1780271232169,0.003,0.000,0.003,0.003,0.000,0.000,0.000,0.000,0.009,0.000,0.496,0.496,0.727
1780271232205,0.003,0.000,0.003,0.003,0.000,0.003,0.000,0.000,0.012,0.000,0.480,0.480,0.679
1780271232236,0.000,0.000,0.003,0.003,0.000,0.000,0.003,0.000,0.009,0.000,0.480,0.480,0.679
1780271232284,0.000,0.000,0.000,0.003,0.003,0.000,0.003,0.000,0.009,0.000,0.504,0.504,0.679
1780271232316,0.000,0.000,0.000,0.003,0.000,0.000,0.007,0.000,0.010,0.000,0.512,0.512,0.703
1780271232352,0.000,0.000,0.003,0.003,0.003,0.000,0.003,0.000,0.012,0.000,0.496,0.496,0.727
1780271232383,0.003,0.003,0.000,0.003,0.000,0.000,0.003,0.000,0.012,0.000,0.488,0.488,0.727
1780271232435,0.003,0.000,0.000,0.003,0.000,0.000,0.003,0.000,0.009,0.000,0.480,0.480,0.679
1780271232469,0.000,0.000,0.000,0.003,0.000,0.000,0.003,0.000,0.006,0.000,0.488,0.488,0.727
1780271232535,0.003,0.000,0.000,0.003,0.000,0.003,0.003,0.000,0.012,0.000,0.480,0.480,0.703
1780271232570,0.000,0.003,0.003,0.003,0.003,0.000,0.003,0.003,0.018,0.000,0.496,0.496,0.679
1780271232600,0.000,0.000,0.000,0.000,0.000,0.000,0.003,0.000,0.003,0.000,0.488,0.488,0.703
1780271232642,0.000,0.000,0.000,0.003,0.000,0.000,0.000,0.000,0.003,0.000,0.488,0.488,0.679
1780271232676,0.000,0.000,0.000,0.003,0.000,0.000,0.003,0.000,0.006,0.000,0.488,0.488,0.703
1780271232705,0.000,0.000,0.000,0.003,0.000,0.003,0.003,0.000,0.009,0.000,0.480,0.480,0.703
1780271232736,0.000,0.003,0.000,0.003,0.000,0.003,0.003,0.003,0.015,0.000,0.480,0.480,0.703
1780271232765,0.003,0.000,0.000,0.003,0.000,0.000,0.003,0.000,0.009,0.000,0.496,0.496,0.703
1780271232804,0.003,0.000,0.000,0.003,0.000,0.003,0.003,0.000,0.012,0.000,0.496,0.496,0.727
1780271232842,0.000,0.000,0.000,0.003,0.000,0.000,0.000,0.000,0.003,0.000,0.504,0.504,0.752
1780271232877,0.000,0.000,0.000,0.003,0.000,0.000,0.003,0.000,0.006,0.000,0.529,0.529,0.727
1780271232905,0.003,0.000,0.003,0.003,0.000,0.000,0.003,0.000,0.012,0.000,0.520,0.520,0.752
1780271232942,0.003,0.000,0.000,0.003,0.003,0.000,0.003,0.000,0.012,0.000,0.512,0.512,0.727
1780271232974,0.003,0.000,0.000,0.003,0.000,0.000,0.007,0.000,0.013,0.000,0.496,0.496,0.703
1780271233012,0.003,0.000,0.000,0.003,0.000,0.000,0.003,0.000,0.009,0.000,0.496,0.496,0.679
1780271233053,0.003,0.000,0.003,0.003,0.000,0.000,0.000,0.000,0.009,0.000,0.496,0.496,0.703
1780271233089,0.003,0.003,0.000,0.003,0.000,0.000,0.003,0.000,0.012,0.000,0.504,0.504,0.727
1780271233118,0.000,0.000,0.000,0.003,0.000,0.000,0.000,0.000,0.003,0.000,0.496,0.496,0.727
1780271233167,0.007,0.000,0.000,0.003,0.000,0.003,0.000,0.000,0.013,0.000,0.480,0.480,0.679
1780271233196,0.003,0.000,0.000,0.003,0.000,0.000,0.003,0.000,0.009,0.000,0.488,0.488,0.703
1780271233232,0.000,0.000,0.000,0.003,0.000,0.003,0.000,0.003,0.009,0.000,0.480,0.480,0.727
1780271233267,0.000,0.000,0.000,0.003,0.000,0.000,0.003,0.000,0.006,0.000,0.480,0.480,0.703
1780271233302,0.000,0.000,0.000,0.000,0.000,0.000,0.003,0.000,0.003,0.000,0.488,0.488,0.703
1780271233331,0.003,0.000,0.003,0.003,0.000,0.000,0.003,0.000,0.012,0.000,0.480,0.480,0.703
1780271233361,0.003,0.000,0.003,0.003,0.000,0.000,0.003,0.000,0.012,0.000,0.488,0.488,0.703
1780271233392,0.000,0.000,0.000,0.003,0.000,0.000,0.000,0.000,0.003,0.000,0.488,0.488,0.679
1780271233429,0.000,0.003,0.007,0.003,0.000,0.000,0.000,0.003,0.016,0.000,0.480,0.480,0.703
1780271233467,0.000,0.000,0.003,0.003,0.000,0.000,0.003,0.007,0.016,0.000,0.472,0.472,0.679
1780271233510,0.003,0.000,0.000,0.003,0.000,0.000,0.003,0.003,0.012,0.000,0.488,0.488,0.703
1780271233581,0.000,0.000,0.000,0.003,0.000,0.000,0.003,0.000,0.006,0.000,0.504,0.504,0.703
1780271233607,0.000,0.000,0.000,0.003,0.000,0.000,0.003,0.000,0.006,0.000,0.488,0.488,0.679
1780271233639,0.003,0.000,0.000,0.000,0.000,0.000,0.003,0.003,0.009,0.000,0.480,0.480,0.703
1780271233681,0.003,0.000,0.000,0.003,0.000,0.003,0.003,0.000,0.012,0.000,0.488,0.488,0.703
1780271233721,0.003,0.000,0.000,0.007,0.000,0.003,0.003,0.003,0.019,0.000,0.488,0.488,0.727
1780271233748,0.003,0.000,0.000,0.003,0.000,0.000,0.003,0.003,0.012,0.000,0.488,0.488,0.703
1780271233779,0.000,0.000,0.000,0.003,0.000,0.000,0.003,0.003,0.009,0.000,0.480,0.480,0.703
1780271233807,0.000,0.000,0.003,0.003,0.000,0.000,0.003,0.000,0.009,0.000,0.480,0.480,0.703
1780271233841,0.000,0.000,0.000,0.003,0.000,0.000,0.003,0.003,0.009,0.000,0.512,0.512,0.679
1780271233870,0.007,0.003,0.000,0.003,0.000,0.000,0.003,0.003,0.019,0.000,0.480,0.480,0.703
1780271233899,0.003,0.000,0.000,0.003,0.003,0.000,0.000,0.000,0.009,0.000,0.496,0.496,0.703
1780271233927,0.000,0.000,0.000,0.000,0.000,0.000,0.003,0.000,0.003,0.000,0.488,0.488,0.679
1780271233958,0.007,0.000,0.003,0.003,0.000,0.000,0.000,0.003,0.016,0.000,0.496,0.496,0.679
1780271234004,0.003,0.003,0.000,0.003,0.000,0.000,0.003,0.000,0.012,0.000,0.488,0.488,0.703
1780271234035,0.000,0.000,0.003,0.003,0.000,0.000,0.003,0.000,0.009,0.000,0.488,0.488,0.679
1780271234093,0.003,0.000,0.000,0.003,0.000,0.000,0.003,0.000,0.009,0.000,0.496,0.496,0.703
1780271234123,0.000,0.000,0.000,0.003,0.000,0.000,0.003,0.000,0.006,0.000,0.496,0.496,0.703
1780271234157,0.007,0.000,0.003,0.003,0.000,0.000,0.003,0.000,0.016,0.000,0.480,0.480,0.679
1780271234201,0.000,0.000,0.003,0.003,0.000,0.000,0.003,0.000,0.009,0.000,0.488,0.488,0.703
1780271234236,0.000,0.007,0.000,0.003,0.000,0.000,0.003,0.000,0.013,0.000,0.488,0.488,0.703
1780271234269,0.003,0.000,0.000,0.003,0.000,0.003,0.003,0.003,0.015,0.000,0.488,0.488,0.727
1780271234299,0.003,0.000,0.000,0.003,0.000,0.000,0.003,0.000,0.009,0.000,0.488,0.488,0.679
1780271234330,0.000,0.000,0.000,0.003,0.000,0.000,0.007,0.003,0.013,0.000,0.504,0.504,0.727
1780271234364,0.000,0.000,0.003,0.003,0.000,0.000,0.003,0.003,0.012,0.000,0.488,0.488,0.727
1780271234393,0.000,0.000,0.000,0.003,0.000,0.000,0.007,0.003,0.013,0.000,0.496,0.496,0.679
1780271234423,0.000,0.000,0.003,0.003,0.000,0.000,0.003,0.003,0.012,0.000,0.488,0.488,0.727
1780271234451,0.000,0.007,0.000,0.007,0.000,0.000,0.003,0.003,0.020,0.000,0.488,0.488,0.703
1780271234487,0.007,0.000,0.000,0.000,0.000,0.000,0.003,0.003,0.013,0.000,0.480,0.480,0.703
1780271234553,0.000,0.000,0.000,0.003,0.000,0.000,0.003,0.003,0.009,0.000,0.472,0.472,0.703
1780271234621,0.000,0.000,0.000,0.003,0.000,0.003,0.003,0.000,0.009,0.000,0.488,0.488,0.727
1780271234650,0.000,0.000,0.000,0.007,0.003,0.000,0.003,0.000,0.013,0.000,0.488,0.488,0.679
1780271234688,0.000,0.000,0.000,0.003,0.000,0.000,0.003,0.003,0.009,0.000,0.488,0.488,0.703
1780271234740,0.003,0.000,0.003,0.003,0.003,0.000,0.003,0.003,0.018,0.000,0.488,0.488,0.679
1780271234769,0.000,0.000,0.000,0.003,0.000,0.000,0.003,0.003,0.009,0.000,0.480,0.480,0.703
1780271234800,0.000,0.000,0.000,0.003,0.000,0.000,0.003,0.000,0.006,0.000,0.480,0.480,0.703
1780271234837,0.000,0.000,0.000,0.003,0.003,0.000,0.003,0.000,0.009,0.000,0.496,0.496,0.703
1780271234871,0.000,0.003,0.000,0.003,0.000,0.000,0.003,0.003,0.012,0.000,0.480,0.480,0.752
1780271234897,0.000,0.000,0.000,0.003,0.000,0.000,0.003,0.000,0.006,0.000,0.480,0.480,0.630
1780271234928,0.003,0.000,0.000,0.000,0.000,0.000,0.003,0.000,0.006,0.000,0.480,0.480,0.679
1780271234957,0.000,0.000,0.000,0.003,0.003,0.003,0.003,0.000,0.012,0.000,0.488,0.488,0.703
1780271234998,0.003,0.000,0.003,0.003,0.000,0.000,0.003,0.000,0.012,0.000,0.480,0.480,0.703
1780271235036,0.000,0.000,0.003,0.003,0.000,0.000,0.000,0.003,0.009,0.000,0.488,0.488,0.679
1780271235089,0.000,0.003,0.000,0.003,0.003,0.000,0.003,0.000,0.012,0.000,0.512,0.512,0.703
1780271235154,0.000,0.003,0.000,0.003,0.003,0.000,0.003,0.000,0.012,0.000,0.472,0.472,0.703
1780271235181,0.000,0.000,0.000,0.003,0.000,0.003,0.003,0.000,0.009,0.000,0.488,0.488,0.630
1780271235215,0.003,0.000,0.000,0.003,0.000,0.000,0.003,0.003,0.012,0.000,0.472,0.472,0.679
1780271235271,0.000,0.000,0.000,0.003,0.000,0.000,0.003,0.000,0.006,0.000,0.496,0.496,0.630
1780271235312,0.003,0.000,0.003,0.000,0.003,0.000,0.003,0.000,0.012,0.000,0.472,0.472,0.679
1780271235353,0.000,0.000,0.003,0.003,0.000,0.000,0.003,0.000,0.009,0.000,0.504,0.504,0.703
1780271235388,0.000,0.000,0.000,0.003,0.000,0.000,0.003,0.000,0.006,0.000,0.520,0.520,0.703
1780271235416,0.000,0.000,0.000,0.000,0.000,0.000,0.003,0.000,0.003,0.000,0.512,0.512,0.727
1780271235443,0.000,0.000,0.000,0.003,0.000,0.000,0.003,0.000,0.006,0.000,0.496,0.496,0.679
1780271235480,0.003,0.000,0.003,0.003,0.000,0.000,0.000,0.003,0.012,0.000,0.496,0.496,0.727
1780271235505,0.003,0.000,0.000,0.003,0.000,0.000,0.000,0.000,0.006,0.000,0.488,0.488,0.679
1780271235549,0.000,0.000,0.000,0.003,0.000,0.000,0.003,0.000,0.006,0.000,0.488,0.488,0.630
1780271235587,0.003,0.003,0.003,0.003,0.000,0.000,0.003,0.003,0.018,0.000,0.504,0.504,0.679
1780271235617,0.003,0.000,0.000,0.003,0.000,0.000,0.003,0.003,0.012,0.000,0.488,0.488,0.703
1780271235674,0.000,0.000,0.003,0.003,0.000,0.000,0.000,0.000,0.006,0.000,0.480,0.480,0.679
1780271235705,0.000,0.000,0.000,0.007,0.003,0.000,0.003,0.003,0.016,0.000,0.480,0.480,0.679
1780271235738,0.003,0.003,0.000,0.003,0.000,0.000,0.003,0.003,0.015,0.000,0.480,0.480,0.703
1780271235793,0.000,0.000,0.000,0.000,0.000,0.000,0.003,0.003,0.006,0.000,0.472,0.472,0.679
1780271235830,0.000,0.000,0.000,0.003,0.000,0.003,0.003,0.000,0.009,0.000,0.480,0.480,0.703
1780271235873,0.003,0.000,0.000,0.003,0.000,0.000,0.000,0.000,0.006,0.000,0.488,0.488,0.703
1780271235903,0.000,0.000,0.000,0.000,0.000,0.000,0.003,0.000,0.003,0.000,0.480,0.480,0.703
1780271235941,0.000,0.000,0.000,0.000,0.000,0.000,0.003,0.003,0.006,0.000,0.480,0.480,0.727
1780271235970,0.007,0.000,0.000,0.003,0.000,0.000,0.003,0.000,0.013,0.000,0.480,0.480,0.703
1780271236016,0.003,0.003,0.000,0.003,0.000,0.000,0.007,0.000,0.016,0.000,0.472,0.472,0.679
1780271236057,0.003,0.000,0.000,0.003,0.000,0.003,0.003,0.000,0.012,0.000,0.488,0.488,0.630
1780271236098,0.003,0.000,0.000,0.003,0.000,0.000,0.003,0.003,0.012,0.000,0.520,0.520,0.703
1780271236124,0.000,0.003,0.000,0.003,0.000,0.003,0.000,0.000,0.009,0.000,0.496,0.496,0.727
1780271236187,0.003,0.000,0.000,0.003,0.000,0.000,0.003,0.000,0.009,0.000,0.488,0.488,0.630
1780271236215,0.000,0.003,0.000,0.003,0.000,0.000,0.003,0.003,0.012,0.000,0.472,0.472,0.703
1780271236252,0.003,0.000,0.003,0.003,0.000,0.000,0.003,0.000,0.012,0.000,0.488,0.488,0.679
1780271236309,0.003,0.000,0.003,0.003,0.000,0.000,0.003,0.000,0.012,0.000,0.488,0.488,0.679
1780271236340,0.003,0.000,0.000,0.003,0.000,0.000,0.003,0.003,0.012,0.000,0.496,0.496,0.703
1780271236373,0.000,0.007,0.003,0.003,0.000,0.000,0.003,0.000,0.016,0.000,0.488,0.488,0.703
1780271236399,0.000,0.000,0.000,0.003,0.000,0.000,0.003,0.000,0.006,0.000,0.480,0.480,0.703
1780271236437,0.000,0.003,0.000,0.003,0.000,0.000,0.003,0.003,0.012,0.000,0.488,0.488,0.703
1780271236462,0.003,0.000,0.003,0.003,0.000,0.000,0.000,0.000,0.009,0.000,0.488,0.488,0.703
1780271236493,0.003,0.000,0.000,0.007,0.000,0.000,0.003,0.000,0.013,0.000,0.480,0.480,0.679
1780271236524,0.000,0.000,0.000,0.003,0.000,0.000,0.003,0.007,0.013,0.000,0.496,0.496,0.703
1780271236569,0.000,0.000,0.000,0.000,0.000,0.000,0.003,0.000,0.003,0.000,0.488,0.488,0.679
1780271236598,0.000,0.000,0.000,0.000,0.003,0.000,0.003,0.000,0.006,0.000,0.504,0.504,0.727
1780271236632,0.000,0.000,0.000,0.003,0.000,0.003,0.003,0.000,0.009,0.000,0.488,0.488,0.703
1780271236690,0.003,0.000,0.003,0.003,0.000,0.000,0.003,0.000,0.012,0.000,0.504,0.504,0.703
1780271236721,0.000,0.000,0.000,0.003,0.000,0.000,0.000,0.000,0.003,0.000,0.496,0.496,0.679
1780271236750,0.000,0.000,0.000,0.003,0.000,0.000,0.003,0.000,0.006,0.000,0.488,0.488,0.679
1780271236778,0.000,0.000,0.003,0.003,0.000,0.000,0.003,0.000,0.009,0.000,0.488,0.488,0.727
1780271236826,0.003,0.000,0.000,0.003,0.000,0.003,0.007,0.000,0.016,0.000,0.480,0.480,0.703
1780271236863,0.003,0.003,0.000,0.003,0.000,0.000,0.003,0.000,0.012,0.000,0.496,0.496,0.703
1780271236893,0.003,0.000,0.000,0.003,0.000,0.000,0.000,0.003,0.009,0.000,0.480,0.480,0.703
1780271236918,0.003,0.000,0.000,0.003,0.000,0.000,0.003,0.003,0.012,0.000,0.488,0.488,0.679
1780271236949,0.000,0.000,0.000,0.003,0.000,0.003,0.003,0.000,0.009,0.000,0.480,0.480,0.703
1780271236973,0.000,0.000,0.000,0.003,0.000,0.000,0.003,0.000,0.006,0.000,0.496,0.496,0.679
1780271237006,0.000,0.000,0.000,0.003,0.000,0.000,0.003,0.000,0.006,0.000,0.496,0.496,0.703
1780271237039,0.000,0.000,0.000,0.003,0.000,0.003,0.003,0.000,0.009,0.000,0.496,0.496,0.703
1780271237081,0.003,0.000,0.003,0.003,0.000,0.000,0.003,0.000,0.012,0.000,0.488,0.488,0.703
1780271237110,0.000,0.000,0.000,0.003,0.000,0.000,0.003,0.003,0.009,0.000,0.504,0.504,0.727
1780271237146,0.000,0.000,0.003,0.003,0.000,0.000,0.003,0.003,0.012,0.000,0.480,0.480,0.703
1780271237200,0.000,0.000,0.000,0.003,0.000,0.000,0.003,0.000,0.006,0.000,0.472,0.472,0.703
1780271237226,0.000,0.000,0.000,0.003,0.000,0.000,0.003,0.000,0.006,0.000,0.472,0.472,0.679
1780271237261,0.000,0.000,0.000,0.000,0.000,0.000,0.003,0.000,0.003,0.000,0.480,0.480,0.679
1780271237300,0.000,0.000,0.000,0.003,0.000,0.000,0.003,0.000,0.006,0.000,0.472,0.472,0.703
1780271237356,0.003,0.000,0.000,0.003,0.000,0.000,0.007,0.000,0.013,0.000,0.504,0.504,0.630
1780271237388,0.000,0.000,0.003,0.003,0.000,0.000,0.003,0.003,0.012,0.000,0.488,0.488,0.703
1780271237424,0.003,0.000,0.000,0.000,0.000,0.000,0.003,0.000,0.006,0.000,0.488,0.488,0.679
1780271237454,0.000,0.000,0.003,0.003,0.003,0.000,0.003,0.003,0.015,0.000,0.472,0.472,0.703
1780271237488,0.003,0.000,0.003,0.003,0.000,0.000,0.003,0.000,0.012,0.000,0.480,0.480,0.679
1780271237516,0.000,0.000,0.003,0.003,0.000,0.000,0.003,0.000,0.009,0.000,0.463,0.463,0.679
1780271237563,0.000,0.000,0.000,0.003,0.003,0.000,0.003,0.003,0.012,0.000,0.480,0.480,0.703
1780271237613,0.003,0.000,0.000,0.003,0.000,0.000,0.000,0.000,0.006,0.000,0.512,0.512,0.727
1780271237643,0.000,0.000,0.000,0.000,0.000,0.000,0.003,0.000,0.003,0.000,0.488,0.488,0.727
1780271237676,0.000,0.000,0.000,0.003,0.000,0.000,0.003,0.000,0.006,0.000,0.488,0.488,0.703
1780271237744,0.000,0.000,0.000,0.003,0.003,0.003,0.003,0.000,0.012,0.000,0.480,0.480,0.703
1780271237772,0.003,0.000,0.000,0.003,0.000,0.003,0.003,0.000,0.012,0.000,0.488,0.488,0.679
1780271237813,0.000,0.000,0.000,0.003,0.000,0.000,0.003,0.003,0.009,0.000,0.496,0.496,0.679
1780271237872,0.003,0.000,0.000,0.003,0.000,0.000,0.003,0.000,0.009,0.000,0.553,0.553,0.824
1780271237905,0.000,0.003,0.000,0.000,0.000,0.000,0.003,0.000,0.006,0.000,0.496,0.496,0.703
1780271237933,0.000,0.000,0.000,0.000,0.000,0.003,0.003,0.000,0.006,0.000,0.496,0.496,0.703
1780271237962,0.000,0.000,0.003,0.003,0.000,0.003,0.003,0.000,0.012,0.000,0.480,0.480,0.703
1780271237999,0.000,0.000,0.000,0.007,0.003,0.000,0.000,0.000,0.010,0.000,0.488,0.488,0.679
1780271238026,0.000,0.000,0.000,0.003,0.000,0.000,0.007,0.000,0.010,0.000,0.480,0.480,0.679
1780271238060,0.003,0.000,0.000,0.003,0.000,0.000,0.003,0.000,0.009,0.000,0.488,0.488,0.679
1780271238087,0.003,0.000,0.000,0.003,0.000,0.000,0.003,0.000,0.009,0.000,0.488,0.488,0.703
1780271238134,0.003,0.000,0.000,0.007,0.000,0.000,0.003,0.000,0.013,0.000,0.496,0.496,0.727
1780271238163,0.003,0.000,0.003,0.003,0.000,0.000,0.003,0.000,0.012,0.000,0.488,0.488,0.703
1780271238194,0.007,0.000,0.000,0.003,0.000,0.000,0.000,0.003,0.013,0.000,0.463,0.463,0.703
1780271238260,0.000,0.000,0.003,0.003,0.003,0.000,0.003,0.000,0.012,0.000,0.488,0.488,0.679
1780271238285,0.000,0.003,0.000,0.000,0.000,0.000,0.003,0.000,0.006,0.000,0.472,0.472,0.679
1780271238316,0.000,0.000,0.000,0.003,0.000,0.000,0.003,0.003,0.009,0.000,0.488,0.488,0.703
1780271238361,0.007,0.000,0.000,0.003,0.000,0.000,0.003,0.000,0.013,0.000,0.488,0.488,0.679
1780271238398,0.000,0.000,0.000,0.007,0.000,0.000,0.003,0.003,0.013,0.000,0.496,0.496,0.703
1780271238433,0.003,0.000,0.000,0.003,0.000,0.000,0.003,0.003,0.012,0.000,0.504,0.504,0.703
1780271238465,0.003,0.000,0.000,0.003,0.000,0.000,0.003,0.003,0.012,0.000,0.480,0.480,0.727
1780271238493,0.000,0.000,0.003,0.007,0.000,0.000,0.003,0.000,0.013,0.000,0.480,0.480,0.703
1780271238527,0.000,0.000,0.000,0.003,0.000,0.003,0.003,0.003,0.012,0.000,0.488,0.488,0.727
1780271238555,0.003,0.000,0.003,0.003,0.000,0.000,0.003,0.000,0.012,0.000,0.480,0.480,0.703
1780271238596,0.003,0.003,0.003,0.003,0.000,0.003,0.003,0.000,0.018,0.000,0.488,0.488,0.679
1780271238634,0.003,0.003,0.000,0.000,0.000,0.000,0.003,0.000,0.009,0.000,0.496,0.496,0.703
1780271238670,0.000,0.003,0.000,0.003,0.000,0.000,0.000,0.000,0.006,0.000,0.488,0.488,0.679
1780271238700,0.000,0.003,0.000,0.003,0.000,0.000,0.000,0.000,0.006,0.000,0.496,0.496,0.727
1780271238753,0.003,0.000,0.000,0.003,0.003,0.003,0.003,0.000,0.015,0.000,0.488,0.488,0.703
1780271238786,0.000,0.003,0.000,0.003,0.000,0.000,0.003,0.000,0.009,0.000,0.480,0.480,0.679
1780271238824,0.003,0.000,0.000,0.007,0.003,0.000,0.003,0.003,0.019,0.000,0.472,0.472,0.679
1780271238875,0.000,0.000,0.000,0.003,0.000,0.000,0.003,0.000,0.006,0.000,0.488,0.488,0.703
1780271238901,0.000,0.000,0.000,0.003,0.000,0.000,0.003,0.000,0.006,0.000,0.488,0.488,0.703
1780271238937,0.000,0.000,0.000,0.003,0.000,0.000,0.003,0.000,0.006,0.000,0.488,0.488,0.703
1780271238971,0.003,0.000,0.000,0.003,0.000,0.000,0.007,0.000,0.013,0.000,0.480,0.480,0.679
1780271239003,0.000,0.000,0.000,0.003,0.000,0.000,0.003,0.000,0.006,0.000,0.488,0.488,0.679
1780271239030,0.003,0.000,0.000,0.003,0.000,0.000,0.003,0.003,0.012,0.000,0.496,0.496,0.703
1780271239061,0.000,0.000,0.000,0.003,0.000,0.000,0.000,0.000,0.003,0.000,0.496,0.496,0.703
1780271239094,0.000,0.000,0.000,0.000,0.000,0.000,0.003,0.003,0.006,0.000,0.496,0.496,0.679
1780271239129,0.000,0.000,0.003,0.003,0.000,0.000,0.003,0.000,0.009,0.000,0.504,0.504,0.727
1780271239167,0.000,0.000,0.000,0.003,0.000,0.000,0.003,0.003,0.009,0.000,0.496,0.496,0.727
1780271239197,0.000,0.000,0.000,0.003,0.000,0.000,0.003,0.000,0.006,0.000,0.488,0.488,0.703
1780271239227,0.000,0.007,0.000,0.003,0.003,0.000,0.003,0.000,0.016,0.000,0.472,0.472,0.727
1780271239282,0.000,0.000,0.000,0.000,0.000,0.000,0.003,0.000,0.003,0.000,0.480,0.480,0.703
1780271239311,0.000,0.000,0.003,0.003,0.000,0.000,0.003,0.003,0.012,0.000,0.480,0.480,0.727
1780271239349,0.003,0.000,0.000,0.000,0.000,0.000,0.003,0.000,0.006,0.000,0.480,0.480,0.703
1780271239409,0.003,0.000,0.003,0.003,0.000,0.000,0.007,0.003,0.019,0.000,0.496,0.496,0.727
1780271239439,0.003,0.000,0.000,0.003,0.000,0.000,0.000,0.003,0.009,0.000,0.488,0.488,0.703
1780271239472,0.000,0.003,0.000,0.003,0.000,0.003,0.000,0.000,0.009,0.000,0.488,0.488,0.727
1780271239500,0.003,0.000,0.000,0.003,0.000,0.000,0.000,0.003,0.009,0.000,0.488,0.488,0.679
1780271239535,0.003,0.000,0.000,0.003,0.000,0.003,0.003,0.000,0.012,0.000,0.488,0.488,0.679
1780271239564,0.003,0.000,0.000,0.003,0.000,0.000,0.003,0.007,0.016,0.000,0.488,0.488,0.703
1780271239599,0.003,0.000,0.000,0.003,0.000,0.000,0.003,0.000,0.009,0.000,0.480,0.480,0.727
1780271239630,0.000,0.000,0.000,0.003,0.000,0.000,0.000,0.000,0.003,0.000,0.496,0.496,0.703
1780271239676,0.003,0.000,0.003,0.003,0.000,0.003,0.003,0.000,0.015,0.000,0.488,0.488,0.703
1780271239701,0.000,0.000,0.003,0.003,0.000,0.000,0.003,0.000,0.009,0.000,0.480,0.480,0.630
1780271239730,0.000,0.000,0.000,0.003,0.000,0.000,0.003,0.003,0.009,0.000,0.496,0.496,0.727
1780271239781,0.000,0.000,0.000,0.003,0.000,0.000,0.000,0.000,0.003,0.000,0.488,0.488,0.727
1780271239811,0.003,0.000,0.000,0.003,0.000,0.000,0.003,0.003,0.012,0.000,0.488,0.488,0.679
1780271239848,0.000,0.000,0.007,0.003,0.000,0.000,0.000,0.000,0.010,0.000,0.488,0.488,0.703
1780271239878,0.003,0.000,0.000,0.000,0.000,0.000,0.000,0.003,0.006,0.000,0.504,0.504,0.727
1780271239924,0.003,0.000,0.000,0.003,0.000,0.000,0.003,0.000,0.009,0.000,0.472,0.472,0.727
1780271239961,0.007,0.000,0.000,0.003,0.000,0.000,0.000,0.000,0.010,0.000,0.496,0.496,0.703
1780271239991,0.000,0.000,0.000,0.003,0.000,0.003,0.003,0.003,0.012,0.000,0.488,0.488,0.679
1780271240019,0.000,0.000,0.003,0.003,0.000,0.000,0.003,0.003,0.012,0.000,0.488,0.488,0.679
1780271240053,0.003,0.000,0.000,0.003,0.000,0.000,0.003,0.000,0.009,0.000,0.472,0.472,0.679
1780271240085,0.003,0.000,0.003,0.000,0.000,0.003,0.000,0.000,0.009,0.000,0.480,0.480,0.727
1780271240130,0.000,0.003,0.000,0.000,0.000,0.000,0.000,0.000,0.003,0.000,0.488,0.488,0.679
1780271240179,0.003,0.000,0.000,0.003,0.000,0.000,0.003,0.000,0.009,0.000,0.480,0.480,0.679
1780271240215,0.000,0.000,0.003,0.000,0.000,0.000,0.003,0.003,0.009,0.000,0.480,0.480,0.679
1780271240249,0.007,0.000,0.000,0.003,0.000,0.000,0.003,0.000,0.013,0.000,0.496,0.496,0.703
1780271240297,0.003,0.000,0.003,0.003,0.003,0.000,0.000,0.000,0.012,0.000,0.512,0.512,0.752
1780271240321,0.003,0.000,0.000,0.003,0.000,0.003,0.003,0.000,0.012,0.000,0.504,0.504,0.703
1780271240364,0.000,0.000,0.003,0.003,0.000,0.000,0.003,0.000,0.009,0.000,0.488,0.488,0.703
1780271240392,0.000,0.000,0.000,0.003,0.000,0.000,0.003,0.000,0.006,0.000,0.504,0.504,0.703
1780271240444,0.000,0.000,0.007,0.003,0.000,0.000,0.003,0.000,0.013,0.000,0.488,0.488,0.703
1780271240481,0.000,0.000,0.000,0.003,0.000,0.000,0.000,0.000,0.003,0.000,0.496,0.496,0.703
1780271240511,0.000,0.003,0.000,0.000,0.000,0.000,0.003,0.000,0.006,0.000,0.480,0.480,0.703
1780271240542,0.000,0.000,0.003,0.003,0.000,0.000,0.003,0.000,0.009,0.000,0.480,0.480,0.679
1780271240576,0.000,0.000,0.000,0.003,0.000,0.003,0.003,0.000,0.009,0.000,0.496,0.496,0.679
1780271240614,0.000,0.000,0.000,0.000,0.000,0.000,0.003,0.000,0.003,0.000,0.504,0.504,0.727
1780271240649,0.003,0.003,0.000,0.003,0.000,0.000,0.003,0.000,0.012,0.000,0.504,0.504,0.703
1780271240690,0.000,0.000,0.003,0.000,0.000,0.000,0.003,0.000,0.006,0.000,0.480,0.480,0.679
1780271240722,0.003,0.000,0.000,0.003,0.000,0.000,0.003,0.003,0.012,0.000,0.488,0.488,0.703
1780271240755,0.000,0.000,0.000,0.003,0.000,0.003,0.003,0.003,0.012,0.000,0.480,0.480,0.703
1780271240815,0.000,0.000,0.000,0.003,0.003,0.000,0.000,0.000,0.006,0.000,0.488,0.488,0.679
1780271240844,0.000,0.000,0.000,0.003,0.000,0.000,0.007,0.000,0.010,0.000,0.480,0.480,0.679
1780271240895,0.003,0.000,0.003,0.003,0.000,0.000,0.007,0.000,0.016,0.000,0.488,0.488,0.703
1780271240921,0.003,0.000,0.003,0.007,0.000,0.003,0.000,0.000,0.016,0.000,0.496,0.496,0.727
1780271240967,0.003,0.000,0.000,0.003,0.000,0.000,0.003,0.000,0.009,0.000,0.480,0.480,0.727
1780271240998,0.000,0.000,0.000,0.000,0.000,0.000,0.000,0.000,0.000,0.000,0.472,0.472,0.679
1780271241032,0.003,0.000,0.000,0.003,0.000,0.000,0.003,0.003,0.012,0.000,0.480,0.480,0.703
1780271241059,0.003,0.003,0.003,0.003,0.000,0.003,0.000,0.000,0.015,0.000,0.488,0.488,0.703
1780271241090,0.003,0.000,0.000,0.003,0.000,0.000,0.003,0.000,0.009,0.000,0.480,0.480,0.703
1780271241117,0.000,0.000,0.000,0.003,0.000,0.000,0.003,0.000,0.006,0.000,0.480,0.480,0.679
1780271241161,0.003,0.000,0.000,0.003,0.000,0.000,0.000,0.003,0.009,0.000,0.504,0.504,0.703
1780271241218,0.000,0.000,0.000,0.003,0.000,0.000,0.003,0.000,0.006,0.000,0.472,0.472,0.679
1780271241245,0.000,0.000,0.003,0.003,0.000,0.003,0.003,0.000,0.012,0.000,0.472,0.472,0.703
1780271241278,0.003,0.000,0.000,0.003,0.000,0.000,0.003,0.003,0.012,0.000,0.480,0.480,0.679
1780271241338,0.003,0.000,0.000,0.003,0.000,0.000,0.003,0.003,0.012,0.000,0.480,0.480,0.703
1780271241365,0.003,0.000,0.000,0.003,0.000,0.000,0.003,0.000,0.009,0.000,0.480,0.480,0.703
1780271241407,0.003,0.000,0.000,0.003,0.003,0.000,0.003,0.003,0.015,0.000,0.488,0.488,0.679
1780271241434,0.007,0.000,0.000,0.003,0.000,0.003,0.003,0.000,0.016,0.000,0.463,0.463,0.703
1780271241491,0.000,0.000,0.000,0.003,0.000,0.000,0.003,0.000,0.006,0.000,0.463,0.463,0.703
1780271241525,0.000,0.000,0.003,0.003,0.000,0.000,0.003,0.000,0.009,0.000,0.480,0.480,0.703
1780271241557,0.003,0.000,0.000,0.003,0.000,0.003,0.003,0.003,0.015,0.000,0.480,0.480,0.703
1780271241585,0.000,0.000,0.003,0.003,0.000,0.003,0.003,0.000,0.012,0.000,0.488,0.488,0.703
1780271241621,0.000,0.000,0.000,0.003,0.003,0.000,0.003,0.000,0.009,0.000,0.488,0.488,0.703
1780271241654,0.003,0.000,0.000,0.003,0.000,0.000,0.003,0.000,0.009,0.000,0.504,0.504,0.679
1780271241687,0.003,0.000,0.003,0.003,0.000,0.000,0.003,0.003,0.015,0.000,0.520,0.520,0.703
1780271241727,0.007,0.000,0.003,0.003,0.000,0.000,0.003,0.000,0.016,0.000,0.480,0.480,0.703
1780271241764,0.000,0.000,0.000,0.003,0.000,0.003,0.000,0.000,0.006,0.000,0.488,0.488,0.703
1780271241790,0.000,0.003,0.000,0.003,0.000,0.000,0.003,0.003,0.012,0.000,0.496,0.496,0.703
1780271241840,0.003,0.000,0.003,0.003,0.000,0.000,0.003,0.000,0.012,0.000,0.488,0.488,0.679
1780271241871,0.003,0.000,0.000,0.003,0.000,0.000,0.000,0.000,0.006,0.000,0.472,0.472,0.679
1780271241916,0.000,0.000,0.000,0.003,0.000,0.000,0.000,0.000,0.003,0.000,0.488,0.488,0.703
1780271241941,0.003,0.000,0.000,0.003,0.000,0.000,0.003,0.003,0.012,0.000,0.496,0.496,0.703
1780271241988,0.003,0.000,0.000,0.003,0.000,0.000,0.003,0.003,0.012,0.000,0.488,0.488,0.703
1780271242014,0.003,0.000,0.000,0.003,0.000,0.003,0.003,0.003,0.015,0.000,0.488,0.488,0.679
1780271242057,0.003,0.000,0.000,0.000,0.003,0.000,0.003,0.000,0.009,0.000,0.480,0.480,0.727
1780271242086,0.000,0.000,0.000,0.003,0.000,0.003,0.003,0.000,0.009,0.000,0.480,0.480,0.703
1780271242128,0.000,0.000,0.000,0.003,0.000,0.000,0.003,0.000,0.006,0.000,0.480,0.480,0.703
1780271242162,0.000,0.000,0.003,0.003,0.000,0.003,0.003,0.000,0.012,0.000,0.496,0.496,0.679
1780271242207,0.003,0.000,0.000,0.003,0.000,0.000,0.003,0.000,0.009,0.000,0.480,0.480,0.679
1780271242257,0.003,0.000,0.000,0.003,0.000,0.000,0.003,0.000,0.009,0.000,0.463,0.463,0.679
1780271242295,0.000,0.000,0.000,0.003,0.000,0.003,0.003,0.000,0.009,0.000,0.488,0.488,0.679
1780271242358,0.000,0.000,0.003,0.003,0.000,0.000,0.003,0.000,0.009,0.000,0.472,0.472,0.703
1780271242388,0.000,0.000,0.000,0.003,0.000,0.000,0.000,0.000,0.003,0.000,0.496,0.496,0.679
1780271242428,0.000,0.000,0.000,0.003,0.003,0.003,0.007,0.000,0.016,0.000,0.496,0.496,0.703
1780271242461,0.003,0.000,0.000,0.000,0.000,0.000,0.003,0.003,0.009,0.000,0.480,0.480,0.727
1780271242522,0.000,0.003,0.000,0.003,0.000,0.003,0.003,0.003,0.015,0.000,0.480,0.480,0.703
1780271242554,0.000,0.000,0.000,0.003,0.000,0.003,0.003,0.003,0.012,0.000,0.472,0.472,0.679
1780271242585,0.000,0.000,0.000,0.003,0.000,0.000,0.000,0.000,0.003,0.000,0.480,0.480,0.679
1780271242610,0.000,0.000,0.000,0.003,0.003,0.003,0.003,0.000,0.012,0.000,0.480,0.480,0.703
1780271242654,0.000,0.000,0.000,0.003,0.000,0.000,0.003,0.003,0.009,0.000,0.512,0.512,0.679
1780271242684,0.003,0.000,0.000,0.007,0.000,0.000,0.003,0.003,0.016,0.000,0.520,0.520,0.752
1780271242716,0.000,0.000,0.003,0.003,0.000,0.000,0.003,0.003,0.012,0.000,0.520,0.520,0.727
1780271242749,0.000,0.000,0.000,0.003,0.000,0.007,0.003,0.000,0.013,0.000,0.512,0.512,0.727
1780271242780,0.003,0.000,0.003,0.003,0.000,0.000,0.003,0.000,0.012,0.000,0.512,0.512,0.703
1780271242803,0.000,0.000,0.003,0.003,0.000,0.003,0.000,0.000,0.009,0.000,0.496,0.496,0.703
1780271242849,0.000,0.000,0.000,0.003,0.000,0.000,0.003,0.003,0.009,0.000,0.488,0.488,0.703
1780271242873,0.000,0.000,0.003,0.003,0.000,0.000,0.003,0.000,0.009,0.000,0.496,0.496,0.703
1780271242910,0.000,0.000,0.000,0.003,0.000,0.000,0.003,0.000,0.006,0.000,0.504,0.504,0.727
1780271242939,0.003,0.000,0.000,0.003,0.003,0.000,0.003,0.000,0.012,0.000,0.504,0.504,0.727
1780271242968,0.003,0.000,0.000,0.000,0.000,0.003,0.003,0.003,0.012,0.000,0.496,0.496,0.679
1780271243012,0.003,0.000,0.003,0.003,0.000,0.003,0.003,0.000,0.015,0.000,0.472,0.472,0.679
1780271243054,0.003,0.000,0.000,0.007,0.000,0.000,0.003,0.000,0.013,0.000,0.472,0.472,0.703
1780271243083,0.007,0.000,0.000,0.003,0.000,0.000,0.003,0.000,0.013,0.000,0.480,0.480,0.703
1780271243115,0.000,0.000,0.000,0.003,0.003,0.000,0.003,0.003,0.012,0.000,0.488,0.488,0.679
1780271243143,0.000,0.000,0.000,0.003,0.003,0.000,0.003,0.000,0.009,0.000,0.488,0.488,0.703
1780271243182,0.000,0.000,0.000,0.007,0.000,0.000,0.003,0.003,0.013,0.000,0.504,0.504,0.679
1780271243210,0.003,0.003,0.000,0.003,0.000,0.000,0.003,0.000,0.012,0.000,0.488,0.488,0.703
1780271243244,0.000,0.000,0.000,0.003,0.000,0.000,0.003,0.000,0.006,0.000,0.472,0.472,0.703
1780271243281,0.003,0.003,0.003,0.003,0.000,0.003,0.003,0.003,0.021,0.000,0.472,0.472,0.703
1780271243318,0.000,0.000,0.000,0.003,0.000,0.000,0.003,0.000,0.006,0.000,0.488,0.488,0.679
1780271243372,0.003,0.000,0.000,0.003,0.000,0.000,0.003,0.000,0.009,0.000,0.496,0.496,0.679
1780271243403,0.000,0.000,0.000,0.003,0.000,0.000,0.003,0.000,0.006,0.000,0.512,0.512,0.727
1780271243439,0.003,0.000,0.003,0.003,0.000,0.000,0.003,0.000,0.012,0.000,0.496,0.496,0.727
1780271243477,0.000,0.000,0.003,0.003,0.000,0.000,0.003,0.000,0.009,0.000,0.480,0.480,0.703
1780271243525,0.000,0.000,0.000,0.003,0.000,0.000,0.003,0.003,0.009,0.000,0.488,0.488,0.703
1780271243552,0.003,0.000,0.000,0.003,0.000,0.000,0.003,0.000,0.009,0.000,0.488,0.488,0.679
1780271243585,0.003,0.000,0.003,0.007,0.000,0.003,0.003,0.000,0.019,0.000,0.480,0.480,0.679
1780271243621,0.003,0.000,0.000,0.003,0.000,0.000,0.003,0.003,0.012,0.000,0.480,0.480,0.703
1780271243657,0.000,0.000,0.000,0.003,0.000,0.000,0.003,0.003,0.009,0.000,0.496,0.496,0.679
1780271243683,0.003,0.000,0.000,0.003,0.000,0.000,0.000,0.003,0.009,0.000,0.488,0.488,0.703
1780271243718,0.000,0.000,0.000,0.003,0.000,0.003,0.003,0.003,0.012,0.000,0.488,0.488,0.679
1780271243752,0.003,0.000,0.000,0.003,0.000,0.000,0.003,0.000,0.009,0.000,0.488,0.488,0.703
1780271243800,0.003,0.000,0.003,0.003,0.000,0.000,0.003,0.000,0.012,0.000,0.496,0.496,0.679
1780271243829,0.003,0.000,0.000,0.000,0.000,0.000,0.003,0.000,0.006,0.000,0.472,0.472,0.679
1780271243888,0.000,0.003,0.003,0.003,0.000,0.000,0.003,0.000,0.012,0.000,0.480,0.480,0.679
1780271243918,0.003,0.000,0.000,0.003,0.000,0.000,0.003,0.000,0.009,0.000,0.488,0.488,0.703
1780271243950,0.000,0.000,0.000,0.000,0.000,0.000,0.003,0.000,0.003,0.000,0.496,0.496,0.727
1780271243982,0.003,0.000,0.000,0.003,0.000,0.000,0.003,0.000,0.009,0.000,0.472,0.472,0.679
1780271244043,0.000,0.003,0.000,0.003,0.000,0.000,0.003,0.000,0.009,0.000,0.480,0.480,0.703
1780271244071,0.000,0.000,0.000,0.003,0.000,0.000,0.003,0.000,0.006,0.000,0.472,0.472,0.679
1780271244105,0.000,0.000,0.000,0.003,0.000,0.000,0.003,0.000,0.006,0.000,0.480,0.480,0.703
1780271244139,0.000,0.000,0.003,0.003,0.000,0.000,0.003,0.000,0.009,0.000,0.472,0.472,0.679
1780271244197,0.000,0.000,0.000,0.003,0.000,0.000,0.007,0.003,0.013,0.000,0.496,0.496,0.727
1780271244226,0.003,0.000,0.000,0.003,0.000,0.003,0.003,0.000,0.012,0.000,0.488,0.488,0.703
1780271244264,0.000,0.000,0.000,0.003,0.000,0.000,0.003,0.000,0.006,0.000,0.488,0.488,0.679
1780271244308,0.000,0.000,0.000,0.000,0.000,0.000,0.000,0.000,0.000,0.000,0.472,0.472,0.703
1780271244347,0.003,0.000,0.000,0.003,0.003,0.000,0.003,0.000,0.012,0.000,0.472,0.472,0.679
1780271244410,0.003,0.000,0.000,0.003,0.000,0.000,0.003,0.000,0.009,0.000,0.480,0.480,0.703
1780271244446,0.000,0.003,0.000,0.003,0.000,0.003,0.003,0.003,0.015,0.000,0.496,0.496,0.630
1780271244484,0.000,0.000,0.003,0.003,0.000,0.000,0.003,0.003,0.012,0.000,0.472,0.472,0.703
1780271244537,0.000,0.000,0.000,0.003,0.000,0.000,0.003,0.000,0.006,0.000,0.480,0.480,0.703
1780271244563,0.000,0.000,0.000,0.003,0.003,0.000,0.003,0.000,0.009,0.000,0.488,0.488,0.703
1780271244593,0.000,0.003,0.000,0.003,0.000,0.000,0.003,0.000,0.009,0.000,0.480,0.480,0.703
1780271244623,0.003,0.000,0.000,0.007,0.000,0.000,0.000,0.000,0.010,0.000,0.480,0.480,0.679
1780271244664,0.003,0.000,0.000,0.003,0.000,0.000,0.003,0.000,0.009,0.000,0.504,0.504,0.703
1780271244693,0.000,0.000,0.000,0.003,0.003,0.000,0.000,0.000,0.006,0.000,0.488,0.488,0.703
1780271244723,0.000,0.000,0.000,0.003,0.000,0.003,0.003,0.003,0.012,0.000,0.488,0.488,0.703
1780271244753,0.000,0.000,0.000,0.003,0.000,0.000,0.003,0.000,0.006,0.000,0.488,0.488,0.679
1780271244789,0.010,0.000,0.000,0.003,0.000,0.000,0.003,0.000,0.016,0.000,0.480,0.480,0.727
1780271244832,0.003,0.000,0.000,0.003,0.000,0.000,0.003,0.003,0.012,0.000,0.472,0.472,0.703
1780271244866,0.003,0.000,0.000,0.003,0.000,0.000,0.003,0.003,0.012,0.000,0.472,0.472,0.703
1780271244932,0.003,0.000,0.000,0.003,0.000,0.003,0.003,0.003,0.015,0.000,0.496,0.496,0.703
1780271244964,0.003,0.000,0.000,0.003,0.000,0.000,0.000,0.003,0.009,0.000,0.480,0.480,0.727
1780271244998,0.003,0.007,0.000,0.003,0.003,0.000,0.003,0.007,0.026,0.000,0.480,0.480,0.679
1780271245072,0.003,0.000,0.000,0.003,0.000,0.000,0.003,0.003,0.012,0.000,0.480,0.480,0.679
1780271245100,0.003,0.000,0.000,0.000,0.003,0.000,0.003,0.000,0.009,0.000,0.496,0.496,0.703
1780271245130,0.000,0.000,0.003,0.003,0.000,0.000,0.003,0.000,0.009,0.000,0.496,0.496,0.679
1780271245162,0.003,0.000,0.000,0.003,0.000,0.000,0.003,0.007,0.016,0.000,0.512,0.512,0.752
1780271245196,0.000,0.000,0.000,0.003,0.000,0.000,0.003,0.000,0.006,0.000,0.529,0.529,0.727
1780271245225,0.000,0.000,0.003,0.003,0.000,0.000,0.003,0.000,0.009,0.000,0.488,0.488,0.727
1780271245255,0.000,0.000,0.000,0.003,0.000,0.000,0.003,0.000,0.006,0.000,0.496,0.496,0.679
1780271245284,0.003,0.000,0.000,0.003,0.000,0.003,0.000,0.000,0.009,0.000,0.496,0.496,0.727
1780271245321,0.000,0.000,0.000,0.000,0.000,0.000,0.000,0.003,0.003,0.000,0.488,0.488,0.703
1780271245364,0.003,0.000,0.003,0.003,0.000,0.000,0.003,0.003,0.015,0.000,0.472,0.472,0.703
1780271245396,0.000,0.000,0.000,0.003,0.000,0.000,0.003,0.000,0.006,0.000,0.480,0.480,0.679
1780271245459,0.007,0.000,0.003,0.003,0.000,0.000,0.003,0.000,0.016,0.000,0.504,0.504,0.703
1780271245489,0.000,0.000,0.003,0.003,0.000,0.000,0.003,0.007,0.016,0.000,0.480,0.480,0.727
1780271245524,0.000,0.000,0.000,0.003,0.000,0.000,0.000,0.000,0.003,0.000,0.488,0.488,0.703
1780271245584,0.000,0.000,0.003,0.003,0.000,0.000,0.003,0.000,0.009,0.000,0.472,0.472,0.679
1780271245609,0.000,0.000,0.000,0.003,0.000,0.000,0.003,0.003,0.009,0.000,0.480,0.480,0.703
1780271245640,0.003,0.000,0.000,0.003,0.003,0.000,0.003,0.000,0.012,0.000,0.480,0.480,0.703
1780271245672,0.003,0.000,0.000,0.003,0.000,0.000,0.003,0.000,0.009,0.000,0.496,0.496,0.703
1780271245708,0.000,0.000,0.000,0.000,0.000,0.000,0.003,0.000,0.003,0.000,0.504,0.504,0.703
1780271245739,0.000,0.000,0.003,0.003,0.000,0.000,0.003,0.000,0.009,0.000,0.488,0.488,0.703
1780271245770,0.000,0.000,0.000,0.003,0.000,0.000,0.003,0.000,0.006,0.000,0.488,0.488,0.679
1780271245797,0.000,0.003,0.000,0.003,0.000,0.000,0.003,0.000,0.009,0.000,0.480,0.480,0.703
1780271245835,0.003,0.000,0.000,0.003,0.000,0.000,0.003,0.000,0.009,0.000,0.480,0.480,0.703
1780271245878,0.003,0.000,0.000,0.003,0.000,0.000,0.003,0.003,0.012,0.000,0.480,0.480,0.727
1780271245909,0.000,0.003,0.000,0.000,0.003,0.007,0.000,0.000,0.013,0.000,0.488,0.488,0.703
1780271245962,0.000,0.000,0.000,0.003,0.000,0.000,0.003,0.003,0.009,0.000,0.504,0.504,0.703
1780271245988,0.003,0.000,0.000,0.003,0.000,0.003,0.003,0.000,0.012,0.000,0.496,0.496,0.727
1780271246028,0.003,0.000,0.003,0.003,0.000,0.000,0.000,0.000,0.009,0.000,0.480,0.480,0.703
1780271246062,0.000,0.003,0.000,0.003,0.000,0.000,0.003,0.000,0.009,0.000,0.480,0.480,0.703
1780271246105,0.000,0.000,0.000,0.003,0.000,0.000,0.003,0.000,0.006,0.000,0.488,0.488,0.679
1780271246130,0.003,0.003,0.000,0.003,0.003,0.000,0.003,0.000,0.015,0.000,0.496,0.496,0.703
1780271246164,0.000,0.003,0.000,0.003,0.000,0.000,0.003,0.003,0.012,0.000,0.504,0.504,0.703
1780271246198,0.003,0.000,0.003,0.003,0.000,0.000,0.003,0.000,0.012,0.000,0.512,0.512,0.727
1780271246231,0.000,0.000,0.000,0.003,0.000,0.000,0.000,0.000,0.003,0.000,0.496,0.496,0.703
1780271246257,0.003,0.000,0.000,0.003,0.000,0.003,0.003,0.000,0.012,0.000,0.496,0.496,0.703
1780271246295,0.000,0.000,0.000,0.000,0.000,0.000,0.003,0.003,0.006,0.000,0.480,0.480,0.703
1780271246320,0.000,0.000,0.000,0.003,0.000,0.000,0.003,0.000,0.006,0.000,0.480,0.480,0.703
1780271246355,0.000,0.000,0.000,0.003,0.000,0.000,0.003,0.003,0.009,0.000,0.488,0.488,0.679
1780271246389,0.000,0.000,0.000,0.003,0.000,0.000,0.003,0.000,0.006,0.000,0.496,0.496,0.703
1780271246423,0.000,0.000,0.000,0.003,0.000,0.000,0.003,0.003,0.009,0.000,0.488,0.488,0.703
1780271246476,0.003,0.003,0.000,0.003,0.000,0.000,0.003,0.000,0.012,0.000,0.504,0.504,0.703
1780271246502,0.000,0.000,0.003,0.000,0.000,0.000,0.003,0.000,0.006,0.000,0.488,0.488,0.727
1780271246533,0.000,0.000,0.000,0.003,0.000,0.003,0.003,0.000,0.009,0.000,0.488,0.488,0.703
1780271246570,0.003,0.000,0.000,0.003,0.000,0.000,0.003,0.000,0.009,0.000,0.480,0.480,0.703
1780271246615,0.003,0.000,0.000,0.003,0.003,0.000,0.003,0.003,0.015,0.000,0.488,0.488,0.703
1780271246641,0.000,0.003,0.000,0.003,0.000,0.000,0.003,0.000,0.009,0.000,0.488,0.488,0.703
1780271246674,0.000,0.000,0.000,0.003,0.000,0.000,0.007,0.000,0.010,0.000,0.496,0.496,0.679
1780271246711,0.007,0.000,0.000,0.003,0.000,0.000,0.003,0.003,0.016,0.000,0.504,0.504,0.727
1780271246747,0.000,0.003,0.000,0.003,0.000,0.000,0.003,0.000,0.009,0.000,0.480,0.480,0.727
1780271246774,0.000,0.000,0.000,0.000,0.000,0.000,0.003,0.000,0.003,0.000,0.472,0.472,0.679
1780271246807,0.010,0.000,0.000,0.007,0.000,0.000,0.003,0.000,0.020,0.000,0.480,0.480,0.630
1780271246838,0.000,0.000,0.000,0.007,0.003,0.000,0.003,0.000,0.013,0.000,0.488,0.488,0.703
1780271246875,0.000,0.003,0.000,0.003,0.000,0.000,0.003,0.000,0.009,0.000,0.480,0.480,0.703
1780271246914,0.000,0.000,0.000,0.003,0.003,0.000,0.003,0.000,0.009,0.000,0.480,0.480,0.703
1780271246956,0.003,0.000,0.000,0.003,0.000,0.000,0.003,0.003,0.012,0.000,0.496,0.496,0.679
1780271247022,0.000,0.000,0.000,0.003,0.000,0.000,0.003,0.000,0.006,0.000,0.480,0.480,0.703
1780271247049,0.003,0.000,0.000,0.000,0.000,0.000,0.003,0.003,0.009,0.000,0.472,0.472,0.703
1780271247093,0.003,0.000,0.000,0.007,0.000,0.000,0.003,0.000,0.013,0.000,0.488,0.488,0.679
1780271247139,0.003,0.000,0.000,0.003,0.003,0.003,0.003,0.003,0.018,0.000,0.472,0.472,0.679
1780271247172,0.003,0.000,0.003,0.000,0.000,0.000,0.003,0.000,0.009,0.000,0.463,0.463,0.679
1780271247206,0.007,0.000,0.003,0.003,0.000,0.000,0.003,0.000,0.016,0.000,0.496,0.496,0.703
1780271247243,0.000,0.000,0.000,0.003,0.000,0.000,0.000,0.000,0.003,0.000,0.480,0.480,0.727
1780271247280,0.000,0.003,0.000,0.003,0.000,0.000,0.003,0.000,0.009,0.000,0.488,0.488,0.703
1780271247310,0.000,0.003,0.000,0.003,0.000,0.003,0.003,0.000,0.012,0.000,0.488,0.488,0.703
1780271247337,0.000,0.000,0.003,0.003,0.000,0.000,0.000,0.003,0.009,0.000,0.496,0.496,0.703
1780271247368,0.000,0.000,0.000,0.003,0.000,0.000,0.003,0.003,0.009,0.000,0.488,0.488,0.727
1780271247406,0.000,0.000,0.003,0.003,0.000,0.000,0.000,0.003,0.009,0.000,0.488,0.488,0.679
1780271247469,0.000,0.003,0.000,0.003,0.000,0.000,0.003,0.000,0.009,0.000,0.520,0.520,0.679
1780271247517,0.000,0.000,0.000,0.003,0.003,0.000,0.003,0.000,0.009,0.000,0.496,0.496,0.703
1780271247544,0.003,0.000,0.000,0.003,0.000,0.000,0.003,0.003,0.012,0.000,0.472,0.472,0.703
1780271247578,0.007,0.000,0.000,0.003,0.000,0.000,0.000,0.000,0.010,0.000,0.488,0.488,0.679
1780271247615,0.003,0.000,0.000,0.003,0.000,0.000,0.003,0.000,0.009,0.000,0.472,0.472,0.703
1780271247662,0.000,0.000,0.000,0.003,0.000,0.000,0.003,0.000,0.006,0.000,0.480,0.480,0.679
1780271247689,0.000,0.000,0.000,0.003,0.000,0.000,0.007,0.003,0.013,0.000,0.480,0.480,0.679
1780271247731,0.003,0.000,0.000,0.007,0.000,0.000,0.003,0.000,0.013,0.000,0.488,0.488,0.703
1780271247764,0.000,0.000,0.000,0.003,0.000,0.000,0.003,0.003,0.009,0.000,0.480,0.480,0.727
1780271247802,0.000,0.000,0.003,0.003,0.000,0.000,0.003,0.000,0.009,0.000,0.480,0.480,0.679
1780271247832,0.000,0.003,0.000,0.003,0.000,0.003,0.003,0.000,0.012,0.000,0.480,0.480,0.679
1780271247870,0.000,0.000,0.000,0.003,0.000,0.000,0.000,0.003,0.006,0.000,0.472,0.472,0.703
1780271247895,0.000,0.003,0.000,0.000,0.000,0.000,0.003,0.000,0.006,0.000,0.472,0.472,0.703
1780271247927,0.003,0.000,0.000,0.003,0.000,0.000,0.003,0.000,0.009,0.000,0.496,0.496,0.679
1780271247965,0.003,0.000,0.003,0.003,0.000,0.000,0.003,0.000,0.012,0.000,0.512,0.512,0.727
1780271248002,0.000,0.000,0.000,0.003,0.000,0.000,0.000,0.000,0.003,0.000,0.504,0.504,0.727
1780271248052,0.007,0.000,0.000,0.003,0.000,0.003,0.003,0.000,0.016,0.000,0.480,0.480,0.703
1780271248078,0.000,0.000,0.000,0.003,0.000,0.000,0.000,0.000,0.003,0.000,0.488,0.488,0.679
1780271248110,0.000,0.000,0.000,0.003,0.003,0.000,0.003,0.003,0.012,0.000,0.480,0.480,0.703
1780271248173,0.000,0.000,0.000,0.003,0.000,0.000,0.003,0.000,0.006,0.000,0.472,0.472,0.679
1780271248212,0.007,0.000,0.000,0.007,0.000,0.000,0.003,0.003,0.020,0.000,0.480,0.480,0.679
1780271248248,0.000,0.003,0.000,0.003,0.000,0.003,0.000,0.003,0.012,0.000,0.480,0.480,0.703
1780271248286,0.003,0.000,0.003,0.003,0.000,0.000,0.003,0.003,0.015,0.000,0.480,0.480,0.703
1780271248331,0.000,0.000,0.000,0.003,0.000,0.000,0.000,0.000,0.003,0.000,0.472,0.472,0.679
1780271248359,0.000,0.000,0.000,0.003,0.003,0.000,0.003,0.000,0.009,0.000,0.488,0.488,0.703
1780271248391,0.000,0.003,0.000,0.003,0.000,0.000,0.003,0.003,0.012,0.000,0.472,0.472,0.703
1780271248418,0.003,0.000,0.000,0.003,0.000,0.000,0.003,0.000,0.009,0.000,0.480,0.480,0.703
1780271248457,0.000,0.000,0.000,0.007,0.000,0.000,0.003,0.000,0.010,0.000,0.488,0.488,0.679
1780271248499,0.000,0.000,0.007,0.003,0.000,0.000,0.000,0.000,0.010,0.000,0.488,0.488,0.679
1780271248534,0.003,0.000,0.000,0.003,0.003,0.000,0.003,0.000,0.012,0.000,0.480,0.480,0.703
1780271248594,0.003,0.000,0.000,0.003,0.000,0.000,0.003,0.003,0.012,0.000,0.472,0.472,0.679
1780271248621,0.000,0.000,0.000,0.003,0.000,0.003,0.003,0.003,0.012,0.000,0.480,0.480,0.630
1780271248678,0.000,0.000,0.000,0.003,0.003,0.000,0.003,0.000,0.009,0.000,0.480,0.480,0.703
1780271248705,0.000,0.003,0.000,0.003,0.000,0.000,0.003,0.000,0.009,0.000,0.488,0.488,0.679
1780271248746,0.000,0.003,0.000,0.003,0.000,0.000,0.003,0.000,0.009,0.000,0.488,0.488,0.703
1780271248772,0.000,0.000,0.003,0.003,0.000,0.000,0.003,0.000,0.009,0.000,0.488,0.488,0.679
1780271248809,0.003,0.000,0.000,0.003,0.000,0.000,0.003,0.000,0.009,0.000,0.480,0.480,0.630
1780271248837,0.000,0.000,0.000,0.003,0.000,0.000,0.003,0.003,0.009,0.000,0.472,0.472,0.703
1780271248878,0.000,0.000,0.000,0.003,0.000,0.000,0.003,0.000,0.006,0.000,0.488,0.488,0.703
1780271248908,0.003,0.000,0.000,0.003,0.000,0.000,0.003,0.000,0.009,0.000,0.480,0.480,0.679
1780271248946,0.000,0.000,0.000,0.003,0.000,0.000,0.003,0.003,0.009,0.000,0.496,0.496,0.703
1780271248983,0.000,0.000,0.000,0.003,0.000,0.003,0.003,0.000,0.009,0.000,0.496,0.496,0.703
1780271249032,0.003,0.000,0.000,0.003,0.000,0.000,0.003,0.000,0.009,0.000,0.488,0.488,0.703
1780271249058,0.000,0.000,0.000,0.007,0.000,0.000,0.003,0.003,0.013,0.000,0.480,0.480,0.679
1780271249112,0.003,0.000,0.000,0.003,0.003,0.000,0.007,0.000,0.016,0.000,0.463,0.463,0.703
1780271249140,0.007,0.000,0.000,0.000,0.000,0.000,0.003,0.003,0.013,0.000,0.472,0.472,0.703
1780271249197,0.000,0.000,0.000,0.003,0.000,0.000,0.003,0.000,0.006,0.000,0.472,0.472,0.727
1780271249228,0.003,0.000,0.000,0.003,0.003,0.000,0.003,0.003,0.015,0.000,0.496,0.496,0.679
1780271249261,0.000,0.000,0.000,0.003,0.000,0.000,0.003,0.000,0.006,0.000,0.488,0.488,0.727
1780271249286,0.000,0.003,0.000,0.003,0.000,0.000,0.003,0.003,0.012,0.000,0.488,0.488,0.703
1780271249326,0.003,0.000,0.003,0.003,0.000,0.000,0.007,0.000,0.016,0.000,0.496,0.496,0.679
1780271249356,0.000,0.000,0.000,0.003,0.000,0.000,0.003,0.003,0.009,0.000,0.496,0.496,0.703
1780271249395,0.000,0.000,0.000,0.003,0.000,0.000,0.003,0.003,0.009,0.000,0.480,0.480,0.727
1780271249422,0.000,0.000,0.000,0.003,0.000,0.000,0.003,0.000,0.006,0.000,0.480,0.480,0.679
1780271249461,0.000,0.000,0.000,0.003,0.000,0.000,0.003,0.000,0.006,0.000,0.488,0.488,0.703
1780271249495,0.000,0.000,0.000,0.003,0.000,0.000,0.003,0.000,0.006,0.000,0.496,0.496,0.703
1780271249542,0.003,0.000,0.000,0.003,0.000,0.000,0.003,0.000,0.009,0.000,0.488,0.488,0.679
1780271249567,0.000,0.000,0.000,0.003,0.000,0.000,0.003,0.000,0.006,0.000,0.488,0.488,0.703
1780271249627,0.000,0.000,0.000,0.000,0.000,0.000,0.003,0.000,0.003,0.000,0.480,0.480,0.727
1780271249654,0.000,0.000,0.003,0.003,0.000,0.003,0.003,0.007,0.019,0.000,0.480,0.480,0.703
1780271249714,0.000,0.000,0.003,0.000,0.000,0.000,0.003,0.000,0.006,0.000,0.480,0.480,0.703
1780271249746,0.000,0.000,0.000,0.003,0.000,0.000,0.003,0.003,0.009,0.000,0.488,0.488,0.703
1780271249793,0.000,0.003,0.003,0.003,0.000,0.000,0.003,0.000,0.012,0.000,0.488,0.488,0.727
1780271249831,0.003,0.000,0.003,0.003,0.000,0.000,0.003,0.003,0.015,0.000,0.496,0.496,0.679
1780271249866,0.000,0.000,0.000,0.003,0.000,0.000,0.003,0.000,0.006,0.000,0.504,0.504,0.727
1780271249889,0.000,0.003,0.000,0.003,0.000,0.003,0.003,0.003,0.015,0.000,0.504,0.504,0.703
1780271249922,0.003,0.000,0.000,0.003,0.000,0.000,0.003,0.000,0.009,0.000,0.496,0.496,0.703
1780271249949,0.000,0.000,0.000,0.003,0.000,0.003,0.003,0.000,0.009,0.000,0.488,0.488,0.703
1780271249984,0.003,0.000,0.000,0.007,0.000,0.003,0.003,0.000,0.016,0.000,0.504,0.504,0.703
1780271250014,0.003,0.000,0.003,0.007,0.000,0.000,0.003,0.000,0.016,0.000,0.488,0.488,0.703
1780271250061,0.003,0.000,0.000,0.003,0.000,0.000,0.003,0.000,0.009,0.000,0.488,0.488,0.703
1780271250085,0.000,0.000,0.000,0.003,0.000,0.003,0.003,0.000,0.009,0.000,0.488,0.488,0.703
1780271250133,0.003,0.000,0.000,0.000,0.000,0.003,0.003,0.000,0.009,0.000,0.472,0.472,0.703
1780271250159,0.000,0.000,0.000,0.003,0.003,0.000,0.000,0.000,0.006,0.000,0.480,0.480,0.679
1780271250220,0.000,0.000,0.000,0.003,0.000,0.000,0.003,0.000,0.006,0.000,0.488,0.488,0.703
1780271250250,0.003,0.000,0.000,0.003,0.000,0.000,0.003,0.000,0.009,0.000,0.488,0.488,0.703
1780271250286,0.000,0.000,0.000,0.000,0.000,0.003,0.003,0.000,0.006,0.000,0.488,0.488,0.703
1780271250316,0.000,0.000,0.000,0.003,0.000,0.000,0.003,0.000,0.006,0.000,0.496,0.496,0.703
1780271250368,0.003,0.000,0.000,0.003,0.000,0.000,0.003,0.003,0.012,0.000,0.480,0.480,0.727
1780271250399,0.003,0.000,0.000,0.000,0.000,0.003,0.000,0.000,0.006,0.000,0.488,0.488,0.703
1780271250434,0.000,0.000,0.003,0.003,0.000,0.000,0.003,0.000,0.009,0.000,0.472,0.472,0.703
1780271250460,0.003,0.000,0.000,0.000,0.000,0.000,0.000,0.003,0.006,0.000,0.488,0.488,0.703
1780271250502,0.000,0.000,0.000,0.003,0.000,0.000,0.003,0.003,0.009,0.000,0.496,0.496,0.630
1780271250534,0.003,0.000,0.000,0.000,0.000,0.000,0.003,0.000,0.006,0.000,0.480,0.480,0.703
1780271250578,0.000,0.000,0.000,0.003,0.000,0.000,0.003,0.000,0.006,0.000,0.480,0.480,0.703
1780271250604,0.000,0.000,0.000,0.003,0.000,0.000,0.003,0.000,0.006,0.000,0.472,0.472,0.679
1780271250660,0.000,0.000,0.000,0.003,0.000,0.000,0.003,0.000,0.006,0.000,0.472,0.472,0.630
1780271250685,0.003,0.000,0.000,0.003,0.000,0.000,0.003,0.003,0.012,0.000,0.472,0.472,0.703
1780271250746,0.000,0.000,0.000,0.003,0.000,0.000,0.003,0.000,0.006,0.000,0.496,0.496,0.679
1780271250774,0.003,0.000,0.000,0.003,0.003,0.000,0.003,0.000,0.012,0.000,0.496,0.496,0.703
1780271250809,0.003,0.000,0.000,0.003,0.000,0.000,0.003,0.003,0.012,0.000,0.480,0.480,0.703
1780271250838,0.000,0.000,0.000,0.003,0.003,0.000,0.000,0.003,0.009,0.000,0.480,0.480,0.630
1780271250878,0.000,0.000,0.000,0.003,0.003,0.000,0.003,0.003,0.012,0.000,0.472,0.472,0.727
1780271250910,0.000,0.000,0.000,0.003,0.000,0.000,0.003,0.000,0.006,0.000,0.480,0.480,0.679
1780271250948,0.000,0.000,0.000,0.003,0.000,0.003,0.003,0.000,0.009,0.000,0.480,0.480,0.703
1780271250979,0.007,0.000,0.000,0.003,0.000,0.000,0.000,0.000,0.010,0.000,0.472,0.472,0.703
1780271251019,0.000,0.000,0.003,0.003,0.000,0.000,0.003,0.003,0.012,0.000,0.488,0.488,0.679
1780271251052,0.003,0.000,0.000,0.003,0.003,0.000,0.003,0.003,0.015,0.000,0.480,0.480,0.679
1780271251102,0.003,0.003,0.000,0.003,0.000,0.000,0.003,0.000,0.012,0.000,0.496,0.496,0.679
1780271251127,0.000,0.000,0.000,0.003,0.000,0.000,0.003,0.003,0.009,0.000,0.480,0.480,0.727
1780271251180,0.003,0.000,0.000,0.003,0.000,0.000,0.003,0.003,0.012,0.000,0.488,0.488,0.703
1780271251206,0.000,0.000,0.000,0.003,0.000,0.000,0.003,0.000,0.006,0.000,0.480,0.480,0.679
1780271251270,0.000,0.000,0.000,0.003,0.000,0.003,0.003,0.003,0.012,0.000,0.496,0.496,0.703
1780271251297,0.000,0.000,0.003,0.003,0.000,0.000,0.003,0.000,0.009,0.000,0.496,0.496,0.703
1780271251328,0.000,0.000,0.000,0.003,0.000,0.000,0.003,0.000,0.006,0.000,0.472,0.472,0.703
1780271251355,0.000,0.000,0.003,0.003,0.000,0.000,0.003,0.003,0.012,0.000,0.488,0.488,0.703
1780271251395,0.003,0.003,0.003,0.003,0.000,0.000,0.003,0.000,0.015,0.000,0.480,0.480,0.679
1780271251424,0.003,0.000,0.003,0.003,0.000,0.000,0.000,0.000,0.009,0.000,0.496,0.496,0.679
1780271251455,0.000,0.000,0.000,0.003,0.000,0.000,0.003,0.000,0.006,0.000,0.480,0.480,0.703
1780271251480,0.007,0.000,0.003,0.003,0.000,0.003,0.003,0.003,0.022,0.000,0.480,0.480,0.703
1780271251517,0.000,0.000,0.000,0.003,0.000,0.000,0.003,0.003,0.009,0.000,0.472,0.472,0.679
1780271251551,0.000,0.000,0.000,0.003,0.000,0.003,0.000,0.000,0.006,0.000,0.496,0.496,0.703
1780271251589,0.000,0.000,0.000,0.000,0.000,0.000,0.003,0.000,0.003,0.000,0.480,0.480,0.703
1780271251629,0.003,0.000,0.000,0.003,0.003,0.000,0.000,0.003,0.012,0.000,0.480,0.480,0.679
1780271251666,0.000,0.000,0.000,0.003,0.000,0.003,0.003,0.000,0.009,0.000,0.520,0.520,0.703
1780271251720,0.000,0.000,0.003,0.007,0.003,0.000,0.007,0.000,0.020,0.000,0.512,0.512,0.703
1780271251780,0.000,0.000,0.000,0.003,0.000,0.000,0.003,0.003,0.009,0.000,0.504,0.504,0.679
1780271251804,0.000,0.000,0.000,0.003,0.000,0.003,0.003,0.003,0.012,0.000,0.504,0.504,0.703
1780271251837,0.000,0.003,0.000,0.003,0.000,0.000,0.003,0.003,0.012,0.000,0.488,0.488,0.727
1780271251866,0.003,0.000,0.000,0.003,0.000,0.000,0.007,0.000,0.013,0.000,0.480,0.480,0.679
1780271251902,0.003,0.000,0.000,0.000,0.000,0.003,0.003,0.000,0.009,0.000,0.488,0.488,0.703
1780271251930,0.000,0.000,0.000,0.003,0.000,0.000,0.003,0.000,0.006,0.000,0.480,0.480,0.703
1780271251965,0.003,0.000,0.000,0.003,0.000,0.000,0.000,0.003,0.009,0.000,0.488,0.488,0.679
1780271251999,0.000,0.000,0.003,0.003,0.000,0.000,0.000,0.000,0.006,0.000,0.488,0.488,0.703
1780271252034,0.000,0.000,0.000,0.003,0.000,0.003,0.003,0.000,0.009,0.000,0.488,0.488,0.703
1780271252059,0.000,0.000,0.003,0.007,0.000,0.003,0.000,0.000,0.013,0.000,0.480,0.480,0.703
1780271252098,0.000,0.000,0.003,0.007,0.000,0.000,0.003,0.000,0.013,0.000,0.496,0.496,0.703
1780271252158,0.003,0.000,0.003,0.003,0.000,0.000,0.000,0.000,0.009,0.000,0.529,0.529,0.703
1780271252185,0.000,0.000,0.000,0.003,0.000,0.000,0.003,0.000,0.006,0.000,0.504,0.504,0.727
1780271252230,0.000,0.000,0.000,0.003,0.000,0.000,0.003,0.000,0.006,0.000,0.504,0.504,0.703
1780271252288,0.000,0.000,0.003,0.000,0.003,0.000,0.003,0.000,0.009,0.000,0.529,0.529,0.703
1780271252312,0.000,0.000,0.000,0.000,0.000,0.000,0.003,0.003,0.006,0.000,0.504,0.504,0.752
1780271252341,0.000,0.000,0.003,0.003,0.000,0.003,0.003,0.003,0.015,0.000,0.496,0.496,0.703
1780271252365,0.000,0.003,0.000,0.003,0.000,0.000,0.000,0.003,0.009,0.000,0.480,0.480,0.703
1780271252397,0.003,0.000,0.003,0.003,0.000,0.000,0.003,0.000,0.012,0.000,0.488,0.488,0.703
1780271252435,0.000,0.003,0.000,0.003,0.000,0.003,0.003,0.000,0.012,0.000,0.496,0.496,0.703
1780271252468,0.003,0.000,0.000,0.003,0.000,0.000,0.003,0.003,0.012,0.000,0.472,0.472,0.727
1780271252495,0.000,0.000,0.003,0.003,0.000,0.003,0.003,0.003,0.015,0.000,0.472,0.472,0.679
1780271252530,0.003,0.000,0.003,0.003,0.000,0.000,0.007,0.003,0.019,0.000,0.488,0.488,0.679
1780271252563,0.000,0.000,0.003,0.003,0.000,0.003,0.000,0.003,0.012,0.000,0.488,0.488,0.727
1780271252597,0.003,0.000,0.000,0.000,0.000,0.003,0.003,0.003,0.012,0.000,0.480,0.480,0.679
1780271252627,0.007,0.000,0.000,0.003,0.000,0.000,0.003,0.000,0.013,0.000,0.496,0.496,0.679
1780271252676,0.000,0.000,0.000,0.003,0.000,0.000,0.003,0.000,0.006,0.000,0.488,0.488,0.703
1780271252715,0.000,0.000,0.000,0.003,0.000,0.000,0.003,0.003,0.009,0.000,0.488,0.488,0.679
1780271252763,0.003,0.000,0.000,0.003,0.000,0.003,0.003,0.000,0.012,0.000,0.488,0.488,0.630
1780271252819,0.000,0.000,0.000,0.003,0.000,0.000,0.003,0.000,0.006,0.000,0.504,0.504,0.703
1780271252852,0.000,0.000,0.000,0.000,0.000,0.000,0.003,0.000,0.003,0.000,0.488,0.488,0.703
1780271252887,0.003,0.000,0.000,0.003,0.000,0.000,0.003,0.003,0.012,0.000,0.472,0.472,0.703
1780271252914,0.003,0.000,0.000,0.003,0.000,0.000,0.003,0.000,0.009,0.000,0.480,0.480,0.679
1780271252956,0.003,0.000,0.000,0.000,0.000,0.000,0.003,0.000,0.006,0.000,0.488,0.488,0.703
1780271252988,0.003,0.000,0.000,0.000,0.000,0.003,0.003,0.000,0.009,0.000,0.463,0.463,0.679
1780271253023,0.000,0.000,0.000,0.003,0.000,0.000,0.003,0.000,0.006,0.000,0.480,0.480,0.679
1780271253052,0.000,0.000,0.003,0.003,0.000,0.003,0.003,0.000,0.012,0.000,0.496,0.496,0.679
1780271253086,0.000,0.000,0.000,0.003,0.000,0.000,0.003,0.000,0.006,0.000,0.488,0.488,0.703
1780271253119,0.000,0.000,0.003,0.003,0.000,0.000,0.000,0.000,0.006,0.000,0.488,0.488,0.703
1780271253152,0.000,0.000,0.000,0.000,0.000,0.000,0.003,0.000,0.003,0.000,0.472,0.472,0.703
1780271253193,0.000,0.000,0.000,0.007,0.000,0.000,0.003,0.000,0.010,0.000,0.488,0.488,0.703
1780271253231,0.003,0.000,0.000,0.003,0.000,0.000,0.007,0.000,0.013,0.000,0.480,0.480,0.727
1780271253296,0.000,0.000,0.000,0.003,0.000,0.000,0.003,0.000,0.006,0.000,0.496,0.496,0.703
1780271253354,0.000,0.000,0.003,0.003,0.000,0.000,0.000,0.000,0.006,0.000,0.488,0.488,0.679
1780271253381,0.003,0.000,0.000,0.003,0.000,0.000,0.003,0.000,0.009,0.000,0.480,0.480,0.703
1780271253426,0.000,0.000,0.000,0.003,0.003,0.003,0.003,0.000,0.012,0.000,0.480,0.480,0.679
1780271253461,0.000,0.000,0.003,0.003,0.000,0.000,0.007,0.000,0.013,0.000,0.488,0.488,0.679
1780271253500,0.003,0.000,0.000,0.003,0.000,0.003,0.003,0.000,0.012,0.000,0.496,0.496,0.630
1780271253529,0.000,0.000,0.000,0.003,0.000,0.000,0.003,0.000,0.006,0.000,0.480,0.480,0.703
1780271253575,0.000,0.000,0.000,0.003,0.000,0.000,0.003,0.000,0.006,0.000,0.480,0.480,0.703
1780271253602,0.000,0.000,0.000,0.003,0.000,0.003,0.003,0.000,0.009,0.000,0.488,0.488,0.679
1780271253636,0.000,0.003,0.000,0.003,0.003,0.000,0.003,0.000,0.012,0.000,0.488,0.488,0.679
1780271253663,0.003,0.000,0.000,0.003,0.003,0.000,0.007,0.000,0.016,0.000,0.488,0.488,0.703
1780271253716,0.003,0.000,0.000,0.003,0.000,0.000,0.000,0.003,0.009,0.000,0.472,0.472,0.703
1780271253748,0.000,0.000,0.000,0.003,0.000,0.000,0.003,0.003,0.009,0.000,0.480,0.480,0.679
1780271253803,0.000,0.000,0.003,0.003,0.000,0.000,0.000,0.000,0.006,0.000,0.496,0.496,0.679
1780271253856,0.000,0.000,0.003,0.003,0.000,0.000,0.003,0.000,0.009,0.000,0.480,0.480,0.727
1780271253884,0.000,0.003,0.000,0.003,0.000,0.003,0.000,0.003,0.012,0.000,0.488,0.488,0.703
1780271253917,0.003,0.000,0.003,0.003,0.003,0.000,0.003,0.000,0.015,0.000,0.480,0.480,0.679
1780271253943,0.000,0.000,0.000,0.003,0.000,0.000,0.003,0.003,0.009,0.000,0.488,0.488,0.703
1780271253989,0.003,0.000,0.000,0.000,0.000,0.000,0.003,0.003,0.009,0.000,0.488,0.488,0.679
1780271254013,0.000,0.003,0.000,0.003,0.000,0.000,0.003,0.003,0.012,0.000,0.488,0.488,0.703
1780271254045,0.003,0.000,0.000,0.000,0.003,0.000,0.003,0.000,0.009,0.000,0.504,0.504,0.703
1780271254073,0.003,0.000,0.003,0.007,0.003,0.000,0.003,0.000,0.019,0.000,0.504,0.504,0.727
1780271254103,0.003,0.000,0.000,0.003,0.000,0.000,0.000,0.003,0.009,0.000,0.480,0.480,0.703
1780271254140,0.003,0.000,0.000,0.003,0.000,0.003,0.003,0.000,0.012,0.000,0.488,0.488,0.703
1780271254177,0.000,0.000,0.003,0.003,0.000,0.000,0.003,0.003,0.012,0.000,0.488,0.488,0.679
1780271254217,0.000,0.003,0.000,0.003,0.000,0.000,0.007,0.000,0.013,0.000,0.488,0.488,0.679
1780271254253,0.003,0.000,0.000,0.003,0.000,0.000,0.003,0.000,0.009,0.000,0.472,0.472,0.703
1780271254313,0.000,0.000,0.000,0.003,0.000,0.000,0.003,0.003,0.009,0.000,0.512,0.512,0.679
1780271254370,0.000,0.000,0.000,0.003,0.000,0.000,0.003,0.000,0.006,0.000,0.488,0.488,0.703
1780271254403,0.000,0.000,0.003,0.003,0.000,0.000,0.003,0.003,0.012,0.000,0.504,0.504,0.679
1780271254447,0.000,0.000,0.000,0.003,0.000,0.000,0.003,0.000,0.006,0.000,0.512,0.512,0.727
1780271254477,0.003,0.000,0.000,0.003,0.000,0.003,0.003,0.000,0.012,0.000,0.520,0.520,0.703
1780271254513,0.000,0.000,0.000,0.003,0.003,0.000,0.003,0.000,0.009,0.000,0.504,0.504,0.727
1780271254540,0.000,0.000,0.000,0.007,0.000,0.003,0.003,0.000,0.013,0.000,0.512,0.512,0.703
1780271254572,0.003,0.000,0.003,0.003,0.000,0.000,0.003,0.000,0.012,0.000,0.504,0.504,0.727
1780271254598,0.003,0.003,0.000,0.003,0.000,0.000,0.003,0.000,0.012,0.000,0.488,0.488,0.703
1780271254630,0.003,0.000,0.003,0.003,0.000,0.003,0.003,0.000,0.015,0.000,0.488,0.488,0.679
1780271254660,0.000,0.000,0.003,0.003,0.000,0.000,0.000,0.000,0.006,0.000,0.480,0.480,0.679
1780271254695,0.003,0.000,0.000,0.003,0.000,0.003,0.000,0.003,0.012,0.000,0.463,0.463,0.679
1780271254739,0.000,0.000,0.000,0.003,0.000,0.000,0.003,0.003,0.009,0.000,0.472,0.472,0.679
1780271254776,0.003,0.000,0.003,0.003,0.000,0.000,0.003,0.000,0.012,0.000,0.480,0.480,0.703
1780271254833,0.003,0.000,0.000,0.000,0.000,0.003,0.000,0.000,0.006,0.000,0.488,0.488,0.679
1780271254896,0.003,0.000,0.000,0.003,0.000,0.000,0.003,0.000,0.009,0.000,0.472,0.472,0.703
1780271254924,0.003,0.000,0.000,0.003,0.000,0.000,0.003,0.003,0.012,0.000,0.472,0.472,0.679
1780271254957,0.003,0.000,0.000,0.003,0.000,0.000,0.003,0.000,0.009,0.000,0.472,0.472,0.679
1780271254987,0.007,0.000,0.000,0.003,0.000,0.000,0.003,0.003,0.016,0.000,0.472,0.472,0.630
1780271255037,0.000,0.000,0.000,0.003,0.000,0.000,0.003,0.000,0.006,0.000,0.472,0.472,0.679
1780271255071,0.000,0.000,0.000,0.003,0.000,0.000,0.003,0.000,0.006,0.000,0.496,0.496,0.679
1780271255102,0.000,0.000,0.000,0.000,0.003,0.000,0.003,0.000,0.006,0.000,0.488,0.488,0.703
1780271255131,0.003,0.003,0.000,0.007,0.000,0.000,0.003,0.003,0.019,0.000,0.488,0.488,0.703
1780271255167,0.003,0.000,0.000,0.003,0.000,0.000,0.003,0.000,0.009,0.000,0.480,0.480,0.703
1780271255198,0.003,0.000,0.000,0.003,0.000,0.000,0.003,0.000,0.009,0.000,0.480,0.480,0.630
1780271255240,0.003,0.000,0.000,0.003,0.000,0.000,0.003,0.000,0.009,0.000,0.480,0.480,0.703
1780271255271,0.003,0.000,0.000,0.003,0.000,0.000,0.003,0.000,0.009,0.000,0.472,0.472,0.679
1780271255315,0.003,0.000,0.000,0.003,0.003,0.000,0.003,0.003,0.015,0.000,0.480,0.480,0.727
1780271255367,0.000,0.000,0.000,0.003,0.000,0.000,0.000,0.000,0.003,0.000,0.480,0.480,0.703
1780271255419,0.003,0.000,0.003,0.003,0.000,0.003,0.003,0.000,0.015,0.000,0.463,0.463,0.703
1780271255449,0.000,0.000,0.000,0.003,0.000,0.000,0.003,0.003,0.009,0.000,0.472,0.472,0.703
1780271255480,0.000,0.000,0.000,0.003,0.000,0.000,0.003,0.003,0.009,0.000,0.496,0.496,0.703
1780271255505,0.000,0.003,0.000,0.003,0.000,0.000,0.003,0.000,0.009,0.000,0.480,0.480,0.703
1780271255545,0.003,0.000,0.000,0.003,0.000,0.000,0.003,0.000,0.009,0.000,0.472,0.472,0.679
1780271255579,0.003,0.000,0.000,0.003,0.000,0.003,0.003,0.000,0.012,0.000,0.504,0.504,0.703
1780271255613,0.007,0.000,0.000,0.003,0.000,0.000,0.003,0.003,0.016,0.000,0.488,0.488,0.727
1780271255641,0.000,0.000,0.003,0.003,0.000,0.000,0.003,0.000,0.009,0.000,0.472,0.472,0.679
1780271255677,0.000,0.000,0.000,0.003,0.000,0.003,0.003,0.000,0.009,0.000,0.488,0.488,0.703
1780271255715,0.000,0.000,0.000,0.003,0.000,0.000,0.003,0.000,0.006,0.000,0.488,0.488,0.679
1780271255759,0.003,0.000,0.000,0.003,0.000,0.000,0.003,0.000,0.009,0.000,0.496,0.496,0.679
1780271255792,0.000,0.000,0.000,0.003,0.000,0.000,0.003,0.003,0.009,0.000,0.488,0.488,0.703
1780271255831,0.003,0.003,0.000,0.003,0.000,0.000,0.000,0.000,0.009,0.000,0.488,0.488,0.679
1780271255890,0.003,0.000,0.000,0.003,0.000,0.000,0.003,0.003,0.012,0.000,0.480,0.480,0.703
1780271255951,0.000,0.000,0.003,0.000,0.000,0.000,0.000,0.000,0.003,0.000,0.488,0.488,0.703
1780271255985,0.000,0.000,0.000,0.003,0.000,0.000,0.000,0.000,0.003,0.000,0.488,0.488,0.703
1780271256026,0.000,0.003,0.003,0.000,0.000,0.000,0.003,0.000,0.009,0.000,0.472,0.472,0.703
1780271256070,0.000,0.000,0.000,0.003,0.000,0.000,0.003,0.003,0.009,0.000,0.480,0.480,0.703
1780271256109,0.000,0.003,0.000,0.000,0.003,0.003,0.003,0.000,0.012,0.000,0.488,0.488,0.679
1780271256136,0.000,0.000,0.000,0.003,0.000,0.000,0.003,0.000,0.006,0.000,0.480,0.480,0.703
1780271256174,0.000,0.000,0.000,0.003,0.000,0.003,0.003,0.000,0.009,0.000,0.488,0.488,0.679
1780271256203,0.000,0.000,0.000,0.003,0.000,0.003,0.003,0.000,0.009,0.000,0.472,0.472,0.703
1780271256242,0.000,0.000,0.003,0.000,0.000,0.000,0.007,0.000,0.010,0.000,0.480,0.480,0.703
1780271256277,0.000,0.000,0.000,0.003,0.000,0.003,0.003,0.000,0.009,0.000,0.488,0.488,0.703
1780271256318,0.000,0.003,0.000,0.003,0.000,0.000,0.003,0.000,0.009,0.000,0.496,0.496,0.679
1780271256344,0.000,0.000,0.000,0.000,0.000,0.000,0.003,0.003,0.006,0.000,0.496,0.496,0.727
1780271256396,0.000,0.000,0.003,0.003,0.000,0.000,0.003,0.000,0.009,0.000,0.480,0.480,0.703
1780271256464,0.000,0.000,0.000,0.003,0.000,0.003,0.003,0.003,0.012,0.000,0.480,0.480,0.703
1780271256490,0.000,0.003,0.000,0.003,0.000,0.000,0.007,0.003,0.016,0.000,0.480,0.480,0.679
1780271256527,0.000,0.000,0.000,0.003,0.000,0.000,0.003,0.000,0.006,0.000,0.480,0.480,0.703
1780271256553,0.000,0.000,0.000,0.003,0.000,0.000,0.003,0.003,0.009,0.000,0.488,0.488,0.703
1780271256605,0.000,0.000,0.003,0.003,0.000,0.000,0.003,0.003,0.012,0.000,0.488,0.488,0.679
1780271256633,0.000,0.003,0.000,0.003,0.000,0.000,0.003,0.000,0.009,0.000,0.496,0.496,0.703
1780271256672,0.000,0.000,0.003,0.003,0.000,0.000,0.003,0.003,0.012,0.000,0.496,0.496,0.703
1780271256708,0.000,0.003,0.000,0.003,0.000,0.003,0.003,0.003,0.015,0.000,0.480,0.480,0.703
1780271256751,0.000,0.000,0.000,0.000,0.000,0.000,0.003,0.003,0.006,0.000,0.496,0.496,0.703
1780271256786,0.000,0.000,0.000,0.003,0.000,0.000,0.003,0.000,0.006,0.000,0.496,0.496,0.727
1780271256818,0.003,0.000,0.000,0.010,0.000,0.000,0.003,0.000,0.016,0.000,0.504,0.504,0.703
1780271256847,0.003,0.000,0.000,0.003,0.000,0.003,0.003,0.000,0.012,0.000,0.496,0.496,0.679
1780271256899,0.003,0.000,0.000,0.003,0.000,0.000,0.000,0.000,0.006,0.000,0.488,0.488,0.703
1780271256933,0.000,0.000,0.000,0.003,0.000,0.000,0.003,0.000,0.006,0.000,0.496,0.496,0.703
1780271256978,0.003,0.000,0.000,0.003,0.000,0.000,0.003,0.003,0.012,0.000,0.488,0.488,0.703
1780271257006,0.000,0.000,0.000,0.007,0.003,0.000,0.003,0.000,0.013,0.000,0.472,0.472,0.679
1780271257045,0.000,0.000,0.000,0.003,0.000,0.000,0.003,0.000,0.006,0.000,0.472,0.472,0.679
1780271257071,0.000,0.000,0.000,0.003,0.000,0.000,0.003,0.000,0.006,0.000,0.480,0.480,0.679
1780271257118,0.003,0.000,0.000,0.003,0.003,0.000,0.003,0.000,0.012,0.000,0.488,0.488,0.703
1780271257144,0.000,0.000,0.000,0.003,0.000,0.000,0.003,0.000,0.006,0.000,0.480,0.480,0.679
1780271257180,0.000,0.000,0.000,0.007,0.000,0.000,0.003,0.000,0.010,0.000,0.496,0.496,0.727
1780271257205,0.003,0.000,0.003,0.003,0.000,0.000,0.003,0.003,0.015,0.000,0.504,0.504,0.727
1780271257239,0.000,0.000,0.000,0.003,0.000,0.000,0.003,0.000,0.006,0.000,0.496,0.496,0.703
1780271257274,0.003,0.000,0.000,0.003,0.003,0.003,0.003,0.000,0.015,0.000,0.488,0.488,0.703
1780271257344,0.000,0.000,0.000,0.003,0.000,0.003,0.003,0.000,0.009,0.000,0.480,0.480,0.703
1780271257372,0.000,0.003,0.003,0.003,0.000,0.000,0.003,0.000,0.012,0.000,0.496,0.496,0.679
1780271257420,0.003,0.000,0.003,0.003,0.000,0.000,0.003,0.000,0.012,0.000,0.480,0.480,0.679
1780271257463,0.007,0.003,0.000,0.007,0.003,0.000,0.000,0.003,0.023,0.000,0.480,0.480,0.727
1780271257514,0.000,0.000,0.003,0.003,0.003,0.000,0.000,0.000,0.009,0.000,0.488,0.488,0.703
1780271257541,0.003,0.000,0.000,0.003,0.000,0.000,0.003,0.000,0.009,0.000,0.472,0.472,0.679
1780271257577,0.003,0.000,0.000,0.000,0.000,0.000,0.003,0.003,0.009,0.000,0.488,0.488,0.703
1780271257628,0.000,0.000,0.000,0.003,0.000,0.000,0.003,0.000,0.006,0.000,0.480,0.480,0.703
1780271257656,0.003,0.003,0.000,0.003,0.000,0.000,0.000,0.003,0.012,0.000,0.472,0.472,0.679
1780271257688,0.000,0.000,0.000,0.003,0.000,0.000,0.007,0.003,0.013,0.000,0.472,0.472,0.679
1780271257719,0.000,0.000,0.003,0.003,0.000,0.000,0.003,0.003,0.012,0.000,0.480,0.480,0.679
1780271257754,0.003,0.000,0.000,0.003,0.000,0.000,0.003,0.000,0.009,0.000,0.472,0.472,0.703
1780271257783,0.003,0.000,0.000,0.003,0.000,0.000,0.003,0.003,0.012,0.000,0.488,0.488,0.703
1780271257825,0.003,0.000,0.000,0.003,0.000,0.000,0.003,0.000,0.009,0.000,0.480,0.480,0.679
1780271257856,0.003,0.000,0.000,0.003,0.000,0.000,0.003,0.000,0.009,0.000,0.512,0.512,0.703
1780271257895,0.000,0.000,0.000,0.003,0.000,0.000,0.003,0.003,0.009,0.000,0.488,0.488,0.703
1780271257943,0.000,0.003,0.000,0.000,0.000,0.000,0.003,0.000,0.006,0.000,0.480,0.480,0.679
1780271257982,0.000,0.000,0.003,0.003,0.000,0.000,0.003,0.000,0.009,0.000,0.480,0.480,0.703
1780271258037,0.000,0.000,0.007,0.003,0.000,0.000,0.003,0.000,0.013,0.000,0.463,0.463,0.679
1780271258065,0.000,0.003,0.000,0.003,0.000,0.000,0.003,0.000,0.009,0.000,0.472,0.472,0.679
1780271258106,0.000,0.000,0.000,0.000,0.000,0.000,0.000,0.003,0.003,0.000,0.480,0.480,0.703
1780271258141,0.000,0.003,0.003,0.003,0.000,0.000,0.003,0.000,0.012,0.000,0.480,0.480,0.727
1780271258180,0.003,0.000,0.003,0.003,0.000,0.000,0.003,0.000,0.012,0.000,0.480,0.480,0.703
1780271258207,0.003,0.000,0.000,0.003,0.000,0.000,0.003,0.000,0.009,0.000,0.488,0.488,0.703
1780271258246,0.003,0.003,0.000,0.003,0.000,0.000,0.000,0.003,0.012,0.000,0.472,0.472,0.703
1780271258274,0.003,0.000,0.000,0.003,0.000,0.000,0.003,0.003,0.012,0.000,0.472,0.472,0.727
1780271258322,0.000,0.000,0.000,0.007,0.000,0.000,0.003,0.003,0.013,0.000,0.480,0.480,0.679
1780271258370,0.003,0.000,0.000,0.003,0.000,0.003,0.000,0.000,0.009,0.000,0.496,0.496,0.703
1780271258396,0.003,0.000,0.000,0.003,0.000,0.000,0.003,0.003,0.012,0.000,0.496,0.496,0.679
1780271258452,0.000,0.000,0.000,0.003,0.000,0.000,0.003,0.000,0.006,0.000,0.496,0.496,0.679
1780271258491,0.003,0.000,0.000,0.003,0.000,0.000,0.003,0.000,0.009,0.000,0.488,0.488,0.679
1780271258534,0.003,0.000,0.000,0.003,0.000,0.003,0.003,0.000,0.012,0.000,0.480,0.480,0.679
1780271258565,0.003,0.000,0.000,0.003,0.000,0.000,0.003,0.000,0.009,0.000,0.480,0.480,0.703
1780271258605,0.003,0.000,0.000,0.000,0.000,0.003,0.003,0.000,0.009,0.000,0.488,0.488,0.679
1780271258632,0.000,0.000,0.000,0.003,0.000,0.000,0.000,0.003,0.006,0.000,0.496,0.496,0.703
1780271258674,0.003,0.000,0.000,0.003,0.000,0.000,0.003,0.000,0.009,0.000,0.496,0.496,0.703
1780271258698,0.000,0.000,0.000,0.003,0.000,0.000,0.003,0.003,0.009,0.000,0.496,0.496,0.679
1780271258731,0.000,0.000,0.003,0.003,0.000,0.000,0.000,0.003,0.009,0.000,0.496,0.496,0.703
1780271258759,0.003,0.003,0.000,0.000,0.000,0.000,0.000,0.000,0.006,0.000,0.488,0.488,0.727
1780271258788,0.000,0.000,0.000,0.000,0.000,0.003,0.003,0.000,0.006,0.000,0.496,0.496,0.703
1780271258821,0.007,0.000,0.000,0.003,0.000,0.000,0.003,0.003,0.016,0.000,0.480,0.480,0.703
1780271258862,0.000,0.000,0.003,0.003,0.000,0.000,0.003,0.003,0.012,0.000,0.488,0.488,0.703
1780271258906,0.000,0.000,0.000,0.000,0.000,0.000,0.000,0.000,0.000,0.000,0.480,0.480,0.703
1780271258975,0.820,1.089,0.849,1.104,0.000,0.000,0.003,0.000,3.865,0.000,1.367,1.367,1.236
1780271259025,3.677,3.626,3.776,4.031,0.000,0.000,0.003,0.003,15.116,0.000,7.407,7.407,5.600
1780271259078,5.944,4.534,6.076,5.955,3.623,3.433,0.003,0.007,29.575,0.000,19.552,19.552,20.727
1780271259108,6.036,2.941,6.371,5.846,3.247,3.357,0.003,0.003,27.804,0.000,19.886,19.886,25.479
1780271259141,6.269,2.015,6.615,5.748,2.525,2.719,0.007,0.003,25.901,0.000,19.926,19.926,22.982
1780271259190,5.252,2.314,5.372,4.920,2.135,2.201,0.003,0.003,22.200,0.000,15.962,15.962,20.582
1780271259219,4.523,3.207,4.322,3.932,2.026,2.092,0.003,0.003,20.108,0.000,12.446,12.446,16.752
1780271259255,3.473,3.025,3.747,3.094,2.285,2.187,0.003,0.003,17.817,0.000,9.572,9.572,12.509
1780271259293,3.364,3.306,3.717,3.517,2.095,2.190,0.003,0.003,18.195,0.000,11.037,11.037,11.539
1780271259355,4.173,3.798,4.873,4.162,2.172,2.063,0.000,0.007,21.248,0.000,16.296,16.296,17.212
1780271259388,4.224,3.327,4.851,4.184,2.354,2.489,0.003,0.003,21.435,0.000,16.288,16.288,19.103
1780271259435,4.195,3.685,4.651,4.231,0.765,0.871,0.003,0.000,18.401,0.000,16.223,16.223,17.576
1780271259500,3.776,3.112,4.446,3.706,0.018,0.021,0.000,0.000,15.079,0.000,14.497,14.497,12.776
1780271259546,4.745,4.640,2.026,1.818,0.003,0.007,0.003,0.000,13.242,0.000,7.724,7.724,10.473
1780271259598,4.497,5.522,1.392,1.075,0.000,0.003,0.000,0.000,12.489,0.000,7.578,7.578,7.103
1780271259649,2.697,4.960,1.570,1.319,0.000,0.003,0.000,0.000,10.549,0.000,7.936,7.936,6.036
1780271259691,3.801,4.301,0.845,1.166,0.000,0.003,0.003,0.003,10.122,0.000,6.398,6.398,7.661
1780271259726,1.800,1.461,0.240,0.371,0.000,0.000,0.003,0.000,3.875,0.000,2.759,2.759,4.218
1780271259759,0.262,0.338,0.054,0.105,0.000,0.003,0.003,0.003,0.768,0.000,1.408,1.408,0.873
1780271259801,0.040,0.043,0.014,0.014,0.000,0.003,0.003,0.000,0.117,0.000,0.773,0.773,0.727
1780271259825,0.010,0.010,0.007,0.003,0.000,0.000,0.003,0.000,0.033,0.000,0.610,0.610,0.727
1780271259864,0.007,0.007,0.007,0.003,0.000,0.003,0.003,0.000,0.030,0.000,0.561,0.561,0.752
1780271259896,0.648,0.739,1.286,0.685,0.000,0.000,0.003,0.003,3.364,0.000,1.408,1.408,0.703
1780271259953,2.843,5.875,6.258,4.840,0.000,0.000,0.000,0.000,19.816,0.000,16.125,16.125,15.442
1780271259995,1.760,6.499,6.480,4.960,0.000,0.000,0.000,0.000,19.699,0.000,16.410,16.410,15.224
1780271260036,2.894,6.353,4.596,3.918,0.000,0.000,0.000,0.000,17.761,0.000,15.295,15.295,14.521
1780271260089,3.123,5.522,4.796,5.088,0.000,0.000,0.003,0.000,18.532,0.000,16.239,16.239,14.109
1780271260149,1.840,2.686,2.617,0.925,0.000,0.000,0.000,0.000,8.068,0.000,5.315,5.315,5.164
1780271260179,4.155,2.784,3.608,2.635,0.000,0.000,0.003,0.003,13.188,0.000,13.089,13.089,2.230
1780271260230,4.490,0.976,2.511,7.428,0.000,0.000,0.000,0.000,15.405,0.000,13.610,13.610,15.976
1780271260267,2.289,0.400,1.895,3.400,0.000,0.000,0.003,0.000,7.987,0.000,5.893,5.893,10.958
1780271260308,0.831,0.047,0.149,0.681,0.000,0.000,0.003,0.000,1.711,0.000,2.124,2.124,1.673
1780271260342,0.098,0.010,0.032,0.134,3.739,3.098,0.007,0.010,7.128,0.000,0.984,0.984,0.727
1780271260404,0.010,0.003,0.003,0.007,3.881,3.739,0.007,0.003,7.653,0.000,0.610,0.610,9.382
1780271260437,0.003,0.000,0.003,0.003,3.087,2.977,0.000,0.007,6.080,0.000,0.553,0.553,6.618
1780271260480,1.177,1.195,1.097,1.191,2.544,2.653,0.003,0.007,9.867,0.000,2.075,2.075,5.915
1780271260547,3.728,2.934,5.124,5.259,2.030,2.030,0.003,0.003,21.111,0.000,11.322,11.322,15.321
1780271260610,0.415,0.379,0.524,0.546,2.679,2.653,0.003,0.003,7.202,0.000,2.442,2.442,7.297
1780271260659,0.018,0.018,0.036,0.032,2.504,2.507,0.003,0.003,5.121,0.000,0.911,0.911,5.576
1780271260692,0.007,0.007,0.010,0.007,2.391,2.427,0.007,0.003,4.859,0.000,0.626,0.626,5.309
1780271260735,0.003,0.003,0.003,0.003,2.416,2.438,0.007,0.003,4.876,0.000,0.553,0.553,5.236
1780271260764,0.003,0.000,0.003,0.007,2.391,2.398,0.003,0.003,4.808,0.000,0.545,0.545,5.285
1780271260799,0.003,0.003,0.003,0.007,2.358,2.420,0.007,0.003,4.804,0.000,0.529,0.529,5.236
1780271260835,0.000,0.000,0.000,0.003,2.383,2.383,0.003,0.003,4.775,0.000,0.537,0.537,5.261
1780271260885,0.397,0.328,0.277,0.484,2.318,2.325,0.003,0.003,6.135,0.000,0.732,0.732,5.309
1780271260926,2.205,2.751,1.971,2.318,2.081,2.099,0.003,0.003,13.431,0.000,5.315,5.315,8.630
1780271260977,3.754,3.393,5.762,5.554,1.844,1.848,0.003,0.003,22.161,0.000,13.292,13.292,15.442
1780271261009,1.494,1.512,3.273,3.593,2.569,2.573,0.003,0.007,15.024,0.000,6.862,6.862,17.067
1780271261048,0.167,0.164,0.382,0.371,2.930,2.642,0.007,0.003,6.666,0.000,2.262,2.262,6.739
1780271261077,0.040,0.032,0.080,0.072,2.591,2.890,0.007,0.003,5.715,0.000,1.196,1.196,6.061
1780271261139,0.007,0.003,0.007,0.007,2.587,2.628,0.007,0.003,5.249,0.000,0.643,0.643,5.673
1780271261180,0.003,0.003,0.003,0.003,0.630,0.765,0.003,0.003,1.413,0.000,0.553,0.553,3.055
1780271261218,0.003,0.000,0.003,0.003,0.134,0.105,0.003,0.000,0.251,0.000,0.529,0.529,0.824
1780271261267,0.003,0.000,0.003,0.007,0.010,0.010,0.003,0.003,0.039,0.000,0.545,0.545,0.752
1780271261291,0.003,0.000,0.000,0.007,0.003,0.007,0.003,0.000,0.023,0.000,0.529,0.529,0.776
1780271261321,0.007,0.003,0.003,0.003,0.000,0.003,0.003,0.000,0.022,0.000,0.520,0.520,0.752
1780271261353,0.003,0.000,0.003,0.003,0.000,0.003,0.000,0.007,0.019,0.000,0.504,0.504,0.752
1780271261390,0.000,0.000,0.000,0.003,0.000,0.003,0.003,0.000,0.009,0.000,0.504,0.504,0.752
1780271261424,0.003,0.003,0.000,0.007,0.000,0.003,0.003,0.003,0.022,0.000,0.504,0.504,0.703
1780271261470,0.280,0.222,0.211,0.196,0.000,0.000,0.003,0.000,0.912,0.000,0.610,0.610,0.776
1780271261501,1.363,0.703,1.009,0.503,0.000,0.003,0.000,0.000,3.581,0.000,3.972,3.972,0.727
1780271261546,6.105,5.777,4.782,5.296,0.000,0.000,0.003,0.003,21.966,0.000,17.118,17.118,16.412
1780271261587,6.469,6.834,3.251,4.038,0.000,0.003,0.000,0.000,20.595,0.000,18.201,18.201,16.970
1780271261632,3.521,6.823,4.224,2.511,0.000,0.000,0.000,0.000,17.079,0.000,14.318,14.318,14.352
1780271261667,1.698,6.232,5.861,1.651,0.000,0.000,0.003,0.000,15.445,0.000,12.747,12.747,11.588
1780271261744,3.320,3.892,5.810,2.967,0.000,0.000,0.000,0.000,15.989,0.000,11.444,11.444,10.861
1780271261784,4.599,2.183,5.223,3.838,0.000,0.000,0.003,0.000,15.846,0.000,12.844,12.844,9.382
1780271261817,3.459,1.283,4.217,6.491,0.000,0.000,0.003,0.000,15.453,0.000,12.584,12.584,13.091
1780271261848,2.256,0.302,4.355,6.433,0.000,0.000,0.003,0.000,13.349,0.000,11.493,11.493,10.448
1780271261894,0.849,0.058,3.940,6.590,0.000,0.000,0.000,0.003,11.440,0.000,10.516,10.516,9.745
1780271261922,0.856,0.061,3.437,6.400,0.000,0.000,0.003,0.003,10.760,0.000,9.808,9.808,8.921
1780271261958,2.041,3.750,2.912,5.332,0.000,0.000,0.003,0.000,14.038,0.000,12.185,12.185,7.685
1780271261998,3.225,5.872,2.205,4.796,0.000,0.000,0.000,0.000,16.098,0.000,14.814,14.814,12.485
1780271262040,2.423,6.156,1.680,4.381,0.000,0.000,0.003,0.003,14.646,0.000,14.065,14.065,13.067
1780271262076,2.325,5.281,1.498,3.845,0.000,0.000,0.000,0.003,12.952,0.000,12.983,12.983,11.539
1780271262115,2.511,4.548,1.476,3.666,0.000,0.000,0.003,0.000,12.204,0.000,11.680,11.680,11.030
1780271262152,1.968,3.306,1.487,3.790,0.000,0.000,0.003,0.003,10.557,0.000,10.321,10.321,9.212
1780271262197,1.374,2.905,1.315,3.834,0.003,0.000,0.000,0.003,9.434,0.000,9.621,9.621,8.533
1780271262255,1.159,2.318,1.611,3.455,0.000,0.000,0.003,0.000,8.546,0.000,8.636,8.636,7.685
1780271262290,0.852,1.855,1.173,3.069,0.000,0.000,0.000,0.000,6.949,0.000,6.487,6.487,6.861
1780271262333,0.411,2.008,3.542,0.313,0.000,0.000,0.003,0.003,6.280,0.000,4.086,4.086,3.152
1780271262362,0.236,1.982,3.841,0.167,0.000,0.000,0.003,0.000,6.229,0.000,3.809,3.809,3.248
1780271262395,0.222,1.968,4.093,0.098,0.000,0.003,0.000,0.000,6.384,0.000,3.842,3.842,3.418
1780271262426,0.247,2.074,5.267,1.206,0.000,0.000,0.003,0.000,8.797,0.000,5.079,5.079,3.588
1780271262474,0.156,1.917,8.077,3.521,0.000,0.000,0.000,0.000,13.671,0.000,10.077,10.077,7.200
1780271262519,0.211,2.857,6.735,3.488,0.000,0.000,0.000,0.003,13.294,0.000,10.907,10.907,9.794
1780271262557,0.605,2.617,6.531,3.444,0.000,0.000,0.003,0.003,13.203,0.000,10.883,10.883,9.915
1780271262613,0.637,3.152,5.864,2.861,0.000,0.000,0.000,0.000,12.514,0.000,10.231,10.231,9.333
1780271262646,0.838,3.265,5.154,2.030,0.003,0.000,0.003,0.000,11.293,0.000,9.393,9.393,9.067
1780271262688,0.233,3.174,4.851,0.976,0.000,0.000,0.003,0.000,9.237,0.000,8.603,8.603,7.661
1780271262721,0.743,2.996,4.574,0.736,0.000,0.003,0.003,0.000,9.055,0.000,7.659,7.659,7.152
1780271262790,0.069,0.277,0.397,0.072,0.000,0.003,0.003,0.000,0.821,0.000,1.717,1.717,1.285
1780271262821,0.014,0.061,0.091,0.021,0.000,0.000,0.003,0.000,0.190,0.000,0.984,0.984,0.727
1780271262856,0.007,0.018,0.018,0.007,0.000,0.000,0.003,0.003,0.056,0.000,0.643,0.643,0.752
1780271262884,0.003,0.007,0.010,0.003,0.000,0.000,0.003,0.000,0.026,0.000,0.569,0.569,0.752
1780271262922,0.003,0.003,0.003,0.007,0.000,0.000,0.003,0.000,0.019,0.000,0.529,0.529,0.752
1780271262954,0.014,0.003,0.003,0.047,0.000,0.003,0.003,0.000,0.073,0.000,0.537,0.537,0.727
1780271262998,2.066,2.329,1.942,2.223,0.000,0.000,0.000,0.003,8.563,0.000,5.966,5.966,0.558
1780271263056,3.076,3.575,6.703,6.404,0.000,0.003,0.003,0.003,19.767,0.000,16.361,16.361,15.588
1780271263108,1.720,2.846,6.958,6.375,0.000,0.000,0.003,0.000,17.902,0.000,18.209,18.209,15.321
1780271263140,2.208,4.118,5.522,5.773,0.000,0.000,0.000,0.000,17.621,0.000,15.669,15.669,16.679
1780271263187,0.750,3.185,1.206,5.930,0.000,0.000,0.003,0.000,11.074,0.000,10.671,10.671,10.812
1780271263227,0.156,3.881,0.185,5.139,0.000,0.000,0.003,0.000,9.364,0.000,9.434,9.434,8.339
1780271263286,0.014,3.528,0.014,3.739,0.000,0.000,0.003,0.000,7.298,0.000,7.537,7.537,7.103
1780271263326,0.750,3.131,1.002,3.112,0.000,0.000,0.003,0.003,8.001,0.000,6.967,6.967,6.085
1780271263373,4.516,2.431,3.918,2.267,0.000,0.000,0.000,0.000,13.132,0.000,12.283,12.283,7.539
1780271263405,5.485,2.234,4.887,1.530,0.000,0.000,0.003,0.000,14.139,0.000,13.528,13.528,11.830
1780271263438,6.509,1.840,4.454,1.035,0.000,0.000,0.003,0.003,13.844,0.000,13.243,13.243,12.412
1780271263468,5.791,1.625,4.133,0.809,0.000,0.003,0.003,0.000,12.364,0.000,12.096,12.096,11.224
1780271263505,5.051,1.793,3.612,0.805,0.000,0.000,0.000,0.000,11.261,0.000,10.915,10.915,10.085
1780271263531,4.439,1.993,2.890,0.947,0.000,0.000,0.003,0.000,10.272,0.000,10.272,10.272,9.018
1780271263575,2.183,1.133,0.765,0.375,0.000,0.000,0.003,0.000,4.459,0.000,4.086,4.086,8.315
1780271263618,0.342,0.131,0.131,0.083,0.000,0.000,0.000,0.000,0.687,0.000,1.579,1.579,0.994
1780271263655,0.076,0.025,0.021,0.014,0.000,0.000,0.003,0.000,0.139,0.000,0.797,0.797,0.703
1780271263681,0.021,0.010,0.014,0.007,0.000,0.000,0.003,0.003,0.058,0.000,0.659,0.659,0.727
1780271263716,0.014,0.003,0.007,0.003,0.000,0.000,0.003,0.003,0.033,0.000,0.569,0.569,0.752
1780271263765,0.007,0.003,0.003,0.003,0.000,0.000,0.003,0.003,0.022,0.000,0.561,0.561,0.824
1780271263813,0.003,0.003,0.003,0.007,0.000,0.003,0.003,0.000,0.022,0.000,0.512,0.512,0.824
1780271263845,1.596,1.334,1.439,1.170,0.000,0.000,0.003,0.000,5.542,0.000,2.775,2.775,0.606
1780271263881,3.039,2.846,2.587,2.598,0.000,0.000,0.003,0.000,11.073,0.000,4.338,4.338,4.388
1780271263919,4.618,4.082,4.148,3.838,0.000,0.003,0.000,0.000,16.689,0.000,13.235,13.235,3.782
1780271263951,4.640,4.239,4.979,4.975,0.000,0.000,0.003,0.003,18.839,0.000,14.277,14.277,17.648
1780271263982,3.014,3.360,3.506,3.903,0.000,0.000,0.003,0.003,13.789,0.000,6.251,6.251,10.497
1780271264020,0.371,0.368,0.400,0.382,0.000,0.003,0.003,0.000,1.527,0.000,2.726,2.726,1.261
1780271264055,0.076,0.076,0.080,0.047,0.000,0.000,0.000,0.003,0.282,0.000,1.139,1.139,0.752
1780271264098,0.014,0.010,0.014,0.010,0.000,0.003,0.003,0.000,0.054,0.000,0.700,0.700,0.752
1780271264153,0.003,0.003,0.003,0.003,0.000,0.000,0.003,0.003,0.018,0.000,0.561,0.561,0.776
1780271264189,0.003,0.000,0.003,0.003,0.000,0.000,0.003,0.000,0.012,0.000,0.529,0.529,0.824
1780271264223,0.003,0.000,0.003,0.003,0.000,0.000,0.003,0.003,0.015,0.000,0.504,0.504,0.776
1780271264265,0.003,0.003,0.003,0.003,0.000,0.000,0.003,0.000,0.015,0.000,0.512,0.512,0.776
1780271264331,0.000,0.000,0.003,0.003,0.000,0.000,0.003,0.003,0.012,0.000,0.504,0.504,0.727
1780271264370,0.000,0.000,0.000,0.007,0.000,0.003,0.003,0.003,0.016,0.000,0.488,0.488,0.727
1780271264414,0.003,0.000,0.003,0.003,0.000,0.000,0.003,0.000,0.012,0.000,0.512,0.512,0.727
1780271264444,0.000,0.003,0.003,0.003,0.000,0.000,0.003,0.000,0.012,0.000,0.496,0.496,0.727
1780271264480,0.000,0.000,0.000,0.007,0.000,0.000,0.003,0.000,0.010,0.000,0.488,0.488,0.727
1780271264506,0.000,0.000,0.000,0.000,0.000,0.000,0.003,0.003,0.006,0.000,0.488,0.488,0.752
1780271264548,0.000,0.000,0.003,0.003,0.000,0.000,0.003,0.003,0.012,0.000,0.488,0.488,0.703
1780271264580,0.003,0.000,0.003,0.007,0.000,0.000,0.000,0.000,0.013,0.000,0.480,0.480,0.727
1780271264627,0.000,0.003,0.003,0.007,0.000,0.000,0.000,0.003,0.016,0.000,0.488,0.488,0.752
1780271264662,0.000,0.000,0.000,0.003,0.000,0.000,0.003,0.000,0.006,0.000,0.512,0.512,0.776
1780271264698,0.003,0.000,0.003,0.003,0.000,0.000,0.003,0.000,0.012,0.000,0.512,0.512,0.752
1780271264723,0.000,0.000,0.000,0.003,0.000,0.000,0.003,0.000,0.006,0.000,0.504,0.504,0.727
1780271264769,0.000,0.000,0.000,0.003,0.000,0.000,0.003,0.000,0.006,0.000,0.488,0.488,0.752
1780271264845,0.000,0.000,0.000,0.003,0.000,0.000,0.003,0.000,0.006,0.000,0.488,0.488,0.727
1780271264884,0.000,0.003,0.000,0.003,0.000,0.003,0.003,0.003,0.015,0.000,0.488,0.488,0.752
1780271264932,0.000,0.000,0.003,0.003,0.000,0.003,0.003,0.000,0.012,0.000,0.496,0.496,0.727
1780271264960,0.000,0.000,0.000,0.003,0.000,0.000,0.003,0.000,0.006,0.000,0.496,0.496,0.727
1780271264990,0.000,0.000,0.003,0.003,0.000,0.000,0.003,0.000,0.009,0.000,0.496,0.496,0.727
1780271265018,0.003,0.000,0.000,0.003,0.000,0.000,0.003,0.003,0.012,0.000,0.496,0.496,0.703
1780271265068,0.003,0.000,0.000,0.003,0.000,0.000,0.007,0.000,0.013,0.000,0.488,0.488,0.727
1780271265099,0.000,0.000,0.000,0.003,0.000,0.000,0.000,0.000,0.003,0.000,0.496,0.496,0.727
1780271265139,0.000,0.003,0.000,0.003,0.000,0.003,0.003,0.000,0.012,0.000,0.488,0.488,0.727
1780271265195,0.000,0.000,0.003,0.003,0.000,0.003,0.003,0.003,0.015,0.000,0.496,0.496,0.727
1780271265221,0.003,0.000,0.000,0.000,0.000,0.000,0.003,0.000,0.006,0.000,0.496,0.496,0.703
1780271265253,0.003,0.003,0.000,0.003,0.000,0.000,0.003,0.003,0.015,0.000,0.472,0.472,0.727
1780271265279,0.000,0.000,0.003,0.003,0.000,0.003,0.000,0.003,0.012,0.000,0.480,0.480,0.727
1780271265347,0.000,0.000,0.003,0.000,0.000,0.000,0.000,0.003,0.006,0.000,0.488,0.488,0.752
1780271265375,0.000,0.000,0.000,0.003,0.000,0.003,0.000,0.000,0.006,0.000,0.480,0.480,0.727
1780271265405,0.000,0.000,0.000,0.003,0.000,0.000,0.003,0.000,0.006,0.000,0.480,0.480,0.703
1780271265444,0.000,0.000,0.000,0.003,0.000,0.000,0.000,0.000,0.003,0.000,0.504,0.504,0.752
1780271265488,0.000,0.000,0.003,0.003,0.000,0.000,0.000,0.000,0.006,0.000,0.496,0.496,0.752
1780271265514,0.000,0.000,0.000,0.003,0.000,0.003,0.003,0.000,0.009,0.000,0.496,0.496,0.752
1780271265545,0.007,0.000,0.000,0.003,0.000,0.000,0.003,0.000,0.013,0.000,0.504,0.504,0.727
1780271265582,0.000,0.000,0.000,0.003,0.000,0.000,0.003,0.000,0.006,0.000,0.480,0.480,0.703
1780271265620,0.000,0.000,0.000,0.003,0.000,0.000,0.003,0.000,0.006,0.000,0.488,0.488,0.679
1780271265652,0.000,0.003,0.003,0.003,0.000,0.000,0.003,0.003,0.015,0.000,0.480,0.480,0.727
1780271265696,0.003,0.000,0.003,0.003,0.000,0.003,0.000,0.000,0.012,0.000,0.488,0.488,0.752
1780271265721,0.000,0.000,0.003,0.003,0.000,0.000,0.003,0.000,0.009,0.000,0.496,0.496,0.727
1780271265759,0.007,0.000,0.000,0.003,0.000,0.000,0.000,0.003,0.013,0.000,0.480,0.480,0.727
1780271265788,0.003,0.000,0.000,0.003,0.000,0.000,0.003,0.000,0.009,0.000,0.488,0.488,0.703
1780271265856,0.003,0.000,0.000,0.003,0.000,0.003,0.000,0.003,0.012,0.000,0.488,0.488,0.703
1780271265894,0.000,0.003,0.000,0.003,0.000,0.000,0.003,0.000,0.009,0.000,0.488,0.488,0.727
1780271265933,0.007,0.000,0.000,0.003,0.000,0.000,0.000,0.003,0.013,0.000,0.488,0.488,0.679
1780271265974,0.000,0.000,0.007,0.003,0.000,0.000,0.003,0.000,0.013,0.000,0.496,0.496,0.727
1780271266013,0.003,0.000,0.000,0.003,0.000,0.000,0.000,0.000,0.006,0.000,0.529,0.529,0.703
1780271266039,0.000,0.003,0.003,0.010,0.000,0.003,0.003,0.003,0.025,0.000,0.512,0.512,0.752
1780271266068,0.000,0.000,0.000,0.003,0.000,0.000,0.003,0.000,0.006,0.000,0.520,0.520,0.752
1780271266103,0.003,0.000,0.000,0.003,0.000,0.000,0.003,0.003,0.012,0.000,0.488,0.488,0.703
1780271266137,0.003,0.000,0.000,0.000,0.000,0.000,0.003,0.000,0.006,0.000,0.480,0.480,0.752
1780271266180,0.000,0.003,0.000,0.007,0.000,0.003,0.000,0.003,0.016,0.000,0.496,0.496,0.752
1780271266224,0.000,0.000,0.000,0.000,0.000,0.000,0.003,0.000,0.003,0.000,0.488,0.488,0.752
1780271266251,0.000,0.000,0.003,0.003,0.000,0.000,0.003,0.003,0.012,0.000,0.496,0.496,0.727
1780271266284,0.003,0.003,0.000,0.003,0.000,0.000,0.000,0.000,0.009,0.000,0.488,0.488,0.752
1780271266313,0.000,0.003,0.000,0.003,0.000,0.000,0.003,0.003,0.012,0.000,0.480,0.480,0.703
1780271266384,0.000,0.003,0.000,0.003,0.000,0.000,0.000,0.000,0.006,0.000,0.480,0.480,0.727
1780271266420,0.000,0.000,0.000,0.003,0.000,0.000,0.003,0.000,0.006,0.000,0.480,0.480,0.703
1780271266456,0.000,0.000,0.003,0.003,0.000,0.003,0.003,0.000,0.012,0.000,0.488,0.488,0.752
1780271266490,0.003,0.000,0.000,0.003,0.000,0.000,0.003,0.007,0.016,0.000,0.496,0.496,0.703
1780271266524,0.003,0.000,0.000,0.003,0.003,0.000,0.003,0.000,0.012,0.000,0.480,0.480,0.727
1780271266554,0.003,0.003,0.000,0.007,0.000,0.003,0.003,0.000,0.019,0.000,0.488,0.488,0.703
1780271266589,0.003,0.000,0.000,0.003,0.000,0.000,0.003,0.000,0.009,0.000,0.480,0.480,0.703
1780271266631,0.000,0.000,0.003,0.003,0.000,0.000,0.003,0.003,0.012,0.000,0.480,0.480,0.727
1780271266670,0.000,0.000,0.000,0.003,0.000,0.000,0.003,0.000,0.006,0.000,0.480,0.480,0.703
1780271266710,0.000,0.000,0.000,0.003,0.000,0.000,0.003,0.000,0.006,0.000,0.512,0.512,0.727
1780271266759,0.000,0.000,0.000,0.003,0.000,0.003,0.003,0.003,0.012,0.000,0.480,0.480,0.703
1780271266784,0.000,0.003,0.000,0.003,0.000,0.000,0.003,0.000,0.009,0.000,0.463,0.463,0.727
1780271266816,0.003,0.000,0.000,0.003,0.000,0.000,0.003,0.000,0.009,0.000,0.496,0.496,0.727
1780271266870,0.000,0.003,0.000,0.000,0.003,0.000,0.003,0.000,0.009,0.000,0.496,0.496,0.727
1780271266931,0.003,0.003,0.000,0.003,0.000,0.000,0.003,0.000,0.012,0.000,0.496,0.496,0.727
1780271266959,0.000,0.000,0.003,0.003,0.000,0.000,0.003,0.003,0.012,0.000,0.488,0.488,0.752
1780271267000,0.000,0.000,0.000,0.003,0.000,0.000,0.003,0.000,0.006,0.000,0.480,0.480,0.703
1780271267024,0.000,0.000,0.000,0.003,0.000,0.000,0.003,0.000,0.006,0.000,0.480,0.480,0.727
1780271267057,0.000,0.000,0.000,0.003,0.000,0.000,0.007,0.000,0.010,0.000,0.488,0.488,0.752
1780271267083,0.000,0.000,0.000,0.003,0.000,0.000,0.000,0.000,0.003,0.000,0.488,0.488,0.703
1780271267115,0.003,0.000,0.000,0.000,0.000,0.003,0.007,0.000,0.013,0.000,0.480,0.480,0.727
1780271267151,0.000,0.000,0.000,0.003,0.000,0.000,0.003,0.000,0.006,0.000,0.496,0.496,0.727
1780271267190,0.000,0.003,0.000,0.003,0.000,0.000,0.003,0.000,0.009,0.000,0.512,0.512,0.727
1780271267219,0.000,0.003,0.000,0.000,0.000,0.000,0.000,0.003,0.006,0.000,0.496,0.496,0.752
1780271267263,0.007,0.000,0.000,0.003,0.000,0.000,0.003,0.000,0.013,0.000,0.504,0.504,0.752
1780271267290,0.003,0.000,0.000,0.003,0.000,0.000,0.000,0.003,0.009,0.000,0.504,0.504,0.727
1780271267323,0.003,0.000,0.000,0.003,0.000,0.003,0.003,0.000,0.012,0.000,0.504,0.504,0.727
1780271267377,0.003,0.003,0.000,0.003,0.003,0.000,0.003,0.000,0.015,0.000,0.488,0.488,0.703
1780271267421,0.000,0.000,0.000,0.000,0.000,0.000,0.000,0.003,0.003,0.000,0.480,0.480,0.703
1780271267464,0.003,0.000,0.000,0.000,0.000,0.003,0.003,0.000,0.009,0.000,0.496,0.496,0.727
1780271267496,0.003,0.000,0.000,0.003,0.000,0.000,0.003,0.000,0.009,0.000,0.488,0.488,0.727
1780271267533,0.007,0.000,0.000,0.003,0.000,0.000,0.003,0.003,0.016,0.000,0.488,0.488,0.727
1780271267560,0.003,0.000,0.000,0.000,0.000,0.000,0.000,0.000,0.003,0.000,0.480,0.480,0.727
1780271267602,0.000,0.000,0.000,0.003,0.000,0.003,0.003,0.000,0.009,0.000,0.480,0.480,0.703
1780271267629,0.000,0.000,0.000,0.000,0.000,0.003,0.000,0.000,0.003,0.000,0.480,0.480,0.727
1780271267678,0.003,0.000,0.000,0.000,0.000,0.000,0.003,0.000,0.006,0.000,0.480,0.480,0.727
1780271267709,0.000,0.000,0.003,0.003,0.000,0.000,0.000,0.000,0.006,0.000,0.504,0.504,0.776
1780271267748,0.000,0.000,0.003,0.003,0.000,0.000,0.000,0.003,0.009,0.000,0.496,0.496,0.703
1780271267792,0.003,0.000,0.000,0.003,0.000,0.000,0.003,0.000,0.009,0.000,0.488,0.488,0.727
1780271267831,0.000,0.000,0.000,0.003,0.000,0.000,0.003,0.003,0.009,0.000,0.488,0.488,0.727
1780271267895,0.003,0.000,0.000,0.003,0.000,0.000,0.000,0.000,0.006,0.000,0.488,0.488,0.727
1780271267957,0.000,0.000,0.000,0.003,0.000,0.000,0.003,0.000,0.006,0.000,0.496,0.496,0.703
1780271267982,0.003,0.000,0.000,0.003,0.000,0.003,0.003,0.003,0.015,0.000,0.496,0.496,0.752
1780271268028,0.000,0.000,0.000,0.003,0.000,0.000,0.003,0.003,0.009,0.000,0.480,0.480,0.703
1780271268060,0.003,0.000,0.000,0.003,0.000,0.000,0.003,0.003,0.012,0.000,0.488,0.488,0.727
1780271268100,0.007,0.000,0.003,0.003,0.000,0.000,0.003,0.000,0.016,0.000,0.496,0.496,0.727
1780271268128,0.000,0.000,0.000,0.003,0.000,0.000,0.003,0.000,0.006,0.000,0.488,0.488,0.727
1780271268159,0.003,0.000,0.000,0.003,0.000,0.000,0.003,0.000,0.009,0.000,0.504,0.504,0.727
1780271268195,0.003,0.000,0.000,0.003,0.000,0.000,0.003,0.000,0.009,0.000,0.520,0.520,0.752
1780271268226,0.000,0.000,0.007,0.003,0.000,0.000,0.003,0.003,0.016,0.000,0.520,0.520,0.752
1780271268257,0.000,0.000,0.003,0.003,0.000,0.003,0.003,0.007,0.019,0.000,0.520,0.520,0.752
1780271268300,0.000,0.000,0.003,0.000,0.000,0.000,0.003,0.003,0.009,0.000,0.512,0.512,0.752
1780271268330,0.003,0.000,0.000,0.003,0.000,0.000,0.003,0.003,0.012,0.000,0.512,0.512,0.727
1780271268361,0.003,0.000,0.000,0.007,0.000,0.003,0.003,0.000,0.016,0.000,0.488,0.488,0.752
1780271268404,0.000,0.000,0.000,0.007,0.000,0.000,0.003,0.000,0.010,0.000,0.488,0.488,0.727
1780271268458,0.000,0.000,0.000,0.007,0.000,0.000,0.003,0.000,0.010,0.000,0.520,0.520,0.727
1780271268482,0.000,0.000,0.000,0.003,0.000,0.000,0.000,0.000,0.003,0.000,0.504,0.504,0.752
1780271268513,0.000,0.000,0.003,0.003,0.000,0.000,0.003,0.000,0.009,0.000,0.496,0.496,0.727
1780271268546,0.000,0.000,0.000,0.003,0.000,0.003,0.003,0.000,0.009,0.000,0.480,0.480,0.727
1780271268589,0.003,0.000,0.000,0.003,0.000,0.000,0.003,0.000,0.009,0.000,0.496,0.496,0.727
1780271268614,0.000,0.000,0.000,0.003,0.000,0.000,0.000,0.003,0.006,0.000,0.488,0.488,0.727
1780271268646,0.003,0.000,0.000,0.003,0.003,0.000,0.003,0.000,0.012,0.000,0.488,0.488,0.703
1780271268675,0.000,0.000,0.000,0.003,0.000,0.003,0.003,0.000,0.009,0.000,0.488,0.488,0.727
1780271268727,0.003,0.000,0.000,0.003,0.000,0.000,0.000,0.000,0.006,0.000,0.504,0.504,0.727
1780271268753,0.000,0.000,0.000,0.003,0.000,0.000,0.003,0.003,0.009,0.000,0.496,0.496,0.727
1780271268785,0.003,0.000,0.000,0.003,0.000,0.000,0.003,0.000,0.009,0.000,0.504,0.504,0.727
1780271268820,0.003,0.000,0.000,0.003,0.000,0.000,0.003,0.000,0.009,0.000,0.496,0.496,0.727
1780271268860,0.000,0.000,0.000,0.003,0.000,0.000,0.003,0.000,0.006,0.000,0.480,0.480,0.752
1780271268888,0.000,0.000,0.000,0.003,0.000,0.003,0.003,0.000,0.009,0.000,0.488,0.488,0.727
1780271268956,0.000,0.000,0.003,0.003,0.000,0.000,0.003,0.000,0.009,0.000,0.504,0.504,0.703
1780271268984,0.003,0.000,0.003,0.003,0.000,0.000,0.007,0.003,0.019,0.000,0.488,0.488,0.727
1780271269013,0.003,0.000,0.000,0.003,0.000,0.000,0.003,0.000,0.009,0.000,0.480,0.480,0.727
1780271269042,0.003,0.000,0.000,0.003,0.000,0.000,0.003,0.003,0.012,0.000,0.488,0.488,0.727
1780271269080,0.000,0.000,0.000,0.000,0.000,0.000,0.000,0.000,0.000,0.000,0.488,0.488,0.727
1780271269120,0.000,0.000,0.000,0.003,0.000,0.003,0.003,0.000,0.009,0.000,0.480,0.480,0.727
1780271269154,0.003,0.000,0.000,0.003,0.000,0.000,0.003,0.003,0.012,0.000,0.488,0.488,0.703
1780271269190,0.003,0.000,0.000,0.003,0.000,0.000,0.007,0.000,0.013,0.000,0.480,0.480,0.703
1780271269237,0.000,0.000,0.000,0.003,0.000,0.000,0.003,0.003,0.009,0.000,0.488,0.488,0.727
1780271269271,0.003,0.003,0.000,0.007,0.000,0.003,0.000,0.000,0.016,0.000,0.488,0.488,0.752
1780271269305,0.000,0.000,0.000,0.003,0.000,0.000,0.003,0.000,0.006,0.000,0.496,0.496,0.727
1780271269339,0.003,0.003,0.000,0.003,0.000,0.000,0.003,0.003,0.015,0.000,0.496,0.496,0.727
1780271269374,0.003,0.000,0.003,0.003,0.000,0.000,0.003,0.000,0.012,0.000,0.488,0.488,0.752
1780271269405,0.000,0.000,0.000,0.003,0.000,0.000,0.003,0.000,0.006,0.000,0.488,0.488,0.727
1780271269472,0.000,0.000,0.003,0.000,0.000,0.000,0.003,0.000,0.006,0.000,0.504,0.504,0.703
1780271269498,0.000,0.000,0.000,0.003,0.000,0.003,0.000,0.000,0.006,0.000,0.488,0.488,0.727
1780271269535,0.000,0.000,0.000,0.003,0.000,0.003,0.003,0.000,0.009,0.000,0.488,0.488,0.727
1780271269563,0.000,0.003,0.003,0.003,0.000,0.003,0.003,0.000,0.015,0.000,0.488,0.488,0.703
1780271269599,0.003,0.000,0.000,0.000,0.000,0.000,0.000,0.000,0.003,0.000,0.480,0.480,0.703
1780271269626,0.003,0.000,0.007,0.003,0.000,0.000,0.003,0.000,0.016,0.000,0.472,0.472,0.752
1780271269665,0.000,0.000,0.000,0.003,0.003,0.000,0.003,0.003,0.012,0.000,0.488,0.488,0.703
1780271269692,0.000,0.000,0.000,0.000,0.000,0.000,0.000,0.000,0.000,0.000,0.488,0.488,0.703
1780271269737,0.000,0.000,0.000,0.003,0.000,0.000,0.003,0.000,0.006,0.000,0.488,0.488,0.752
1780271269764,0.000,0.000,0.000,0.003,0.000,0.000,0.003,0.000,0.006,0.000,0.488,0.488,0.727
1780271269805,0.000,0.000,0.003,0.000,0.000,0.000,0.000,0.003,0.006,0.000,0.488,0.488,0.727
1780271269839,0.000,0.000,0.003,0.003,0.000,0.000,0.003,0.003,0.012,0.000,0.480,0.480,0.703
1780271269883,0.000,0.000,0.000,0.003,0.000,0.003,0.003,0.000,0.009,0.000,0.480,0.480,0.727
1780271269912,0.000,0.000,0.000,0.003,0.000,0.003,0.003,0.003,0.012,0.000,0.488,0.488,0.703
1780271270002,0.003,0.000,0.000,0.003,0.000,0.000,0.003,0.000,0.009,0.000,0.496,0.496,0.752
1780271270030,0.000,0.000,0.000,0.000,0.000,0.000,0.000,0.000,0.000,0.000,0.488,0.488,0.703
1780271270065,0.003,0.000,0.000,0.003,0.000,0.000,0.007,0.000,0.013,0.000,0.472,0.472,0.703
1780271270099,0.000,0.000,0.000,0.003,0.000,0.000,0.003,0.003,0.009,0.000,0.480,0.480,0.703
1780271270144,0.000,0.000,0.000,0.003,0.000,0.000,0.003,0.000,0.006,0.000,0.488,0.488,0.727
1780271270172,0.000,0.003,0.003,0.003,0.000,0.000,0.003,0.003,0.015,0.000,0.512,0.512,0.727
1780271270201,0.000,0.003,0.000,0.003,0.000,0.000,0.003,0.000,0.009,0.000,0.520,0.520,0.752
1780271270238,0.003,0.000,0.000,0.003,0.000,0.000,0.007,0.000,0.013,0.000,0.529,0.529,0.727
1780271270270,0.000,0.000,0.000,0.003,0.000,0.000,0.003,0.000,0.006,0.000,0.512,0.512,0.752
1780271270301,0.003,0.000,0.003,0.007,0.000,0.000,0.003,0.000,0.016,0.000,0.496,0.496,0.727
1780271270333,0.000,0.000,0.000,0.003,0.000,0.003,0.003,0.000,0.009,0.000,0.472,0.472,0.727
1780271270361,0.000,0.000,0.003,0.003,0.000,0.000,0.003,0.000,0.009,0.000,0.488,0.488,0.727
1780271270406,0.003,0.000,0.000,0.003,0.000,0.000,0.003,0.000,0.009,0.000,0.496,0.496,0.703
1780271270431,0.000,0.000,0.000,0.000,0.000,0.000,0.003,0.000,0.003,0.000,0.480,0.480,0.727
1780271270495,0.000,0.000,0.000,0.003,0.000,0.003,0.003,0.000,0.009,0.000,0.488,0.488,0.727
1780271270522,0.000,0.000,0.003,0.003,0.000,0.000,0.003,0.003,0.012,0.000,0.480,0.480,0.727
1780271270560,0.003,0.000,0.000,0.000,0.000,0.003,0.003,0.003,0.012,0.000,0.488,0.488,0.727
1780271270589,0.000,0.003,0.000,0.003,0.000,0.000,0.003,0.000,0.009,0.000,0.480,0.480,0.727
1780271270629,0.000,0.000,0.000,0.003,0.000,0.000,0.003,0.003,0.009,0.000,0.480,0.480,0.703
1780271270660,0.003,0.000,0.000,0.003,0.000,0.000,0.003,0.000,0.009,0.000,0.496,0.496,0.727
1780271270714,0.000,0.003,0.000,0.000,0.000,0.000,0.003,0.000,0.006,0.000,0.488,0.488,0.727
1780271270768,0.000,0.000,0.000,0.003,0.000,0.000,0.003,0.000,0.006,0.000,0.480,0.480,0.727
1780271270795,0.003,0.000,0.000,0.003,0.000,0.000,0.000,0.000,0.006,0.000,0.488,0.488,0.727
1780271270842,0.000,0.000,0.000,0.003,0.000,0.000,0.000,0.003,0.006,0.000,0.480,0.480,0.703
1780271270873,0.003,0.000,0.003,0.003,0.000,0.000,0.003,0.000,0.012,0.000,0.472,0.472,0.727
1780271270920,0.003,0.000,0.000,0.003,0.000,0.003,0.003,0.003,0.015,0.000,0.480,0.480,0.703
1780271270948,0.000,0.000,0.000,0.003,0.000,0.000,0.003,0.003,0.009,0.000,0.480,0.480,0.703
1780271271029,0.003,0.003,0.000,0.003,0.000,0.000,0.003,0.003,0.015,0.000,0.496,0.496,0.727
1780271271057,0.003,0.003,0.000,0.003,0.000,0.000,0.003,0.000,0.012,0.000,0.504,0.504,0.752
1780271271090,0.003,0.000,0.000,0.000,0.000,0.000,0.003,0.000,0.006,0.000,0.504,0.504,0.727
1780271271123,0.003,0.000,0.000,0.003,0.000,0.000,0.003,0.003,0.012,0.000,0.480,0.480,0.679
1780271271159,0.003,0.000,0.003,0.003,0.000,0.000,0.003,0.000,0.012,0.000,0.480,0.480,0.703
1780271271184,0.003,0.000,0.000,0.003,0.000,0.003,0.000,0.000,0.009,0.000,0.472,0.472,0.727
1780271271221,0.000,0.000,0.000,0.000,0.000,0.003,0.003,0.000,0.006,0.000,0.472,0.472,0.703
1780271271258,0.000,0.000,0.000,0.003,0.000,0.000,0.003,0.000,0.006,0.000,0.496,0.496,0.752
1780271271293,0.010,0.000,0.000,0.003,0.000,0.000,0.000,0.000,0.013,0.000,0.488,0.488,0.703
1780271271321,0.003,0.000,0.000,0.003,0.000,0.003,0.003,0.000,0.012,0.000,0.496,0.496,0.727
1780271271358,0.000,0.000,0.003,0.003,0.000,0.000,0.003,0.000,0.009,0.000,0.488,0.488,0.727
1780271271389,0.000,0.000,0.000,0.003,0.000,0.000,0.007,0.000,0.010,0.000,0.496,0.496,0.727
1780271271443,0.000,0.000,0.000,0.003,0.000,0.000,0.007,0.000,0.010,0.000,0.480,0.480,0.703
1780271271479,0.003,0.000,0.000,0.003,0.000,0.000,0.003,0.000,0.009,0.000,0.472,0.472,0.727
1780271271544,0.003,0.000,0.000,0.003,0.000,0.000,0.003,0.000,0.009,0.000,0.488,0.488,0.703
1780271271579,0.003,0.000,0.000,0.000,0.000,0.000,0.003,0.007,0.013,0.000,0.488,0.488,0.727
1780271271612,0.000,0.000,0.003,0.003,0.000,0.000,0.003,0.000,0.009,0.000,0.488,0.488,0.727
1780271271648,0.000,0.000,0.000,0.003,0.003,0.000,0.000,0.000,0.006,0.000,0.488,0.488,0.679
1780271271688,0.000,0.003,0.000,0.003,0.000,0.000,0.003,0.003,0.012,0.000,0.496,0.496,0.727
1780271271725,0.000,0.000,0.000,0.003,0.000,0.000,0.000,0.003,0.006,0.000,0.480,0.480,0.703
1780271271773,0.003,0.000,0.000,0.003,0.000,0.000,0.003,0.000,0.009,0.000,0.496,0.496,0.727
1780271271800,0.003,0.000,0.000,0.003,0.000,0.000,0.007,0.000,0.013,0.000,0.504,0.504,0.703
1780271271834,0.000,0.003,0.000,0.003,0.000,0.000,0.000,0.003,0.009,0.000,0.496,0.496,0.703
1780271271865,0.003,0.000,0.000,0.003,0.000,0.000,0.000,0.003,0.009,0.000,0.488,0.488,0.727
1780271271902,0.000,0.000,0.000,0.003,0.000,0.003,0.003,0.003,0.012,0.000,0.488,0.488,0.703
1780271271938,0.003,0.000,0.003,0.003,0.000,0.000,0.000,0.000,0.009,0.000,0.496,0.496,0.727
1780271271975,0.000,0.000,0.000,0.000,0.000,0.000,0.007,0.003,0.010,0.000,0.488,0.488,0.703
1780271272011,0.003,0.000,0.000,0.003,0.000,0.000,0.003,0.000,0.009,0.000,0.496,0.496,0.703
1780271272082,0.000,0.000,0.003,0.000,0.000,0.000,0.003,0.000,0.006,0.000,0.488,0.488,0.727
1780271272111,0.000,0.000,0.000,0.003,0.000,0.000,0.003,0.003,0.009,0.000,0.480,0.480,0.703
1780271272147,0.000,0.000,0.000,0.003,0.000,0.000,0.003,0.000,0.006,0.000,0.488,0.488,0.727
1780271272182,0.000,0.003,0.000,0.003,0.000,0.000,0.000,0.000,0.006,0.000,0.512,0.512,0.727
1780271272219,0.003,0.000,0.003,0.003,0.000,0.000,0.003,0.003,0.015,0.000,0.520,0.520,0.727
1780271272245,0.003,0.000,0.000,0.000,0.000,0.000,0.003,0.000,0.006,0.000,0.512,0.512,0.752
1780271272293,0.000,0.003,0.003,0.003,0.003,0.000,0.003,0.003,0.018,0.000,0.504,0.504,0.703
1780271272318,0.000,0.000,0.000,0.000,0.000,0.000,0.000,0.000,0.000,0.000,0.488,0.488,0.727
1780271272351,0.000,0.000,0.000,0.003,0.000,0.000,0.003,0.000,0.006,0.000,0.480,0.480,0.703
1780271272378,0.003,0.000,0.000,0.003,0.000,0.000,0.003,0.000,0.009,0.000,0.480,0.480,0.703
1780271272420,0.003,0.000,0.000,0.000,0.000,0.000,0.003,0.000,0.006,0.000,0.480,0.480,0.703
1780271272454,0.000,0.000,0.000,0.003,0.000,0.000,0.000,0.000,0.003,0.000,0.488,0.488,0.703
1780271272490,0.000,0.000,0.000,0.003,0.000,0.000,0.003,0.003,0.009,0.000,0.488,0.488,0.703
1780271272520,0.000,0.000,0.003,0.003,0.000,0.000,0.007,0.000,0.013,0.000,0.504,0.504,0.703
1780271272591,0.000,0.000,0.000,0.003,0.000,0.000,0.003,0.000,0.006,0.000,0.480,0.480,0.703
1780271272622,0.000,0.000,0.000,0.003,0.000,0.000,0.003,0.000,0.006,0.000,0.480,0.480,0.727
1780271272654,0.000,0.000,0.003,0.003,0.000,0.000,0.000,0.003,0.009,0.000,0.488,0.488,0.727
1780271272687,0.003,0.000,0.000,0.003,0.000,0.000,0.003,0.000,0.009,0.000,0.488,0.488,0.727
1780271272721,0.000,0.000,0.000,0.003,0.000,0.000,0.003,0.003,0.009,0.000,0.488,0.488,0.727
1780271272752,0.003,0.000,0.003,0.003,0.000,0.000,0.003,0.007,0.019,0.000,0.504,0.504,0.727
1780271272796,0.000,0.000,0.000,0.003,0.000,0.000,0.003,0.000,0.006,0.000,0.496,0.496,0.752
1780271272824,0.003,0.000,0.000,0.003,0.000,0.000,0.003,0.000,0.009,0.000,0.472,0.472,0.727
1780271272865,0.003,0.000,0.000,0.003,0.000,0.000,0.003,0.000,0.009,0.000,0.480,0.480,0.703
1780271272898,0.000,0.000,0.000,0.003,0.000,0.000,0.003,0.003,0.009,0.000,0.480,0.480,0.703
1780271272931,0.003,0.000,0.000,0.003,0.003,0.003,0.003,0.003,0.018,0.000,0.480,0.480,0.727
1780271272965,0.000,0.000,0.000,0.003,0.000,0.000,0.000,0.000,0.003,0.000,0.488,0.488,0.727
1780271273008,0.000,0.000,0.000,0.003,0.000,0.000,0.003,0.000,0.006,0.000,0.496,0.496,0.727
1780271273037,0.003,0.000,0.000,0.007,0.000,0.000,0.003,0.000,0.013,0.000,0.488,0.488,0.776
1780271273099,0.000,0.000,0.000,0.003,0.000,0.000,0.003,0.000,0.006,0.000,0.488,0.488,0.727
1780271273126,0.000,0.000,0.000,0.003,0.000,0.003,0.003,0.000,0.009,0.000,0.496,0.496,0.727
1780271273158,0.000,0.000,0.000,0.003,0.000,0.000,0.003,0.000,0.006,0.000,0.504,0.504,0.727
1780271273187,0.003,0.000,0.003,0.003,0.000,0.000,0.003,0.000,0.012,0.000,0.496,0.496,0.703
1780271273221,0.000,0.000,0.000,0.000,0.000,0.000,0.003,0.000,0.003,0.000,0.496,0.496,0.727
1780271273254,0.000,0.003,0.000,0.003,0.000,0.000,0.000,0.000,0.006,0.000,0.504,0.504,0.727
1780271273300,0.000,0.000,0.000,0.003,0.000,0.000,0.003,0.000,0.006,0.000,0.496,0.496,0.727
1780271273326,0.000,0.003,0.003,0.003,0.000,0.000,0.003,0.000,0.012,0.000,0.488,0.488,0.727
1780271273361,0.000,0.000,0.003,0.000,0.000,0.000,0.003,0.000,0.006,0.000,0.488,0.488,0.727
1780271273396,0.000,0.000,0.000,0.003,0.000,0.003,0.000,0.000,0.006,0.000,0.480,0.480,0.727
1780271273436,0.000,0.000,0.000,0.003,0.000,0.000,0.003,0.000,0.006,0.000,0.472,0.472,0.703
1780271273478,0.003,0.000,0.000,0.000,0.000,0.000,0.007,0.000,0.010,0.000,0.488,0.488,0.727
1780271273514,0.003,0.000,0.000,0.003,0.000,0.000,0.003,0.003,0.012,0.000,0.512,0.512,0.727
1780271273553,0.003,0.000,0.000,0.003,0.000,0.000,0.003,0.000,0.009,0.000,0.480,0.480,0.727
1780271273621,0.003,0.000,0.000,0.000,0.000,0.003,0.003,0.003,0.012,0.000,0.488,0.488,0.703
1780271273649,0.000,0.000,0.000,0.003,0.000,0.003,0.000,0.000,0.006,0.000,0.488,0.488,0.703
1780271273685,0.000,0.000,0.003,0.003,0.000,0.000,0.003,0.003,0.012,0.000,0.480,0.480,0.703
1780271273719,0.000,0.000,0.000,0.003,0.000,0.000,0.007,0.003,0.013,0.000,0.496,0.496,0.703
1780271273756,0.000,0.000,0.000,0.003,0.000,0.003,0.003,0.000,0.009,0.000,0.488,0.488,0.727
1780271273796,0.003,0.000,0.000,0.000,0.000,0.000,0.003,0.000,0.006,0.000,0.504,0.504,0.752
1780271273831,0.003,0.000,0.000,0.003,0.000,0.000,0.003,0.003,0.012,0.000,0.504,0.504,0.727
1780271273859,0.007,0.000,0.000,0.003,0.000,0.000,0.003,0.000,0.013,0.000,0.488,0.488,0.727
1780271273893,0.000,0.000,0.000,0.003,0.000,0.000,0.000,0.000,0.003,0.000,0.480,0.480,0.679
1780271273919,0.003,0.000,0.000,0.003,0.000,0.000,0.003,0.000,0.009,0.000,0.472,0.472,0.703
1780271273961,0.000,0.000,0.000,0.003,0.000,0.000,0.003,0.000,0.006,0.000,0.480,0.480,0.727
1780271274003,0.000,0.003,0.000,0.003,0.000,0.000,0.003,0.000,0.009,0.000,0.504,0.504,0.727
1780271274035,0.000,0.000,0.000,0.003,0.000,0.000,0.003,0.000,0.006,0.000,0.488,0.488,0.752
1780271274062,0.000,0.003,0.000,0.003,0.000,0.003,0.003,0.003,0.015,0.000,0.496,0.496,0.703
1780271274127,0.000,0.000,0.000,0.003,0.000,0.000,0.000,0.000,0.003,0.000,0.480,0.480,0.703
1780271274155,0.003,0.003,0.000,0.003,0.000,0.000,0.003,0.000,0.012,0.000,0.480,0.480,0.727
1780271274186,0.003,0.000,0.000,0.003,0.000,0.000,0.003,0.003,0.012,0.000,0.480,0.480,0.703
1780271274212,0.003,0.000,0.000,0.000,0.003,0.000,0.003,0.000,0.009,0.000,0.496,0.496,0.727
1780271274260,0.000,0.003,0.000,0.003,0.000,0.000,0.000,0.000,0.006,0.000,0.520,0.520,0.727
1780271274295,0.003,0.000,0.000,0.003,0.000,0.000,0.003,0.003,0.012,0.000,0.520,0.520,0.752
1780271274327,0.000,0.000,0.000,0.003,0.000,0.000,0.000,0.000,0.003,0.000,0.512,0.512,0.727
1780271274350,0.000,0.000,0.000,0.003,0.000,0.003,0.003,0.000,0.009,0.000,0.512,0.512,0.703
1780271274387,0.000,0.000,0.000,0.003,0.000,0.000,0.003,0.003,0.009,0.000,0.488,0.488,0.703
1780271274413,0.000,0.000,0.000,0.000,0.000,0.000,0.003,0.000,0.003,0.000,0.480,0.480,0.727
1780271274445,0.000,0.000,0.000,0.000,0.000,0.003,0.003,0.003,0.009,0.000,0.496,0.496,0.703
1780271274479,0.003,0.000,0.000,0.003,0.000,0.000,0.003,0.003,0.012,0.000,0.488,0.488,0.703
1780271274530,0.007,0.000,0.003,0.000,0.000,0.000,0.007,0.003,0.020,0.000,0.488,0.488,0.703
1780271274558,0.003,0.000,0.000,0.007,0.000,0.000,0.000,0.000,0.010,0.000,0.488,0.488,0.703
1780271274589,0.000,0.000,0.003,0.003,0.000,0.000,0.003,0.003,0.012,0.000,0.488,0.488,0.727
1780271274656,0.000,0.000,0.000,0.003,0.000,0.000,0.003,0.000,0.006,0.000,0.488,0.488,0.703
1780271274687,0.000,0.000,0.000,0.003,0.000,0.000,0.003,0.000,0.006,0.000,0.488,0.488,0.727
1780271274726,0.003,0.000,0.003,0.003,0.000,0.000,0.003,0.003,0.015,0.000,0.480,0.480,0.703
1780271274761,0.003,0.000,0.000,0.003,0.000,0.000,0.003,0.000,0.009,0.000,0.488,0.488,0.703
1780271274820,0.000,0.000,0.000,0.003,0.000,0.000,0.007,0.000,0.010,0.000,0.480,0.480,0.727
1780271274848,0.003,0.000,0.000,0.003,0.000,0.000,0.007,0.003,0.016,0.000,0.488,0.488,0.703
1780271274882,0.000,0.000,0.003,0.003,0.000,0.000,0.003,0.000,0.009,0.000,0.472,0.472,0.703
1780271274911,0.003,0.000,0.000,0.007,0.000,0.000,0.003,0.000,0.013,0.000,0.480,0.480,0.703
1780271274952,0.000,0.000,0.000,0.003,0.000,0.003,0.007,0.003,0.016,0.000,0.472,0.472,0.679
1780271274985,0.000,0.000,0.000,0.003,0.000,0.003,0.003,0.000,0.009,0.000,0.472,0.472,0.703
1780271275034,0.000,0.000,0.000,0.000,0.000,0.003,0.000,0.000,0.003,0.000,0.504,0.504,0.703
1780271275063,0.003,0.000,0.000,0.003,0.000,0.003,0.003,0.003,0.015,0.000,0.480,0.480,0.679
1780271275102,0.000,0.000,0.000,0.003,0.000,0.000,0.003,0.000,0.006,0.000,0.480,0.480,0.727
1780271275171,0.000,0.000,0.000,0.003,0.000,0.003,0.003,0.000,0.009,0.000,0.480,0.480,0.703
1780271275207,0.000,0.000,0.000,0.003,0.000,0.000,0.003,0.000,0.006,0.000,0.488,0.488,0.703
1780271275250,0.000,0.000,0.000,0.003,0.000,0.000,0.000,0.003,0.006,0.000,0.488,0.488,0.703
1780271275287,0.000,0.000,0.000,0.003,0.000,0.003,0.003,0.000,0.009,0.000,0.488,0.488,0.703
1780271275336,0.003,0.000,0.003,0.003,0.000,0.000,0.003,0.003,0.015,0.000,0.496,0.496,0.703
1780271275366,0.003,0.000,0.000,0.003,0.003,0.000,0.000,0.000,0.009,0.000,0.488,0.488,0.727
1780271275402,0.000,0.000,0.000,0.003,0.000,0.000,0.003,0.003,0.009,0.000,0.496,0.496,0.703
1780271275426,0.000,0.003,0.000,0.003,0.000,0.000,0.003,0.003,0.012,0.000,0.488,0.488,0.752
1780271275457,0.007,0.000,0.000,0.003,0.000,0.000,0.003,0.000,0.013,0.000,0.496,0.496,0.703
1780271275490,0.003,0.000,0.000,0.007,0.003,0.000,0.000,0.000,0.013,0.000,0.480,0.480,0.703
1780271275536,0.000,0.000,0.000,0.007,0.000,0.000,0.003,0.000,0.010,0.000,0.504,0.504,0.703
1780271275562,0.000,0.000,0.007,0.003,0.000,0.003,0.000,0.000,0.013,0.000,0.496,0.496,0.727
1780271275593,0.000,0.000,0.003,0.003,0.000,0.000,0.000,0.000,0.006,0.000,0.496,0.496,0.703
1780271275622,0.000,0.003,0.000,0.000,0.000,0.000,0.000,0.000,0.003,0.000,0.488,0.488,0.727
1780271275683,0.003,0.000,0.003,0.003,0.000,0.000,0.003,0.000,0.012,0.000,0.488,0.488,0.703
1780271275711,0.000,0.000,0.000,0.000,0.000,0.000,0.003,0.000,0.003,0.000,0.480,0.480,0.703
1780271275741,0.003,0.000,0.000,0.003,0.000,0.000,0.007,0.000,0.013,0.000,0.488,0.488,0.727
1780271275780,0.003,0.003,0.000,0.003,0.000,0.000,0.000,0.000,0.009,0.000,0.480,0.480,0.727
1780271275816,0.000,0.000,0.000,0.007,0.000,0.000,0.003,0.000,0.010,0.000,0.496,0.496,0.752
1780271275856,0.003,0.000,0.003,0.003,0.000,0.000,0.003,0.003,0.015,0.000,0.488,0.488,0.703
1780271275891,0.000,0.000,0.000,0.000,0.000,0.000,0.003,0.003,0.006,0.000,0.496,0.496,0.703
1780271275927,0.000,0.000,0.003,0.003,0.000,0.000,0.003,0.000,0.009,0.000,0.488,0.488,0.727
1780271275960,0.000,0.000,0.000,0.003,0.000,0.000,0.003,0.003,0.009,0.000,0.488,0.488,0.703
1780271275994,0.000,0.003,0.000,0.003,0.000,0.000,0.000,0.000,0.006,0.000,0.496,0.496,0.727
1780271276047,0.364,0.368,0.364,0.506,0.000,0.000,0.007,0.003,1.612,0.000,0.708,0.708,0.848
1780271276083,0.761,0.528,0.535,0.936,0.000,0.000,0.003,0.000,2.763,0.000,1.196,1.196,1.018
1780271276120,1.483,1.370,1.297,1.129,0.000,0.000,0.003,0.003,5.285,0.000,1.595,1.595,1.624
1780271276174,1.727,1.851,1.560,1.647,0.000,0.000,0.003,0.003,6.791,0.000,1.937,1.937,2.012
1780271276237,1.505,2.278,1.928,1.326,0.000,0.000,0.003,0.000,7.040,0.000,2.075,2.075,2.036
1780271276270,1.479,2.321,2.044,1.155,0.000,0.003,0.003,0.000,7.005,0.000,2.108,2.108,2.109
1780271276311,1.487,2.219,2.095,1.210,0.000,0.000,0.003,0.003,7.017,0.000,2.157,2.157,2.085
1780271276348,1.312,2.187,2.307,1.206,0.000,0.003,0.003,0.003,7.021,0.000,2.100,2.100,2.109
1780271276388,1.057,2.358,2.504,0.878,0.000,0.000,0.000,0.000,6.797,0.000,2.148,2.148,2.109
1780271276419,0.743,2.467,2.412,0.696,0.000,0.000,0.003,0.003,6.324,0.000,1.847,1.847,2.109
1780271276463,0.368,1.880,1.804,0.448,0.000,0.000,0.003,0.003,4.506,0.000,1.383,1.383,1.503
1780271276509,0.944,1.581,1.534,0.732,0.003,0.000,0.000,0.000,4.794,0.000,1.489,1.489,1.503
1780271276573,1.906,1.735,1.749,1.683,0.003,0.000,0.000,0.003,7.079,0.000,2.222,2.222,2.085
1780271276606,2.216,1.971,1.942,1.924,0.000,0.000,0.003,0.003,8.059,0.000,2.849,2.849,2.206
1780271276651,2.930,2.730,2.810,2.744,0.000,0.003,0.003,0.000,11.220,0.000,4.525,4.525,3.903
1780271276718,3.648,3.141,3.637,3.721,0.000,0.000,0.003,0.000,14.150,0.000,7.130,7.130,6.788
1780271276774,3.692,2.587,3.674,4.035,0.000,0.000,0.000,0.003,13.991,0.000,8.465,8.465,7.661
1780271276805,3.652,2.766,3.590,3.856,0.000,0.000,0.003,0.000,13.867,0.000,8.481,8.481,7.636
1780271276845,2.897,2.500,2.781,3.058,0.000,0.000,0.007,0.000,11.243,0.000,6.381,6.381,7.418
1780271276880,2.183,2.372,2.267,2.420,0.000,0.003,0.003,0.000,9.248,0.000,5.217,5.217,4.582
1780271276925,1.837,1.888,1.745,1.811,0.000,0.000,0.003,0.003,7.287,0.000,4.078,4.078,3.782
1780271276961,1.694,1.735,1.611,1.786,0.000,0.000,0.003,0.000,6.829,0.000,3.858,3.858,3.491
1780271276994,1.694,1.680,1.476,1.709,0.000,0.003,0.003,0.000,6.565,0.000,3.614,3.614,3.394
1780271277029,1.596,1.534,1.337,1.523,0.000,0.000,0.003,0.003,5.996,0.000,3.386,3.386,3.152
1780271277076,1.527,1.479,1.414,1.439,0.000,0.000,0.003,0.003,5.865,0.000,3.345,3.345,3.152
1780271277107,1.417,1.381,1.272,1.374,0.003,0.003,0.000,0.000,5.450,0.000,3.125,3.125,3.103
1780271277141,0.973,0.962,0.845,0.732,0.003,0.000,0.003,0.000,3.518,0.000,1.766,1.766,2.788
1780271277177,1.027,0.969,2.216,1.049,0.000,0.000,0.003,0.003,5.267,0.000,3.093,3.093,0.873
1780271277241,5.722,1.410,4.917,1.334,0.000,0.000,0.003,0.003,13.389,0.000,7.553,7.553,7.515
1780271277295,2.442,0.320,2.372,0.236,0.000,0.000,0.003,0.000,5.373,0.000,2.393,2.393,3.127
1780271277326,0.677,0.069,0.718,0.094,0.000,0.000,0.000,0.003,1.561,0.000,1.245,1.245,1.042
1780271277360,0.138,0.014,0.142,0.018,0.000,0.000,0.003,0.000,0.315,0.000,0.765,0.765,0.703
1780271277403,0.021,0.003,0.021,0.010,0.000,0.000,0.003,0.000,0.058,0.000,0.529,0.529,0.679
1780271277442,0.007,0.000,0.007,0.003,0.000,0.000,0.003,0.000,0.020,0.000,0.504,0.504,0.703
1780271277470,0.003,0.003,0.003,0.003,0.000,0.000,0.003,0.003,0.018,0.000,0.480,0.480,0.752
1780271277505,0.003,0.003,0.007,0.003,0.003,0.000,0.003,0.003,0.025,0.000,0.488,0.488,0.703
1780271277547,0.003,0.003,0.003,0.003,0.000,0.000,0.003,0.000,0.015,0.000,0.488,0.488,0.727
1780271277596,0.003,0.000,0.003,0.003,0.000,0.000,0.003,0.003,0.015,0.000,0.488,0.488,0.727
1780271277624,0.000,0.000,0.003,0.003,0.003,0.000,0.003,0.003,0.015,0.000,0.488,0.488,0.727
1780271277655,0.003,0.000,0.000,0.003,0.003,0.000,0.003,0.003,0.015,0.000,0.488,0.488,0.727
1780271277685,0.003,0.003,0.000,0.000,0.000,0.000,0.003,0.000,0.009,0.000,0.472,0.472,0.727
1780271277742,0.000,0.003,0.000,0.003,0.000,0.003,0.003,0.000,0.012,0.000,0.472,0.472,0.703
1780271277775,0.003,0.000,0.003,0.000,0.000,0.000,0.000,0.000,0.006,0.000,0.480,0.480,0.727
1780271277836,0.003,0.000,0.000,0.003,0.000,0.000,0.003,0.003,0.012,0.000,0.480,0.480,0.752
1780271277872,0.000,0.000,0.000,0.003,0.000,0.000,0.003,0.000,0.006,0.000,0.472,0.472,0.727
1780271277910,0.003,0.000,0.003,0.003,0.000,0.000,0.003,0.000,0.012,0.000,0.488,0.488,0.703
1780271277937,0.003,0.003,0.003,0.003,0.000,0.003,0.003,0.003,0.021,0.000,0.472,0.472,0.703
1780271277976,0.000,0.000,0.000,0.003,0.000,0.000,0.003,0.003,0.009,0.000,0.488,0.488,0.727
1780271278005,0.003,0.000,0.003,0.003,0.000,0.000,0.000,0.003,0.012,0.000,0.488,0.488,0.703
1780271278046,0.000,0.003,0.000,0.007,0.000,0.000,0.003,0.003,0.016,0.000,0.488,0.488,0.679
1780271278088,0.003,0.000,0.000,0.003,0.000,0.000,0.000,0.000,0.006,0.000,0.488,0.488,0.727
1780271278136,0.003,0.000,0.000,0.003,0.000,0.000,0.003,0.000,0.009,0.000,0.472,0.472,0.679
1780271278166,0.003,0.000,0.000,0.003,0.000,0.000,0.000,0.000,0.006,0.000,0.480,0.480,0.727
1780271278200,0.003,0.000,0.000,0.003,0.000,0.003,0.003,0.000,0.012,0.000,0.488,0.488,0.703
1780271278272,0.003,0.000,0.000,0.003,0.000,0.000,0.003,0.003,0.012,0.000,0.496,0.496,0.727
1780271278300,0.003,0.000,0.000,0.003,0.003,0.000,0.003,0.000,0.012,0.000,0.537,0.537,0.752
1780271278344,0.000,0.000,0.000,0.003,0.000,0.000,0.003,0.000,0.006,0.000,0.496,0.496,0.727
1780271278379,0.003,0.003,0.000,0.003,0.000,0.000,0.003,0.003,0.015,0.000,0.496,0.496,0.727
1780271278421,0.000,0.000,0.000,0.000,0.000,0.000,0.003,0.003,0.006,0.000,0.512,0.512,0.752
1780271278452,0.000,0.000,0.000,0.003,0.000,0.000,0.003,0.000,0.006,0.000,0.504,0.504,0.727
1780271278483,0.000,0.000,0.000,0.003,0.000,0.000,0.003,0.000,0.006,0.000,0.504,0.504,0.727
1780271278510,0.003,0.000,0.000,0.007,0.000,0.003,0.003,0.000,0.016,0.000,0.488,0.488,0.727
1780271278541,0.003,0.000,0.000,0.003,0.000,0.003,0.003,0.003,0.015,0.000,0.480,0.480,0.703
1780271278577,0.000,0.000,0.003,0.003,0.003,0.000,0.007,0.000,0.016,0.000,0.496,0.496,0.727
1780271278618,0.000,0.000,0.000,0.000,0.000,0.000,0.007,0.003,0.010,0.000,0.488,0.488,0.727
1780271278648,0.003,0.000,0.000,0.003,0.000,0.000,0.003,0.003,0.012,0.000,0.488,0.488,0.727
1780271278680,0.003,0.000,0.003,0.000,0.000,0.003,0.003,0.000,0.012,0.000,0.480,0.480,0.727
1780271278716,0.000,0.000,0.000,0.003,0.000,0.003,0.003,0.000,0.009,0.000,0.488,0.488,0.727
1780271278771,0.000,0.000,0.003,0.000,0.000,0.000,0.003,0.003,0.009,0.000,0.488,0.488,0.727
1780271278802,0.000,0.003,0.000,0.003,0.000,0.000,0.007,0.000,0.013,0.000,0.480,0.480,0.703
1780271278868,0.003,0.003,0.003,0.003,0.000,0.000,0.003,0.003,0.018,0.000,0.480,0.480,0.752
1780271278902,0.003,0.000,0.000,0.003,0.000,0.000,0.003,0.000,0.009,0.000,0.480,0.480,0.727
1780271278936,0.007,0.000,0.003,0.003,0.000,0.000,0.000,0.000,0.013,0.000,0.480,0.480,0.727
1780271278962,0.003,0.000,0.000,0.003,0.000,0.000,0.003,0.000,0.009,0.000,0.488,0.488,0.727
1780271279002,0.003,0.000,0.000,0.003,0.000,0.003,0.003,0.003,0.015,0.000,0.472,0.472,0.727
1780271279028,0.003,0.000,0.000,0.003,0.000,0.000,0.003,0.003,0.012,0.000,0.496,0.496,0.703
1780271279065,0.003,0.000,0.003,0.007,0.000,0.003,0.007,0.000,0.023,0.000,0.512,0.512,0.703
1780271279094,0.000,0.000,0.003,0.003,0.000,0.000,0.003,0.000,0.009,0.000,0.496,0.496,0.752
1780271279141,0.000,0.003,0.000,0.003,0.000,0.000,0.003,0.000,0.009,0.000,0.488,0.488,0.703
1780271279172,0.000,0.000,0.003,0.003,0.000,0.003,0.003,0.000,0.012,0.000,0.472,0.472,0.727
1780271279208,0.000,0.000,0.000,0.003,0.000,0.000,0.003,0.000,0.006,0.000,0.480,0.480,0.703
1780271279242,0.003,0.003,0.000,0.003,0.000,0.003,0.003,0.000,0.015,0.000,0.472,0.472,0.727
1780271279323,0.000,0.000,0.000,0.003,0.000,0.000,0.000,0.000,0.003,0.000,0.512,0.512,0.703
1780271279372,0.003,0.000,0.000,0.003,0.000,0.000,0.000,0.000,0.006,0.000,0.504,0.504,0.752
1780271279411,0.003,0.000,0.000,0.003,0.000,0.000,0.003,0.000,0.009,0.000,0.496,0.496,0.727
1780271279459,0.003,0.000,0.000,0.003,0.000,0.000,0.003,0.000,0.009,0.000,0.480,0.480,0.703
1780271279489,0.000,0.000,0.003,0.003,0.000,0.000,0.007,0.000,0.013,0.000,0.480,0.480,0.703
1780271279521,0.000,0.000,0.000,0.003,0.000,0.003,0.000,0.000,0.006,0.000,0.480,0.480,0.727
1780271279552,0.000,0.000,0.000,0.003,0.000,0.000,0.003,0.000,0.006,0.000,0.480,0.480,0.727
1780271279601,0.003,0.000,0.003,0.003,0.000,0.000,0.000,0.000,0.009,0.000,0.488,0.488,0.703
1780271279638,0.003,0.000,0.000,0.003,0.000,0.000,0.007,0.000,0.013,0.000,0.488,0.488,0.727
1780271279673,0.003,0.000,0.000,0.003,0.000,0.000,0.003,0.000,0.009,0.000,0.480,0.480,0.703
1780271279707,0.003,0.000,0.003,0.003,0.000,0.000,0.003,0.003,0.015,0.000,0.480,0.480,0.727
1780271279756,0.000,0.000,0.003,0.003,0.000,0.000,0.003,0.000,0.009,0.000,0.472,0.472,0.679
1780271279813,0.003,0.000,0.003,0.003,0.000,0.000,0.003,0.000,0.012,0.000,0.488,0.488,0.727
1780271279841,0.000,0.000,0.000,0.003,0.000,0.000,0.000,0.003,0.006,0.000,0.488,0.488,0.727
1780271279899,0.000,0.003,0.000,0.003,0.000,0.000,0.000,0.003,0.009,0.000,0.488,0.488,0.703
1780271279942,0.000,0.000,0.000,0.003,0.000,0.000,0.000,0.000,0.003,0.000,0.480,0.480,0.727
1780271279982,0.000,0.000,0.000,0.003,0.000,0.000,0.003,0.003,0.009,0.000,0.472,0.472,0.727
1780271280034,0.000,0.000,0.000,0.007,0.000,0.000,0.003,0.000,0.010,0.000,0.472,0.472,0.727
1780271280066,0.003,0.000,0.000,0.003,0.000,0.000,0.003,0.000,0.009,0.000,0.488,0.488,0.727
1780271280099,0.000,0.003,0.003,0.003,0.000,0.003,0.000,0.000,0.012,0.000,0.520,0.520,0.727
1780271280125,0.000,0.000,0.000,0.003,0.000,0.000,0.007,0.000,0.010,0.000,0.480,0.480,0.703
1780271280177,0.000,0.000,0.000,0.003,0.000,0.000,0.003,0.003,0.009,0.000,0.488,0.488,0.727
1780271280209,0.003,0.000,0.000,0.003,0.000,0.000,0.000,0.003,0.009,0.000,0.496,0.496,0.727
1780271280245,0.000,0.003,0.000,0.003,0.000,0.000,0.003,0.000,0.009,0.000,0.512,0.512,0.727
1780271280273,0.003,0.000,0.000,0.003,0.000,0.000,0.003,0.000,0.009,0.000,0.512,0.512,0.776
1780271280323,0.000,0.000,0.000,0.003,0.003,0.000,0.000,0.003,0.009,0.000,0.504,0.504,0.727
1780271280352,0.000,0.003,0.000,0.003,0.000,0.000,0.003,0.003,0.012,0.000,0.512,0.512,0.727
1780271280400,0.000,0.003,0.000,0.003,0.000,0.000,0.003,0.003,0.012,0.000,0.488,0.488,0.703
1780271280427,0.000,0.000,0.000,0.007,0.000,0.000,0.003,0.003,0.013,0.000,0.496,0.496,0.727
1780271280478,0.003,0.000,0.000,0.003,0.000,0.000,0.007,0.000,0.013,0.000,0.480,0.480,0.727
1780271280509,0.000,0.000,0.000,0.003,0.000,0.000,0.000,0.003,0.006,0.000,0.472,0.472,0.727
1780271280547,0.000,0.000,0.000,0.003,0.000,0.003,0.003,0.000,0.009,0.000,0.472,0.472,0.752
1780271280576,0.000,0.000,0.003,0.003,0.000,0.003,0.003,0.000,0.012,0.000,0.480,0.480,0.727
1780271280616,0.000,0.000,0.000,0.003,0.000,0.000,0.003,0.000,0.006,0.000,0.504,0.504,0.727
1780271280640,0.000,0.003,0.000,0.003,0.000,0.000,0.003,0.000,0.009,0.000,0.488,0.488,0.703
1780271280683,0.000,0.000,0.000,0.003,0.000,0.000,0.007,0.000,0.010,0.000,0.472,0.472,0.727
1780271280713,0.000,0.000,0.003,0.003,0.000,0.003,0.007,0.000,0.016,0.000,0.488,0.488,0.703
1780271280752,0.000,0.000,0.000,0.003,0.000,0.003,0.000,0.003,0.009,0.000,0.488,0.488,0.679
1780271280778,0.003,0.000,0.000,0.003,0.000,0.003,0.000,0.003,0.012,0.000,0.480,0.480,0.727
1780271280836,0.007,0.000,0.000,0.003,0.000,0.000,0.003,0.000,0.013,0.000,0.488,0.488,0.727
1780271280868,0.000,0.003,0.000,0.003,0.000,0.000,0.000,0.003,0.009,0.000,0.488,0.488,0.703
1780271280930,0.007,0.000,0.000,0.003,0.003,0.000,0.003,0.000,0.016,0.000,0.480,0.480,0.703
1780271280968,0.003,0.000,0.000,0.003,0.000,0.000,0.000,0.000,0.006,0.000,0.472,0.472,0.703
1780271281005,0.000,0.000,0.000,0.003,0.000,0.000,0.003,0.000,0.006,0.000,0.480,0.480,0.703
1780271281039,0.003,0.000,0.000,0.003,0.000,0.000,0.000,0.000,0.006,0.000,0.480,0.480,0.703
1780271281090,0.000,0.000,0.000,0.000,0.000,0.000,0.003,0.000,0.003,0.000,0.496,0.496,0.727
1780271281115,0.003,0.000,0.000,0.003,0.000,0.000,0.003,0.000,0.009,0.000,0.488,0.488,0.727
1780271281154,0.003,0.000,0.000,0.003,0.000,0.003,0.003,0.003,0.015,0.000,0.472,0.472,0.703
1780271281192,0.000,0.000,0.000,0.003,0.000,0.000,0.000,0.000,0.003,0.000,0.480,0.480,0.703
1780271281239,0.003,0.000,0.003,0.000,0.000,0.000,0.000,0.003,0.009,0.000,0.480,0.480,0.703
1780271281268,0.000,0.000,0.003,0.007,0.000,0.003,0.003,0.000,0.016,0.000,0.480,0.480,0.727
1780271281299,0.003,0.000,0.000,0.003,0.000,0.000,0.003,0.000,0.009,0.000,0.480,0.480,0.727
1780271281353,0.000,0.003,0.000,0.003,0.003,0.000,0.003,0.003,0.015,0.000,0.496,0.496,0.703
1780271281388,0.000,0.000,0.000,0.000,0.000,0.000,0.003,0.000,0.003,0.000,0.496,0.496,0.703
1780271281435,0.000,0.000,0.000,0.003,0.000,0.000,0.003,0.003,0.009,0.000,0.488,0.488,0.727
1780271281471,0.000,0.000,0.000,0.003,0.000,0.000,0.003,0.000,0.006,0.000,0.480,0.480,0.703
1780271281502,0.003,0.000,0.000,0.003,0.000,0.000,0.007,0.000,0.013,0.000,0.480,0.480,0.703
1780271281537,0.000,0.000,0.000,0.003,0.000,0.003,0.000,0.000,0.006,0.000,0.496,0.496,0.727
1780271281572,0.003,0.000,0.000,0.003,0.000,0.000,0.003,0.003,0.012,0.000,0.488,0.488,0.727
1780271281604,0.000,0.003,0.000,0.003,0.000,0.000,0.003,0.000,0.009,0.000,0.496,0.496,0.752
1780271281635,0.003,0.000,0.000,0.007,0.000,0.000,0.000,0.000,0.010,0.000,0.504,0.504,0.727
1780271281669,0.003,0.000,0.000,0.003,0.000,0.000,0.007,0.000,0.013,0.000,0.488,0.488,0.752
1780271281709,0.000,0.000,0.003,0.003,0.000,0.003,0.000,0.003,0.012,0.000,0.496,0.496,0.752
1780271281745,0.003,0.000,0.000,0.003,0.000,0.000,0.000,0.003,0.009,0.000,0.472,0.472,0.727
1780271281776,0.003,0.000,0.000,0.003,0.000,0.000,0.003,0.000,0.009,0.000,0.472,0.472,0.703
1780271281815,0.003,0.003,0.000,0.003,0.000,0.000,0.003,0.003,0.015,0.000,0.472,0.472,0.752
1780271281867,0.000,0.000,0.003,0.003,0.000,0.000,0.003,0.003,0.012,0.000,0.488,0.488,0.727
1780271281892,0.000,0.000,0.000,0.003,0.000,0.000,0.003,0.007,0.013,0.000,0.488,0.488,0.727
1780271281942,0.000,0.003,0.000,0.003,0.000,0.000,0.003,0.003,0.012,0.000,0.488,0.488,0.727
1780271281994,0.000,0.000,0.000,0.003,0.000,0.000,0.003,0.000,0.006,0.000,0.488,0.488,0.703
1780271282020,0.003,0.003,0.000,0.003,0.000,0.000,0.000,0.003,0.012,0.000,0.480,0.480,0.727
1780271282058,0.000,0.000,0.000,0.000,0.000,0.000,0.003,0.000,0.003,0.000,0.480,0.480,0.703
1780271282095,0.000,0.000,0.000,0.003,0.000,0.000,0.003,0.003,0.009,0.000,0.504,0.504,0.703
1780271282144,0.003,0.000,0.000,0.000,0.000,0.003,0.003,0.000,0.009,0.000,0.512,0.512,0.752
1780271282174,0.003,0.000,0.000,0.003,0.003,0.003,0.000,0.003,0.015,0.000,0.512,0.512,0.727
1780271282213,0.000,0.000,0.000,0.003,0.000,0.000,0.003,0.003,0.009,0.000,0.512,0.512,0.776
1780271282237,0.003,0.000,0.000,0.003,0.003,0.000,0.003,0.000,0.012,0.000,0.520,0.520,0.727
1780271282284,0.003,0.000,0.000,0.003,0.000,0.000,0.003,0.003,0.012,0.000,0.496,0.496,0.727
1780271282312,0.003,0.000,0.000,0.003,0.000,0.000,0.003,0.003,0.012,0.000,0.480,0.480,0.727
1780271282347,0.007,0.000,0.000,0.003,0.000,0.000,0.003,0.000,0.013,0.000,0.480,0.480,0.727
1780271282413,0.000,0.000,0.000,0.003,0.000,0.000,0.003,0.000,0.006,0.000,0.496,0.496,0.703
1780271282470,0.003,0.000,0.000,0.003,0.003,0.000,0.000,0.003,0.012,0.000,0.480,0.480,0.703
1780271282510,0.000,0.000,0.000,0.003,0.000,0.003,0.003,0.000,0.009,0.000,0.480,0.480,0.727
1780271282553,0.000,0.000,0.000,0.007,0.000,0.000,0.003,0.003,0.013,0.000,0.480,0.480,0.727
1780271282583,0.000,0.000,0.000,0.003,0.000,0.003,0.003,0.000,0.009,0.000,0.472,0.472,0.703
1780271282627,0.000,0.000,0.000,0.003,0.000,0.000,0.003,0.000,0.006,0.000,0.480,0.480,0.727
1780271282658,0.003,0.000,0.000,0.003,0.000,0.000,0.003,0.000,0.009,0.000,0.480,0.480,0.727
1780271282707,0.000,0.000,0.000,0.003,0.000,0.000,0.003,0.003,0.009,0.000,0.480,0.480,0.703
1780271282753,0.000,0.000,0.003,0.003,0.000,0.000,0.000,0.000,0.006,0.000,0.488,0.488,0.703
1780271282784,0.000,0.000,0.000,0.003,0.000,0.000,0.003,0.003,0.009,0.000,0.480,0.480,0.727
1780271282814,0.003,0.000,0.000,0.003,0.000,0.000,0.003,0.003,0.012,0.000,0.488,0.488,0.703
1780271282854,0.003,0.000,0.000,0.003,0.000,0.000,0.003,0.003,0.012,0.000,0.496,0.496,0.703
1780271282902,0.000,0.000,0.000,0.007,0.000,0.000,0.003,0.000,0.010,0.000,0.488,0.488,0.727
1780271282930,0.000,0.000,0.000,0.007,0.000,0.000,0.003,0.003,0.013,0.000,0.480,0.480,0.703
1780271282990,0.000,0.000,0.000,0.003,0.000,0.000,0.003,0.000,0.006,0.000,0.480,0.480,0.703
1780271283027,0.003,0.000,0.000,0.003,0.000,0.000,0.003,0.003,0.012,0.000,0.480,0.480,0.727
1780271283059,0.000,0.000,0.000,0.000,0.000,0.000,0.003,0.003,0.006,0.000,0.488,0.488,0.727
1780271283084,0.003,0.000,0.000,0.000,0.000,0.000,0.003,0.000,0.006,0.000,0.472,0.472,0.727
1780271283130,0.003,0.000,0.000,0.003,0.000,0.000,0.000,0.000,0.006,0.000,0.504,0.504,0.703
1780271283162,0.003,0.000,0.000,0.003,0.000,0.000,0.003,0.003,0.012,0.000,0.480,0.480,0.727
1780271283198,0.000,0.000,0.000,0.003,0.000,0.003,0.003,0.000,0.009,0.000,0.472,0.472,0.703
1780271283223,0.000,0.000,0.000,0.003,0.000,0.000,0.000,0.003,0.006,0.000,0.488,0.488,0.727
1780271283274,0.000,0.000,0.000,0.000,0.000,0.000,0.007,0.000,0.007,0.000,0.488,0.488,0.703
1780271283308,0.003,0.000,0.000,0.003,0.000,0.000,0.003,0.003,0.012,0.000,0.480,0.480,0.727
1780271283342,0.003,0.000,0.000,0.003,0.000,0.000,0.007,0.003,0.016,0.000,0.488,0.488,0.727
1780271283373,0.003,0.000,0.000,0.003,0.000,0.000,0.003,0.003,0.012,0.000,0.504,0.504,0.703
1780271283429,0.003,0.000,0.000,0.003,0.000,0.000,0.003,0.003,0.012,0.000,0.480,0.480,0.727
1780271283458,0.003,0.000,0.003,0.003,0.000,0.003,0.003,0.000,0.015,0.000,0.488,0.488,0.727
1780271283507,0.000,0.000,0.003,0.003,0.000,0.000,0.003,0.000,0.009,0.000,0.480,0.480,0.703
1780271283572,0.000,0.000,0.000,0.003,0.000,0.000,0.003,0.000,0.006,0.000,0.488,0.488,0.703
1780271283602,0.000,0.000,0.003,0.003,0.000,0.003,0.003,0.000,0.012,0.000,0.463,0.463,0.703
1780271283643,0.000,0.000,0.000,0.000,0.000,0.000,0.003,0.000,0.003,0.000,0.480,0.480,0.679
1780271283682,0.003,0.000,0.000,0.003,0.000,0.000,0.003,0.003,0.012,0.000,0.480,0.480,0.703
1780271283731,0.000,0.000,0.000,0.003,0.000,0.000,0.003,0.000,0.006,0.000,0.480,0.480,0.727
1780271283774,0.000,0.000,0.000,0.000,0.000,0.000,0.003,0.000,0.003,0.000,0.480,0.480,0.703
1780271283814,0.000,0.000,0.000,0.003,0.000,0.000,0.003,0.000,0.006,0.000,0.472,0.472,0.703
1780271283843,0.000,0.003,0.007,0.003,0.000,0.000,0.003,0.003,0.019,0.000,0.472,0.472,0.679
1780271283890,0.003,0.000,0.000,0.003,0.000,0.000,0.003,0.000,0.009,0.000,0.496,0.496,0.727
1780271283941,0.000,0.000,0.000,0.003,0.000,0.000,0.000,0.003,0.006,0.000,0.472,0.472,0.727
1780271283976,0.000,0.000,0.003,0.003,0.000,0.000,0.003,0.000,0.009,0.000,0.472,0.472,0.703
1780271284037,0.000,0.000,0.000,0.003,0.000,0.000,0.003,0.003,0.009,0.000,0.488,0.488,0.703
1780271284082,0.000,0.000,0.000,0.003,0.000,0.000,0.003,0.003,0.009,0.000,0.496,0.496,0.727
1780271284117,0.003,0.003,0.000,0.003,0.000,0.003,0.003,0.000,0.015,0.000,0.504,0.504,0.727
1780271284142,0.000,0.003,0.000,0.003,0.000,0.000,0.003,0.000,0.009,0.000,0.512,0.512,0.752
1780271284175,0.000,0.000,0.000,0.003,0.000,0.000,0.000,0.003,0.006,0.000,0.504,0.504,0.752
1780271284207,0.000,0.000,0.000,0.003,0.000,0.000,0.000,0.000,0.003,0.000,0.496,0.496,0.727
1780271284240,0.003,0.000,0.000,0.003,0.000,0.003,0.003,0.003,0.015,0.000,0.496,0.496,0.703
1780271284273,0.000,0.003,0.000,0.003,0.000,0.000,0.003,0.003,0.012,0.000,0.496,0.496,0.727
1780271284306,0.000,0.003,0.000,0.000,0.000,0.003,0.003,0.003,0.012,0.000,0.496,0.496,0.703
1780271284334,0.000,0.000,0.000,0.003,0.003,0.003,0.003,0.000,0.012,0.000,0.488,0.488,0.727
1780271284368,0.003,0.003,0.000,0.003,0.003,0.000,0.003,0.000,0.015,0.000,0.496,0.496,0.727
1780271284394,0.000,0.000,0.000,0.000,0.000,0.000,0.007,0.000,0.007,0.000,0.520,0.520,0.727
1780271284438,0.000,0.000,0.000,0.003,0.000,0.000,0.003,0.003,0.009,0.000,0.504,0.504,0.727
1780271284464,0.003,0.000,0.000,0.003,0.000,0.000,0.000,0.000,0.006,0.000,0.488,0.488,0.727
1780271284500,0.000,0.000,0.000,0.007,0.000,0.000,0.003,0.000,0.010,0.000,0.488,0.488,0.727
1780271284540,0.003,0.000,0.003,0.003,0.000,0.003,0.000,0.000,0.012,0.000,0.472,0.472,0.727
1780271284591,0.000,0.000,0.000,0.007,0.000,0.000,0.003,0.000,0.010,0.000,0.480,0.480,0.703
1780271284617,0.003,0.000,0.000,0.003,0.000,0.000,0.003,0.000,0.009,0.000,0.480,0.480,0.727
1780271284654,0.000,0.000,0.000,0.003,0.000,0.000,0.003,0.003,0.009,0.000,0.488,0.488,0.727
1780271284681,0.003,0.000,0.000,0.003,0.000,0.000,0.003,0.000,0.009,0.000,0.488,0.488,0.727
1780271284721,0.000,0.000,0.003,0.003,0.000,0.003,0.000,0.000,0.009,0.000,0.480,0.480,0.727
1780271284748,0.003,0.000,0.000,0.003,0.000,0.003,0.000,0.000,0.009,0.000,0.472,0.472,0.703
1780271284786,0.000,0.000,0.000,0.000,0.000,0.000,0.003,0.000,0.003,0.000,0.472,0.472,0.727
1780271284812,0.000,0.000,0.000,0.003,0.000,0.003,0.003,0.003,0.012,0.000,0.480,0.480,0.727
1780271284859,0.003,0.000,0.000,0.003,0.000,0.000,0.003,0.007,0.016,0.000,0.480,0.480,0.703
1780271284889,0.000,0.000,0.000,0.000,0.000,0.000,0.003,0.003,0.006,0.000,0.480,0.480,0.727
1780271284927,0.000,0.000,0.000,0.003,0.000,0.003,0.003,0.000,0.009,0.000,0.504,0.504,0.727
1780271284967,0.000,0.000,0.000,0.003,0.000,0.000,0.000,0.000,0.003,0.000,0.488,0.488,0.727
1780271285006,0.003,0.000,0.000,0.003,0.000,0.000,0.003,0.003,0.012,0.000,0.488,0.488,0.727
1780271285048,0.000,0.000,0.000,0.003,0.000,0.003,0.000,0.000,0.006,0.000,0.480,0.480,0.703
1780271285089,0.003,0.000,0.000,0.003,0.000,0.000,0.007,0.000,0.013,0.000,0.480,0.480,0.727
1780271285113,0.000,0.000,0.000,0.007,0.003,0.000,0.003,0.003,0.016,0.000,0.488,0.488,0.727
1780271285149,0.000,0.000,0.000,0.003,0.000,0.000,0.000,0.003,0.006,0.000,0.496,0.496,0.679
1780271285175,0.000,0.000,0.000,0.003,0.000,0.000,0.003,0.000,0.006,0.000,0.480,0.480,0.752
1780271285205,0.000,0.000,0.000,0.003,0.000,0.000,0.007,0.000,0.010,0.000,0.480,0.480,0.727
1780271285236,0.007,0.003,0.000,0.003,0.000,0.000,0.003,0.003,0.019,0.000,0.488,0.488,0.727
1780271285270,0.003,0.000,0.000,0.000,0.000,0.000,0.003,0.000,0.006,0.000,0.480,0.480,0.727
1780271285305,0.007,0.000,0.000,0.003,0.000,0.000,0.003,0.000,0.013,0.000,0.472,0.472,0.727
1780271285336,0.003,0.000,0.000,0.007,0.000,0.000,0.003,0.003,0.016,0.000,0.488,0.488,0.727
1780271285371,0.003,0.000,0.003,0.000,0.000,0.000,0.000,0.000,0.006,0.000,0.472,0.472,0.703
1780271285415,0.003,0.000,0.000,0.003,0.000,0.000,0.003,0.003,0.012,0.000,0.488,0.488,0.703
1780271285441,0.000,0.000,0.000,0.003,0.000,0.000,0.003,0.003,0.009,0.000,0.480,0.480,0.727
1780271285492,0.000,0.000,0.000,0.003,0.000,0.003,0.003,0.000,0.009,0.000,0.488,0.488,0.703
1780271285523,0.003,0.000,0.000,0.003,0.000,0.000,0.003,0.000,0.009,0.000,0.480,0.480,0.703
1780271285579,0.000,0.000,0.000,0.003,0.000,0.000,0.000,0.000,0.003,0.000,0.472,0.472,0.727
1780271285621,0.000,0.000,0.000,0.003,0.000,0.000,0.003,0.000,0.006,0.000,0.480,0.480,0.727
1780271285654,0.000,0.000,0.000,0.003,0.000,0.000,0.003,0.000,0.006,0.000,0.488,0.488,0.727
1780271285682,0.003,0.000,0.000,0.003,0.000,0.000,0.000,0.000,0.006,0.000,0.488,0.488,0.727
1780271285717,0.003,0.000,0.000,0.003,0.000,0.000,0.000,0.003,0.009,0.000,0.480,0.480,0.727
1780271285753,0.000,0.000,0.000,0.000,0.000,0.000,0.003,0.003,0.006,0.000,0.488,0.488,0.727
1780271285782,0.003,0.000,0.000,0.003,0.000,0.000,0.003,0.000,0.009,0.000,0.472,0.472,0.727
1780271285818,0.000,0.000,0.000,0.003,0.003,0.000,0.003,0.000,0.009,0.000,0.472,0.472,0.727
1780271285853,0.003,0.000,0.000,0.003,0.000,0.000,0.003,0.000,0.009,0.000,0.488,0.488,0.727
1780271285890,0.000,0.000,0.000,0.003,0.000,0.000,0.003,0.000,0.006,0.000,0.480,0.480,0.703
1780271285929,0.003,0.000,0.000,0.000,0.000,0.000,0.003,0.003,0.009,0.000,0.504,0.504,0.752
1780271285961,0.000,0.000,0.000,0.003,0.000,0.000,0.003,0.000,0.006,0.000,0.504,0.504,0.727
1780271286009,0.000,0.000,0.000,0.003,0.000,0.000,0.007,0.000,0.010,0.000,0.504,0.504,0.703
1780271286034,0.003,0.000,0.003,0.000,0.000,0.000,0.000,0.003,0.009,0.000,0.496,0.496,0.727
1780271286079,0.000,0.000,0.000,0.000,0.000,0.000,0.003,0.003,0.006,0.000,0.488,0.488,0.727
1780271286104,0.000,0.000,0.003,0.003,0.000,0.000,0.003,0.003,0.012,0.000,0.480,0.480,0.703
1780271286154,0.003,0.000,0.000,0.003,0.003,0.000,0.000,0.000,0.009,0.000,0.512,0.512,0.727
1780271286179,0.003,0.000,0.000,0.003,0.000,0.000,0.003,0.000,0.009,0.000,0.488,0.488,0.703
1780271286211,0.000,0.000,0.003,0.003,0.000,0.000,0.003,0.003,0.012,0.000,0.488,0.488,0.727
1780271286237,0.003,0.000,0.000,0.003,0.000,0.000,0.007,0.000,0.013,0.000,0.472,0.472,0.727
1780271286278,0.000,0.000,0.000,0.003,0.000,0.000,0.003,0.000,0.006,0.000,0.496,0.496,0.727
1780271286303,0.000,0.000,0.000,0.003,0.000,0.003,0.003,0.003,0.012,0.000,0.480,0.480,0.727
1780271286348,0.000,0.000,0.000,0.003,0.000,0.003,0.003,0.000,0.009,0.000,0.480,0.480,0.727
1780271286372,0.003,0.000,0.000,0.003,0.000,0.000,0.003,0.000,0.009,0.000,0.488,0.488,0.727
1780271286416,0.000,0.003,0.000,0.003,0.000,0.000,0.000,0.000,0.006,0.000,0.520,0.520,0.703
1780271286441,0.000,0.000,0.000,0.000,0.000,0.000,0.003,0.000,0.003,0.000,0.496,0.496,0.752
1780271286473,0.000,0.000,0.003,0.003,0.000,0.000,0.000,0.007,0.013,0.000,0.488,0.488,0.727
1780271286523,0.000,0.000,0.000,0.003,0.000,0.000,0.003,0.003,0.009,0.000,0.480,0.480,0.703
1780271286557,0.003,0.000,0.000,0.003,0.000,0.000,0.003,0.000,0.009,0.000,0.480,0.480,0.703
1780271286605,0.003,0.000,0.000,0.000,0.000,0.000,0.007,0.000,0.010,0.000,0.488,0.488,0.703
1780271286643,0.003,0.000,0.000,0.003,0.000,0.003,0.003,0.000,0.012,0.000,0.480,0.480,0.703
1780271286686,0.003,0.000,0.000,0.003,0.003,0.000,0.003,0.000,0.012,0.000,0.504,0.504,0.752
1780271286716,0.000,0.003,0.000,0.003,0.000,0.000,0.000,0.003,0.009,0.000,0.496,0.496,0.727
1780271286747,0.000,0.003,0.000,0.003,0.000,0.000,0.003,0.000,0.009,0.000,0.480,0.480,0.727
1780271286777,0.003,0.000,0.000,0.000,0.000,0.000,0.003,0.000,0.006,0.000,0.463,0.463,0.703
1780271286812,0.000,0.000,0.000,0.003,0.000,0.000,0.003,0.003,0.009,0.000,0.488,0.488,0.703
1780271286863,0.000,0.000,0.007,0.003,0.000,0.000,0.003,0.000,0.013,0.000,0.480,0.480,0.703
1780271286891,0.003,0.003,0.000,0.003,0.000,0.003,0.003,0.000,0.015,0.000,0.480,0.480,0.727
1780271286936,0.000,0.000,0.000,0.003,0.000,0.000,0.000,0.000,0.003,0.000,0.480,0.480,0.703
1780271286964,0.003,0.000,0.000,0.003,0.000,0.000,0.003,0.003,0.012,0.000,0.480,0.480,0.752
1780271287005,0.003,0.000,0.000,0.003,0.000,0.000,0.003,0.003,0.012,0.000,0.463,0.463,0.727
1780271287059,0.000,0.000,0.000,0.003,0.000,0.000,0.003,0.000,0.006,0.000,0.472,0.472,0.727
1780271287114,0.000,0.000,0.000,0.000,0.000,0.000,0.003,0.000,0.003,0.000,0.463,0.463,0.727
1780271287166,0.000,0.000,0.000,0.000,0.000,0.003,0.003,0.003,0.009,0.000,0.488,0.488,0.752
1780271287199,0.000,0.000,0.000,0.003,0.000,0.000,0.003,0.000,0.006,0.000,0.472,0.472,0.752
1780271287233,0.000,0.000,0.003,0.003,0.000,0.000,0.000,0.000,0.006,0.000,0.472,0.472,0.727
1780271287265,0.003,0.000,0.000,0.003,0.000,0.000,0.003,0.000,0.009,0.000,0.480,0.480,0.727
1780271287312,0.000,0.000,0.000,0.003,0.000,0.000,0.003,0.000,0.006,0.000,0.480,0.480,0.752
1780271287348,0.003,0.000,0.000,0.000,0.000,0.000,0.007,0.000,0.010,0.000,0.480,0.480,0.703
1780271287384,0.000,0.000,0.003,0.003,0.000,0.000,0.003,0.000,0.009,0.000,0.480,0.480,0.727
1780271287415,0.000,0.000,0.000,0.003,0.000,0.000,0.003,0.000,0.006,0.000,0.472,0.472,0.703
1780271287462,0.003,0.000,0.000,0.000,0.000,0.000,0.003,0.003,0.009,0.000,0.480,0.480,0.752
1780271287489,0.000,0.003,0.000,0.003,0.003,0.003,0.003,0.000,0.015,0.000,0.480,0.480,0.727
1780271287530,0.000,0.003,0.000,0.003,0.000,0.000,0.003,0.000,0.009,0.000,0.480,0.480,0.703
1780271287589,0.003,0.000,0.000,0.003,0.000,0.000,0.007,0.000,0.013,0.000,0.480,0.480,0.727
1780271287634,0.003,0.000,0.000,0.003,0.000,0.000,0.003,0.000,0.009,0.000,0.496,0.496,0.727
1780271287687,0.000,0.000,0.000,0.003,0.000,0.000,0.003,0.003,0.009,0.000,0.512,0.512,0.752
1780271287721,0.000,0.000,0.003,0.003,0.000,0.003,0.003,0.003,0.015,0.000,0.480,0.480,0.727
1780271287761,0.003,0.000,0.000,0.003,0.003,0.000,0.003,0.003,0.015,0.000,0.480,0.480,0.727
1780271287792,0.000,0.000,0.000,0.003,0.000,0.000,0.003,0.000,0.006,0.000,0.496,0.496,0.703
1780271287827,0.000,0.000,0.000,0.003,0.000,0.000,0.003,0.000,0.006,0.000,0.488,0.488,0.727
1780271287867,0.000,0.000,0.000,0.000,0.000,0.000,0.000,0.000,0.000,0.000,0.488,0.488,0.703
1780271287900,0.000,0.000,0.003,0.007,0.000,0.000,0.003,0.003,0.016,0.000,0.488,0.488,0.727
1780271287928,0.000,0.000,0.003,0.003,0.000,0.000,0.003,0.000,0.009,0.000,0.488,0.488,0.703
1780271287963,0.000,0.000,0.003,0.000,0.000,0.000,0.003,0.003,0.009,0.000,0.480,0.480,0.752
1780271287995,0.000,0.000,0.000,0.003,0.000,0.000,0.003,0.003,0.009,0.000,0.488,0.488,0.727
1780271288026,0.003,0.000,0.000,0.003,0.000,0.000,0.003,0.003,0.012,0.000,0.480,0.480,0.727
1780271288051,0.000,0.000,0.000,0.003,0.000,0.000,0.003,0.000,0.006,0.000,0.488,0.488,0.703
1780271288097,0.000,0.000,0.000,0.003,0.000,0.000,0.007,0.000,0.010,0.000,0.488,0.488,0.727
1780271288150,0.000,0.000,0.000,0.003,0.000,0.000,0.003,0.003,0.009,0.000,0.488,0.488,0.752
1780271288189,0.000,0.000,0.003,0.003,0.000,0.003,0.003,0.000,0.012,0.000,0.496,0.496,0.752
1780271288220,0.000,0.000,0.003,0.000,0.000,0.000,0.003,0.000,0.006,0.000,0.480,0.480,0.752
1780271288245,0.003,0.000,0.000,0.003,0.000,0.000,0.000,0.003,0.009,0.000,0.488,0.488,0.703
1780271288283,0.000,0.000,0.000,0.003,0.000,0.000,0.003,0.000,0.006,0.000,0.472,0.472,0.727
1780271288312,0.000,0.000,0.000,0.003,0.000,0.000,0.007,0.000,0.010,0.000,0.463,0.463,0.752
1780271288358,0.000,0.000,0.000,0.000,0.000,0.000,0.003,0.000,0.003,0.000,0.488,0.488,0.703
1780271288399,0.000,0.003,0.000,0.003,0.000,0.000,0.003,0.003,0.012,0.000,0.480,0.480,0.703
1780271288442,0.003,0.000,0.000,0.003,0.000,0.000,0.000,0.000,0.006,0.000,0.496,0.496,0.703
1780271288477,0.000,0.000,0.000,0.000,0.003,0.000,0.000,0.000,0.003,0.000,0.480,0.480,0.727
1780271288512,0.003,0.000,0.000,0.003,0.000,0.003,0.003,0.000,0.012,0.000,0.472,0.472,0.703
1780271288539,0.000,0.000,0.003,0.003,0.000,0.000,0.003,0.000,0.009,0.000,0.455,0.455,0.703
1780271288578,0.000,0.000,0.000,0.003,0.000,0.000,0.003,0.000,0.006,0.000,0.480,0.480,0.703
1780271288640,0.003,0.000,0.000,0.003,0.000,0.000,0.007,0.000,0.013,0.000,0.480,0.480,0.703
1780271288680,0.003,0.000,0.000,0.003,0.000,0.000,0.000,0.000,0.006,0.000,0.488,0.488,0.752
1780271288735,0.003,0.000,0.000,0.003,0.000,0.000,0.003,0.003,0.012,0.000,0.480,0.480,0.727
1780271288763,0.003,0.000,0.000,0.000,0.000,0.000,0.003,0.000,0.006,0.000,0.488,0.488,0.727
1780271288797,0.003,0.000,0.000,0.000,0.000,0.003,0.003,0.000,0.009,0.000,0.480,0.480,0.703
1780271288825,0.000,0.000,0.000,0.003,0.000,0.000,0.000,0.000,0.003,0.000,0.480,0.480,0.727
1780271288871,0.000,0.000,0.000,0.003,0.000,0.000,0.003,0.000,0.006,0.000,0.480,0.480,0.727
1780271288906,0.003,0.000,0.003,0.007,0.000,0.000,0.003,0.003,0.019,0.000,0.472,0.472,0.703
1780271288950,0.000,0.000,0.000,0.003,0.000,0.000,0.003,0.000,0.006,0.000,0.488,0.488,0.727
1780271288989,0.003,0.000,0.003,0.003,0.000,0.003,0.000,0.003,0.015,0.000,0.472,0.472,0.727
1780271289027,0.003,0.000,0.000,0.003,0.000,0.000,0.003,0.000,0.009,0.000,0.480,0.480,0.703
1780271289059,0.000,0.000,0.000,0.003,0.000,0.000,0.003,0.000,0.006,0.000,0.472,0.472,0.703
1780271289095,0.000,0.000,0.000,0.007,0.000,0.000,0.007,0.000,0.014,0.000,0.480,0.480,0.703
1780271289166,0.003,0.000,0.000,0.003,0.000,0.000,0.003,0.000,0.009,0.000,0.488,0.488,0.727
1780271289208,0.003,0.000,0.003,0.003,0.000,0.000,0.003,0.000,0.012,0.000,0.488,0.488,0.727
1780271289252,0.000,0.003,0.000,0.003,0.000,0.000,0.003,0.003,0.012,0.000,0.480,0.480,0.752
1780271289277,0.000,0.000,0.000,0.003,0.000,0.000,0.003,0.000,0.006,0.000,0.496,0.496,0.727
1780271289311,0.000,0.000,0.000,0.007,0.000,0.000,0.000,0.000,0.007,0.000,0.496,0.496,0.727
1780271289336,0.003,0.000,0.003,0.000,0.000,0.003,0.003,0.000,0.012,0.000,0.480,0.480,0.727
1780271289373,0.003,0.003,0.000,0.003,0.000,0.003,0.003,0.000,0.015,0.000,0.496,0.496,0.727
1780271289400,0.000,0.003,0.000,0.000,0.000,0.000,0.003,0.003,0.009,0.000,0.488,0.488,0.727
1780271289449,0.000,0.000,0.003,0.000,0.000,0.000,0.003,0.007,0.013,0.000,0.488,0.488,0.727
1780271289478,0.000,0.000,0.000,0.003,0.000,0.000,0.003,0.003,0.009,0.000,0.488,0.488,0.752
1780271289517,0.000,0.000,0.000,0.003,0.000,0.000,0.003,0.003,0.009,0.000,0.480,0.480,0.727
1780271289542,0.003,0.000,0.000,0.003,0.000,0.000,0.003,0.000,0.009,0.000,0.480,0.480,0.727
1780271289584,0.000,0.000,0.000,0.003,0.000,0.000,0.000,0.003,0.006,0.000,0.488,0.488,0.703
1780271289615,0.003,0.000,0.003,0.000,0.000,0.000,0.003,0.003,0.012,0.000,0.496,0.496,0.727
1780271289666,0.000,0.000,0.000,0.000,0.000,0.000,0.007,0.000,0.007,0.000,0.504,0.504,0.776
1780271289696,0.003,0.000,0.000,0.003,0.000,0.000,0.007,0.003,0.016,0.000,0.512,0.512,0.752
1780271289735,0.003,0.000,0.003,0.003,0.000,0.000,0.003,0.000,0.012,0.000,0.512,0.512,0.752
1780271289768,0.000,0.000,0.003,0.003,0.000,0.000,0.003,0.000,0.009,0.000,0.504,0.504,0.727
1780271289800,0.000,0.000,0.007,0.003,0.000,0.000,0.003,0.000,0.013,0.000,0.496,0.496,0.752
1780271289834,0.000,0.000,0.000,0.003,0.000,0.000,0.003,0.003,0.009,0.000,0.480,0.480,0.727
1780271289867,0.003,0.000,0.000,0.003,0.000,0.000,0.000,0.003,0.009,0.000,0.472,0.472,0.679
1780271289906,0.000,0.000,0.000,0.003,0.000,0.000,0.003,0.003,0.009,0.000,0.480,0.480,0.752
1780271289947,0.000,0.000,0.000,0.003,0.000,0.000,0.003,0.003,0.009,0.000,0.488,0.488,0.752
1780271289995,0.003,0.000,0.000,0.003,0.000,0.000,0.003,0.003,0.012,0.000,0.472,0.472,0.727
1780271290029,0.003,0.000,0.000,0.003,0.000,0.000,0.000,0.003,0.009,0.000,0.488,0.488,0.752
1780271290059,0.003,0.000,0.000,0.003,0.000,0.000,0.003,0.000,0.009,0.000,0.480,0.480,0.752
1780271290085,0.000,0.000,0.000,0.003,0.000,0.000,0.003,0.000,0.006,0.000,0.480,0.480,0.727
1780271290123,0.000,0.000,0.000,0.003,0.000,0.003,0.003,0.000,0.009,0.000,0.480,0.480,0.703
1780271290192,0.003,0.000,0.000,0.003,0.000,0.003,0.003,0.003,0.015,0.000,0.480,0.480,0.703
1780271290223,0.000,0.000,0.003,0.003,0.000,0.000,0.003,0.003,0.012,0.000,0.496,0.496,0.727
1780271290277,0.000,0.000,0.003,0.003,0.000,0.000,0.003,0.000,0.009,0.000,0.488,0.488,0.679
1780271290328,0.000,0.000,0.000,0.003,0.000,0.000,0.003,0.000,0.006,0.000,0.488,0.488,0.727
1780271290354,0.003,0.000,0.000,0.003,0.000,0.000,0.003,0.000,0.009,0.000,0.480,0.480,0.752
1780271290393,0.000,0.000,0.003,0.003,0.000,0.000,0.003,0.003,0.012,0.000,0.480,0.480,0.703
1780271290441,0.003,0.000,0.000,0.003,0.000,0.000,0.003,0.003,0.012,0.000,0.496,0.496,0.703
1780271290474,0.003,0.000,0.000,0.000,0.000,0.000,0.003,0.000,0.006,0.000,0.504,0.504,0.727
1780271290510,0.007,0.003,0.000,0.000,0.000,0.000,0.003,0.000,0.013,0.000,0.488,0.488,0.776
1780271290542,0.000,0.000,0.000,0.003,0.000,0.000,0.000,0.003,0.006,0.000,0.480,0.480,0.727
1780271290583,0.000,0.000,0.000,0.003,0.000,0.000,0.000,0.003,0.006,0.000,0.488,0.488,0.727
1780271290610,0.000,0.000,0.000,0.003,0.000,0.000,0.003,0.000,0.006,0.000,0.472,0.472,0.703
1780271290648,0.000,0.000,0.000,0.003,0.000,0.000,0.000,0.000,0.003,0.000,0.480,0.480,0.703
1780271290721,0.000,0.000,0.000,0.000,0.000,0.000,0.003,0.000,0.003,0.000,0.480,0.480,0.703
1780271290750,0.000,0.003,0.000,0.003,0.000,0.000,0.003,0.003,0.012,0.000,0.472,0.472,0.752
1780271290794,0.003,0.000,0.000,0.003,0.003,0.000,0.003,0.003,0.015,0.000,0.480,0.480,0.727
1780271290836,0.003,0.000,0.000,0.003,0.000,0.000,0.003,0.000,0.009,0.000,0.480,0.480,0.727
1780271290867,0.003,0.000,0.000,0.003,0.000,0.003,0.003,0.000,0.012,0.000,0.480,0.480,0.727
1780271290894,0.000,0.000,0.000,0.003,0.000,0.000,0.003,0.000,0.006,0.000,0.488,0.488,0.703
1780271290925,0.000,0.003,0.000,0.003,0.000,0.000,0.003,0.000,0.009,0.000,0.488,0.488,0.752
1780271290967,0.003,0.000,0.000,0.003,0.000,0.000,0.000,0.000,0.006,0.000,0.504,0.504,0.752
1780271291003,0.000,0.000,0.000,0.000,0.003,0.000,0.000,0.003,0.006,0.000,0.488,0.488,0.727
1780271291032,0.000,0.000,0.000,0.003,0.000,0.000,0.000,0.000,0.003,0.000,0.488,0.488,0.727
1780271291073,0.003,0.000,0.000,0.003,0.000,0.003,0.003,0.000,0.012,0.000,0.463,0.463,0.703
1780271291108,0.003,0.000,0.000,0.003,0.000,0.000,0.003,0.003,0.012,0.000,0.463,0.463,0.727
1780271291141,0.000,0.000,0.000,0.003,0.000,0.003,0.000,0.000,0.006,0.000,0.488,0.488,0.727
1780271291170,0.003,0.000,0.000,0.003,0.000,0.000,0.003,0.000,0.009,0.000,0.480,0.480,0.703
1780271291239,0.007,0.000,0.000,0.003,0.000,0.000,0.000,0.000,0.010,0.000,0.496,0.496,0.703
1780271291271,0.000,0.000,0.003,0.003,0.000,0.000,0.003,0.003,0.012,0.000,0.480,0.480,0.703
1780271291318,0.003,0.000,0.000,0.003,0.000,0.003,0.003,0.000,0.012,0.000,0.480,0.480,0.727
1780271291359,0.003,0.000,0.000,0.003,0.000,0.000,0.003,0.000,0.009,0.000,0.472,0.472,0.703
1780271291394,0.000,0.003,0.000,0.003,0.000,0.000,0.000,0.003,0.009,0.000,0.472,0.472,0.703
1780271291428,0.000,0.000,0.003,0.003,0.000,0.000,0.003,0.003,0.012,0.000,0.480,0.480,0.703
1780271291481,0.000,0.000,0.000,0.003,0.000,0.000,0.000,0.003,0.006,0.000,0.520,0.520,0.727
1780271291509,0.003,0.000,0.000,0.003,0.003,0.000,0.003,0.003,0.015,0.000,0.504,0.504,0.776
1780271291539,0.003,0.000,0.000,0.003,0.000,0.007,0.003,0.000,0.016,0.000,0.504,0.504,0.752
1780271291574,0.000,0.000,0.000,0.000,0.000,0.000,0.003,0.000,0.003,0.000,0.480,0.480,0.727
1780271291606,0.000,0.000,0.003,0.003,0.000,0.000,0.000,0.003,0.009,0.000,0.472,0.472,0.727
1780271291640,0.000,0.000,0.003,0.003,0.000,0.000,0.003,0.000,0.009,0.000,0.480,0.480,0.727
1780271291676,0.003,0.003,0.000,0.003,0.000,0.000,0.000,0.003,0.012,0.000,0.480,0.480,0.727
1780271291755,0.003,0.000,0.000,0.003,0.000,0.000,0.003,0.000,0.009,0.000,0.488,0.488,0.727
1780271291782,0.000,0.000,0.000,0.003,0.000,0.003,0.003,0.003,0.012,0.000,0.472,0.472,0.703
1780271291830,0.000,0.000,0.000,0.003,0.000,0.000,0.003,0.000,0.006,0.000,0.480,0.480,0.752
1780271291874,0.000,0.000,0.000,0.003,0.000,0.000,0.000,0.000,0.003,0.000,0.472,0.472,0.752
1780271291900,0.000,0.000,0.000,0.003,0.000,0.003,0.003,0.000,0.009,0.000,0.480,0.480,0.727
1780271291929,0.000,0.000,0.003,0.003,0.000,0.000,0.003,0.000,0.009,0.000,0.488,0.488,0.752
1780271291954,0.000,0.000,0.000,0.003,0.000,0.003,0.003,0.000,0.009,0.000,0.480,0.480,0.727
1780271291996,0.000,0.000,0.003,0.003,0.000,0.003,0.000,0.003,0.012,0.000,0.480,0.480,0.727
1780271292034,0.003,0.003,0.003,0.003,0.000,0.003,0.000,0.000,0.015,0.000,0.472,0.472,0.727
1780271292071,0.003,0.000,0.000,0.003,0.000,0.000,0.003,0.000,0.009,0.000,0.480,0.480,0.727
1780271292128,0.000,0.000,0.000,0.003,0.000,0.000,0.003,0.000,0.006,0.000,0.472,0.472,0.703
1780271292175,0.003,0.000,0.003,0.003,0.000,0.003,0.000,0.000,0.012,0.000,0.480,0.480,0.727
1780271292206,0.003,0.000,0.000,0.000,0.000,0.000,0.003,0.000,0.006,0.000,0.480,0.480,0.703
1780271292266,0.000,0.000,0.000,0.003,0.000,0.000,0.000,0.000,0.003,0.000,0.504,0.504,0.776
1780271292302,0.003,0.000,0.000,0.003,0.000,0.000,0.003,0.003,0.012,0.000,0.480,0.480,0.727
1780271292341,0.000,0.000,0.003,0.003,0.000,0.000,0.003,0.000,0.009,0.000,0.496,0.496,0.727
1780271292376,0.003,0.000,0.003,0.003,0.000,0.003,0.003,0.000,0.015,0.000,0.480,0.480,0.752
1780271292409,0.003,0.000,0.000,0.003,0.000,0.000,0.003,0.000,0.009,0.000,0.488,0.488,0.703
1780271292438,0.003,0.000,0.000,0.003,0.000,0.000,0.003,0.003,0.012,0.000,0.480,0.480,0.727
1780271292480,0.007,0.000,0.000,0.000,0.000,0.000,0.000,0.003,0.010,0.000,0.480,0.480,0.703
1780271292521,0.003,0.000,0.003,0.003,0.000,0.003,0.000,0.003,0.015,0.000,0.488,0.488,0.752
1780271292561,0.000,0.000,0.000,0.003,0.000,0.000,0.003,0.000,0.006,0.000,0.480,0.480,0.727
1780271292599,0.003,0.000,0.000,0.003,0.000,0.000,0.003,0.003,0.012,0.000,0.472,0.472,0.727
1780271292635,0.000,0.000,0.000,0.003,0.000,0.000,0.003,0.000,0.006,0.000,0.480,0.480,0.703
1780271292675,0.000,0.000,0.000,0.010,0.000,0.003,0.003,0.000,0.016,0.000,0.480,0.480,0.727
1780271292701,0.000,0.000,0.003,0.003,0.000,0.000,0.000,0.003,0.009,0.000,0.472,0.472,0.703
1780271292740,0.000,0.000,0.000,0.003,0.000,0.003,0.000,0.000,0.006,0.000,0.488,0.488,0.727
1780271292794,0.003,0.000,0.000,0.003,0.003,0.000,0.003,0.000,0.012,0.000,0.488,0.488,0.752
1780271292819,0.000,0.000,0.000,0.003,0.003,0.000,0.003,0.003,0.012,0.000,0.496,0.496,0.752
1780271292857,0.000,0.000,0.000,0.003,0.003,0.000,0.003,0.000,0.009,0.000,0.480,0.480,0.727
1780271292900,0.000,0.000,0.007,0.003,0.003,0.003,0.003,0.000,0.019,0.000,0.480,0.480,0.727
1780271292933,0.000,0.000,0.000,0.003,0.000,0.000,0.003,0.003,0.009,0.000,0.472,0.472,0.703
1780271292960,0.000,0.000,0.003,0.000,0.000,0.000,0.003,0.000,0.006,0.000,0.463,0.463,0.727
1780271292998,0.000,0.000,0.000,0.003,0.000,0.000,0.003,0.000,0.006,0.000,0.496,0.496,0.752
1780271293055,0.003,0.000,0.000,0.003,0.000,0.003,0.003,0.003,0.015,0.000,0.472,0.472,0.703
1780271293093,0.003,0.000,0.003,0.007,0.003,0.000,0.003,0.000,0.019,0.000,0.480,0.480,0.679
1780271293127,0.000,0.003,0.003,0.007,0.000,0.000,0.003,0.000,0.016,0.000,0.480,0.480,0.727
1780271293164,0.000,0.000,0.000,0.003,0.000,0.003,0.003,0.000,0.009,0.000,0.480,0.480,0.752
1780271293205,0.003,0.000,0.003,0.000,0.000,0.003,0.003,0.003,0.015,0.000,0.496,0.496,0.703
1780271293236,0.003,0.000,0.000,0.003,0.000,0.000,0.000,0.000,0.006,0.000,0.504,0.504,0.727
1780271293273,0.000,0.000,0.003,0.003,0.003,0.000,0.003,0.000,0.012,0.000,0.529,0.529,0.776
1780271293325,0.000,0.000,0.000,0.003,0.000,0.003,0.003,0.000,0.009,0.000,0.504,0.504,0.752
1780271293358,0.007,0.000,0.000,0.000,0.000,0.000,0.003,0.000,0.010,0.000,0.488,0.488,0.776
1780271293391,0.000,0.003,0.000,0.003,0.000,0.000,0.000,0.000,0.006,0.000,0.496,0.496,0.752
1780271293425,0.000,0.003,0.003,0.003,0.000,0.000,0.003,0.003,0.015,0.000,0.496,0.496,0.727
1780271293459,0.003,0.000,0.003,0.003,0.000,0.000,0.000,0.003,0.012,0.000,0.472,0.472,0.703
1780271293485,0.003,0.000,0.000,0.003,0.000,0.000,0.000,0.000,0.006,0.000,0.480,0.480,0.703
1780271293520,0.003,0.003,0.000,0.003,0.000,0.000,0.003,0.000,0.012,0.000,0.488,0.488,0.703
1780271293569,0.000,0.000,0.000,0.003,0.000,0.000,0.003,0.003,0.009,0.000,0.463,0.463,0.752
1780271293611,0.007,0.003,0.000,0.003,0.000,0.000,0.003,0.000,0.016,0.000,0.472,0.472,0.727
1780271293645,0.000,0.000,0.000,0.003,0.000,0.000,0.003,0.000,0.006,0.000,0.472,0.472,0.703
1780271293686,0.000,0.003,0.000,0.003,0.000,0.000,0.003,0.000,0.009,0.000,0.463,0.463,0.703
1780271293727,0.000,0.003,0.000,0.003,0.000,0.000,0.000,0.003,0.009,0.000,0.472,0.472,0.727
1780271293773,0.003,0.000,0.003,0.003,0.000,0.000,0.003,0.003,0.015,0.000,0.496,0.496,0.703
1780271293798,0.000,0.000,0.000,0.003,0.000,0.000,0.000,0.003,0.006,0.000,0.488,0.488,0.727
1780271293850,0.000,0.000,0.003,0.003,0.000,0.000,0.000,0.000,0.006,0.000,0.480,0.480,0.727
1780271293886,0.000,0.000,0.003,0.003,0.003,0.000,0.003,0.000,0.012,0.000,0.480,0.480,0.727
1780271293925,0.000,0.003,0.003,0.000,0.000,0.000,0.000,0.000,0.006,0.000,0.480,0.480,0.727
1780271293955,0.003,0.000,0.000,0.003,0.000,0.000,0.003,0.003,0.012,0.000,0.480,0.480,0.727
1780271293993,0.000,0.000,0.000,0.000,0.000,0.000,0.003,0.003,0.006,0.000,0.480,0.480,0.727
1780271294021,0.007,0.003,0.000,0.000,0.000,0.003,0.000,0.000,0.013,0.000,0.504,0.504,0.727
1780271294059,0.003,0.000,0.000,0.003,0.000,0.000,0.003,0.000,0.009,0.000,0.472,0.472,0.703
1780271294092,0.000,0.000,0.003,0.003,0.000,0.000,0.003,0.003,0.012,0.000,0.480,0.480,0.727
1780271294129,0.000,0.000,0.000,0.003,0.000,0.000,0.003,0.000,0.006,0.000,0.488,0.488,0.727
1780271294154,0.003,0.003,0.000,0.007,0.000,0.000,0.003,0.003,0.019,0.000,0.488,0.488,0.727
1780271294197,0.003,0.000,0.000,0.003,0.000,0.000,0.003,0.000,0.009,0.000,0.480,0.480,0.752
1780271294222,0.000,0.000,0.003,0.003,0.000,0.003,0.003,0.000,0.012,0.000,0.488,0.488,0.752
1780271294259,0.000,0.000,0.000,0.000,0.000,0.003,0.000,0.000,0.003,0.000,0.480,0.480,0.752
1780271294285,0.003,0.000,0.003,0.003,0.000,0.000,0.000,0.000,0.009,0.000,0.496,0.496,0.727
1780271294321,0.003,0.000,0.000,0.003,0.000,0.000,0.003,0.000,0.009,0.000,0.480,0.480,0.727
1780271294377,0.003,0.000,0.000,0.003,0.003,0.000,0.003,0.003,0.015,0.000,0.488,0.488,0.727
1780271294416,0.000,0.000,0.000,0.003,0.000,0.000,0.003,0.003,0.009,0.000,0.480,0.480,0.727
1780271294464,0.000,0.000,0.000,0.003,0.000,0.000,0.003,0.000,0.006,0.000,0.480,0.480,0.727
1780271294498,0.000,0.000,0.000,0.003,0.000,0.000,0.003,0.003,0.009,0.000,0.480,0.480,0.703
1780271294540,0.000,0.000,0.000,0.003,0.000,0.000,0.003,0.003,0.009,0.000,0.480,0.480,0.727
1780271294571,0.003,0.000,0.000,0.003,0.003,0.000,0.003,0.003,0.015,0.000,0.480,0.480,0.703
1780271294628,0.000,0.000,0.000,0.003,0.000,0.000,0.003,0.000,0.006,0.000,0.488,0.488,0.752
1780271294670,0.003,0.003,0.000,0.000,0.000,0.000,0.003,0.003,0.012,0.000,0.480,0.480,0.703
1780271294715,0.000,0.000,0.000,0.003,0.000,0.000,0.003,0.000,0.006,0.000,0.472,0.472,0.703
1780271294753,0.000,0.000,0.003,0.003,0.000,0.000,0.000,0.000,0.006,0.000,0.488,0.488,0.752
1780271294792,0.000,0.000,0.000,0.003,0.000,0.000,0.003,0.003,0.009,0.000,0.496,0.496,0.727
1780271294817,0.000,0.000,0.000,0.003,0.000,0.000,0.000,0.000,0.003,0.000,0.488,0.488,0.752
1780271294849,0.000,0.000,0.000,0.003,0.000,0.000,0.003,0.000,0.006,0.000,0.480,0.480,0.703
1780271294906,0.000,0.003,0.000,0.003,0.000,0.003,0.003,0.000,0.012,0.000,0.488,0.488,0.752
1780271294941,0.000,0.000,0.000,0.003,0.000,0.000,0.000,0.000,0.003,0.000,0.472,0.472,0.727
1780271294980,0.003,0.000,0.003,0.003,0.003,0.000,0.003,0.000,0.015,0.000,0.480,0.480,0.727
1780271295025,0.000,0.000,0.003,0.000,0.000,0.000,0.000,0.000,0.003,0.000,0.504,0.504,0.727
1780271295063,0.000,0.000,0.000,0.003,0.000,0.000,0.003,0.000,0.006,0.000,0.512,0.512,0.752
1780271295086,0.003,0.000,0.003,0.003,0.000,0.000,0.003,0.003,0.015,0.000,0.496,0.496,0.776
1780271295121,0.000,0.000,0.003,0.003,0.000,0.003,0.003,0.003,0.015,0.000,0.504,0.504,0.727
1780271295148,0.003,0.000,0.000,0.007,0.000,0.000,0.003,0.000,0.013,0.000,0.488,0.488,0.727
1780271295189,0.003,0.000,0.003,0.003,0.000,0.000,0.003,0.000,0.012,0.000,0.480,0.480,0.727
1780271295220,0.003,0.000,0.000,0.003,0.000,0.003,0.003,0.000,0.012,0.000,0.472,0.472,0.727
1780271295251,0.000,0.003,0.000,0.003,0.000,0.003,0.000,0.000,0.009,0.000,0.488,0.488,0.727
1780271295279,0.000,0.003,0.000,0.007,0.000,0.003,0.003,0.000,0.016,0.000,0.504,0.504,0.776
1780271295316,0.000,0.000,0.000,0.003,0.000,0.003,0.003,0.000,0.009,0.000,0.496,0.496,0.752
1780271295342,0.003,0.000,0.000,0.003,0.000,0.000,0.003,0.000,0.009,0.000,0.480,0.480,0.727
1780271295375,0.003,0.000,0.000,0.003,0.000,0.003,0.003,0.000,0.012,0.000,0.480,0.480,0.703
1780271295428,0.000,0.000,0.000,0.003,0.003,0.003,0.007,0.000,0.016,0.000,0.480,0.480,0.727
1780271295473,0.003,0.000,0.000,0.003,0.000,0.003,0.003,0.003,0.015,0.000,0.472,0.472,0.727
1780271295516,0.003,0.000,0.000,0.003,0.003,0.000,0.003,0.000,0.012,0.000,0.472,0.472,0.752
1780271295551,0.003,0.000,0.000,0.003,0.000,0.000,0.003,0.000,0.009,0.000,0.496,0.496,0.776
1780271295583,0.000,0.003,0.000,0.003,0.000,0.000,0.000,0.003,0.009,0.000,0.488,0.488,0.727
1780271295614,0.000,0.000,0.000,0.000,0.000,0.000,0.000,0.003,0.003,0.000,0.472,0.472,0.703
1780271295657,0.003,0.000,0.003,0.003,0.000,0.000,0.000,0.003,0.012,0.000,0.488,0.488,0.727
1780271295689,0.000,0.000,0.000,0.003,0.000,0.000,0.003,0.000,0.006,0.000,0.472,0.472,0.727
1780271295722,0.000,0.000,0.000,0.003,0.000,0.000,0.003,0.003,0.009,0.000,0.480,0.480,0.703
1780271295758,0.000,0.000,0.000,0.003,0.000,0.000,0.003,0.003,0.009,0.000,0.488,0.488,0.727
1780271295793,0.000,0.000,0.003,0.007,0.000,0.000,0.000,0.007,0.017,0.000,0.512,0.512,0.727
1780271295819,0.003,0.000,0.000,0.003,0.000,0.000,0.003,0.000,0.009,0.000,0.496,0.496,0.776
1780271295856,0.000,0.000,0.000,0.003,0.000,0.000,0.003,0.000,0.006,0.000,0.488,0.488,0.727
1780271295884,0.003,0.000,0.000,0.000,0.000,0.000,0.000,0.003,0.006,0.000,0.488,0.488,0.727
1780271295937,0.003,0.000,0.000,0.003,0.003,0.000,0.003,0.000,0.012,0.000,0.488,0.488,0.752
1780271295972,0.007,0.000,0.000,0.003,0.000,0.000,0.003,0.003,0.016,0.000,0.504,0.504,0.703
1780271296004,0.000,0.000,0.003,0.003,0.000,0.000,0.000,0.000,0.006,0.000,0.496,0.496,0.727
1780271296043,0.000,0.000,0.003,0.007,0.000,0.000,0.003,0.003,0.016,0.000,0.496,0.496,0.752
1780271296077,0.003,0.000,0.003,0.007,0.000,0.003,0.003,0.000,0.019,0.000,0.488,0.488,0.703
1780271296100,0.000,0.003,0.003,0.003,0.000,0.003,0.003,0.000,0.015,0.000,0.472,0.472,0.703
1780271296132,0.003,0.000,0.000,0.003,0.000,0.000,0.003,0.000,0.009,0.000,0.480,0.480,0.703
1780271296173,0.003,0.000,0.003,0.003,0.000,0.000,0.003,0.003,0.015,0.000,0.472,0.472,0.703
1780271296210,0.000,0.003,0.000,0.003,0.000,0.003,0.003,0.000,0.012,0.000,0.472,0.472,0.703
1780271296241,0.003,0.000,0.003,0.003,0.000,0.000,0.003,0.000,0.012,0.000,0.463,0.463,0.703
1780271296281,0.007,0.000,0.000,0.003,0.000,0.000,0.003,0.000,0.013,0.000,0.480,0.480,0.752
1780271296318,0.003,0.000,0.000,0.003,0.000,0.000,0.000,0.000,0.006,0.000,0.472,0.472,0.703
1780271296349,0.003,0.003,0.000,0.003,0.000,0.000,0.003,0.000,0.012,0.000,0.472,0.472,0.703
1780271296379,0.003,0.000,0.003,0.003,0.000,0.000,0.000,0.000,0.009,0.000,0.463,0.463,0.703
1780271296412,0.003,0.000,0.000,0.003,0.000,0.000,0.003,0.000,0.009,0.000,0.463,0.463,0.703
1780271296487,0.007,0.000,0.000,0.007,0.000,0.000,0.007,0.000,0.021,0.000,0.447,0.447,0.679
1780271296516,0.003,0.000,0.000,0.003,0.000,0.003,0.000,0.000,0.009,0.000,0.455,0.455,0.703
1780271296561,0.000,0.003,0.000,0.007,0.003,0.000,0.003,0.000,0.016,0.000,0.455,0.455,0.703
1780271296595,0.003,0.000,0.000,0.003,0.000,0.000,0.003,0.000,0.009,0.000,0.472,0.472,0.727
1780271296638,0.003,0.000,0.000,0.003,0.000,0.000,0.003,0.000,0.009,0.000,0.455,0.455,0.727
1780271296673,0.000,0.003,0.000,0.007,0.000,0.000,0.003,0.000,0.013,0.000,0.455,0.455,0.703
1780271296706,0.000,0.000,0.000,0.003,0.000,0.000,0.003,0.000,0.006,0.000,0.472,0.472,0.727
1780271296737,0.007,0.000,0.003,0.003,0.000,0.000,0.003,0.000,0.016,0.000,0.472,0.472,0.679
1780271296782,0.003,0.000,0.003,0.003,0.000,0.000,0.003,0.000,0.012,0.000,0.512,0.512,0.679
1780271296813,0.000,0.000,0.003,0.000,0.000,0.000,0.003,0.003,0.009,0.000,0.488,0.488,0.752
1780271296844,0.003,0.003,0.000,0.003,0.000,0.003,0.003,0.000,0.015,0.000,0.472,0.472,0.703
1780271296867,0.003,0.000,0.000,0.007,0.003,0.003,0.003,0.000,0.019,0.000,0.480,0.480,0.727
1780271296903,0.003,0.000,0.000,0.003,0.003,0.000,0.003,0.000,0.012,0.000,0.472,0.472,0.727
1780271296928,0.000,0.000,0.000,0.003,0.000,0.000,0.003,0.003,0.009,0.000,0.472,0.472,0.727
1780271296995,0.000,0.000,0.000,0.003,0.003,0.000,0.003,0.000,0.009,0.000,0.463,0.463,0.703
1780271297033,0.000,0.000,0.000,0.003,0.000,0.000,0.003,0.000,0.006,0.000,0.455,0.455,0.703
1780271297073,0.000,0.003,0.000,0.003,0.000,0.003,0.003,0.003,0.015,0.000,0.480,0.480,0.727
1780271297107,0.003,0.003,0.003,0.003,0.000,0.000,0.003,0.003,0.018,0.000,0.480,0.480,0.703
1780271297142,0.000,0.000,0.003,0.003,0.000,0.000,0.003,0.000,0.009,0.000,0.472,0.472,0.703
1780271297183,0.000,0.000,0.003,0.003,0.000,0.000,0.003,0.003,0.012,0.000,0.463,0.463,0.727
1780271297217,0.000,0.000,0.000,0.003,0.000,0.000,0.003,0.000,0.006,0.000,0.463,0.463,0.727
1780271297257,0.000,0.000,0.000,0.003,0.000,0.000,0.003,0.000,0.006,0.000,0.480,0.480,0.727
1780271297299,0.000,0.003,0.000,0.003,0.000,0.000,0.007,0.003,0.016,0.000,0.488,0.488,0.703
1780271297340,0.000,0.000,0.000,0.007,0.000,0.000,0.000,0.000,0.007,0.000,0.480,0.480,0.703
1780271297368,0.000,0.000,0.000,0.003,0.000,0.000,0.003,0.003,0.009,0.000,0.488,0.488,0.703
1780271297398,0.000,0.000,0.000,0.003,0.000,0.003,0.003,0.000,0.009,0.000,0.472,0.472,0.727
1780271297428,0.000,0.000,0.000,0.003,0.003,0.000,0.000,0.000,0.006,0.000,0.480,0.480,0.703
1780271297462,0.003,0.000,0.000,0.003,0.000,0.000,0.003,0.003,0.012,0.000,0.472,0.472,0.703
1780271297540,0.003,0.000,0.003,0.007,0.000,0.003,0.003,0.000,0.019,0.000,0.480,0.480,0.727
1780271297578,0.000,0.000,0.000,0.003,0.000,0.000,0.003,0.000,0.006,0.000,0.480,0.480,0.703
1780271297619,0.000,0.000,0.000,0.003,0.000,0.003,0.007,0.000,0.013,0.000,0.480,0.480,0.679
1780271297647,0.000,0.003,0.000,0.003,0.000,0.000,0.003,0.000,0.009,0.000,0.472,0.472,0.703
1780271297699,0.003,0.000,0.000,0.003,0.000,0.003,0.000,0.000,0.009,0.000,0.463,0.463,0.727
1780271297728,0.000,0.000,0.000,0.003,0.000,0.000,0.000,0.000,0.003,0.000,0.472,0.472,0.703
1780271297769,0.003,0.000,0.003,0.003,0.003,0.000,0.003,0.000,0.015,0.000,0.472,0.472,0.703
1780271297797,0.003,0.000,0.000,0.003,0.000,0.000,0.000,0.003,0.009,0.000,0.488,0.488,0.727
1780271297833,0.003,0.000,0.000,0.003,0.000,0.000,0.003,0.003,0.012,0.000,0.472,0.472,0.727
1780271297865,0.000,0.000,0.000,0.003,0.000,0.000,0.000,0.000,0.003,0.000,0.472,0.472,0.703
1780271297896,0.007,0.003,0.000,0.003,0.000,0.000,0.000,0.000,0.013,0.000,0.463,0.463,0.703
1780271297921,0.003,0.000,0.000,0.003,0.000,0.000,0.000,0.000,0.006,0.000,0.455,0.455,0.703
1780271297960,0.003,0.000,0.000,0.003,0.000,0.000,0.000,0.000,0.006,0.000,0.463,0.463,0.703
1780271297990,0.003,0.000,0.000,0.003,0.000,0.007,0.003,0.000,0.016,0.000,0.455,0.455,0.703
1780271298064,0.000,0.003,0.000,0.003,0.000,0.000,0.003,0.003,0.012,0.000,0.463,0.463,0.727
1780271298104,0.003,0.000,0.000,0.003,0.000,0.003,0.007,0.003,0.019,0.000,0.472,0.472,0.703
1780271298143,0.003,0.000,0.000,0.003,0.000,0.000,0.003,0.000,0.009,0.000,0.463,0.463,0.703
1780271298174,0.003,0.000,0.003,0.007,0.000,0.000,0.003,0.000,0.016,0.000,0.455,0.455,0.703
1780271298219,0.003,0.000,0.000,0.003,0.000,0.000,0.000,0.003,0.009,0.000,0.463,0.463,0.703
1780271298252,0.003,0.000,0.000,0.003,0.000,0.000,0.003,0.003,0.012,0.000,0.455,0.455,0.703
1780271298298,0.003,0.000,0.003,0.003,0.000,0.000,0.003,0.000,0.012,0.000,0.455,0.455,0.679
1780271298326,0.003,0.003,0.000,0.003,0.000,0.003,0.003,0.000,0.015,0.000,0.472,0.472,0.703
1780271298359,0.000,0.000,0.000,0.003,0.000,0.000,0.003,0.000,0.006,0.000,0.463,0.463,0.703
1780271298395,0.000,0.000,0.000,0.003,0.000,0.000,0.003,0.000,0.006,0.000,0.455,0.455,0.703
1780271298431,0.003,0.000,0.000,0.003,0.000,0.000,0.003,0.003,0.012,0.000,0.463,0.463,0.679
1780271298462,0.000,0.000,0.000,0.003,0.000,0.000,0.003,0.000,0.006,0.000,0.472,0.472,0.679
1780271298492,0.000,0.000,0.003,0.003,0.000,0.000,0.003,0.000,0.009,0.000,0.480,0.480,0.703
1780271298519,0.003,0.000,0.003,0.003,0.000,0.003,0.003,0.000,0.015,0.000,0.472,0.472,0.703
1780271298583,0.000,0.000,0.000,0.003,0.003,0.000,0.003,0.000,0.009,0.000,0.480,0.480,0.703
1780271298612,0.003,0.000,0.000,0.003,0.000,0.000,0.003,0.003,0.012,0.000,0.463,0.463,0.703
1780271298650,0.000,0.000,0.003,0.003,0.000,0.000,0.003,0.000,0.009,0.000,0.463,0.463,0.703
1780271298674,0.000,0.000,0.000,0.007,0.000,0.000,0.003,0.000,0.010,0.000,0.463,0.463,0.703
1780271298713,0.000,0.003,0.000,0.003,0.000,0.000,0.003,0.000,0.009,0.000,0.463,0.463,0.727
1780271298739,0.003,0.000,0.000,0.003,0.000,0.003,0.003,0.000,0.012,0.000,0.480,0.480,0.703
1780271298777,0.000,0.000,0.000,0.003,0.000,0.000,0.003,0.000,0.006,0.000,0.488,0.488,0.727
1780271298815,0.000,0.000,0.003,0.003,0.000,0.000,0.003,0.000,0.009,0.000,0.496,0.496,0.703
1780271298849,0.003,0.000,0.003,0.003,0.000,0.000,0.000,0.003,0.012,0.000,0.488,0.488,0.727
1780271298876,0.003,0.000,0.000,0.003,0.000,0.003,0.003,0.000,0.012,0.000,0.480,0.480,0.752
1780271298922,0.003,0.000,0.003,0.003,0.000,0.000,0.003,0.000,0.012,0.000,0.472,0.472,0.727
1780271298948,0.007,0.000,0.003,0.000,0.000,0.000,0.003,0.003,0.016,0.000,0.480,0.480,0.703
1780271298979,0.003,0.000,0.000,0.003,0.000,0.000,0.000,0.000,0.006,0.000,0.463,0.463,0.727
1780271299008,0.000,0.000,0.000,0.003,0.000,0.000,0.003,0.003,0.009,0.000,0.472,0.472,0.703
1780271299042,0.003,0.000,0.000,0.003,0.000,0.000,0.000,0.000,0.006,0.000,0.480,0.480,0.703
1780271299116,0.000,0.000,0.000,0.003,0.000,0.000,0.003,0.000,0.006,0.000,0.480,0.480,0.727
1780271299158,0.000,0.000,0.000,0.003,0.000,0.000,0.003,0.000,0.006,0.000,0.480,0.480,0.752
1780271299190,0.000,0.000,0.000,0.003,0.000,0.000,0.003,0.000,0.006,0.000,0.472,0.472,0.727
1780271299223,0.000,0.000,0.000,0.003,0.000,0.000,0.003,0.000,0.006,0.000,0.472,0.472,0.727
1780271299262,0.000,0.000,0.000,0.003,0.000,0.000,0.003,0.003,0.009,0.000,0.480,0.480,0.727
1780271299294,0.000,0.000,0.000,0.003,0.000,0.000,0.003,0.000,0.006,0.000,0.488,0.488,0.727
1780271299333,0.000,0.003,0.000,0.003,0.000,0.000,0.003,0.003,0.012,0.000,0.480,0.480,0.727
1780271299365,0.000,0.000,0.000,0.000,0.000,0.000,0.003,0.000,0.003,0.000,0.480,0.480,0.727
1780271299410,0.003,0.000,0.000,0.003,0.000,0.003,0.003,0.003,0.015,0.000,0.472,0.472,0.703
1780271299445,0.003,0.000,0.000,0.007,0.000,0.000,0.003,0.003,0.016,0.000,0.472,0.472,0.703
1780271299479,0.000,0.000,0.000,0.003,0.000,0.000,0.003,0.000,0.006,0.000,0.480,0.480,0.703
1780271299507,0.000,0.000,0.000,0.003,0.000,0.003,0.003,0.000,0.009,0.000,0.480,0.480,0.727
1780271299551,0.000,0.000,0.003,0.003,0.000,0.000,0.003,0.000,0.009,0.000,0.480,0.480,0.703
1780271299619,0.000,0.000,0.000,0.003,0.000,0.000,0.003,0.000,0.006,0.000,0.480,0.480,0.703
1780271299657,0.003,0.003,0.003,0.003,0.000,0.000,0.003,0.000,0.015,0.000,0.472,0.472,0.703
1780271299703,0.003,0.003,0.003,0.003,0.003,0.000,0.000,0.003,0.018,0.000,0.480,0.480,0.703
1780271299742,0.007,0.000,0.003,0.003,0.000,0.000,0.003,0.000,0.016,0.000,0.472,0.472,0.703
1780271299775,0.003,0.000,0.000,0.003,0.000,0.000,0.007,0.003,0.016,0.000,0.463,0.463,0.703
1780271299805,0.003,0.000,0.003,0.003,0.000,0.000,0.000,0.000,0.009,0.000,0.472,0.472,0.703
1780271299858,0.003,0.000,0.000,0.003,0.000,0.003,0.000,0.003,0.012,0.000,0.480,0.480,0.727
1780271299885,0.000,0.003,0.000,0.000,0.000,0.000,0.003,0.000,0.006,0.000,0.480,0.480,0.703
1780271299915,0.003,0.000,0.000,0.003,0.000,0.000,0.003,0.000,0.009,0.000,0.463,0.463,0.727
1780271299949,0.003,0.000,0.000,0.003,0.000,0.000,0.003,0.000,0.009,0.000,0.472,0.472,0.727
1780271299989,0.000,0.003,0.000,0.003,0.000,0.000,0.000,0.000,0.006,0.000,0.472,0.472,0.727
1780271300016,0.000,0.000,0.000,0.003,0.000,0.003,0.007,0.000,0.013,0.000,0.472,0.472,0.703
1780271300054,0.003,0.000,0.000,0.003,0.000,0.003,0.003,0.003,0.015,0.000,0.472,0.472,0.727
1780271300141,0.003,0.000,0.000,0.000,0.000,0.000,0.007,0.000,0.010,0.000,0.520,0.520,0.752
1780271300174,0.003,0.000,0.003,0.003,0.000,0.000,0.003,0.003,0.015,0.000,0.488,0.488,0.727
1780271300203,0.000,0.000,0.000,0.003,0.000,0.000,0.003,0.003,0.009,0.000,0.480,0.480,0.727
1780271300229,0.003,0.003,0.000,0.003,0.000,0.000,0.000,0.000,0.009,0.000,0.488,0.488,0.727
1780271300275,0.000,0.000,0.000,0.003,0.000,0.003,0.003,0.000,0.009,0.000,0.488,0.488,0.727
1780271300303,0.000,0.000,0.000,0.003,0.000,0.000,0.000,0.000,0.003,0.000,0.472,0.472,0.727
1780271300344,0.000,0.000,0.003,0.003,0.000,0.000,0.003,0.000,0.009,0.000,0.488,0.488,0.703
1780271300377,0.003,0.000,0.000,0.003,0.000,0.003,0.003,0.000,0.012,0.000,0.480,0.480,0.727
1780271300423,0.000,0.000,0.003,0.003,0.000,0.000,0.003,0.003,0.012,0.000,0.472,0.472,0.703
1780271300460,0.003,0.000,0.000,0.003,0.000,0.000,0.000,0.003,0.009,0.000,0.472,0.472,0.727
1780271300492,0.003,0.000,0.000,0.003,0.000,0.003,0.007,0.000,0.016,0.000,0.480,0.480,0.703
1780271300524,0.003,0.000,0.003,0.003,0.000,0.003,0.003,0.003,0.018,0.000,0.480,0.480,0.727
1780271300569,0.000,0.000,0.003,0.003,0.000,0.000,0.003,0.003,0.012,0.000,0.472,0.472,0.703
1780271300644,0.000,0.000,0.000,0.000,0.000,0.000,0.003,0.003,0.006,0.000,0.480,0.480,0.727
1780271300698,0.000,0.000,0.000,0.000,0.000,0.003,0.003,0.000,0.006,0.000,0.463,0.463,0.727
1780271300728,0.000,0.000,0.000,0.003,0.003,0.000,0.003,0.003,0.012,0.000,0.463,0.463,0.703
1780271300762,0.003,0.000,0.000,0.003,0.000,0.003,0.000,0.000,0.009,0.000,0.463,0.463,0.727
1780271300797,0.003,0.000,0.000,0.003,0.003,0.007,0.003,0.000,0.019,0.000,0.472,0.472,0.679
1780271300834,0.000,0.000,0.000,0.003,0.000,0.003,0.007,0.000,0.013,0.000,0.496,0.496,0.727
1780271300862,0.003,0.000,0.000,0.003,0.000,0.000,0.003,0.000,0.009,0.000,0.488,0.488,0.727
1780271300900,0.000,0.000,0.000,0.003,0.000,0.000,0.003,0.000,0.006,0.000,0.463,0.463,0.727
1780271300926,0.000,0.000,0.000,0.003,0.000,0.003,0.003,0.007,0.016,0.000,0.472,0.472,0.703
1780271300966,0.000,0.000,0.000,0.003,0.000,0.000,0.003,0.000,0.006,0.000,0.480,0.480,0.703
1780271300995,0.000,0.000,0.000,0.003,0.000,0.000,0.000,0.000,0.003,0.000,0.472,0.472,0.703
1780271301027,0.000,0.000,0.000,0.007,0.003,0.000,0.003,0.003,0.016,0.000,0.472,0.472,0.727
1780271301057,0.003,0.000,0.000,0.003,0.000,0.000,0.003,0.003,0.012,0.000,0.480,0.480,0.752
1780271301101,0.003,0.000,0.000,0.003,0.000,0.000,0.000,0.003,0.009,0.000,0.488,0.488,0.727
1780271301173,0.003,0.000,0.003,0.003,0.000,0.000,0.000,0.003,0.012,0.000,0.488,0.488,0.703
1780271301228,0.000,0.000,0.000,0.003,0.000,0.003,0.003,0.000,0.009,0.000,0.472,0.472,0.703
1780271301260,0.003,0.000,0.000,0.003,0.000,0.000,0.000,0.000,0.006,0.000,0.480,0.480,0.703
1780271301295,0.003,0.000,0.000,0.003,0.000,0.000,0.003,0.000,0.009,0.000,0.463,0.463,0.703
1780271301353,0.000,0.003,0.000,0.003,0.003,0.000,0.003,0.000,0.012,0.000,0.496,0.496,0.727
1780271301382,0.000,0.000,0.000,0.003,0.000,0.000,0.000,0.003,0.006,0.000,0.472,0.472,0.703
1780271301422,0.000,0.000,0.000,0.003,0.000,0.003,0.003,0.000,0.009,0.000,0.463,0.463,0.727
1780271301451,0.000,0.000,0.000,0.003,0.000,0.000,0.000,0.003,0.006,0.000,0.472,0.472,0.727
1780271301495,0.003,0.000,0.000,0.007,0.000,0.000,0.000,0.007,0.017,0.000,0.480,0.480,0.703
1780271301525,0.000,0.000,0.000,0.003,0.000,0.000,0.003,0.003,0.009,0.000,0.488,0.488,0.727
1780271301561,0.003,0.000,0.000,0.003,0.000,0.000,0.003,0.000,0.009,0.000,0.480,0.480,0.727
1780271301592,0.003,0.000,0.000,0.003,0.000,0.003,0.003,0.003,0.015,0.000,0.488,0.488,0.727
1780271301630,0.000,0.003,0.000,0.000,0.000,0.000,0.003,0.000,0.006,0.000,0.488,0.488,0.727
1780271301705,0.003,0.000,0.000,0.003,0.000,0.000,0.003,0.003,0.012,0.000,0.488,0.488,0.727
1780271301761,0.000,0.000,0.000,0.003,0.000,0.000,0.003,0.003,0.009,0.000,0.512,0.512,0.703
1780271301790,0.000,0.007,0.000,0.007,0.000,0.000,0.003,0.003,0.020,0.000,0.496,0.496,0.727
1780271301819,0.003,0.000,0.000,0.003,0.000,0.000,0.003,0.000,0.009,0.000,0.488,0.488,0.727
1780271301856,0.000,0.000,0.000,0.003,0.000,0.000,0.003,0.000,0.006,0.000,0.512,0.512,0.727
1780271301888,0.003,0.000,0.000,0.000,0.000,0.000,0.003,0.000,0.006,0.000,0.480,0.480,0.727
1780271301920,0.000,0.000,0.000,0.003,0.000,0.000,0.003,0.003,0.009,0.000,0.488,0.488,0.752
1780271301951,0.000,0.003,0.000,0.003,0.000,0.000,0.003,0.000,0.009,0.000,0.472,0.472,0.727
1780271301977,0.000,0.000,0.000,0.007,0.000,0.000,0.000,0.000,0.007,0.000,0.463,0.463,0.703
1780271302016,0.003,0.000,0.000,0.000,0.000,0.000,0.003,0.000,0.006,0.000,0.472,0.472,0.703
1780271302044,0.003,0.000,0.000,0.003,0.000,0.000,0.003,0.000,0.009,0.000,0.463,0.463,0.703
1780271302080,0.000,0.000,0.000,0.003,0.000,0.003,0.000,0.003,0.009,0.000,0.488,0.488,0.727
1780271302107,0.007,0.000,0.003,0.003,0.000,0.003,0.000,0.000,0.016,0.000,0.488,0.488,0.727
1780271302142,0.003,0.000,0.003,0.003,0.000,0.003,0.000,0.003,0.015,0.000,0.488,0.488,0.727
1780271302211,0.003,0.000,0.003,0.003,0.000,0.000,0.003,0.003,0.015,0.000,0.463,0.463,0.727
1780271302242,0.000,0.003,0.000,0.003,0.000,0.000,0.003,0.000,0.009,0.000,0.472,0.472,0.703
1780271302296,0.000,0.003,0.000,0.003,0.000,0.000,0.003,0.000,0.009,0.000,0.488,0.488,0.679
1780271302325,0.000,0.000,0.003,0.003,0.000,0.000,0.003,0.000,0.009,0.000,0.480,0.480,0.703
1780271302366,0.000,0.003,0.000,0.003,0.003,0.000,0.003,0.000,0.012,0.000,0.480,0.480,0.727
1780271302394,0.003,0.000,0.003,0.003,0.000,0.000,0.003,0.000,0.012,0.000,0.480,0.480,0.727
1780271302435,0.000,0.000,0.000,0.003,0.000,0.000,0.003,0.003,0.009,0.000,0.472,0.472,0.703
1780271302461,0.000,0.000,0.003,0.003,0.000,0.000,0.003,0.003,0.012,0.000,0.488,0.488,0.679
1780271302493,0.000,0.003,0.000,0.003,0.000,0.000,0.003,0.000,0.009,0.000,0.472,0.472,0.727
1780271302525,0.003,0.000,0.000,0.003,0.000,0.000,0.000,0.003,0.009,0.000,0.480,0.480,0.727
1780271302566,0.003,0.000,0.000,0.003,0.000,0.000,0.003,0.000,0.009,0.000,0.463,0.463,0.727
1780271302600,0.003,0.000,0.000,0.003,0.000,0.000,0.003,0.003,0.012,0.000,0.480,0.480,0.703
1780271302635,0.000,0.000,0.000,0.003,0.000,0.000,0.003,0.000,0.006,0.000,0.488,0.488,0.752
1780271302663,0.000,0.000,0.000,0.007,0.000,0.000,0.003,0.000,0.010,0.000,0.472,0.472,0.703
1780271302744,0.003,0.000,0.000,0.003,0.000,0.000,0.003,0.000,0.009,0.000,0.472,0.472,0.727
1780271302787,0.000,0.000,0.000,0.003,0.000,0.003,0.003,0.000,0.009,0.000,0.480,0.480,0.703
1780271302823,0.000,0.000,0.000,0.003,0.000,0.000,0.000,0.003,0.006,0.000,0.472,0.472,0.703
1780271302962,0.003,0.000,0.000,0.003,0.000,0.003,0.003,0.000,0.012,0.000,0.488,0.488,0.703
1780271303007,0.000,0.000,0.000,0.000,0.000,0.000,0.003,0.000,0.003,0.000,0.496,0.496,0.727
1780271303039,0.000,0.003,0.000,0.000,0.000,0.000,0.003,0.003,0.009,0.000,0.496,0.496,0.703
1780271303073,0.000,0.000,0.000,0.003,0.000,0.000,0.003,0.000,0.006,0.000,0.488,0.488,0.752
1780271303109,0.000,0.003,0.000,0.003,0.000,0.000,0.003,0.003,0.012,0.000,0.512,0.512,0.703
1780271303146,0.003,0.000,0.003,0.003,0.000,0.000,0.003,0.003,0.015,0.000,0.488,0.488,0.703
1780271303178,0.000,0.000,0.000,0.003,0.000,0.003,0.000,0.000,0.006,0.000,0.520,0.520,0.752
1780271303246,0.000,0.000,0.000,0.003,0.000,0.000,0.000,0.003,0.006,0.000,0.496,0.496,0.727
1780271303309,0.000,0.000,0.003,0.003,0.000,0.000,0.003,0.003,0.012,0.000,0.520,0.520,0.752
1780271303338,0.000,0.000,0.003,0.003,0.000,0.000,0.007,0.000,0.013,0.000,0.529,0.529,0.752
1780271303373,0.000,0.000,0.000,0.003,0.000,0.003,0.003,0.000,0.009,0.000,0.529,0.529,0.752
1780271303403,0.003,0.000,0.003,0.003,0.000,0.003,0.003,0.003,0.018,0.000,0.520,0.520,0.752
1780271303446,0.000,0.003,0.000,0.003,0.000,0.000,0.003,0.000,0.009,0.000,0.520,0.520,0.727
1780271303471,0.003,0.000,0.007,0.003,0.000,0.000,0.003,0.000,0.016,0.000,0.496,0.496,0.752
1780271303519,0.000,0.003,0.000,0.003,0.000,0.000,0.003,0.003,0.012,0.000,0.480,0.480,0.727
1780271303548,0.000,0.000,0.003,0.003,0.000,0.000,0.003,0.000,0.009,0.000,0.472,0.472,0.752
1780271303595,0.003,0.000,0.000,0.003,0.000,0.000,0.003,0.000,0.009,0.000,0.488,0.488,0.679
1780271303621,0.003,0.000,0.003,0.003,0.000,0.000,0.003,0.000,0.012,0.000,0.504,0.504,0.776
1780271303650,0.000,0.000,0.003,0.003,0.000,0.000,0.000,0.000,0.006,0.000,0.488,0.488,0.703
1780271303675,0.000,0.000,0.000,0.003,0.000,0.000,0.007,0.000,0.010,0.000,0.480,0.480,0.703
1780271303707,0.000,0.000,0.003,0.003,0.000,0.000,0.003,0.000,0.009,0.000,0.488,0.488,0.727
1780271303776,0.003,0.000,0.000,0.003,0.000,0.000,0.003,0.003,0.012,0.000,0.488,0.488,0.703
1780271303812,0.003,0.000,0.000,0.003,0.000,0.003,0.003,0.003,0.015,0.000,0.480,0.480,0.727
1780271303846,0.000,0.000,0.003,0.003,0.000,0.000,0.000,0.000,0.006,0.000,0.496,0.496,0.752
1780271303874,0.003,0.000,0.000,0.003,0.000,0.000,0.003,0.003,0.012,0.000,0.504,0.504,0.727
1780271303911,0.000,0.000,0.000,0.003,0.000,0.000,0.003,0.003,0.009,0.000,0.512,0.512,0.727
1780271303939,0.003,0.000,0.000,0.003,0.000,0.000,0.003,0.003,0.012,0.000,0.537,0.537,0.752
1780271303975,0.000,0.000,0.003,0.003,0.003,0.000,0.000,0.000,0.009,0.000,0.529,0.529,0.824
1780271304015,0.000,0.000,0.000,0.003,0.000,0.000,0.000,0.000,0.003,0.000,0.529,0.529,0.752
1780271304053,0.000,0.000,0.000,0.000,0.000,0.003,0.000,0.003,0.006,0.000,0.537,0.537,0.703
1780271304089,0.000,0.000,0.000,0.003,0.000,0.000,0.003,0.000,0.006,0.000,0.537,0.537,0.752
1780271304122,0.000,0.000,0.003,0.003,0.000,0.000,0.003,0.000,0.009,0.000,0.537,0.537,0.752
1780271304148,0.000,0.000,0.000,0.003,0.000,0.000,0.000,0.000,0.003,0.000,0.520,0.520,0.752
1780271304185,0.000,0.000,0.003,0.003,0.000,0.000,0.003,0.000,0.009,0.000,0.512,0.512,0.752
1780271304212,0.003,0.000,0.003,0.003,0.000,0.000,0.003,0.003,0.015,0.000,0.520,0.520,0.727
1780271304256,0.000,0.000,0.000,0.003,0.000,0.000,0.000,0.000,0.003,0.000,0.553,0.553,0.776
1780271304297,0.000,0.000,0.007,0.003,0.003,0.000,0.003,0.003,0.019,0.000,0.569,0.569,0.752
1780271304339,0.003,0.000,0.000,0.003,0.000,0.000,0.003,0.003,0.012,0.000,0.545,0.545,0.752
1780271304371,0.003,0.000,0.000,0.003,0.000,0.003,0.003,0.000,0.012,0.000,0.537,0.537,0.752
1780271304401,0.000,0.000,0.000,0.000,0.000,0.003,0.000,0.000,0.003,0.000,0.512,0.512,0.727
1780271304431,0.003,0.000,0.003,0.003,0.000,0.003,0.000,0.003,0.015,0.000,0.512,0.512,0.703
1780271304463,0.000,0.003,0.000,0.003,0.003,0.000,0.003,0.000,0.012,0.000,0.529,0.529,0.727
1780271304491,0.000,0.000,0.000,0.003,0.000,0.000,0.003,0.003,0.009,0.000,0.520,0.520,0.752
1780271304532,0.000,0.000,0.000,0.003,0.000,0.000,0.003,0.000,0.006,0.000,0.512,0.512,0.752
1780271304559,0.003,0.000,0.000,0.003,0.003,0.000,0.003,0.003,0.015,0.000,0.504,0.504,0.727
1780271304598,0.000,0.000,0.000,0.003,0.000,0.000,0.000,0.003,0.006,0.000,0.520,0.520,0.703
1780271304628,0.003,0.000,0.000,0.003,0.000,0.000,0.000,0.003,0.009,0.000,0.537,0.537,0.776
1780271304659,0.000,0.000,0.000,0.003,0.000,0.000,0.003,0.003,0.009,0.000,0.545,0.545,0.752
1780271304686,0.003,0.000,0.000,0.003,0.000,0.003,0.003,0.000,0.012,0.000,0.537,0.537,0.752
1780271304715,0.000,0.000,0.000,0.003,0.000,0.000,0.003,0.000,0.006,0.000,0.537,0.537,0.752
1780271304763,0.000,0.000,0.000,0.003,0.000,0.000,0.003,0.003,0.009,0.000,0.537,0.537,0.752
1780271304806,0.003,0.000,0.000,0.003,0.000,0.000,0.003,0.000,0.009,0.000,0.529,0.529,0.776
1780271304842,0.007,0.000,0.000,0.003,0.000,0.000,0.003,0.003,0.016,0.000,0.529,0.529,0.727
1780271304875,0.003,0.000,0.000,0.003,0.000,0.003,0.003,0.003,0.015,0.000,0.553,0.553,0.752
1780271304906,0.003,0.000,0.000,0.003,0.000,0.000,0.003,0.003,0.012,0.000,0.529,0.529,0.752
1780271304935,0.003,0.000,0.007,0.003,0.000,0.000,0.003,0.003,0.019,0.000,0.520,0.520,0.776
1780271304965,0.003,0.000,0.000,0.003,0.000,0.000,0.003,0.000,0.009,0.000,0.553,0.553,0.776
1780271304997,0.003,0.000,0.000,0.003,0.000,0.003,0.000,0.000,0.009,0.000,0.569,0.569,0.752
1780271305040,0.003,0.000,0.003,0.003,0.000,0.003,0.003,0.003,0.018,0.000,0.553,0.553,0.752
1780271305072,0.000,0.000,0.000,0.003,0.000,0.000,0.000,0.000,0.003,0.000,0.553,0.553,0.752
1780271305107,0.007,0.000,0.000,0.000,0.000,0.000,0.007,0.003,0.017,0.000,0.553,0.553,0.776
1780271305140,0.000,0.000,0.000,0.003,0.000,0.003,0.000,0.000,0.006,0.000,0.569,0.569,0.776
1780271305169,0.000,0.000,0.000,0.003,0.000,0.003,0.000,0.000,0.006,0.000,0.569,0.569,0.776
1780271305199,0.003,0.000,0.000,0.003,0.000,0.000,0.003,0.003,0.012,0.000,0.553,0.553,0.824
1780271305228,0.003,0.000,0.000,0.003,0.000,0.000,0.003,0.000,0.009,0.000,0.561,0.561,0.776
1780271305274,0.003,0.000,0.000,0.003,0.003,0.003,0.000,0.000,0.012,0.000,0.553,0.553,0.752
1780271305327,0.003,0.000,0.000,0.003,0.000,0.000,0.000,0.000,0.006,0.000,0.545,0.545,0.776
1780271305367,0.000,0.000,0.000,0.000,0.000,0.000,0.003,0.000,0.003,0.000,0.561,0.561,0.752
1780271305396,0.003,0.000,0.000,0.000,0.000,0.000,0.003,0.000,0.006,0.000,0.537,0.537,0.776
1780271305423,0.003,0.000,0.000,0.003,0.000,0.000,0.003,0.000,0.009,0.000,0.520,0.520,0.776
1780271305453,0.000,0.003,0.000,0.003,0.000,0.003,0.003,0.000,0.012,0.000,0.520,0.520,0.727
1780271305477,0.003,0.000,0.000,0.003,0.000,0.000,0.003,0.003,0.012,0.000,0.512,0.512,0.703
1780271305509,0.000,0.000,0.000,0.003,0.000,0.000,0.003,0.000,0.006,0.000,0.488,0.488,0.703
1780271305551,0.000,0.003,0.000,0.003,0.000,0.000,0.003,0.000,0.009,0.000,0.480,0.480,0.752
1780271305585,0.000,0.000,0.003,0.003,0.000,0.000,0.003,0.000,0.009,0.000,0.480,0.480,0.703
1780271305627,0.000,0.000,0.000,0.003,0.000,0.003,0.003,0.000,0.009,0.000,0.496,0.496,0.727
1780271305658,0.000,0.000,0.000,0.003,0.000,0.000,0.003,0.000,0.006,0.000,0.496,0.496,0.727
1780271305684,0.000,0.003,0.000,0.007,0.000,0.000,0.003,0.000,0.013,0.000,0.496,0.496,0.727
1780271305718,0.000,0.000,0.000,0.000,0.000,0.000,0.000,0.000,0.000,0.000,0.488,0.488,0.752
1780271305750,0.003,0.000,0.000,0.003,0.000,0.000,0.003,0.003,0.012,0.000,0.504,0.504,0.703
1780271305795,0.003,0.000,0.000,0.003,0.000,0.000,0.003,0.003,0.012,0.000,0.496,0.496,0.752
1780271305840,0.000,0.000,0.000,0.003,0.000,0.000,0.003,0.000,0.006,0.000,0.488,0.488,0.727
1780271305885,0.000,0.000,0.003,0.003,0.003,0.003,0.003,0.003,0.018,0.000,0.504,0.504,0.727
1780271305912,0.000,0.000,0.003,0.003,0.000,0.000,0.003,0.000,0.009,0.000,0.488,0.488,0.727
1780271305946,0.003,0.000,0.000,0.003,0.000,0.003,0.000,0.000,0.009,0.000,0.496,0.496,0.727
1780271305975,0.003,0.000,0.000,0.003,0.000,0.000,0.003,0.000,0.009,0.000,0.480,0.480,0.703
1780271306011,0.000,0.000,0.000,0.003,0.000,0.000,0.003,0.000,0.006,0.000,0.480,0.480,0.679
1780271306048,0.000,0.000,0.000,0.003,0.000,0.000,0.003,0.000,0.006,0.000,0.488,0.488,0.727
1780271306086,0.003,0.000,0.000,0.003,0.000,0.000,0.003,0.000,0.009,0.000,0.488,0.488,0.727
1780271306128,0.003,0.000,0.000,0.003,0.000,0.000,0.000,0.000,0.006,0.000,0.504,0.504,0.727
1780271306163,0.000,0.000,0.000,0.003,0.000,0.000,0.000,0.000,0.003,0.000,0.504,0.504,0.727
1780271306189,0.000,0.003,0.000,0.007,0.000,0.000,0.000,0.000,0.010,0.000,0.488,0.488,0.703
1780271306223,0.000,0.000,0.000,0.000,0.000,0.000,0.003,0.000,0.003,0.000,0.488,0.488,0.727
1780271306257,0.000,0.000,0.000,0.003,0.000,0.000,0.003,0.000,0.006,0.000,0.488,0.488,0.703
1780271306308,0.000,0.000,0.000,0.000,0.000,0.000,0.000,0.003,0.003,0.000,0.480,0.480,0.752
1780271306369,0.003,0.000,0.000,0.003,0.000,0.000,0.003,0.003,0.012,0.000,0.488,0.488,0.727
1780271306428,0.000,0.003,0.000,0.003,0.000,0.000,0.003,0.000,0.009,0.000,0.488,0.488,0.727
1780271306456,0.000,0.000,0.000,0.003,0.000,0.000,0.000,0.000,0.003,0.000,0.488,0.488,0.703
1780271306492,0.003,0.000,0.000,0.003,0.000,0.000,0.000,0.000,0.006,0.000,0.480,0.480,0.703
1780271306519,0.000,0.003,0.000,0.003,0.000,0.000,0.003,0.000,0.009,0.000,0.480,0.480,0.752
1780271306571,0.000,0.003,0.000,0.003,0.000,0.000,0.003,0.000,0.009,0.000,0.520,0.520,0.727
1780271306596,0.000,0.000,0.000,0.003,0.000,0.000,0.000,0.000,0.003,0.000,0.520,0.520,0.703
1780271306628,0.003,0.000,0.000,0.003,0.000,0.000,0.003,0.000,0.009,0.000,0.488,0.488,0.727
1780271306655,0.000,0.000,0.000,0.003,0.000,0.000,0.007,0.000,0.010,0.000,0.512,0.512,0.703
1780271306688,0.000,0.000,0.000,0.003,0.000,0.003,0.003,0.000,0.009,0.000,0.504,0.504,0.752
1780271306725,0.000,0.003,0.000,0.003,0.000,0.000,0.003,0.000,0.009,0.000,0.504,0.504,0.727
1780271306759,0.000,0.000,0.000,0.003,0.000,0.000,0.003,0.000,0.006,0.000,0.488,0.488,0.752
1780271306785,0.000,0.000,0.000,0.003,0.000,0.000,0.000,0.003,0.006,0.000,0.480,0.480,0.703
1780271306840,0.000,0.000,0.003,0.003,0.000,0.000,0.003,0.000,0.009,0.000,0.488,0.488,0.727
1780271306904,0.000,0.000,0.000,0.003,0.000,0.000,0.000,0.000,0.003,0.000,0.512,0.512,0.727
1780271306956,0.000,0.000,0.003,0.003,0.003,0.000,0.003,0.003,0.015,0.000,0.480,0.480,0.727
1780271306984,0.000,0.003,0.000,0.003,0.000,0.000,0.003,0.000,0.009,0.000,0.488,0.488,0.703
1780271307022,0.000,0.000,0.003,0.003,0.000,0.000,0.003,0.003,0.012,0.000,0.504,0.504,0.727
1780271307083,0.000,0.000,0.000,0.000,0.000,0.000,0.003,0.000,0.003,0.000,0.496,0.496,0.703
1780271307111,0.003,0.000,0.000,0.003,0.003,0.000,0.003,0.000,0.012,0.000,0.488,0.488,0.727
1780271307162,0.003,0.000,0.000,0.003,0.000,0.000,0.003,0.003,0.012,0.000,0.496,0.496,0.727
1780271307199,0.003,0.000,0.000,0.000,0.000,0.000,0.007,0.000,0.010,0.000,0.480,0.480,0.703
1780271307233,0.000,0.000,0.000,0.003,0.000,0.000,0.000,0.003,0.006,0.000,0.480,0.480,0.703
1780271307262,0.000,0.000,0.000,0.003,0.000,0.000,0.003,0.000,0.006,0.000,0.480,0.480,0.703
1780271307299,0.000,0.000,0.007,0.003,0.000,0.000,0.003,0.000,0.013,0.000,0.480,0.480,0.703
1780271307359,0.000,0.000,0.000,0.003,0.003,0.000,0.000,0.000,0.006,0.000,0.480,0.480,0.727
1780271307420,0.003,0.000,0.000,0.003,0.000,0.000,0.003,0.000,0.009,0.000,0.496,0.496,0.703
1780271307472,0.000,0.000,0.000,0.003,0.000,0.000,0.003,0.000,0.006,0.000,0.480,0.480,0.727
1780271307509,0.003,0.000,0.000,0.003,0.000,0.000,0.003,0.000,0.009,0.000,0.488,0.488,0.703
1780271307550,0.003,0.000,0.000,0.003,0.000,0.000,0.003,0.000,0.009,0.000,0.472,0.472,0.703
1780271307600,0.000,0.000,0.000,0.003,0.000,0.000,0.000,0.003,0.006,0.000,0.472,0.472,0.727
1780271307630,0.000,0.000,0.000,0.007,0.000,0.003,0.003,0.000,0.013,0.000,0.472,0.472,0.727
1780271307676,0.003,0.000,0.000,0.003,0.000,0.003,0.003,0.000,0.012,0.000,0.496,0.496,0.727
1780271307703,0.000,0.003,0.000,0.003,0.000,0.000,0.003,0.000,0.009,0.000,0.480,0.480,0.727
1780271307736,0.000,0.000,0.000,0.000,0.000,0.000,0.003,0.000,0.003,0.000,0.496,0.496,0.727
1780271307763,0.000,0.000,0.000,0.003,0.000,0.003,0.003,0.000,0.009,0.000,0.480,0.480,0.703
1780271307804,0.000,0.000,0.003,0.003,0.000,0.000,0.003,0.003,0.012,0.000,0.480,0.480,0.703
1780271307856,0.003,0.000,0.000,0.003,0.000,0.000,0.003,0.000,0.009,0.000,0.472,0.472,0.703
1780271307885,0.000,0.000,0.000,0.003,0.000,0.000,0.003,0.003,0.009,0.000,0.488,0.488,0.727
1780271307948,0.000,0.000,0.003,0.000,0.000,0.000,0.003,0.000,0.006,0.000,0.496,0.496,0.752
1780271307985,0.000,0.003,0.000,0.003,0.000,0.000,0.007,0.000,0.013,0.000,0.480,0.480,0.703
1780271308016,0.003,0.000,0.000,0.003,0.000,0.000,0.007,0.000,0.013,0.000,0.488,0.488,0.727
1780271308043,0.003,0.000,0.000,0.003,0.003,0.000,0.003,0.007,0.019,0.000,0.488,0.488,0.727
1780271308078,0.000,0.000,0.000,0.003,0.000,0.000,0.003,0.000,0.006,0.000,0.480,0.480,0.727
1780271308132,0.000,0.000,0.000,0.003,0.000,0.000,0.003,0.003,0.009,0.000,0.488,0.488,0.727
1780271308174,0.003,0.000,0.000,0.003,0.000,0.000,0.003,0.003,0.012,0.000,0.520,0.520,0.752
1780271308201,0.007,0.000,0.003,0.003,0.000,0.000,0.007,0.000,0.020,0.000,0.504,0.504,0.703
1780271308231,0.003,0.000,0.003,0.003,0.000,0.000,0.003,0.000,0.012,0.000,0.512,0.512,0.703
1780271308258,0.000,0.000,0.000,0.003,0.003,0.000,0.003,0.000,0.009,0.000,0.496,0.496,0.752
1780271308295,0.000,0.000,0.000,0.003,0.000,0.000,0.003,0.003,0.009,0.000,0.504,0.504,0.703
1780271308329,0.000,0.000,0.000,0.007,0.000,0.000,0.003,0.003,0.013,0.000,0.480,0.480,0.727
1780271308383,0.000,0.000,0.000,0.000,0.000,0.000,0.007,0.000,0.007,0.000,0.480,0.480,0.703
1780271308411,0.003,0.000,0.000,0.003,0.000,0.000,0.003,0.000,0.009,0.000,0.520,0.520,0.703
1780271308459,0.000,0.000,0.000,0.003,0.000,0.000,0.003,0.000,0.006,0.000,0.488,0.488,0.727
1780271308496,0.000,0.000,0.000,0.003,0.000,0.000,0.003,0.003,0.009,0.000,0.480,0.480,0.727
1780271308537,0.003,0.000,0.000,0.003,0.000,0.000,0.003,0.007,0.016,0.000,0.480,0.480,0.703
1780271308562,0.003,0.000,0.000,0.003,0.003,0.000,0.000,0.000,0.009,0.000,0.480,0.480,0.703
1780271308597,0.003,0.000,0.000,0.003,0.000,0.000,0.000,0.000,0.006,0.000,0.488,0.488,0.727
1780271308635,0.000,0.000,0.000,0.003,0.000,0.000,0.003,0.000,0.006,0.000,0.488,0.488,0.703
1780271308684,0.000,0.000,0.000,0.003,0.000,0.000,0.000,0.003,0.006,0.000,0.504,0.504,0.727
1780271308711,0.003,0.000,0.000,0.003,0.003,0.003,0.003,0.000,0.015,0.000,0.496,0.496,0.727
1780271308743,0.003,0.000,0.003,0.003,0.000,0.003,0.003,0.000,0.015,0.000,0.488,0.488,0.727
1780271308769,0.000,0.000,0.000,0.003,0.003,0.000,0.003,0.000,0.009,0.000,0.480,0.480,0.727
1780271308803,0.000,0.000,0.000,0.003,0.000,0.000,0.000,0.003,0.006,0.000,0.488,0.488,0.703
1780271308836,0.000,0.000,0.000,0.000,0.000,0.000,0.003,0.000,0.003,0.000,0.480,0.480,0.727
1780271308897,0.003,0.003,0.000,0.003,0.000,0.000,0.003,0.000,0.012,0.000,0.488,0.488,0.727
1780271308929,0.000,0.000,0.000,0.003,0.000,0.003,0.003,0.000,0.009,0.000,0.488,0.488,0.703
1780271308988,0.000,0.000,0.000,0.003,0.000,0.000,0.003,0.003,0.009,0.000,0.488,0.488,0.703
1780271309026,0.003,0.000,0.000,0.003,0.000,0.000,0.003,0.000,0.009,0.000,0.480,0.480,0.703
1780271309060,0.003,0.003,0.000,0.003,0.000,0.000,0.003,0.003,0.015,0.000,0.480,0.480,0.727
1780271309086,0.000,0.000,0.000,0.003,0.000,0.000,0.003,0.000,0.006,0.000,0.480,0.480,0.727
1780271309123,0.000,0.003,0.000,0.003,0.000,0.000,0.003,0.000,0.009,0.000,0.488,0.488,0.727
1780271309181,0.000,0.000,0.000,0.003,0.000,0.000,0.003,0.000,0.006,0.000,0.496,0.496,0.752
1780271309209,0.000,0.000,0.000,0.003,0.000,0.003,0.003,0.003,0.012,0.000,0.488,0.488,0.727
1780271309244,0.003,0.000,0.000,0.000,0.000,0.003,0.003,0.000,0.009,0.000,0.496,0.496,0.727
1780271309279,0.003,0.000,0.000,0.003,0.000,0.000,0.003,0.000,0.009,0.000,0.496,0.496,0.727
1780271309312,0.000,0.000,0.000,0.003,0.000,0.000,0.003,0.000,0.006,0.000,0.480,0.480,0.727
1780271309339,0.000,0.000,0.000,0.003,0.000,0.000,0.000,0.000,0.003,0.000,0.472,0.472,0.703
1780271309374,0.003,0.000,0.000,0.003,0.000,0.000,0.003,0.000,0.009,0.000,0.496,0.496,0.703
1780271309435,0.003,0.000,0.000,0.003,0.000,0.003,0.003,0.007,0.019,0.000,0.496,0.496,0.727
1780271309475,0.000,0.000,0.000,0.003,0.000,0.000,0.003,0.003,0.009,0.000,0.488,0.488,0.727
1780271309511,0.000,0.000,0.000,0.003,0.000,0.000,0.003,0.000,0.006,0.000,0.488,0.488,0.727
1780271309548,0.003,0.000,0.000,0.003,0.000,0.000,0.003,0.003,0.012,0.000,0.480,0.480,0.703
1780271309585,0.003,0.000,0.000,0.003,0.000,0.000,0.003,0.003,0.012,0.000,0.472,0.472,0.703
1780271309613,0.003,0.000,0.000,0.003,0.003,0.000,0.003,0.003,0.015,0.000,0.488,0.488,0.727
1780271309655,0.000,0.003,0.000,0.003,0.000,0.000,0.000,0.003,0.009,0.000,0.488,0.488,0.703
1780271309714,0.003,0.000,0.000,0.003,0.000,0.003,0.000,0.000,0.009,0.000,0.529,0.529,0.727
1780271309738,0.003,0.000,0.000,0.003,0.000,0.000,0.000,0.000,0.006,0.000,0.512,0.512,0.752
1780271309767,0.000,0.000,0.000,0.003,0.000,0.000,0.003,0.000,0.006,0.000,0.520,0.520,0.727
1780271309793,0.003,0.000,0.000,0.003,0.000,0.000,0.003,0.000,0.009,0.000,0.512,0.512,0.752
1780271309835,0.000,0.000,0.000,0.003,0.000,0.000,0.003,0.003,0.009,0.000,0.520,0.520,0.727
1780271309868,0.003,0.000,0.000,0.003,0.000,0.003,0.003,0.000,0.012,0.000,0.520,0.520,0.752
1780271309902,0.000,0.000,0.000,0.003,0.000,0.000,0.003,0.000,0.006,0.000,0.520,0.520,0.727
1780271309954,0.000,0.000,0.000,0.003,0.000,0.000,0.003,0.000,0.006,0.000,0.545,0.545,0.752
1780271310011,0.007,0.000,0.000,0.003,0.000,0.003,0.003,0.003,0.019,0.000,0.520,0.520,0.752
1780271310048,0.000,0.000,0.000,0.003,0.000,0.003,0.003,0.000,0.009,0.000,0.520,0.520,0.727
1780271310078,0.003,0.000,0.000,0.003,0.000,0.003,0.000,0.000,0.009,0.000,0.545,0.545,0.752
1780271310107,0.003,0.000,0.003,0.003,0.000,0.000,0.007,0.003,0.019,0.000,0.529,0.529,0.752
1780271310143,0.000,0.000,0.000,0.000,0.000,0.000,0.000,0.003,0.003,0.000,0.496,0.496,0.703
1780271310173,0.003,0.000,0.000,0.003,0.000,0.000,0.003,0.000,0.009,0.000,0.529,0.529,0.727
1780271310219,0.000,0.003,0.000,0.000,0.000,0.000,0.003,0.000,0.006,0.000,0.496,0.496,0.727
1780271310245,0.000,0.000,0.000,0.003,0.003,0.000,0.003,0.000,0.009,0.000,0.496,0.496,0.703
1780271310284,0.000,0.000,0.000,0.003,0.000,0.000,0.003,0.000,0.006,0.000,0.480,0.480,0.727
1780271310313,0.000,0.003,0.000,0.003,0.000,0.000,0.003,0.000,0.009,0.000,0.480,0.480,0.727
1780271310343,0.003,0.000,0.000,0.003,0.000,0.000,0.003,0.000,0.009,0.000,0.496,0.496,0.727
1780271310378,0.003,0.000,0.000,0.000,0.000,0.000,0.003,0.003,0.009,0.000,0.480,0.480,0.703
1780271310427,0.000,0.000,0.000,0.003,0.000,0.000,0.000,0.003,0.006,0.000,0.504,0.504,0.703
1780271310474,0.000,0.003,0.000,0.003,0.000,0.000,0.000,0.000,0.006,0.000,0.496,0.496,0.727
1780271310513,0.003,0.003,0.000,0.003,0.000,0.000,0.000,0.000,0.009,0.000,0.504,0.504,0.727
1780271310562,0.000,0.000,0.003,0.003,0.000,0.000,0.000,0.003,0.009,0.000,0.496,0.496,0.703
1780271310587,0.000,0.000,0.000,0.003,0.000,0.003,0.003,0.000,0.009,0.000,0.480,0.480,0.727
1780271310620,0.003,0.000,0.000,0.003,0.000,0.000,0.003,0.000,0.009,0.000,0.480,0.480,0.703
1780271310648,0.003,0.000,0.003,0.003,0.000,0.000,0.003,0.000,0.012,0.000,0.488,0.488,0.703
1780271310682,0.003,0.000,0.000,0.003,0.000,0.000,0.000,0.003,0.009,0.000,0.496,0.496,0.703
1780271310740,0.000,0.000,0.000,0.003,0.000,0.003,0.003,0.003,0.012,0.000,0.488,0.488,0.727
1780271310765,0.003,0.000,0.000,0.003,0.000,0.000,0.003,0.003,0.012,0.000,0.488,0.488,0.727
1780271310796,0.003,0.000,0.000,0.003,0.000,0.000,0.003,0.000,0.009,0.000,0.480,0.480,0.703
1780271310825,0.000,0.000,0.000,0.003,0.000,0.000,0.000,0.000,0.003,0.000,0.496,0.496,0.727
1780271310856,0.000,0.000,0.000,0.007,0.000,0.000,0.003,0.003,0.013,0.000,0.480,0.480,0.727
1780271310898,0.000,0.000,0.000,0.003,0.003,0.000,0.003,0.003,0.012,0.000,0.472,0.472,0.727
1780271310936,0.003,0.000,0.000,0.003,0.000,0.000,0.003,0.003,0.012,0.000,0.496,0.496,0.703
1780271310994,0.003,0.000,0.003,0.003,0.000,0.000,0.003,0.000,0.012,0.000,0.480,0.480,0.727
1780271311056,0.000,0.003,0.000,0.003,0.000,0.000,0.000,0.000,0.006,0.000,0.488,0.488,0.727
1780271311095,0.003,0.000,0.000,0.007,0.000,0.000,0.007,0.000,0.017,0.000,0.488,0.488,0.727
1780271311129,0.010,0.000,0.000,0.003,0.000,0.003,0.003,0.000,0.019,0.000,0.496,0.496,0.703
1780271311167,0.000,0.003,0.000,0.003,0.000,0.000,0.003,0.000,0.009,0.000,0.480,0.480,0.727
1780271311221,0.003,0.000,0.000,0.003,0.000,0.000,0.003,0.003,0.012,0.000,0.520,0.520,0.752
1780271311259,0.000,0.000,0.003,0.003,0.000,0.000,0.003,0.003,0.012,0.000,0.504,0.504,0.727
1780271311293,0.000,0.000,0.000,0.000,0.000,0.000,0.003,0.003,0.006,0.000,0.504,0.504,0.727
1780271311320,0.000,0.003,0.000,0.003,0.000,0.000,0.003,0.000,0.009,0.000,0.504,0.504,0.752
1780271311365,0.003,0.000,0.000,0.003,0.000,0.003,0.003,0.000,0.012,0.000,0.488,0.488,0.703
1780271311392,0.003,0.000,0.000,0.003,0.000,0.000,0.003,0.003,0.012,0.000,0.496,0.496,0.727
1780271311427,0.007,0.000,0.000,0.003,0.003,0.000,0.003,0.000,0.016,0.000,0.480,0.480,0.703
1780271311456,0.003,0.000,0.000,0.003,0.000,0.000,0.003,0.000,0.009,0.000,0.496,0.496,0.727
1780271311516,0.000,0.000,0.000,0.003,0.003,0.000,0.003,0.000,0.009,0.000,0.488,0.488,0.727
1780271311563,0.000,0.000,0.003,0.000,0.000,0.000,0.000,0.000,0.003,0.000,0.480,0.480,0.703
1780271311612,0.003,0.000,0.003,0.003,0.000,0.003,0.003,0.003,0.018,0.000,0.472,0.472,0.727
1780271311659,0.000,0.000,0.000,0.003,0.000,0.000,0.000,0.000,0.003,0.000,0.480,0.480,0.727
1780271311697,0.000,0.000,0.000,0.003,0.000,0.000,0.003,0.000,0.006,0.000,0.504,0.504,0.727
1780271311732,0.003,0.000,0.000,0.003,0.000,0.000,0.003,0.000,0.009,0.000,0.488,0.488,0.703
1780271311791,0.003,0.000,0.000,0.000,0.000,0.000,0.000,0.003,0.006,0.000,0.472,0.472,0.727
1780271311818,0.003,0.003,0.003,0.003,0.000,0.000,0.000,0.000,0.012,0.000,0.480,0.480,0.703
1780271311848,0.003,0.003,0.000,0.003,0.000,0.000,0.003,0.000,0.012,0.000,0.488,0.488,0.727
1780271311880,0.000,0.000,0.000,0.003,0.000,0.000,0.003,0.000,0.006,0.000,0.496,0.496,0.703
1780271311919,0.000,0.000,0.000,0.007,0.000,0.000,0.007,0.000,0.014,0.000,0.488,0.488,0.727
1780271311951,0.000,0.000,0.003,0.003,0.000,0.000,0.007,0.003,0.016,0.000,0.504,0.504,0.727
1780271311982,0.000,0.000,0.000,0.003,0.000,0.000,0.003,0.003,0.009,0.000,0.488,0.488,0.727
1780271312033,0.003,0.000,0.000,0.003,0.003,0.000,0.007,0.000,0.016,0.000,0.480,0.480,0.727
1780271312089,0.003,0.000,0.000,0.003,0.000,0.000,0.003,0.000,0.009,0.000,0.480,0.480,0.703
1780271312124,0.007,0.000,0.000,0.003,0.000,0.000,0.000,0.000,0.010,0.000,0.480,0.480,0.727
1780271312162,0.000,0.003,0.000,0.003,0.000,0.000,0.007,0.003,0.016,0.000,0.480,0.480,0.727
1780271312191,0.003,0.000,0.000,0.003,0.000,0.000,0.000,0.000,0.006,0.000,0.463,0.463,0.727
1780271312239,0.003,0.000,0.000,0.003,0.000,0.000,0.000,0.003,0.009,0.000,0.488,0.488,0.727
1780271312293,0.000,0.000,0.000,0.003,0.000,0.000,0.007,0.003,0.013,0.000,0.504,0.504,0.703
1780271312322,0.000,0.000,0.000,0.003,0.000,0.003,0.003,0.000,0.009,0.000,0.480,0.480,0.727
1780271312358,0.003,0.000,0.000,0.003,0.000,0.003,0.007,0.000,0.016,0.000,0.488,0.488,0.727
1780271312394,0.007,0.000,0.003,0.003,0.000,0.003,0.003,0.000,0.019,0.000,0.480,0.480,0.727
1780271312429,0.000,0.003,0.000,0.003,0.000,0.000,0.000,0.000,0.006,0.000,0.480,0.480,0.752
1780271312461,0.003,0.000,0.000,0.003,0.000,0.000,0.003,0.003,0.012,0.000,0.504,0.504,0.727
1780271312500,0.000,0.000,0.000,0.003,0.000,0.000,0.003,0.000,0.006,0.000,0.472,0.472,0.703
1780271312559,0.003,0.000,0.003,0.003,0.000,0.000,0.003,0.003,0.015,0.000,0.504,0.504,0.703
1780271312605,0.000,0.000,0.000,0.003,0.000,0.000,0.007,0.000,0.010,0.000,0.504,0.504,0.727
1780271312653,0.000,0.000,0.000,0.003,0.000,0.000,0.003,0.000,0.006,0.000,0.480,0.480,0.727
1780271312713,0.000,0.000,0.003,0.003,0.000,0.000,0.003,0.003,0.012,0.000,0.504,0.504,0.727
1780271312746,0.003,0.003,0.003,0.003,0.000,0.003,0.003,0.000,0.018,0.000,0.512,0.512,0.752
1780271312788,0.000,0.003,0.000,0.003,0.000,0.000,0.003,0.000,0.009,0.000,0.496,0.496,0.703
1780271312814,0.003,0.000,0.003,0.000,0.000,0.000,0.007,0.000,0.013,0.000,0.512,0.512,0.703
1780271312848,0.003,0.000,0.000,0.003,0.000,0.000,0.000,0.003,0.009,0.000,0.496,0.496,0.752
1780271312872,0.003,0.000,0.003,0.003,0.000,0.003,0.003,0.000,0.015,0.000,0.488,0.488,0.727
1780271312903,0.000,0.000,0.000,0.000,0.000,0.000,0.003,0.000,0.003,0.000,0.496,0.496,0.703
1780271312927,0.003,0.000,0.003,0.003,0.000,0.000,0.003,0.003,0.015,0.000,0.488,0.488,0.727
1780271312961,0.000,0.000,0.003,0.003,0.000,0.000,0.003,0.000,0.009,0.000,0.520,0.520,0.727
1780271312991,0.000,0.000,0.000,0.003,0.000,0.000,0.003,0.000,0.006,0.000,0.496,0.496,0.703
1780271313021,0.003,0.000,0.003,0.003,0.000,0.000,0.003,0.000,0.012,0.000,0.496,0.496,0.752
1780271313063,0.000,0.003,0.000,0.003,0.000,0.000,0.003,0.003,0.012,0.000,0.488,0.488,0.727
1780271313108,0.000,0.000,0.010,0.003,0.003,0.003,0.003,0.000,0.022,0.000,0.496,0.496,0.752
1780271313150,0.000,0.003,0.000,0.003,0.000,0.000,0.007,0.000,0.013,0.000,0.480,0.480,0.727
1780271313184,0.000,0.000,0.000,0.003,0.000,0.000,0.003,0.000,0.006,0.000,0.480,0.480,0.703
1780271313216,0.003,0.000,0.000,0.003,0.000,0.000,0.003,0.000,0.009,0.000,0.512,0.512,0.727
1780271313248,0.003,0.000,0.000,0.003,0.000,0.003,0.003,0.000,0.012,0.000,0.480,0.480,0.752
1780271313307,0.000,0.000,0.000,0.003,0.000,0.000,0.000,0.003,0.006,0.000,0.488,0.488,0.727
1780271313337,0.000,0.000,0.003,0.003,0.003,0.000,0.003,0.000,0.012,0.000,0.472,0.472,0.703
1780271313371,0.000,0.000,0.000,0.000,0.000,0.000,0.003,0.000,0.003,0.000,0.480,0.480,0.727
1780271313401,0.000,0.000,0.000,0.000,0.000,0.003,0.003,0.000,0.006,0.000,0.488,0.488,0.727
1780271313445,0.003,0.000,0.000,0.000,0.000,0.000,0.000,0.003,0.006,0.000,0.496,0.496,0.703
1780271313478,0.000,0.000,0.003,0.003,0.000,0.000,0.003,0.003,0.012,0.000,0.496,0.496,0.727
1780271313507,0.000,0.000,0.000,0.003,0.000,0.000,0.003,0.000,0.006,0.000,0.504,0.504,0.727
1780271313533,0.003,0.000,0.000,0.003,0.000,0.000,0.003,0.000,0.009,0.000,0.504,0.504,0.727
1780271313582,0.000,0.000,0.003,0.003,0.003,0.000,0.003,0.000,0.012,0.000,0.496,0.496,0.703
1780271313625,0.000,0.000,0.000,0.003,0.000,0.000,0.003,0.000,0.006,0.000,0.488,0.488,0.703
1780271313672,0.003,0.000,0.000,0.003,0.000,0.000,0.003,0.000,0.009,0.000,0.480,0.480,0.703
1780271313708,0.000,0.000,0.000,0.003,0.000,0.000,0.003,0.003,0.009,0.000,0.496,0.496,0.727
1780271313740,0.003,0.000,0.000,0.003,0.003,0.000,0.003,0.000,0.012,0.000,0.488,0.488,0.752
1780271313768,0.007,0.000,0.000,0.003,0.000,0.000,0.003,0.000,0.013,0.000,0.488,0.488,0.727
1780271313822,0.000,0.000,0.000,0.003,0.000,0.003,0.000,0.003,0.009,0.000,0.472,0.472,0.703
1780271313855,0.003,0.000,0.000,0.003,0.000,0.000,0.003,0.003,0.012,0.000,0.472,0.472,0.727
1780271313889,0.000,0.000,0.000,0.003,0.000,0.000,0.003,0.000,0.006,0.000,0.480,0.480,0.727
1780271313917,0.000,0.003,0.000,0.003,0.000,0.000,0.000,0.003,0.009,0.000,0.480,0.480,0.727
1780271313958,0.007,0.000,0.000,0.003,0.000,0.000,0.003,0.000,0.013,0.000,0.480,0.480,0.727
1780271313994,0.003,0.000,0.003,0.003,0.003,0.000,0.007,0.000,0.019,0.000,0.496,0.496,0.727
1780271314025,0.003,0.000,0.000,0.003,0.003,0.000,0.003,0.000,0.012,0.000,0.496,0.496,0.727
1780271314050,0.003,0.003,0.000,0.003,0.000,0.000,0.003,0.000,0.012,0.000,0.488,0.488,0.703
1780271314098,0.000,0.000,0.000,0.003,0.000,0.000,0.003,0.000,0.006,0.000,0.496,0.496,0.679
1780271314154,0.000,0.000,0.003,0.003,0.000,0.000,0.003,0.000,0.009,0.000,0.480,0.480,0.703
1780271314204,0.000,0.000,0.000,0.000,0.000,0.000,0.003,0.000,0.003,0.000,0.512,0.512,0.703
1780271314229,0.000,0.000,0.000,0.003,0.003,0.000,0.003,0.003,0.012,0.000,0.529,0.529,0.752
1780271314261,0.000,0.000,0.003,0.003,0.000,0.000,0.003,0.000,0.009,0.000,0.512,0.512,0.752
1780271314287,0.000,0.000,0.000,0.003,0.000,0.000,0.000,0.003,0.006,0.000,0.512,0.512,0.727
1780271314335,0.003,0.000,0.000,0.003,0.000,0.003,0.003,0.000,0.012,0.000,0.488,0.488,0.703
1780271314362,0.000,0.000,0.003,0.003,0.000,0.000,0.007,0.000,0.013,0.000,0.488,0.488,0.703
1780271314396,0.000,0.000,0.003,0.003,0.000,0.000,0.000,0.000,0.006,0.000,0.496,0.496,0.727
1780271314427,0.000,0.003,0.000,0.003,0.000,0.000,0.000,0.003,0.009,0.000,0.488,0.488,0.727
1780271314466,0.000,0.000,0.000,0.003,0.000,0.000,0.003,0.003,0.009,0.000,0.496,0.496,0.679
1780271314492,0.003,0.000,0.003,0.000,0.000,0.000,0.000,0.003,0.009,0.000,0.504,0.504,0.727
1780271314526,0.000,0.000,0.000,0.003,0.000,0.000,0.003,0.003,0.009,0.000,0.488,0.488,0.727
1780271314555,0.000,0.000,0.000,0.003,0.000,0.000,0.003,0.000,0.006,0.000,0.480,0.480,0.727
1780271314605,0.003,0.000,0.003,0.003,0.000,0.003,0.007,0.000,0.019,0.000,0.480,0.480,0.703
1780271314652,0.003,0.000,0.000,0.003,0.000,0.003,0.000,0.000,0.009,0.000,0.480,0.480,0.679
1780271314703,0.003,0.000,0.000,0.000,0.000,0.000,0.003,0.000,0.006,0.000,0.488,0.488,0.727
1780271314734,0.007,0.000,0.003,0.003,0.000,0.000,0.000,0.000,0.013,0.000,0.512,0.512,0.752
1780271314769,0.003,0.000,0.000,0.000,0.000,0.003,0.003,0.000,0.009,0.000,0.496,0.496,0.727
1780271314805,0.000,0.003,0.000,0.003,0.000,0.000,0.000,0.000,0.006,0.000,0.488,0.488,0.727
1780271314875,0.000,0.000,0.000,0.000,0.000,0.000,0.003,0.000,0.003,0.000,0.488,0.488,0.727
1780271314903,0.003,0.000,0.000,0.003,0.000,0.000,0.000,0.003,0.009,0.000,0.488,0.488,0.752
1780271314945,0.000,0.000,0.000,0.003,0.000,0.000,0.003,0.003,0.009,0.000,0.488,0.488,0.703
1780271314980,0.003,0.003,0.000,0.007,0.000,0.000,0.003,0.003,0.019,0.000,0.504,0.504,0.703
1780271315016,0.000,0.003,0.000,0.003,0.000,0.000,0.003,0.003,0.012,0.000,0.496,0.496,0.727
1780271315042,0.003,0.000,0.000,0.003,0.000,0.000,0.003,0.003,0.012,0.000,0.496,0.496,0.727
1780271315076,0.007,0.000,0.000,0.003,0.000,0.003,0.003,0.000,0.016,0.000,0.488,0.488,0.752
1780271315131,0.000,0.003,0.003,0.003,0.000,0.000,0.003,0.000,0.012,0.000,0.480,0.480,0.703
1780271315196,0.003,0.000,0.000,0.003,0.000,0.000,0.000,0.000,0.006,0.000,0.480,0.480,0.727
1780271315252,0.000,0.000,0.000,0.003,0.000,0.000,0.003,0.000,0.006,0.000,0.496,0.496,0.727
1780271315279,0.010,0.000,0.000,0.000,0.000,0.000,0.003,0.003,0.016,0.000,0.488,0.488,0.727
1780271315324,0.003,0.000,0.003,0.000,0.000,0.000,0.000,0.003,0.009,0.000,0.496,0.496,0.727
1780271315377,0.007,0.000,0.000,0.003,0.000,0.000,0.003,0.003,0.016,0.000,0.504,0.504,0.752
1780271315408,0.000,0.000,0.003,0.003,0.000,0.003,0.007,0.000,0.016,0.000,0.480,0.480,0.727
1780271315442,0.000,0.003,0.003,0.003,0.000,0.000,0.000,0.000,0.009,0.000,0.480,0.480,0.703
1780271315473,0.000,0.000,0.000,0.000,0.000,0.000,0.003,0.003,0.006,0.000,0.488,0.488,0.727
1780271315509,0.007,0.000,0.000,0.003,0.000,0.000,0.007,0.000,0.017,0.000,0.504,0.504,0.703
1780271315534,0.003,0.003,0.000,0.003,0.000,0.000,0.003,0.003,0.015,0.000,0.496,0.496,0.727
1780271315564,0.000,0.000,0.000,0.003,0.000,0.000,0.003,0.003,0.009,0.000,0.488,0.488,0.727
1780271315595,0.003,0.000,0.000,0.003,0.000,0.000,0.003,0.000,0.009,0.000,0.488,0.488,0.703
1780271315659,0.003,0.000,0.000,0.003,0.000,0.000,0.003,0.000,0.009,0.000,0.512,0.512,0.703
1780271315699,0.000,0.000,0.000,0.003,0.003,0.000,0.003,0.000,0.009,0.000,0.488,0.488,0.703
1780271315730,0.003,0.000,0.000,0.003,0.000,0.000,0.003,0.000,0.009,0.000,0.520,0.520,0.703
1780271315761,0.003,0.000,0.000,0.003,0.000,0.000,0.000,0.003,0.009,0.000,0.496,0.496,0.727
1780271315793,0.003,0.000,0.000,0.003,0.000,0.003,0.003,0.003,0.015,0.000,0.488,0.488,0.727
1780271315818,0.000,0.000,0.000,0.003,0.000,0.000,0.000,0.000,0.003,0.000,0.488,0.488,0.752
1780271315855,0.003,0.000,0.000,0.003,0.000,0.000,0.000,0.000,0.006,0.000,0.496,0.496,0.752
1780271315904,0.003,0.000,0.000,0.003,0.000,0.007,0.007,0.003,0.023,0.000,0.520,0.520,0.752
1780271315932,0.000,0.000,0.000,0.003,0.000,0.000,0.003,0.000,0.006,0.000,0.504,0.504,0.727
1780271315962,0.000,0.000,0.000,0.003,0.000,0.000,0.003,0.000,0.006,0.000,0.504,0.504,0.703
1780271315995,0.000,0.000,0.000,0.003,0.000,0.003,0.000,0.000,0.006,0.000,0.520,0.520,0.727
1780271316033,0.003,0.000,0.000,0.003,0.000,0.000,0.003,0.000,0.009,0.000,0.496,0.496,0.727
1780271316070,0.000,0.000,0.000,0.003,0.000,0.000,0.007,0.000,0.010,0.000,0.488,0.488,0.727
1780271316107,0.000,0.000,0.000,0.003,0.000,0.000,0.003,0.000,0.006,0.000,0.488,0.488,0.727
1780271316159,0.000,0.000,0.000,0.003,0.000,0.000,0.003,0.000,0.006,0.000,0.472,0.472,0.703
1780271316194,0.000,0.000,0.000,0.003,0.000,0.003,0.000,0.007,0.013,0.000,0.480,0.480,0.703
1780271316246,0.003,0.000,0.000,0.003,0.000,0.003,0.003,0.000,0.012,0.000,0.488,0.488,0.727
1780271316287,0.000,0.003,0.000,0.003,0.000,0.003,0.000,0.000,0.009,0.000,0.472,0.472,0.727
1780271316327,0.003,0.000,0.000,0.003,0.000,0.003,0.003,0.000,0.012,0.000,0.480,0.480,0.703
1780271316353,0.003,0.000,0.000,0.003,0.000,0.000,0.003,0.000,0.009,0.000,0.472,0.472,0.703
1780271316390,0.000,0.000,0.000,0.003,0.003,0.000,0.003,0.003,0.012,0.000,0.480,0.480,0.727
1780271316444,0.000,0.000,0.000,0.003,0.000,0.000,0.000,0.003,0.006,0.000,0.488,0.488,0.703
1780271316477,0.000,0.003,0.000,0.003,0.000,0.000,0.003,0.000,0.009,0.000,0.480,0.480,0.703
1780271316511,0.000,0.003,0.000,0.003,0.000,0.000,0.003,0.003,0.012,0.000,0.496,0.496,0.703
1780271316538,0.000,0.000,0.000,0.003,0.000,0.003,0.003,0.000,0.009,0.000,0.488,0.488,0.727
1780271316569,0.003,0.000,0.000,0.003,0.000,0.003,0.000,0.000,0.009,0.000,0.480,0.480,0.703
1780271316599,0.000,0.003,0.000,0.003,0.000,0.000,0.003,0.000,0.009,0.000,0.472,0.472,0.727
1780271316631,0.003,0.003,0.000,0.003,0.000,0.000,0.003,0.003,0.015,0.000,0.480,0.480,0.703
1780271316685,0.003,0.000,0.000,0.003,0.000,0.000,0.000,0.003,0.009,0.000,0.488,0.488,0.703
1780271316716,0.003,0.000,0.003,0.003,0.003,0.003,0.003,0.000,0.018,0.000,0.504,0.504,0.703
1780271316776,0.003,0.000,0.000,0.007,0.000,0.000,0.003,0.000,0.013,0.000,0.496,0.496,0.727
1780271316820,0.003,0.000,0.000,0.003,0.000,0.000,0.003,0.000,0.009,0.000,0.472,0.472,0.703
1780271316846,0.000,0.003,0.000,0.003,0.000,0.000,0.003,0.000,0.009,0.000,0.472,0.472,0.727
1780271316876,0.007,0.000,0.003,0.003,0.000,0.000,0.000,0.007,0.020,0.000,0.480,0.480,0.727
1780271316912,0.000,0.000,0.000,0.007,0.000,0.000,0.000,0.000,0.007,0.000,0.472,0.472,0.703
1780271316961,0.000,0.000,0.000,0.003,0.000,0.003,0.000,0.000,0.006,0.000,0.496,0.496,0.727
1780271316989,0.000,0.000,0.000,0.003,0.003,0.000,0.003,0.003,0.012,0.000,0.512,0.512,0.727
1780271317030,0.000,0.000,0.003,0.003,0.003,0.000,0.003,0.000,0.012,0.000,0.520,0.520,0.776
1780271317065,0.000,0.000,0.000,0.003,0.000,0.000,0.003,0.000,0.006,0.000,0.537,0.537,0.776
1780271317100,0.000,0.000,0.000,0.003,0.000,0.000,0.003,0.000,0.006,0.000,0.512,0.512,0.776
1780271317128,0.003,0.003,0.000,0.003,0.000,0.000,0.003,0.000,0.012,0.000,0.520,0.520,0.776
1780271317166,0.000,0.003,0.000,0.003,0.000,0.000,0.003,0.003,0.012,0.000,0.512,0.512,0.727
1780271317222,0.000,0.003,0.000,0.003,0.000,0.000,0.003,0.000,0.009,0.000,0.520,0.520,0.727
1780271317280,0.003,0.000,0.000,0.003,0.000,0.000,0.003,0.000,0.009,0.000,0.520,0.520,0.752
1780271317330,0.003,0.000,0.000,0.003,0.000,0.003,0.000,0.003,0.012,0.000,0.529,0.529,0.727
1780271317362,0.000,0.000,0.000,0.003,0.000,0.003,0.003,0.003,0.012,0.000,0.520,0.520,0.727
1780271317399,0.000,0.000,0.000,0.003,0.000,0.000,0.000,0.000,0.003,0.000,0.520,0.520,0.752
1780271317427,0.000,0.000,0.000,0.003,0.000,0.000,0.000,0.000,0.003,0.000,0.529,0.529,0.752
1780271317476,0.003,0.000,0.000,0.003,0.000,0.000,0.000,0.000,0.006,0.000,0.520,0.520,0.727
1780271317515,0.003,0.000,0.003,0.003,0.000,0.000,0.003,0.000,0.012,0.000,0.520,0.520,0.727
1780271317554,0.000,0.000,0.000,0.003,0.000,0.000,0.003,0.000,0.006,0.000,0.504,0.504,0.776
1780271317585,0.000,0.000,0.000,0.003,0.000,0.003,0.003,0.000,0.009,0.000,0.512,0.512,0.727
1780271317617,0.000,0.000,0.003,0.003,0.000,0.000,0.000,0.003,0.009,0.000,0.529,0.529,0.752
1780271317645,0.000,0.000,0.000,0.000,0.003,0.000,0.003,0.000,0.006,0.000,0.520,0.520,0.752
1780271317677,0.003,0.000,0.000,0.003,0.000,0.000,0.003,0.000,0.009,0.000,0.520,0.520,0.776
1780271317732,0.003,0.000,0.000,0.003,0.000,0.000,0.007,0.003,0.016,0.000,0.520,0.520,0.752
1780271317791,0.000,0.000,0.000,0.003,0.003,0.000,0.003,0.000,0.009,0.000,0.529,0.529,0.727
1780271317829,0.000,0.003,0.000,0.003,0.000,0.003,0.007,0.000,0.016,0.000,0.529,0.529,0.752
1780271317862,0.000,0.000,0.000,0.003,0.003,0.000,0.003,0.000,0.009,0.000,0.512,0.512,0.727
1780271317891,0.000,0.000,0.000,0.007,0.000,0.000,0.003,0.000,0.010,0.000,0.529,0.529,0.752
1780271317925,0.003,0.000,0.000,0.003,0.003,0.000,0.003,0.000,0.012,0.000,0.520,0.520,0.703
1780271317955,0.000,0.000,0.000,0.003,0.000,0.003,0.003,0.003,0.012,0.000,0.520,0.520,0.727
1780271318011,0.003,0.000,0.000,0.003,0.000,0.000,0.003,0.003,0.012,0.000,0.529,0.529,0.752
1780271318037,0.000,0.000,0.000,0.003,0.000,0.000,0.003,0.003,0.009,0.000,0.520,0.520,0.752
1780271318072,0.003,0.000,0.000,0.003,0.000,0.000,0.003,0.000,0.009,0.000,0.520,0.520,0.752
1780271318107,0.003,0.000,0.000,0.003,0.003,0.000,0.003,0.003,0.015,0.000,0.529,0.529,0.727
1780271318139,0.003,0.000,0.000,0.003,0.000,0.000,0.003,0.003,0.012,0.000,0.529,0.529,0.752
1780271318168,0.000,0.000,0.003,0.003,0.000,0.000,0.007,0.003,0.016,0.000,0.529,0.529,0.752
1780271318202,0.000,0.003,0.007,0.003,0.000,0.000,0.003,0.003,0.019,0.000,0.512,0.512,0.727
1780271318259,0.000,0.000,0.000,0.003,0.000,0.000,0.003,0.000,0.006,0.000,0.520,0.520,0.752
1780271318314,0.003,0.000,0.003,0.003,0.000,0.000,0.003,0.000,0.012,0.000,0.529,0.529,0.752
1780271318366,0.000,0.000,0.000,0.003,0.000,0.003,0.003,0.000,0.009,0.000,0.512,0.512,0.727
1780271318393,0.000,0.000,0.000,0.003,0.000,0.000,0.000,0.003,0.006,0.000,0.504,0.504,0.727
1780271318440,0.003,0.000,0.000,0.003,0.000,0.000,0.003,0.003,0.012,0.000,0.553,0.553,0.776
1780271318470,0.003,0.000,0.000,0.003,0.000,0.000,0.003,0.000,0.009,0.000,0.569,0.569,0.824
1780271318533,0.003,0.000,0.000,0.003,0.000,0.000,0.003,0.000,0.009,0.000,0.586,0.586,0.824
1780271318560,0.000,0.000,0.000,0.003,0.000,0.000,0.003,0.000,0.006,0.000,0.569,0.569,0.776
1780271318591,0.000,0.000,0.000,0.003,0.000,0.000,0.003,0.000,0.006,0.000,0.561,0.561,0.752
1780271318625,0.000,0.003,0.000,0.003,0.000,0.000,0.003,0.000,0.009,0.000,0.545,0.545,0.752
1780271318659,0.000,0.000,0.000,0.003,0.000,0.000,0.003,0.000,0.006,0.000,0.553,0.553,0.824
1780271318689,0.003,0.000,0.000,0.003,0.000,0.000,0.003,0.000,0.009,0.000,0.553,0.553,0.776
1780271318721,0.000,0.000,0.003,0.003,0.000,0.000,0.007,0.000,0.013,0.000,0.569,0.569,0.752
1780271318787,0.000,0.003,0.000,0.007,0.003,0.000,0.000,0.000,0.013,0.000,0.594,0.594,0.824
1780271318835,0.000,0.000,0.000,0.003,0.000,0.000,0.000,0.000,0.003,0.000,0.561,0.561,0.776
1780271318880,0.000,0.003,0.000,0.003,0.000,0.000,0.003,0.003,0.012,0.000,0.561,0.561,0.824
1780271318909,0.000,0.000,0.000,0.000,0.000,0.000,0.000,0.003,0.003,0.000,0.529,0.529,0.727
1780271318942,0.000,0.003,0.000,0.000,0.000,0.000,0.003,0.000,0.006,0.000,0.537,0.537,0.752
1780271318968,0.000,0.000,0.003,0.003,0.003,0.000,0.003,0.000,0.012,0.000,0.520,0.520,0.752
1780271319000,0.003,0.000,0.000,0.003,0.000,0.000,0.003,0.003,0.012,0.000,0.545,0.545,0.752
1780271319053,0.000,0.000,0.000,0.003,0.003,0.000,0.003,0.000,0.009,0.000,0.529,0.529,0.752
1780271319082,0.007,0.000,0.000,0.000,0.000,0.000,0.003,0.000,0.010,0.000,0.529,0.529,0.752
1780271319116,0.000,0.000,0.003,0.003,0.000,0.000,0.003,0.003,0.012,0.000,0.529,0.529,0.727
1780271319145,0.000,0.000,0.000,0.003,0.003,0.003,0.000,0.000,0.009,0.000,0.520,0.520,0.752
1780271319182,0.000,0.000,0.000,0.003,0.000,0.000,0.003,0.000,0.006,0.000,0.529,0.529,0.752
1780271319211,0.003,0.000,0.000,0.003,0.000,0.000,0.003,0.003,0.012,0.000,0.520,0.520,0.727
1780271319245,0.000,0.003,0.003,0.003,0.000,0.000,0.003,0.003,0.015,0.000,0.520,0.520,0.727
1780271319303,0.000,0.000,0.003,0.003,0.000,0.000,0.003,0.003,0.012,0.000,0.520,0.520,0.752
1780271319355,0.000,0.000,0.007,0.007,0.000,0.003,0.007,0.003,0.027,0.000,0.537,0.537,0.752
1780271319391,0.003,0.000,0.000,0.003,0.000,0.000,0.003,0.000,0.009,0.000,0.537,0.537,0.752
1780271319428,0.000,0.000,0.000,0.007,0.003,0.000,0.003,0.003,0.016,0.000,0.512,0.512,0.752
1780271319455,0.000,0.003,0.000,0.003,0.000,0.003,0.000,0.000,0.009,0.000,0.512,0.512,0.703
1780271319492,0.003,0.000,0.000,0.003,0.000,0.000,0.003,0.003,0.012,0.000,0.512,0.512,0.703
1780271319523,0.007,0.000,0.003,0.003,0.000,0.000,0.003,0.000,0.016,0.000,0.529,0.529,0.752
1780271319575,0.000,0.000,0.000,0.003,0.000,0.000,0.003,0.000,0.006,0.000,0.529,0.529,0.752
1780271319606,0.003,0.000,0.003,0.003,0.000,0.003,0.003,0.003,0.018,0.000,0.512,0.512,0.727
1780271319639,0.003,0.000,0.000,0.003,0.000,0.000,0.003,0.000,0.009,0.000,0.504,0.504,0.752
1780271319670,0.000,0.000,0.000,0.003,0.000,0.000,0.003,0.007,0.013,0.000,0.520,0.520,0.727
1780271319703,0.003,0.003,0.000,0.003,0.000,0.000,0.003,0.000,0.012,0.000,0.529,0.529,0.727
1780271319732,0.000,0.000,0.000,0.003,0.000,0.000,0.000,0.000,0.003,0.000,0.520,0.520,0.752
1780271319773,0.003,0.000,0.000,0.003,0.000,0.000,0.003,0.000,0.009,0.000,0.520,0.520,0.752
1780271319840,0.003,0.000,0.000,0.003,0.000,0.003,0.003,0.003,0.015,0.000,0.529,0.529,0.752
1780271319891,0.003,0.000,0.000,0.003,0.000,0.000,0.003,0.000,0.009,0.000,0.520,0.520,0.703
1780271319933,0.000,0.000,0.000,0.003,0.003,0.000,0.003,0.000,0.009,0.000,0.520,0.520,0.727
1780271319965,0.000,0.000,0.000,0.003,0.000,0.000,0.003,0.003,0.009,0.000,0.520,0.520,0.752
1780271319994,0.003,0.000,0.000,0.000,0.000,0.000,0.003,0.000,0.006,0.000,0.512,0.512,0.752
1780271320027,0.000,0.000,0.000,0.003,0.000,0.000,0.003,0.000,0.006,0.000,0.529,0.529,0.727
1780271320088,0.003,0.000,0.000,0.003,0.000,0.000,0.000,0.000,0.006,0.000,0.512,0.512,0.727
1780271320115,0.003,0.000,0.000,0.000,0.000,0.003,0.003,0.000,0.009,0.000,0.512,0.512,0.752
1780271320149,0.000,0.000,0.000,0.003,0.003,0.000,0.003,0.000,0.009,0.000,0.520,0.520,0.752
1780271320179,0.003,0.000,0.000,0.003,0.000,0.003,0.000,0.003,0.012,0.000,0.496,0.496,0.703
1780271320217,0.003,0.000,0.000,0.003,0.000,0.000,0.003,0.000,0.009,0.000,0.512,0.512,0.752
1780271320245,0.000,0.000,0.000,0.003,0.000,0.003,0.003,0.000,0.009,0.000,0.520,0.520,0.727
1780271320289,0.000,0.000,0.000,0.003,0.000,0.003,0.003,0.000,0.009,0.000,0.545,0.545,0.752
1780271320348,0.000,0.000,0.000,0.003,0.000,0.000,0.003,0.000,0.006,0.000,0.520,0.520,0.703
1780271320392,0.000,0.000,0.000,0.000,0.000,0.003,0.000,0.003,0.006,0.000,0.504,0.504,0.703
1780271320441,0.000,0.000,0.000,0.003,0.000,0.000,0.003,0.000,0.006,0.000,0.537,0.537,0.752
1780271320478,0.003,0.000,0.000,0.003,0.000,0.003,0.003,0.003,0.015,0.000,0.545,0.545,0.752
1780271320516,0.000,0.000,0.000,0.003,0.000,0.003,0.003,0.000,0.009,0.000,0.561,0.561,0.752
1780271320552,0.003,0.000,0.000,0.003,0.000,0.000,0.003,0.000,0.009,0.000,0.569,0.569,0.752
1780271320610,0.000,0.007,0.000,0.003,0.000,0.000,0.003,0.000,0.013,0.000,0.561,0.561,0.776
1780271320642,0.003,0.000,0.000,0.003,0.000,0.000,0.003,0.003,0.012,0.000,0.569,0.569,0.776
1780271320679,0.000,0.000,0.003,0.003,0.000,0.000,0.000,0.003,0.009,0.000,0.561,0.561,0.752
1780271320709,0.003,0.000,0.000,0.003,0.000,0.000,0.003,0.003,0.012,0.000,0.537,0.537,0.776
1780271320748,0.000,0.000,0.000,0.003,0.003,0.000,0.003,0.003,0.012,0.000,0.537,0.537,0.727
1780271320780,0.000,0.000,0.003,0.003,0.000,0.000,0.000,0.003,0.009,0.000,0.561,0.561,0.752
1780271320816,0.000,0.000,0.000,0.003,0.000,0.000,0.003,0.003,0.009,0.000,0.553,0.553,0.776
1780271320876,0.003,0.000,0.000,0.000,0.000,0.000,0.003,0.000,0.006,0.000,0.561,0.561,0.752
1780271320927,0.003,0.000,0.000,0.003,0.000,0.000,0.003,0.000,0.009,0.000,0.553,0.553,0.752
1780271320965,0.000,0.000,0.000,0.003,0.000,0.000,0.003,0.003,0.009,0.000,0.545,0.545,0.752
1780271321004,0.003,0.000,0.003,0.003,0.000,0.000,0.003,0.000,0.012,0.000,0.545,0.545,0.776
1780271321034,0.000,0.000,0.000,0.000,0.000,0.003,0.003,0.003,0.009,0.000,0.545,0.545,0.752
1780271321071,0.003,0.000,0.000,0.003,0.000,0.000,0.000,0.000,0.006,0.000,0.545,0.545,0.824
1780271321120,0.000,0.000,0.000,0.003,0.000,0.000,0.003,0.000,0.006,0.000,0.553,0.553,0.752
1780271321151,0.000,0.000,0.003,0.003,0.000,0.000,0.000,0.000,0.006,0.000,0.545,0.545,0.776
1780271321187,0.000,0.000,0.000,0.003,0.000,0.000,0.003,0.003,0.009,0.000,0.537,0.537,0.752
1780271321221,0.000,0.003,0.000,0.003,0.000,0.000,0.003,0.000,0.009,0.000,0.553,0.553,0.776
1780271321258,0.000,0.000,0.000,0.003,0.003,0.000,0.003,0.003,0.012,0.000,0.553,0.553,0.752
1780271321292,0.003,0.000,0.003,0.003,0.000,0.003,0.003,0.000,0.015,0.000,0.561,0.561,0.752
1780271321325,0.003,0.000,0.000,0.003,0.000,0.003,0.003,0.000,0.012,0.000,0.561,0.561,0.752
1780271321376,0.000,0.000,0.007,0.003,0.000,0.000,0.003,0.003,0.016,0.000,0.545,0.545,0.824
1780271321403,0.000,0.000,0.000,0.003,0.000,0.000,0.003,0.003,0.009,0.000,0.545,0.545,0.752
1780271321465,0.003,0.000,0.000,0.003,0.000,0.000,0.003,0.000,0.009,0.000,0.529,0.529,0.776
1780271321504,0.003,0.000,0.003,0.003,0.003,0.000,0.003,0.000,0.015,0.000,0.537,0.537,0.752
1780271321543,0.003,0.000,0.000,0.003,0.000,0.000,0.003,0.003,0.012,0.000,0.561,0.561,0.752
1780271321571,0.007,0.000,0.003,0.003,0.000,0.000,0.000,0.003,0.016,0.000,0.561,0.561,0.824
1780271321608,0.003,0.000,0.000,0.003,0.000,0.000,0.003,0.000,0.009,0.000,0.545,0.545,0.752
1780271321653,0.000,0.000,0.000,0.000,0.000,0.003,0.003,0.000,0.006,0.000,0.553,0.553,0.776
1780271321696,0.003,0.000,0.000,0.003,0.000,0.000,0.003,0.003,0.012,0.000,0.537,0.537,0.752
1780271321738,0.000,0.000,0.000,0.003,0.000,0.000,0.003,0.003,0.009,0.000,0.545,0.545,0.776
1780271321766,0.003,0.000,0.000,0.003,0.000,0.000,0.000,0.000,0.006,0.000,0.553,0.553,0.776
1780271321805,0.000,0.000,0.000,0.003,0.000,0.000,0.003,0.000,0.006,0.000,0.553,0.553,0.776
1780271321833,0.003,0.000,0.000,0.003,0.000,0.000,0.003,0.000,0.009,0.000,0.553,0.553,0.824
1780271321891,0.003,0.000,0.003,0.000,0.003,0.000,0.000,0.003,0.012,0.000,0.529,0.529,0.727
1780271321920,0.000,0.000,0.000,0.003,0.000,0.003,0.003,0.000,0.009,0.000,0.529,0.529,0.752
1780271321972,0.000,0.000,0.000,0.003,0.000,0.000,0.003,0.003,0.009,0.000,0.512,0.512,0.727
1780271322024,0.000,0.003,0.000,0.003,0.000,0.000,0.000,0.000,0.006,0.000,0.512,0.512,0.752
1780271322054,0.000,0.000,0.000,0.003,0.000,0.000,0.000,0.003,0.006,0.000,0.553,0.553,0.752
1780271322086,0.000,0.000,0.000,0.000,0.000,0.000,0.003,0.003,0.006,0.000,0.553,0.553,0.776
1780271322111,0.000,0.000,0.000,0.003,0.000,0.000,0.003,0.000,0.006,0.000,0.529,0.529,0.752
1780271322163,0.003,0.000,0.000,0.007,0.000,0.003,0.003,0.000,0.016,0.000,0.520,0.520,0.727
1780271322193,0.000,0.000,0.000,0.003,0.000,0.000,0.003,0.003,0.009,0.000,0.529,0.529,0.776
1780271322227,0.000,0.000,0.000,0.000,0.000,0.000,0.003,0.003,0.006,0.000,0.520,0.520,0.752
1780271322260,0.000,0.000,0.000,0.000,0.000,0.000,0.003,0.000,0.003,0.000,0.520,0.520,0.727
1780271322298,0.003,0.000,0.000,0.003,0.000,0.000,0.000,0.003,0.009,0.000,0.553,0.553,0.727
1780271322323,0.003,0.000,0.000,0.000,0.000,0.000,0.003,0.000,0.006,0.000,0.569,0.569,0.824
1780271322353,0.003,0.000,0.000,0.003,0.000,0.000,0.003,0.000,0.009,0.000,0.561,0.561,0.776
1780271322395,0.000,0.000,0.003,0.000,0.000,0.000,0.003,0.000,0.006,0.000,0.569,0.569,0.752
1780271322428,0.000,0.000,0.000,0.003,0.000,0.000,0.003,0.000,0.006,0.000,0.569,0.569,0.776
1780271322472,0.003,0.003,0.003,0.003,0.000,0.003,0.003,0.003,0.021,0.000,0.569,0.569,0.776
1780271322502,0.000,0.000,0.000,0.003,0.000,0.000,0.000,0.003,0.006,0.000,0.569,0.569,0.824
1780271322550,0.000,0.000,0.000,0.003,0.000,0.000,0.003,0.000,0.006,0.000,0.626,0.626,0.848
1780271322584,0.003,0.000,0.000,0.003,0.000,0.000,0.003,0.000,0.009,0.000,0.594,0.594,0.824
1780271322609,0.000,0.000,0.000,0.000,0.000,0.000,0.003,0.000,0.003,0.000,0.577,0.577,0.824
1780271322640,0.003,0.000,0.000,0.003,0.000,0.000,0.003,0.000,0.009,0.000,0.586,0.586,0.776
1780271322681,0.003,0.000,0.003,0.003,0.000,0.000,0.003,0.000,0.012,0.000,0.577,0.577,0.752
1780271322715,0.000,0.000,0.000,0.003,0.000,0.000,0.003,0.000,0.006,0.000,0.586,0.586,0.752
1780271322740,0.000,0.000,0.000,0.003,0.000,0.000,0.003,0.000,0.006,0.000,0.594,0.594,0.824
1780271322775,0.000,0.000,0.000,0.007,0.000,0.003,0.003,0.003,0.016,0.000,0.586,0.586,0.776
1780271322802,0.003,0.000,0.003,0.003,0.000,0.000,0.003,0.000,0.012,0.000,0.610,0.610,0.848
1780271322837,0.000,0.000,0.000,0.003,0.000,0.000,0.007,0.000,0.010,0.000,0.586,0.586,0.776
1780271322864,0.003,0.000,0.000,0.003,0.000,0.000,0.000,0.003,0.009,0.000,0.594,0.594,0.824
1780271322913,0.000,0.000,0.000,0.003,0.000,0.000,0.003,0.000,0.006,0.000,0.602,0.602,0.776
1780271322938,0.000,0.000,0.000,0.000,0.000,0.003,0.003,0.000,0.006,0.000,0.586,0.586,0.848
1780271322993,0.000,0.003,0.000,0.003,0.000,0.003,0.000,0.000,0.009,0.000,0.594,0.594,0.824
1780271323020,0.007,0.003,0.000,0.003,0.000,0.003,0.003,0.003,0.022,0.000,0.602,0.602,0.848
1780271323068,0.003,0.000,0.003,0.003,0.000,0.000,0.003,0.003,0.015,0.000,0.602,0.602,0.824
1780271323102,0.000,0.000,0.000,0.003,0.000,0.000,0.003,0.000,0.006,0.000,0.594,0.594,0.776
1780271323132,0.000,0.000,0.000,0.003,0.000,0.000,0.003,0.003,0.009,0.000,0.610,0.610,0.848
1780271323160,0.000,0.000,0.000,0.003,0.000,0.000,0.003,0.003,0.009,0.000,0.594,0.594,0.848
1780271323206,0.000,0.003,0.000,0.003,0.000,0.000,0.000,0.000,0.006,0.000,0.594,0.594,0.848
1780271323231,0.000,0.000,0.003,0.000,0.000,0.000,0.003,0.000,0.006,0.000,0.569,0.569,0.752
1780271323260,0.000,0.000,0.000,0.003,0.003,0.000,0.003,0.003,0.012,0.000,0.561,0.561,0.776
1780271323293,0.003,0.003,0.000,0.003,0.000,0.000,0.003,0.000,0.012,0.000,0.537,0.537,0.727
1780271323328,0.000,0.000,0.000,0.003,0.000,0.000,0.003,0.000,0.006,0.000,0.537,0.537,0.776
1780271323355,0.000,0.000,0.003,0.003,0.000,0.000,0.003,0.000,0.009,0.000,0.545,0.545,0.752
1780271323391,0.003,0.000,0.000,0.003,0.000,0.000,0.003,0.000,0.009,0.000,0.553,0.553,0.752
1780271323440,0.000,0.003,0.000,0.003,0.000,0.003,0.003,0.000,0.012,0.000,0.537,0.537,0.752
1780271323479,0.000,0.000,0.000,0.003,0.000,0.000,0.003,0.000,0.006,0.000,0.553,0.553,0.727
1780271323509,0.007,0.000,0.003,0.000,0.000,0.000,0.007,0.000,0.017,0.000,0.569,0.569,0.776
1780271323535,0.007,0.000,0.003,0.000,0.000,0.003,0.003,0.003,0.019,0.000,0.569,0.569,0.776
1780271323584,0.000,0.000,0.000,0.007,0.003,0.000,0.003,0.000,0.013,0.000,0.594,0.594,0.824
1780271323610,0.000,0.003,0.000,0.000,0.000,0.000,0.003,0.000,0.006,0.000,0.602,0.602,0.824
1780271323644,0.000,0.000,0.000,0.000,0.000,0.000,0.003,0.003,0.006,0.000,0.602,0.602,0.776
1780271323669,0.003,0.000,0.000,0.000,0.000,0.000,0.003,0.000,0.006,0.000,0.594,0.594,0.848
1780271323718,0.000,0.000,0.000,0.003,0.000,0.003,0.003,0.000,0.009,0.000,0.569,0.569,0.776
1780271323745,0.003,0.003,0.003,0.003,0.000,0.000,0.003,0.000,0.015,0.000,0.553,0.553,0.776
1780271323779,0.000,0.000,0.000,0.003,0.000,0.000,0.003,0.000,0.006,0.000,0.537,0.537,0.752
1780271323811,0.003,0.000,0.003,0.003,0.000,0.003,0.003,0.000,0.015,0.000,0.529,0.529,0.727
1780271323853,0.003,0.000,0.000,0.000,0.000,0.000,0.003,0.003,0.009,0.000,0.545,0.545,0.752
1780271323881,0.000,0.000,0.000,0.000,0.000,0.000,0.003,0.003,0.006,0.000,0.537,0.537,0.727
1780271323913,0.000,0.000,0.000,0.003,0.003,0.000,0.007,0.000,0.013,0.000,0.545,0.545,0.752
1780271323962,0.000,0.000,0.003,0.007,0.000,0.003,0.003,0.000,0.016,0.000,0.545,0.545,0.752
1780271324008,0.003,0.000,0.000,0.003,0.000,0.000,0.003,0.000,0.009,0.000,0.545,0.545,0.752
1780271324036,0.003,0.000,0.000,0.003,0.000,0.000,0.003,0.003,0.012,0.000,0.561,0.561,0.776
1780271324077,0.000,0.000,0.003,0.000,0.000,0.003,0.003,0.000,0.009,0.000,0.577,0.577,0.824
1780271324105,0.000,0.000,0.000,0.003,0.000,0.000,0.003,0.000,0.006,0.000,0.561,0.561,0.824
1780271324137,0.003,0.000,0.000,0.003,0.003,0.000,0.003,0.003,0.015,0.000,0.569,0.569,0.776
1780271324165,0.003,0.000,0.000,0.000,0.000,0.000,0.000,0.000,0.003,0.000,0.553,0.553,0.776
1780271324196,0.003,0.000,0.000,0.003,0.000,0.003,0.003,0.003,0.015,0.000,0.569,0.569,0.776
1780271324238,0.000,0.003,0.000,0.003,0.000,0.000,0.000,0.000,0.006,0.000,0.553,0.553,0.824
1780271324270,0.000,0.000,0.000,0.003,0.000,0.003,0.003,0.000,0.009,0.000,0.553,0.553,0.752
1780271324296,0.003,0.000,0.000,0.003,0.000,0.003,0.003,0.000,0.012,0.000,0.553,0.553,0.752
1780271324334,0.000,0.000,0.000,0.003,0.000,0.000,0.000,0.003,0.006,0.000,0.553,0.553,0.824
1780271324363,0.003,0.000,0.000,0.003,0.000,0.000,0.003,0.000,0.009,0.000,0.529,0.529,0.776
1780271324397,0.000,0.000,0.003,0.003,0.000,0.003,0.003,0.003,0.015,0.000,0.537,0.537,0.752
1780271324428,0.000,0.000,0.000,0.003,0.000,0.003,0.003,0.000,0.009,0.000,0.545,0.545,0.776
1780271324476,0.003,0.000,0.000,0.003,0.000,0.000,0.003,0.000,0.009,0.000,0.553,0.553,0.776
1780271324527,0.003,0.000,0.000,0.003,0.000,0.000,0.003,0.000,0.009,0.000,0.586,0.586,0.776
1780271324556,0.003,0.000,0.003,0.000,0.000,0.003,0.003,0.000,0.012,0.000,0.586,0.586,0.776
1780271324599,0.003,0.000,0.000,0.003,0.000,0.000,0.003,0.003,0.012,0.000,0.553,0.553,0.776
1780271324623,0.000,0.000,0.000,0.003,0.000,0.000,0.003,0.000,0.006,0.000,0.545,0.545,0.776
1780271324656,0.000,0.000,0.000,0.003,0.000,0.000,0.003,0.000,0.006,0.000,0.529,0.529,0.752
1780271324682,0.003,0.000,0.000,0.003,0.000,0.000,0.000,0.003,0.009,0.000,0.545,0.545,0.752
1780271324715,0.000,0.000,0.000,0.003,0.000,0.000,0.000,0.000,0.003,0.000,0.553,0.553,0.776
1780271324756,0.003,0.000,0.000,0.003,0.000,0.000,0.003,0.000,0.009,0.000,0.586,0.586,0.824
1780271324787,0.000,0.003,0.000,0.003,0.000,0.000,0.000,0.000,0.006,0.000,0.586,0.586,0.824
1780271324816,0.003,0.000,0.000,0.003,0.000,0.003,0.000,0.000,0.009,0.000,0.602,0.602,0.824
1780271324853,0.000,0.000,0.000,0.003,0.000,0.000,0.000,0.000,0.003,0.000,0.610,0.610,0.848
1780271324882,0.000,0.000,0.000,0.003,0.000,0.003,0.003,0.000,0.009,0.000,0.602,0.602,0.824
1780271324917,0.000,0.000,0.000,0.003,0.000,0.003,0.000,0.000,0.006,0.000,0.594,0.594,0.776
1780271324945,0.000,0.003,0.000,0.003,0.000,0.003,0.003,0.000,0.012,0.000,0.610,0.610,0.824
1780271324995,0.000,0.000,0.000,0.000,0.000,0.000,0.003,0.000,0.003,0.000,0.610,0.610,0.824
1780271325055,0.000,0.000,0.000,0.000,0.000,0.003,0.003,0.003,0.009,0.000,0.610,0.610,0.824
1780271325083,0.000,0.000,0.000,0.003,0.000,0.000,0.003,0.000,0.006,0.000,0.618,0.618,0.824
1780271325120,0.003,0.000,0.000,0.003,0.000,0.000,0.003,0.000,0.009,0.000,0.594,0.594,0.824
1780271325147,0.003,0.000,0.000,0.003,0.000,0.000,0.000,0.000,0.006,0.000,0.577,0.577,0.824
1780271325178,0.003,0.003,0.000,0.003,0.000,0.000,0.000,0.003,0.012,0.000,0.569,0.569,0.824
1780271325202,0.003,0.000,0.000,0.000,0.003,0.000,0.003,0.000,0.009,0.000,0.569,0.569,0.776
1780271325239,0.000,0.000,0.000,0.003,0.000,0.000,0.003,0.003,0.009,0.000,0.594,0.594,0.824
1780271325290,0.003,0.000,0.000,0.003,0.000,0.000,0.003,0.000,0.009,0.000,0.602,0.602,0.848
1780271325325,0.000,0.000,0.003,0.003,0.000,0.003,0.003,0.000,0.012,0.000,0.626,0.626,0.848
1780271325363,0.003,0.000,0.000,0.003,0.000,0.000,0.000,0.000,0.006,0.000,0.610,0.610,0.824
1780271325391,0.000,0.000,0.000,0.000,0.000,0.000,0.003,0.000,0.003,0.000,0.602,0.602,0.848
1780271325428,0.003,0.000,0.000,0.007,0.000,0.000,0.003,0.003,0.016,0.000,0.602,0.602,0.776
1780271325460,0.000,0.000,0.000,0.003,0.000,0.000,0.003,0.003,0.009,0.000,0.602,0.602,0.776
1780271325509,0.000,0.000,0.003,0.003,0.000,0.000,0.003,0.000,0.009,0.000,0.610,0.610,0.848
1780271325557,0.000,0.003,0.000,0.003,0.000,0.000,0.003,0.000,0.009,0.000,0.602,0.602,0.824
1780271325593,0.000,0.000,0.000,0.000,0.000,0.000,0.003,0.000,0.003,0.000,0.610,0.610,0.848
1780271325628,0.000,0.000,0.003,0.003,0.000,0.000,0.003,0.000,0.009,0.000,0.602,0.602,0.776
1780271325658,0.000,0.003,0.000,0.003,0.000,0.000,0.003,0.000,0.009,0.000,0.602,0.602,0.848
1780271325688,0.000,0.000,0.003,0.003,0.003,0.000,0.003,0.000,0.012,0.000,0.602,0.602,0.848
1780271325721,0.003,0.000,0.000,0.003,0.003,0.000,0.003,0.000,0.012,0.000,0.586,0.586,0.824
1780271325752,0.003,0.000,0.000,0.000,0.000,0.000,0.003,0.000,0.006,0.000,0.610,0.610,0.824
1780271325803,0.000,0.000,0.000,0.003,0.000,0.000,0.003,0.000,0.006,0.000,0.602,0.602,0.848
1780271325834,0.000,0.000,0.000,0.003,0.000,0.000,0.003,0.003,0.009,0.000,0.618,0.618,0.824
1780271325874,0.000,0.000,0.000,0.003,0.000,0.000,0.000,0.003,0.006,0.000,0.610,0.610,0.848
1780271325900,0.000,0.000,0.000,0.000,0.000,0.000,0.007,0.003,0.010,0.000,0.610,0.610,0.824
1780271325932,0.003,0.000,0.000,0.003,0.000,0.000,0.003,0.003,0.012,0.000,0.602,0.602,0.824
1780271325956,0.003,0.000,0.000,0.003,0.000,0.003,0.003,0.000,0.012,0.000,0.586,0.586,0.776
1780271325983,0.003,0.000,0.000,0.003,0.000,0.000,0.000,0.003,0.009,0.000,0.586,0.586,0.776
1780271326024,0.000,0.007,0.003,0.003,0.000,0.000,0.003,0.000,0.016,0.000,0.594,0.594,0.776
1780271326072,0.007,0.000,0.000,0.003,0.000,0.000,0.003,0.003,0.016,0.000,0.569,0.569,0.776
1780271326096,0.000,0.003,0.003,0.003,0.000,0.000,0.003,0.007,0.019,0.000,0.594,0.594,0.824
1780271326137,0.000,0.000,0.000,0.003,0.000,0.000,0.003,0.003,0.009,0.000,0.594,0.594,0.776
1780271326165,0.000,0.000,0.000,0.003,0.000,0.000,0.003,0.003,0.009,0.000,0.586,0.586,0.824
1780271326195,0.003,0.000,0.000,0.003,0.000,0.000,0.007,0.003,0.016,0.000,0.586,0.586,0.848
1780271326220,0.003,0.000,0.000,0.000,0.000,0.000,0.000,0.000,0.003,0.000,0.586,0.586,0.776
1780271326249,0.007,0.000,0.000,0.007,0.000,0.003,0.000,0.003,0.020,0.000,0.577,0.577,0.824
1780271326280,0.003,0.000,0.000,0.003,0.000,0.000,0.003,0.003,0.012,0.000,0.594,0.594,0.824
1780271326337,0.000,0.003,0.000,0.003,0.000,0.000,0.003,0.003,0.012,0.000,0.610,0.610,0.873
1780271326367,0.003,0.000,0.000,0.003,0.000,0.000,0.003,0.000,0.009,0.000,0.626,0.626,0.824
1780271326402,0.003,0.000,0.000,0.003,0.000,0.000,0.003,0.000,0.009,0.000,0.626,0.626,0.848
1780271326431,0.000,0.000,0.000,0.003,0.000,0.000,0.003,0.000,0.006,0.000,0.618,0.618,0.824
1780271326469,0.000,0.000,0.000,0.003,0.000,0.000,0.003,0.007,0.013,0.000,0.602,0.602,0.848
1780271326497,0.003,0.000,0.003,0.003,0.000,0.000,0.003,0.000,0.012,0.000,0.602,0.602,0.848
1780271326546,0.003,0.000,0.000,0.003,0.000,0.000,0.003,0.000,0.009,0.000,0.610,0.610,0.848
1780271326602,0.003,0.000,0.000,0.003,0.000,0.000,0.003,0.000,0.009,0.000,0.626,0.626,0.848
1780271326640,0.003,0.000,0.000,0.003,0.000,0.000,0.003,0.000,0.009,0.000,0.618,0.618,0.824
1780271326678,0.003,0.000,0.003,0.003,0.000,0.000,0.003,0.000,0.012,0.000,0.610,0.610,0.848
1780271326711,0.003,0.000,0.003,0.003,0.000,0.003,0.003,0.000,0.015,0.000,0.626,0.626,0.848
1780271326750,0.000,0.003,0.003,0.007,0.000,0.000,0.003,0.000,0.016,0.000,0.626,0.626,0.824
1780271326775,0.000,0.000,0.007,0.007,0.000,0.000,0.000,0.000,0.014,0.000,0.626,0.626,0.824
1780271326807,0.000,0.000,0.000,0.003,0.000,0.000,0.003,0.000,0.006,0.000,0.618,0.618,0.824
1780271326864,0.003,0.000,0.000,0.003,0.000,0.000,0.003,0.003,0.012,0.000,0.618,0.618,0.824
1780271326892,0.003,0.000,0.000,0.003,0.000,0.000,0.003,0.007,0.016,0.000,0.610,0.610,0.824
1780271326924,0.000,0.007,0.000,0.000,0.000,0.000,0.003,0.000,0.010,0.000,0.594,0.594,0.848
1780271326948,0.003,0.000,0.000,0.003,0.000,0.000,0.003,0.000,0.009,0.000,0.586,0.586,0.776
1780271326976,0.000,0.000,0.000,0.007,0.000,0.003,0.000,0.000,0.010,0.000,0.594,0.594,0.776
1780271327004,0.003,0.000,0.000,0.003,0.000,0.003,0.003,0.000,0.012,0.000,0.602,0.602,0.824
1780271327055,0.003,0.000,0.000,0.003,0.000,0.000,0.003,0.003,0.012,0.000,0.610,0.610,0.824
1780271327099,0.000,0.000,0.000,0.003,0.000,0.000,0.003,0.003,0.009,0.000,0.626,0.626,0.848
1780271327132,0.003,0.000,0.000,0.003,0.003,0.000,0.003,0.000,0.012,0.000,0.626,0.626,0.873
1780271327168,0.000,0.007,0.000,0.003,0.000,0.000,0.003,0.000,0.013,0.000,0.618,0.618,0.873
1780271327206,0.003,0.000,0.003,0.003,0.000,0.000,0.003,0.000,0.012,0.000,0.626,0.626,0.824
1780271327232,0.000,0.000,0.000,0.000,0.000,0.000,0.003,0.003,0.006,0.000,0.602,0.602,0.824
1780271327263,0.000,0.000,0.000,0.003,0.000,0.000,0.003,0.000,0.006,0.000,0.618,0.618,0.824
1780271327289,0.000,0.000,0.000,0.003,0.000,0.000,0.003,0.003,0.009,0.000,0.618,0.618,0.848
1780271327323,0.000,0.000,0.000,0.003,0.000,0.000,0.000,0.000,0.003,0.000,0.610,0.610,0.848
1780271327375,0.000,0.000,0.000,0.003,0.000,0.000,0.003,0.000,0.006,0.000,0.569,0.569,0.848
1780271327405,0.000,0.000,0.000,0.007,0.000,0.003,0.003,0.000,0.013,0.000,0.586,0.586,0.776
1780271327441,0.000,0.000,0.000,0.003,0.000,0.003,0.003,0.000,0.009,0.000,0.577,0.577,0.776
1780271327471,0.003,0.000,0.003,0.003,0.000,0.003,0.003,0.000,0.015,0.000,0.586,0.586,0.776
1780271327510,0.003,0.000,0.000,0.003,0.000,0.003,0.007,0.003,0.019,0.000,0.610,0.610,0.824
1780271327563,0.000,0.000,0.000,0.003,0.000,0.000,0.003,0.000,0.006,0.000,0.586,0.586,0.776
1780271327618,0.000,0.000,0.000,0.003,0.000,0.003,0.003,0.000,0.009,0.000,0.577,0.577,0.752
1780271327653,0.003,0.000,0.000,0.003,0.000,0.000,0.000,0.000,0.006,0.000,0.577,0.577,0.776
1780271327695,0.000,0.000,0.000,0.003,0.000,0.000,0.003,0.000,0.006,0.000,0.577,0.577,0.776
1780271327723,0.007,0.000,0.000,0.003,0.000,0.000,0.003,0.003,0.016,0.000,0.577,0.577,0.824
1780271327754,0.000,0.000,0.000,0.003,0.000,0.000,0.007,0.000,0.010,0.000,0.577,0.577,0.776
1780271327787,0.000,0.000,0.003,0.003,0.000,0.000,0.003,0.003,0.012,0.000,0.586,0.586,0.776
1780271327819,0.007,0.000,0.003,0.003,0.000,0.000,0.003,0.000,0.016,0.000,0.577,0.577,0.776
1780271327847,0.000,0.000,0.000,0.003,0.000,0.000,0.003,0.000,0.006,0.000,0.569,0.569,0.824
1780271327900,0.003,0.000,0.000,0.003,0.000,0.003,0.003,0.000,0.012,0.000,0.577,0.577,0.824
1780271327934,0.007,0.000,0.000,0.003,0.000,0.003,0.003,0.000,0.016,0.000,0.577,0.577,0.824
1780271327968,0.000,0.000,0.000,0.003,0.000,0.000,0.003,0.003,0.009,0.000,0.577,0.577,0.752
1780271327994,0.000,0.003,0.000,0.003,0.000,0.000,0.000,0.000,0.006,0.000,0.586,0.586,0.776
1780271328025,0.000,0.003,0.000,0.003,0.000,0.000,0.000,0.000,0.006,0.000,0.586,0.586,0.776
1780271328083,0.003,0.000,0.000,0.000,0.000,0.000,0.003,0.000,0.006,0.000,0.594,0.594,0.824
1780271328137,0.000,0.000,0.000,0.003,0.003,0.003,0.007,0.000,0.016,0.000,0.602,0.602,0.824
1780271328163,0.000,0.000,0.003,0.003,0.000,0.000,0.003,0.003,0.012,0.000,0.569,0.569,0.752
1780271328211,0.000,0.003,0.000,0.003,0.000,0.000,0.003,0.000,0.009,0.000,0.602,0.602,0.776
1780271328236,0.000,0.000,0.000,0.003,0.000,0.003,0.003,0.000,0.009,0.000,0.594,0.594,0.776
1780271328267,0.000,0.000,0.003,0.003,0.000,0.003,0.000,0.000,0.009,0.000,0.594,0.594,0.824
1780271328292,0.000,0.000,0.000,0.003,0.000,0.000,0.000,0.000,0.003,0.000,0.586,0.586,0.824
1780271328325,0.000,0.000,0.000,0.000,0.000,0.003,0.003,0.000,0.006,0.000,0.594,0.594,0.848
1780271328364,0.007,0.000,0.003,0.003,0.000,0.000,0.003,0.000,0.016,0.000,0.594,0.594,0.776
1780271328413,0.000,0.000,0.003,0.003,0.000,0.000,0.000,0.000,0.006,0.000,0.586,0.586,0.824
1780271328440,0.000,0.000,0.003,0.000,0.000,0.000,0.003,0.000,0.006,0.000,0.586,0.586,0.824
1780271328472,0.000,0.000,0.003,0.003,0.000,0.003,0.003,0.000,0.012,0.000,0.569,0.569,0.824
1780271328507,0.003,0.000,0.000,0.003,0.003,0.000,0.003,0.000,0.012,0.000,0.577,0.577,0.824
1780271328538,0.000,0.000,0.000,0.007,0.000,0.000,0.003,0.000,0.010,0.000,0.577,0.577,0.824
1780271328586,0.003,0.000,0.000,0.003,0.000,0.000,0.000,0.003,0.009,0.000,0.594,0.594,0.776
1780271328622,0.003,0.000,0.000,0.003,0.000,0.003,0.003,0.000,0.012,0.000,0.602,0.602,0.824
1780271328680,0.003,0.000,0.000,0.000,0.003,0.003,0.007,0.000,0.016,0.000,0.618,0.618,0.824
1780271328716,0.000,0.000,0.000,0.003,0.000,0.000,0.000,0.000,0.003,0.000,0.594,0.594,0.848
1780271328746,0.003,0.000,0.000,0.003,0.000,0.000,0.003,0.000,0.009,0.000,0.602,0.602,0.776
1780271328773,0.003,0.000,0.000,0.003,0.003,0.000,0.003,0.000,0.012,0.000,0.577,0.577,0.776
1780271328811,0.000,0.000,0.000,0.000,0.000,0.003,0.003,0.000,0.006,0.000,0.569,0.569,0.776
1780271328837,0.003,0.000,0.000,0.003,0.000,0.000,0.000,0.000,0.006,0.000,0.577,0.577,0.776
1780271328875,0.000,0.000,0.000,0.003,0.003,0.000,0.003,0.000,0.009,0.000,0.594,0.594,0.824
1780271328924,0.000,0.003,0.000,0.003,0.000,0.000,0.000,0.003,0.009,0.000,0.577,0.577,0.752
1780271328958,0.000,0.000,0.000,0.003,0.000,0.000,0.003,0.000,0.006,0.000,0.586,0.586,0.752
1780271328994,0.000,0.000,0.000,0.003,0.000,0.000,0.000,0.000,0.003,0.000,0.594,0.594,0.776
1780271329022,0.000,0.000,0.000,0.003,0.000,0.000,0.003,0.003,0.009,0.000,0.577,0.577,0.848
1780271329052,0.003,0.000,0.000,0.003,0.003,0.000,0.003,0.000,0.012,0.000,0.586,0.586,0.776
1780271329114,0.000,0.003,0.003,0.003,0.003,0.000,0.000,0.003,0.015,0.000,0.577,0.577,0.824
1780271329141,0.000,0.000,0.000,0.003,0.000,0.000,0.003,0.003,0.009,0.000,0.586,0.586,0.824
1780271329192,0.000,0.000,0.000,0.003,0.000,0.000,0.003,0.000,0.006,0.000,0.602,0.602,0.824
1780271329232,0.000,0.003,0.000,0.003,0.000,0.000,0.000,0.000,0.006,0.000,0.577,0.577,0.824
1780271329262,0.003,0.000,0.003,0.003,0.000,0.000,0.003,0.000,0.012,0.000,0.577,0.577,0.776
1780271329287,0.000,0.000,0.000,0.007,0.003,0.000,0.000,0.003,0.013,0.000,0.553,0.553,0.776
1780271329320,0.000,0.000,0.000,0.003,0.000,0.000,0.003,0.000,0.006,0.000,0.553,0.553,0.776
1780271329344,0.003,0.000,0.003,0.003,0.000,0.000,0.003,0.000,0.012,0.000,0.553,0.553,0.776
1780271329383,0.003,0.000,0.000,0.003,0.000,0.000,0.003,0.003,0.012,0.000,0.553,0.553,0.824
1780271329423,0.000,0.000,0.000,0.003,0.000,0.000,0.000,0.000,0.003,0.000,0.537,0.537,0.752
1780271329453,0.003,0.000,0.000,0.000,0.000,0.000,0.003,0.003,0.009,0.000,0.537,0.537,0.727
1780271329479,0.003,0.000,0.003,0.003,0.000,0.000,0.003,0.000,0.012,0.000,0.529,0.529,0.776
1780271329519,0.003,0.000,0.000,0.000,0.000,0.003,0.000,0.003,0.009,0.000,0.520,0.520,0.776
1780271329543,0.000,0.003,0.000,0.007,0.000,0.000,0.003,0.000,0.013,0.000,0.520,0.520,0.727
1780271329572,0.003,0.000,0.003,0.003,0.000,0.000,0.003,0.000,0.012,0.000,0.545,0.545,0.752
1780271329611,0.000,0.000,0.000,0.003,0.000,0.000,0.003,0.003,0.009,0.000,0.545,0.545,0.752
1780271329654,0.007,0.000,0.003,0.003,0.000,0.000,0.003,0.000,0.016,0.000,0.569,0.569,0.824
1780271329696,0.000,0.003,0.000,0.003,0.000,0.000,0.000,0.000,0.006,0.000,0.569,0.569,0.776
1780271329737,0.000,0.000,0.000,0.000,0.000,0.000,0.003,0.000,0.003,0.000,0.569,0.569,0.824
1780271329763,0.003,0.000,0.000,0.007,0.000,0.000,0.003,0.000,0.013,0.000,0.561,0.561,0.776
1780271329811,0.000,0.000,0.000,0.003,0.000,0.000,0.003,0.000,0.006,0.000,0.594,0.594,0.848
1780271329837,0.000,0.000,0.003,0.003,0.000,0.000,0.003,0.003,0.012,0.000,0.577,0.577,0.824
1780271329867,0.003,0.000,0.000,0.003,0.000,0.003,0.003,0.000,0.012,0.000,0.561,0.561,0.848
1780271329897,0.003,0.003,0.000,0.007,0.003,0.003,0.000,0.003,0.022,0.000,0.577,0.577,0.752
1780271329950,0.003,0.000,0.000,0.007,0.000,0.000,0.003,0.000,0.013,0.000,0.561,0.561,0.824
1780271329977,0.003,0.000,0.000,0.003,0.000,0.000,0.000,0.000,0.006,0.000,0.586,0.586,0.776
1780271330009,0.003,0.000,0.003,0.003,0.000,0.000,0.003,0.003,0.015,0.000,0.594,0.594,0.824
1780271330038,0.000,0.000,0.003,0.003,0.000,0.000,0.003,0.003,0.012,0.000,0.610,0.610,0.848
1780271330068,0.003,0.003,0.003,0.003,0.000,0.000,0.003,0.007,0.022,0.000,0.594,0.594,0.848
1780271330102,0.003,0.000,0.000,0.003,0.000,0.000,0.007,0.000,0.013,0.000,0.602,0.602,0.824
1780271330152,0.003,0.000,0.000,0.003,0.003,0.000,0.003,0.000,0.012,0.000,0.594,0.594,0.848
1780271330177,0.000,0.000,0.000,0.003,0.000,0.000,0.000,0.000,0.003,0.000,0.602,0.602,0.752
1780271330221,0.000,0.000,0.000,0.003,0.000,0.003,0.000,0.000,0.006,0.000,0.602,0.602,0.776
1780271330266,0.003,0.000,0.000,0.000,0.000,0.000,0.003,0.000,0.006,0.000,0.610,0.610,0.824
1780271330302,0.000,0.000,0.003,0.000,0.000,0.000,0.003,0.003,0.009,0.000,0.602,0.602,0.824
1780271330330,0.007,0.000,0.000,0.003,0.000,0.000,0.000,0.003,0.013,0.000,0.594,0.594,0.824
1780271330362,0.000,0.000,0.000,0.000,0.000,0.000,0.000,0.000,0.000,0.000,0.602,0.602,0.824
1780271330398,0.003,0.000,0.000,0.003,0.003,0.000,0.003,0.000,0.012,0.000,0.626,0.626,0.824
1780271330444,0.003,0.000,0.000,0.003,0.000,0.003,0.003,0.000,0.012,0.000,0.610,0.610,0.824
1780271330471,0.003,0.000,0.003,0.003,0.000,0.000,0.003,0.000,0.012,0.000,0.594,0.594,0.824
1780271330505,0.000,0.003,0.000,0.003,0.000,0.000,0.003,0.003,0.012,0.000,0.594,0.594,0.848
1780271330536,0.000,0.000,0.000,0.003,0.000,0.000,0.003,0.000,0.006,0.000,0.577,0.577,0.824
1780271330573,0.000,0.000,0.000,0.003,0.000,0.000,0.003,0.000,0.006,0.000,0.594,0.594,0.776
1780271330599,0.003,0.003,0.000,0.003,0.000,0.000,0.000,0.000,0.009,0.000,0.594,0.594,0.824
1780271330635,0.003,0.000,0.003,0.003,0.000,0.000,0.003,0.000,0.012,0.000,0.577,0.577,0.776
1780271330694,0.000,0.003,0.000,0.003,0.000,0.000,0.003,0.003,0.012,0.000,0.594,0.594,0.848
1780271330734,0.003,0.000,0.003,0.003,0.000,0.000,0.000,0.000,0.009,0.000,0.610,0.610,0.776
1780271330777,0.000,0.000,0.007,0.000,0.000,0.003,0.003,0.000,0.013,0.000,0.586,0.586,0.776
1780271330801,0.000,0.000,0.000,0.003,0.000,0.000,0.000,0.003,0.006,0.000,0.586,0.586,0.824
1780271330842,0.003,0.000,0.003,0.000,0.000,0.000,0.003,0.000,0.009,0.000,0.577,0.577,0.776
1780271330868,0.003,0.000,0.000,0.003,0.003,0.000,0.003,0.000,0.012,0.000,0.594,0.594,0.776
1780271330900,0.000,0.000,0.000,0.003,0.000,0.000,0.000,0.000,0.003,0.000,0.586,0.586,0.848
1780271330948,0.000,0.000,0.000,0.003,0.000,0.000,0.007,0.003,0.013,0.000,0.610,0.610,0.848
1780271330990,0.000,0.000,0.000,0.003,0.000,0.003,0.003,0.000,0.009,0.000,0.594,0.594,0.824
1780271331017,0.000,0.000,0.000,0.003,0.000,0.003,0.003,0.000,0.009,0.000,0.602,0.602,0.848
1780271331050,0.000,0.000,0.000,0.003,0.000,0.000,0.003,0.003,0.009,0.000,0.610,0.610,0.824
1780271331081,0.000,0.000,0.000,0.003,0.000,0.000,0.003,0.000,0.006,0.000,0.610,0.610,0.824
1780271331121,0.003,0.000,0.003,0.003,0.000,0.000,0.000,0.000,0.009,0.000,0.602,0.602,0.824
1780271331152,0.000,0.000,0.000,0.003,0.000,0.000,0.003,0.003,0.009,0.000,0.618,0.618,0.873
1780271331198,0.000,0.000,0.000,0.000,0.000,0.000,0.000,0.003,0.003,0.000,0.586,0.586,0.824
1780271331254,0.000,0.000,0.000,0.000,0.000,0.000,0.000,0.000,0.000,0.000,0.586,0.586,0.824
1780271331294,0.000,0.000,0.000,0.000,0.000,0.000,0.000,0.000,0.000,0.000,0.610,0.610,0.776
1780271331323,0.000,0.000,0.000,0.003,0.000,0.003,0.003,0.003,0.012,0.000,0.586,0.586,0.848
1780271331352,0.003,0.000,0.000,0.003,0.000,0.000,0.003,0.000,0.009,0.000,0.602,0.602,0.848
1780271331393,0.000,0.000,0.003,0.003,0.000,0.000,0.003,0.000,0.009,0.000,0.618,0.618,0.824
1780271331421,0.000,0.000,0.003,0.003,0.000,0.000,0.003,0.000,0.009,0.000,0.610,0.610,0.848
1780271331468,0.000,0.000,0.003,0.003,0.000,0.000,0.003,0.000,0.009,0.000,0.594,0.594,0.824
1780271331498,0.003,0.000,0.000,0.003,0.003,0.000,0.003,0.000,0.012,0.000,0.602,0.602,0.824
1780271331538,0.000,0.000,0.000,0.003,0.000,0.000,0.000,0.003,0.006,0.000,0.602,0.602,0.848
1780271331566,0.000,0.000,0.000,0.003,0.000,0.000,0.003,0.000,0.006,0.000,0.602,0.602,0.824
1780271331604,0.000,0.003,0.000,0.003,0.000,0.003,0.003,0.000,0.012,0.000,0.610,0.610,0.848
1780271331638,0.000,0.000,0.000,0.003,0.000,0.000,0.003,0.000,0.006,0.000,0.610,0.610,0.873
1780271331690,0.003,0.003,0.000,0.000,0.000,0.000,0.007,0.000,0.013,0.000,0.618,0.618,0.873
1780271331762,0.003,0.000,0.003,0.003,0.000,0.000,0.003,0.000,0.012,0.000,0.610,0.610,0.848
1780271331810,0.003,0.000,0.000,0.003,0.000,0.000,0.003,0.003,0.012,0.000,0.602,0.602,0.848
1780271331835,0.000,0.003,0.000,0.003,0.000,0.000,0.007,0.003,0.016,0.000,0.594,0.594,0.824
1780271331865,0.000,0.000,0.000,0.003,0.000,0.000,0.003,0.003,0.009,0.000,0.610,0.610,0.848
1780271331893,0.000,0.000,0.000,0.003,0.000,0.000,0.003,0.000,0.006,0.000,0.610,0.610,0.824
1780271331928,0.003,0.000,0.000,0.000,0.000,0.000,0.003,0.000,0.006,0.000,0.626,0.626,0.824
1780271331981,0.000,0.000,0.003,0.003,0.000,0.000,0.003,0.003,0.012,0.000,0.618,0.618,0.848
1780271332011,0.000,0.000,0.000,0.003,0.000,0.003,0.003,0.003,0.012,0.000,0.610,0.610,0.848
1780271332050,0.003,0.000,0.000,0.003,0.000,0.000,0.000,0.003,0.009,0.000,0.626,0.626,0.824
1780271332080,0.000,0.000,0.000,0.007,0.000,0.003,0.003,0.003,0.016,0.000,0.602,0.602,0.873
1780271332120,0.000,0.003,0.000,0.003,0.000,0.000,0.003,0.003,0.012,0.000,0.610,0.610,0.848
1780271332150,0.003,0.000,0.000,0.003,0.000,0.000,0.007,0.000,0.013,0.000,0.618,0.618,0.824
1780271332185,0.000,0.000,0.003,0.003,0.000,0.000,0.000,0.000,0.006,0.000,0.626,0.626,0.824
1780271332212,0.003,0.000,0.000,0.003,0.000,0.003,0.003,0.003,0.015,0.000,0.618,0.618,0.848
1780271332287,0.000,0.000,0.000,0.003,0.000,0.000,0.003,0.000,0.006,0.000,0.618,0.618,0.824
1780271332324,0.003,0.000,0.000,0.000,0.000,0.000,0.000,0.003,0.006,0.000,0.602,0.602,0.824
1780271332355,0.000,0.000,0.000,0.003,0.000,0.000,0.003,0.000,0.006,0.000,0.586,0.586,0.824
1780271332381,0.000,0.000,0.000,0.003,0.000,0.000,0.003,0.000,0.006,0.000,0.602,0.602,0.848
1780271332423,0.000,0.003,0.000,0.003,0.000,0.003,0.003,0.003,0.015,0.000,0.618,0.618,0.824
1780271332448,0.000,0.000,0.000,0.003,0.000,0.000,0.003,0.000,0.006,0.000,0.618,0.618,0.824
1780271332492,0.003,0.000,0.000,0.000,0.000,0.000,0.003,0.000,0.006,0.000,0.610,0.610,0.848
1780271332520,0.000,0.000,0.003,0.003,0.000,0.000,0.003,0.003,0.012,0.000,0.594,0.594,0.848
1780271332558,0.000,0.000,0.000,0.007,0.000,0.003,0.003,0.003,0.016,0.000,0.610,0.610,0.824
1780271332582,0.000,0.000,0.000,0.000,0.000,0.003,0.000,0.000,0.003,0.000,0.610,0.610,0.848
1780271332615,0.000,0.000,0.000,0.007,0.000,0.003,0.000,0.000,0.010,0.000,0.610,0.610,0.824
1780271332643,0.000,0.000,0.000,0.003,0.000,0.000,0.003,0.003,0.009,0.000,0.610,0.610,0.848
1780271332681,0.003,0.000,0.000,0.003,0.000,0.000,0.003,0.000,0.009,0.000,0.626,0.626,0.776
1780271332713,0.003,0.000,0.000,0.003,0.000,0.000,0.007,0.000,0.013,0.000,0.626,0.626,0.848
1780271332748,0.000,0.000,0.000,0.003,0.000,0.003,0.003,0.000,0.009,0.000,0.626,0.626,0.848
1780271332812,0.003,0.000,0.000,0.003,0.003,0.003,0.007,0.000,0.019,0.000,0.618,0.618,0.848
1780271332858,0.000,0.000,0.000,0.000,0.000,0.000,0.000,0.003,0.003,0.000,0.594,0.594,0.848
1780271332884,0.003,0.000,0.000,0.003,0.000,0.000,0.003,0.003,0.012,0.000,0.594,0.594,0.824
1780271332914,0.000,0.000,0.000,0.003,0.000,0.000,0.003,0.000,0.006,0.000,0.594,0.594,0.848
1780271332942,0.003,0.000,0.003,0.003,0.003,0.000,0.000,0.003,0.015,0.000,0.594,0.594,0.824
1780271332974,0.000,0.000,0.000,0.003,0.000,0.000,0.003,0.000,0.006,0.000,0.577,0.577,0.776
1780271333028,0.003,0.000,0.000,0.003,0.000,0.000,0.003,0.000,0.009,0.000,0.569,0.569,0.824
1780271333052,0.003,0.003,0.003,0.003,0.000,0.000,0.003,0.000,0.015,0.000,0.569,0.569,0.776
1780271333090,0.000,0.000,0.003,0.000,0.003,0.000,0.003,0.000,0.009,0.000,0.602,0.602,0.776
1780271333114,0.000,0.000,0.000,0.003,0.000,0.000,0.000,0.003,0.006,0.000,0.594,0.594,0.824
1780271333156,0.003,0.000,0.003,0.003,0.000,0.000,0.003,0.003,0.015,0.000,0.618,0.618,0.776
1780271333202,0.003,0.000,0.003,0.003,0.000,0.000,0.003,0.000,0.012,0.000,0.626,0.626,0.848
1780271333229,0.000,0.000,0.003,0.003,0.000,0.000,0.003,0.000,0.009,0.000,0.618,0.618,0.824
1780271333261,0.003,0.000,0.000,0.000,0.000,0.000,0.000,0.000,0.003,0.000,0.634,0.634,0.824
1780271333331,0.000,0.000,0.000,0.003,0.000,0.000,0.003,0.000,0.006,0.000,0.618,0.618,0.776
1780271333365,0.003,0.000,0.000,0.003,0.000,0.000,0.007,0.003,0.016,0.000,0.594,0.594,0.848
1780271333395,0.003,0.000,0.003,0.003,0.000,0.000,0.003,0.000,0.012,0.000,0.577,0.577,0.776
1780271333424,0.003,0.003,0.003,0.003,0.000,0.000,0.003,0.003,0.018,0.000,0.594,0.594,0.776
1780271333464,0.000,0.000,0.000,0.003,0.000,0.000,0.003,0.007,0.013,0.000,0.602,0.602,0.824
1780271333488,0.003,0.000,0.000,0.003,0.000,0.000,0.003,0.000,0.009,0.000,0.586,0.586,0.776
1780271333534,0.003,0.000,0.000,0.000,0.003,0.000,0.003,0.000,0.009,0.000,0.586,0.586,0.776
1780271333558,0.000,0.000,0.000,0.003,0.000,0.000,0.003,0.000,0.006,0.000,0.594,0.594,0.824
1780271333598,0.000,0.000,0.000,0.003,0.003,0.000,0.000,0.000,0.006,0.000,0.602,0.602,0.848
1780271333623,0.000,0.000,0.000,0.000,0.003,0.000,0.003,0.000,0.006,0.000,0.602,0.602,0.824
1780271333655,0.000,0.000,0.000,0.000,0.000,0.000,0.003,0.000,0.003,0.000,0.610,0.610,0.848
1780271333683,0.003,0.000,0.000,0.007,0.000,0.000,0.003,0.000,0.013,0.000,0.618,0.618,0.824
1780271333725,0.000,0.003,0.000,0.007,0.000,0.003,0.003,0.000,0.016,0.000,0.618,0.618,0.824
1780271333749,0.000,0.000,0.000,0.007,0.000,0.000,0.003,0.000,0.010,0.000,0.602,0.602,0.824
1780271333778,0.000,0.000,0.003,0.003,0.000,0.000,0.000,0.000,0.006,0.000,0.610,0.610,0.776
1780271333839,0.000,0.000,0.000,0.007,0.000,0.000,0.000,0.003,0.010,0.000,0.610,0.610,0.824
1780271333881,0.000,0.000,0.000,0.003,0.000,0.000,0.000,0.003,0.006,0.000,0.594,0.594,0.824
1780271333913,0.000,0.000,0.003,0.003,0.000,0.003,0.000,0.000,0.009,0.000,0.610,0.610,0.824
1780271333942,0.000,0.000,0.003,0.007,0.003,0.000,0.003,0.003,0.019,0.000,0.602,0.602,0.824
1780271333975,0.000,0.000,0.000,0.000,0.000,0.000,0.007,0.003,0.010,0.000,0.618,0.618,0.824
1780271334004,0.003,0.000,0.003,0.003,0.000,0.003,0.000,0.000,0.012,0.000,0.610,0.610,0.776
1780271334061,0.003,0.000,0.000,0.003,0.000,0.000,0.003,0.000,0.009,0.000,0.610,0.610,0.824
1780271334086,0.000,0.000,0.000,0.000,0.000,0.003,0.003,0.000,0.006,0.000,0.610,0.610,0.824
1780271334120,0.000,0.000,0.003,0.000,0.000,0.000,0.003,0.003,0.009,0.000,0.618,0.618,0.848
1780271334145,0.000,0.000,0.000,0.000,0.000,0.000,0.003,0.003,0.006,0.000,0.602,0.602,0.776
1780271334175,0.003,0.000,0.000,0.003,0.000,0.000,0.003,0.000,0.009,0.000,0.610,0.610,0.824
1780271334216,0.003,0.000,0.003,0.003,0.000,0.000,0.007,0.000,0.016,0.000,0.618,0.618,0.824
1780271334249,0.000,0.003,0.003,0.003,0.000,0.000,0.003,0.000,0.012,0.000,0.618,0.618,0.824
1780271334274,0.000,0.003,0.000,0.003,0.000,0.003,0.003,0.000,0.012,0.000,0.626,0.626,0.848
1780271334304,0.003,0.000,0.000,0.000,0.000,0.000,0.003,0.000,0.006,0.000,0.618,0.618,0.848
1780271334368,0.003,0.000,0.000,0.003,0.000,0.000,0.000,0.003,0.009,0.000,0.602,0.602,0.776
1780271334406,0.003,0.000,0.000,0.003,0.000,0.000,0.003,0.000,0.009,0.000,0.594,0.594,0.824
1780271334438,0.003,0.000,0.000,0.003,0.000,0.000,0.003,0.003,0.012,0.000,0.610,0.610,0.824
1780271334467,0.000,0.000,0.000,0.003,0.003,0.000,0.003,0.000,0.009,0.000,0.618,0.618,0.848
1780271334502,0.000,0.000,0.000,0.003,0.000,0.000,0.000,0.000,0.003,0.000,0.626,0.626,0.824
1780271334533,0.000,0.000,0.000,0.000,0.000,0.003,0.003,0.000,0.006,0.000,0.618,0.618,0.824
1780271334583,0.003,0.000,0.000,0.003,0.000,0.000,0.000,0.000,0.006,0.000,0.610,0.610,0.848
1780271334607,0.000,0.000,0.000,0.003,0.000,0.000,0.003,0.003,0.009,0.000,0.618,0.618,0.873
1780271334640,0.000,0.000,0.000,0.000,0.000,0.000,0.003,0.003,0.006,0.000,0.610,0.610,0.848
1780271334665,0.000,0.000,0.000,0.003,0.000,0.000,0.007,0.003,0.013,0.000,0.610,0.610,0.848
1780271334697,0.003,0.000,0.000,0.003,0.000,0.003,0.000,0.003,0.012,0.000,0.626,0.626,0.824
1780271334727,0.000,0.003,0.000,0.003,0.000,0.000,0.003,0.003,0.012,0.000,0.634,0.634,0.848
1780271334759,0.000,0.000,0.000,0.007,0.000,0.000,0.003,0.000,0.010,0.000,0.634,0.634,0.848
1780271334792,0.000,0.000,0.000,0.007,0.000,0.003,0.003,0.000,0.013,0.000,0.610,0.610,0.824
1780271334822,0.000,0.000,0.000,0.003,0.000,0.000,0.003,0.000,0.006,0.000,0.618,0.618,0.824
1780271334883,0.003,0.000,0.000,0.003,0.000,0.000,0.003,0.003,0.012,0.000,0.594,0.594,0.776
1780271334925,0.000,0.000,0.000,0.003,0.000,0.000,0.007,0.003,0.013,0.000,0.610,0.610,0.848
1780271334960,0.003,0.000,0.000,0.003,0.000,0.000,0.000,0.000,0.006,0.000,0.618,0.618,0.848
1780271334991,0.003,0.000,0.000,0.003,0.000,0.000,0.003,0.003,0.012,0.000,0.602,0.602,0.824
1780271335022,0.003,0.000,0.003,0.003,0.003,0.000,0.000,0.000,0.012,0.000,0.610,0.610,0.824
1780271335056,0.000,0.000,0.000,0.007,0.000,0.003,0.003,0.000,0.013,0.000,0.618,0.618,0.824
1780271335101,0.003,0.000,0.000,0.007,0.000,0.000,0.003,0.000,0.013,0.000,0.602,0.602,0.848
1780271335126,0.000,0.000,0.003,0.003,0.000,0.000,0.003,0.003,0.012,0.000,0.586,0.586,0.824
1780271335157,0.000,0.000,0.000,0.003,0.000,0.003,0.000,0.000,0.006,0.000,0.561,0.561,0.752
1780271335188,0.003,0.000,0.000,0.003,0.000,0.000,0.003,0.003,0.012,0.000,0.569,0.569,0.824
1780271335223,0.000,0.003,0.000,0.000,0.000,0.003,0.003,0.000,0.009,0.000,0.586,0.586,0.776
1780271335253,0.003,0.000,0.000,0.007,0.000,0.000,0.003,0.003,0.016,0.000,0.594,0.594,0.824
1780271335290,0.003,0.000,0.000,0.003,0.000,0.000,0.003,0.003,0.012,0.000,0.602,0.602,0.848
1780271335319,0.000,0.000,0.000,0.007,0.000,0.000,0.000,0.000,0.007,0.000,0.577,0.577,0.776
1780271335348,0.003,0.000,0.003,0.000,0.000,0.000,0.003,0.003,0.012,0.000,0.586,0.586,0.776
1780271335411,0.000,0.003,0.000,0.007,0.000,0.000,0.003,0.003,0.016,0.000,0.610,0.610,0.824
1780271335455,0.003,0.000,0.003,0.003,0.000,0.000,0.003,0.000,0.012,0.000,0.610,0.610,0.824
1780271335486,0.000,0.000,0.000,0.000,0.003,0.003,0.003,0.000,0.009,0.000,0.626,0.626,0.824
1780271335513,0.000,0.000,0.000,0.007,0.000,0.000,0.000,0.003,0.010,0.000,0.618,0.618,0.848
1780271335542,0.003,0.000,0.000,0.000,0.000,0.000,0.003,0.000,0.006,0.000,0.626,0.626,0.848
1780271335568,0.003,0.000,0.000,0.007,0.000,0.000,0.003,0.003,0.016,0.000,0.626,0.626,0.848
1780271335617,0.003,0.003,0.003,0.003,0.000,0.003,0.003,0.000,0.018,0.000,0.626,0.626,0.824
1780271335645,0.003,0.000,0.000,0.003,0.000,0.000,0.003,0.000,0.009,0.000,0.626,0.626,0.848
1780271335675,0.003,0.000,0.000,0.003,0.000,0.003,0.003,0.000,0.012,0.000,0.602,0.602,0.848
1780271335705,0.003,0.000,0.000,0.003,0.000,0.000,0.003,0.000,0.009,0.000,0.610,0.610,0.824
1780271335737,0.003,0.000,0.003,0.003,0.000,0.003,0.003,0.000,0.015,0.000,0.610,0.610,0.848
1780271335765,0.000,0.000,0.000,0.000,0.000,0.000,0.003,0.000,0.003,0.000,0.610,0.610,0.848
1780271335798,0.000,0.000,0.000,0.003,0.003,0.000,0.003,0.000,0.009,0.000,0.618,0.618,0.848
1780271335822,0.003,0.000,0.000,0.003,0.000,0.000,0.000,0.000,0.006,0.000,0.626,0.626,0.848
1780271335852,0.000,0.000,0.000,0.003,0.000,0.000,0.003,0.003,0.009,0.000,0.618,0.618,0.848
1780271335916,0.003,0.000,0.000,0.003,0.000,0.000,0.003,0.000,0.009,0.000,0.618,0.618,0.824
1780271335955,0.000,0.000,0.000,0.003,0.000,0.000,0.003,0.000,0.006,0.000,0.610,0.610,0.848
1780271335990,0.000,0.000,0.000,0.003,0.000,0.000,0.003,0.003,0.009,0.000,0.626,0.626,0.776
1780271336015,0.000,0.000,0.000,0.003,0.000,0.000,0.003,0.000,0.006,0.000,0.602,0.602,0.824
1780271336047,0.003,0.000,0.000,0.007,0.000,0.000,0.003,0.000,0.013,0.000,0.602,0.602,0.824
1780271336071,0.000,0.000,0.000,0.003,0.000,0.000,0.003,0.000,0.006,0.000,0.602,0.602,0.776
1780271336116,0.000,0.000,0.003,0.003,0.000,0.000,0.000,0.003,0.009,0.000,0.602,0.602,0.824
1780271336142,0.003,0.000,0.000,0.003,0.000,0.000,0.007,0.000,0.013,0.000,0.602,0.602,0.824
1780271336177,0.000,0.000,0.000,0.007,0.000,0.000,0.003,0.000,0.010,0.000,0.594,0.594,0.824
1780271336209,