wall_clock_ms,lf_A,rf_A,lb_A,rb_A,frontIntake_A,backIntake_A,lShooter_A,rShooter_A,motor_total_A,controlHub_A,expansionHub_A,hub_total_A,floodgate_A
1780271970819,0.000,0.000,0.003,0.003,0.000,0.000,0.003,0.000,0.009,0.512,0.105,0.617,0.703
1780271970915,0.000,0.000,0.000,0.003,0.000,0.003,0.000,0.000,0.006,0.496,0.472,0.968,0.873
1780271970945,0.000,0.000,0.000,0.003,0.000,0.000,0.021,0.000,0.024,0.512,0.463,0.975,1.139
1780271970992,0.003,0.000,0.000,0.003,0.000,0.000,0.000,0.003,0.009,0.529,0.374,0.903,1.018
1780271971023,0.003,0.000,0.000,0.000,0.000,0.000,0.000,0.000,0.003,0.504,0.252,0.756,0.945
1780271971065,0.000,0.000,0.003,0.003,0.000,0.003,0.000,0.007,0.016,0.496,0.301,0.797,0.727
1780271971096,0.003,0.000,0.000,0.003,0.000,0.000,0.021,0.000,0.027,0.496,0.480,0.976,1.115
1780271971137,0.000,0.000,0.000,0.003,0.000,0.003,0.007,0.000,0.013,0.504,0.447,0.951,1.115
1780271971172,0.000,0.000,0.000,0.000,0.000,0.000,0.007,0.000,0.007,0.504,0.366,0.870,0.970
1780271971214,0.000,0.000,0.000,0.003,0.000,0.003,0.000,0.003,0.009,0.488,0.170,0.658,0.848
1780271971249,0.000,0.000,0.000,0.003,0.000,0.000,0.003,0.003,0.009,0.520,0.146,0.666,0.679
1780271971289,0.000,0.000,0.003,0.003,0.000,0.000,0.003,0.000,0.009,0.520,0.130,0.650,0.727
1780271971344,0.000,0.000,0.000,0.003,0.000,0.000,0.003,0.003,0.009,0.529,0.130,0.659,0.752
1780271971419,0.003,0.000,0.000,0.003,0.000,0.000,0.007,0.000,0.013,0.537,0.130,0.667,0.727
1780271971456,0.000,0.000,0.000,0.000,0.000,0.000,0.003,0.007,0.010,0.520,0.130,0.650,0.727
1780271971503,0.000,0.000,0.000,0.003,0.000,0.000,0.000,0.003,0.006,0.520,0.130,0.650,0.727
1780271971532,0.003,0.000,0.000,0.003,0.000,0.003,0.003,0.000,0.012,0.496,0.122,0.618,0.727
1780271971569,0.003,0.000,0.000,0.003,0.000,0.000,0.003,0.003,0.012,0.496,0.122,0.618,0.703
1780271971598,0.000,0.000,0.003,0.003,0.000,0.000,0.000,0.000,0.006,0.488,0.130,0.618,0.703
1780271971639,0.000,0.003,0.000,0.003,0.000,0.000,0.003,0.003,0.012,0.504,0.122,0.626,0.679
1780271971667,0.003,0.000,0.000,0.003,0.000,0.000,0.003,0.003,0.012,0.512,0.122,0.634,0.727
1780271971707,0.003,0.000,0.000,0.003,0.000,0.000,0.000,0.000,0.006,0.504,0.130,0.634,0.727
1780271971737,0.000,0.000,0.000,0.003,0.000,0.000,0.003,0.003,0.009,0.520,0.113,0.633,0.703
1780271971775,0.003,0.000,0.003,0.003,0.000,0.000,0.003,0.000,0.012,0.512,0.113,0.625,0.703
1780271971809,0.000,0.003,0.000,0.003,0.000,0.000,0.000,0.003,0.009,0.504,0.113,0.617,0.703
1780271971869,0.003,0.000,0.000,0.003,0.000,0.000,0.000,0.000,0.006,0.488,0.122,0.610,0.703
1780271971956,0.000,0.000,0.000,0.003,0.000,0.000,0.003,0.003,0.009,0.480,0.122,0.602,0.703
1780271971990,0.003,0.000,0.000,0.003,0.000,0.000,0.003,0.000,0.009,0.520,0.122,0.642,0.703
1780271972023,0.000,0.000,0.003,0.003,0.000,0.003,0.003,0.003,0.015,0.520,0.122,0.642,0.752
1780271972056,0.003,0.003,0.000,0.003,0.000,0.000,0.003,0.003,0.015,0.488,0.122,0.610,0.703
1780271972097,0.003,0.000,0.000,0.003,0.003,0.000,0.000,0.003,0.012,0.520,0.122,0.642,0.703
1780271972125,0.000,0.000,0.000,0.003,0.000,0.000,0.003,0.003,0.009,0.545,0.122,0.667,0.727
1780271972155,0.000,0.000,0.000,0.003,0.003,0.003,0.003,0.000,0.012,0.520,0.130,0.650,0.727
1780271972181,0.000,0.000,0.000,0.003,0.000,0.000,0.003,0.003,0.009,0.529,0.122,0.651,0.727
1780271972216,0.000,0.000,0.000,0.003,0.000,0.000,0.003,0.000,0.006,0.520,0.122,0.642,0.727
1780271972248,0.003,0.000,0.000,0.003,0.000,0.000,0.003,0.000,0.009,0.545,0.122,0.667,0.752
1780271972280,0.003,0.000,0.000,0.003,0.000,0.000,0.003,0.003,0.012,0.512,0.122,0.634,0.703
1780271972311,0.000,0.000,0.000,0.003,0.000,0.000,0.003,0.000,0.006,0.496,0.122,0.618,0.703
1780271972378,0.167,0.138,0.043,0.091,0.003,0.000,0.003,0.000,0.445,0.553,0.130,0.683,0.727
1780271972472,0.856,0.845,0.725,0.739,0.000,0.003,0.003,0.000,3.171,1.009,0.130,1.139,0.994
1780271972524,1.180,1.122,1.067,1.166,0.000,0.000,0.003,0.000,4.538,1.457,0.122,1.579,1.503
1780271972562,1.253,1.191,1.086,1.264,0.000,0.003,0.003,0.003,4.803,1.497,0.122,1.619,1.576
1780271972602,2.103,0.630,1.928,0.659,0.000,0.000,0.000,0.000,5.320,2.124,0.105,2.229,1.842
1780271972640,3.083,1.603,3.007,1.607,0.000,0.000,0.003,0.003,9.306,4.477,0.105,4.582,2.594
1780271972681,3.885,3.725,3.922,3.936,0.000,0.000,0.003,0.000,15.471,9.035,0.089,9.124,6.982
1780271972715,3.969,4.217,4.395,5.062,0.000,0.000,0.003,0.003,17.649,13.349,0.089,13.438,9.818
1780271972762,3.819,4.158,4.363,5.132,0.000,0.000,0.003,0.000,17.475,15.816,0.130,15.946,13.576
1780271972790,3.564,3.597,4.253,4.676,0.000,0.000,0.003,0.000,16.093,15.254,0.146,15.400,14.303
1780271972833,2.948,2.941,3.721,4.180,0.000,0.000,0.003,0.000,13.793,13.056,0.146,13.202,12.727
1780271972896,2.256,2.394,3.014,3.542,0.000,0.000,0.003,0.000,11.209,10.850,0.138,10.988,10.376
1780271972983,1.647,1.600,2.606,3.003,0.000,0.000,0.003,0.000,8.859,9.027,0.138,9.165,8.097
1780271973014,1.622,1.567,2.500,2.690,0.000,0.000,0.003,0.000,8.382,8.498,0.138,8.636,7.588
1780271973054,1.622,1.432,2.427,2.533,0.000,0.000,0.000,0.003,8.017,8.131,0.138,8.269,7.297
1780271973098,0.780,0.900,1.399,1.279,0.000,0.000,0.000,0.000,4.358,3.931,0.130,4.061,6.861
1780271973146,0.105,0.116,0.233,0.182,0.000,0.000,0.003,0.000,0.639,1.269,0.122,1.391,1.261
1780271973176,0.025,0.021,0.032,0.040,0.003,0.000,0.003,0.003,0.127,0.789,0.122,0.911,0.630
1780271973211,0.007,0.007,0.010,0.010,0.000,0.003,0.003,0.000,0.040,0.618,0.122,0.740,0.679
1780271973242,0.003,0.003,0.003,0.003,0.000,0.000,0.003,0.000,0.015,0.553,0.122,0.675,0.727
1780271973287,0.000,0.000,0.003,0.003,0.000,0.000,0.003,0.003,0.012,0.545,0.122,0.667,0.848
1780271973314,0.000,0.003,0.003,0.007,0.000,0.000,0.003,0.000,0.016,0.529,0.122,0.651,0.824
1780271973354,0.000,0.000,0.000,0.007,0.000,0.000,0.003,0.000,0.010,0.529,0.130,0.659,0.776
1780271973421,0.003,0.000,0.003,0.003,0.000,0.000,0.003,0.000,0.012,0.537,0.130,0.667,0.752
1780271973502,0.000,0.003,0.000,0.003,0.000,0.000,0.003,0.003,0.012,0.537,0.113,0.650,0.727
1780271973540,0.000,0.000,0.000,0.003,0.000,0.000,0.003,0.003,0.009,0.545,0.122,0.667,0.727
1780271973573,0.000,0.000,0.003,0.003,0.000,0.000,0.003,0.000,0.009,0.537,0.113,0.650,0.703
1780271973600,0.000,0.000,0.003,0.003,0.000,0.000,0.000,0.000,0.006,0.537,0.113,0.650,0.727
1780271973645,0.003,0.000,0.000,0.003,0.000,0.000,0.000,0.000,0.006,0.529,0.113,0.642,0.727
1780271973680,0.000,0.000,0.000,0.003,0.000,0.000,0.003,0.000,0.006,0.537,0.113,0.650,0.727
1780271973710,0.000,0.000,0.000,0.003,0.000,0.000,0.000,0.003,0.006,0.537,0.122,0.659,0.727
1780271973737,0.000,0.000,0.000,0.003,0.000,0.000,0.000,0.003,0.006,0.520,0.113,0.633,0.703
1780271973778,0.000,0.000,0.000,0.000,0.000,0.000,0.003,0.000,0.003,0.537,0.122,0.659,0.727
1780271973815,0.003,0.000,0.000,0.003,0.000,0.000,0.003,0.000,0.009,0.529,0.130,0.659,0.727
1780271973849,0.000,0.000,0.000,0.000,0.000,0.000,0.000,0.000,0.000,0.529,0.122,0.651,0.727
1780271973881,0.003,0.000,0.000,0.003,0.000,0.000,0.003,0.003,0.012,0.529,0.122,0.651,0.727
1780271973934,0.000,0.000,0.000,0.003,0.000,0.000,0.000,0.000,0.003,0.520,0.130,0.650,0.727
1780271974026,0.000,0.000,0.000,0.003,0.000,0.003,0.003,0.000,0.009,0.537,0.130,0.667,0.727
1780271974054,0.000,0.000,0.000,0.003,0.000,0.000,0.003,0.003,0.009,0.529,0.122,0.651,0.776
1780271974092,0.000,0.000,0.000,0.003,0.000,0.000,0.003,0.000,0.006,0.520,0.122,0.642,0.824
1780271974118,0.000,0.000,0.000,0.003,0.000,0.000,0.000,0.000,0.003,0.529,0.122,0.651,0.945
1780271974164,0.000,0.000,0.003,0.003,0.003,0.000,0.003,0.000,0.012,0.529,0.130,0.659,0.970
1780271974191,0.003,0.000,0.003,0.003,0.000,0.000,0.000,0.000,0.009,0.520,0.130,0.650,0.970
1780271974224,0.000,0.000,0.003,0.003,0.000,0.000,0.003,0.000,0.009,0.520,0.130,0.650,0.994
1780271974258,0.000,0.000,0.000,0.003,0.000,0.000,0.000,0.000,0.003,0.537,0.122,0.659,0.970
1780271974302,0.000,0.000,0.000,0.003,0.000,0.000,0.003,0.003,0.009,0.512,0.113,0.625,0.970
1780271974336,0.003,0.000,0.000,0.003,0.000,0.000,0.003,0.003,0.012,0.520,0.113,0.633,0.897
1780271974375,0.000,0.000,0.000,0.003,0.000,0.000,0.003,0.000,0.006,0.520,0.113,0.633,0.897
1780271974406,0.000,0.000,0.000,0.003,0.000,0.003,0.003,0.000,0.009,0.512,0.113,0.625,0.873
1780271974473,0.000,0.000,0.000,0.007,0.000,0.000,0.003,0.000,0.010,0.512,0.113,0.625,0.752
1780271974555,0.003,0.000,0.000,0.003,0.000,0.000,0.003,0.000,0.009,0.529,0.113,0.642,0.727
1780271974587,0.000,0.003,0.003,0.003,0.000,0.000,0.003,0.003,0.015,0.520,0.113,0.633,0.703
1780271974621,0.000,0.000,0.003,0.003,0.000,0.000,0.003,0.000,0.009,0.512,0.113,0.625,0.703
1780271974657,0.003,0.000,0.000,0.003,0.000,0.000,0.003,0.000,0.009,0.529,0.113,0.642,0.703
1780271974693,0.000,0.003,0.000,0.000,0.000,0.000,0.003,0.000,0.006,0.520,0.113,0.633,0.703
1780271974728,0.000,0.000,0.000,0.003,0.000,0.003,0.003,0.003,0.012,0.504,0.113,0.617,0.703
1780271974770,0.003,0.000,0.000,0.000,0.000,0.000,0.003,0.000,0.006,0.520,0.113,0.633,0.703
1780271974805,0.000,0.000,0.000,0.003,0.000,0.000,0.003,0.000,0.006,0.537,0.113,0.650,0.727
1780271974842,0.000,0.000,0.000,0.003,0.000,0.000,0.003,0.000,0.006,0.529,0.113,0.642,0.727
1780271974882,0.003,0.000,0.000,0.003,0.000,0.000,0.003,0.003,0.012,0.520,0.113,0.633,0.703
1780271974918,0.000,0.000,0.000,0.003,0.000,0.000,0.003,0.000,0.006,0.529,0.113,0.642,0.703
1780271974972,0.000,0.000,0.000,0.003,0.000,0.003,0.003,0.000,0.009,0.545,0.113,0.658,0.727
1780271975005,0.000,0.000,0.000,0.003,0.000,0.000,0.003,0.003,0.009,0.537,0.113,0.650,0.703
1780271975074,0.000,0.000,0.000,0.003,0.000,0.000,0.000,0.003,0.006,0.537,0.113,0.650,0.703
1780271975102,0.003,0.000,0.000,0.003,0.000,0.000,0.003,0.000,0.009,0.529,0.122,0.651,0.727
1780271975138,0.000,0.000,0.000,0.003,0.000,0.003,0.003,0.000,0.009,0.529,0.113,0.642,0.727
1780271975173,0.003,0.000,0.000,0.003,0.000,0.000,0.003,0.000,0.009,0.529,0.113,0.642,0.703
1780271975210,0.003,0.000,0.000,0.003,0.000,0.000,0.003,0.000,0.009,0.537,0.113,0.650,0.703
1780271975239,0.000,0.000,0.000,0.003,0.000,0.000,0.003,0.003,0.009,0.520,0.122,0.642,0.703
1780271975286,0.003,0.000,0.000,0.000,0.000,0.000,0.003,0.000,0.006,0.537,0.113,0.650,0.703
1780271975315,0.000,0.000,0.000,0.003,0.000,0.000,0.003,0.003,0.009,0.537,0.113,0.650,0.727
1780271975360,0.003,0.000,0.000,0.003,0.000,0.003,0.003,0.000,0.012,0.520,0.122,0.642,0.727
1780271975392,0.003,0.000,0.000,0.003,0.000,0.000,0.003,0.003,0.012,0.520,0.122,0.642,0.727
1780271975435,0.000,0.000,0.000,0.003,0.000,0.000,0.003,0.000,0.006,0.529,0.113,0.642,0.703
1780271975494,0.000,0.000,0.000,0.003,0.000,0.000,0.003,0.000,0.006,0.512,0.113,0.625,0.703
1780271975532,0.003,0.003,0.000,0.003,0.000,0.000,0.003,0.003,0.015,0.520,0.113,0.633,0.703
1780271975632,0.000,0.000,0.000,0.003,0.000,0.000,0.003,0.003,0.009,0.529,0.113,0.642,0.703
1780271975666,0.003,0.000,0.003,0.003,0.000,0.000,0.003,0.003,0.015,0.512,0.113,0.625,0.727
1780271975719,0.003,0.000,0.000,0.003,0.000,0.000,0.003,0.000,0.009,0.529,0.113,0.642,0.703
1780271975752,0.000,0.000,0.000,0.000,0.000,0.000,0.003,0.000,0.003,0.537,0.113,0.650,0.727
1780271975785,0.000,0.000,0.000,0.007,0.000,0.000,0.000,0.000,0.007,0.561,0.113,0.674,0.727
1780271975810,0.000,0.000,0.003,0.003,0.003,0.000,0.003,0.003,0.015,0.553,0.113,0.666,0.727
1780271975840,0.000,0.000,0.000,0.003,0.000,0.003,0.003,0.003,0.012,0.529,0.113,0.642,0.727
1780271975873,0.003,0.000,0.000,0.003,0.000,0.000,0.000,0.000,0.006,0.512,0.113,0.625,0.679
1780271975911,0.000,0.000,0.000,0.003,0.000,0.000,0.003,0.000,0.006,0.520,0.113,0.633,0.679
1780271975944,0.000,0.000,0.000,0.003,0.000,0.000,0.003,0.003,0.009,0.512,0.113,0.625,0.703
1780271976005,0.000,0.000,0.000,0.000,0.000,0.000,0.003,0.000,0.003,0.512,0.113,0.625,0.679
1780271976055,0.000,0.000,0.000,0.003,0.000,0.003,0.003,0.003,0.012,0.529,0.113,0.642,0.727
1780271976126,0.000,0.000,0.000,0.003,0.000,0.000,0.003,0.000,0.006,0.512,0.113,0.625,0.703
1780271976155,0.000,0.000,0.000,0.003,0.000,0.000,0.003,0.000,0.006,0.512,0.113,0.625,0.679
1780271976194,0.000,0.000,0.000,0.003,0.000,0.003,0.003,0.003,0.012,0.529,0.113,0.642,0.703
1780271976232,0.003,0.000,0.003,0.003,0.000,0.000,0.003,0.003,0.015,0.529,0.113,0.642,0.703
1780271976275,0.000,0.000,0.000,0.000,0.000,0.000,0.003,0.000,0.003,0.529,0.113,0.642,0.703
1780271976311,0.000,0.000,0.000,0.003,0.000,0.000,0.000,0.003,0.006,0.545,0.113,0.658,0.703
1780271976350,0.000,0.000,0.000,0.003,0.000,0.000,0.003,0.000,0.006,0.545,0.113,0.658,0.703
1780271976380,0.000,0.000,0.000,0.007,0.000,0.000,0.003,0.000,0.010,0.529,0.113,0.642,0.703
1780271976417,0.003,0.000,0.000,0.003,0.000,0.000,0.003,0.003,0.012,0.512,0.122,0.634,0.703
1780271976453,0.000,0.000,0.003,0.003,0.000,0.000,0.003,0.000,0.009,0.504,0.122,0.626,0.703
1780271976509,0.000,0.000,0.000,0.003,0.000,0.000,0.003,0.000,0.006,0.520,0.113,0.633,0.679
1780271976540,0.000,0.000,0.000,0.003,0.000,0.000,0.000,0.000,0.003,0.529,0.113,0.642,0.703
1780271976573,0.000,0.000,0.003,0.000,0.000,0.003,0.003,0.000,0.009,0.529,0.113,0.642,0.727
1780271976658,0.000,0.003,0.000,0.003,0.000,0.003,0.003,0.003,0.015,0.520,0.113,0.633,0.703
1780271976686,0.000,0.003,0.003,0.000,0.000,0.000,0.003,0.003,0.012,0.512,0.113,0.625,0.703
1780271976725,0.000,0.000,0.000,0.003,0.000,0.000,0.003,0.000,0.006,0.520,0.113,0.633,0.703
1780271976784,0.003,0.000,0.000,0.003,0.000,0.003,0.003,0.003,0.015,0.512,0.113,0.625,0.679
1780271976832,0.000,0.000,0.000,0.003,0.000,0.003,0.003,0.000,0.009,0.537,0.113,0.650,0.727
1780271976862,0.000,0.000,0.000,0.003,0.000,0.000,0.003,0.000,0.006,0.504,0.113,0.617,0.703
1780271976902,0.000,0.000,0.000,0.000,0.000,0.000,0.003,0.000,0.003,0.504,0.113,0.617,0.679
1780271976933,0.000,0.000,0.000,0.003,0.000,0.000,0.003,0.000,0.006,0.520,0.113,0.633,0.679
1780271976984,0.000,0.000,0.000,0.003,0.000,0.003,0.003,0.003,0.012,0.504,0.113,0.617,0.703
1780271977054,0.003,0.000,0.000,0.003,0.000,0.000,0.003,0.000,0.009,0.520,0.122,0.642,0.679
1780271977085,0.000,0.000,0.000,0.007,0.000,0.003,0.003,0.000,0.013,0.537,0.113,0.650,0.703
1780271977174,0.000,0.000,0.003,0.003,0.000,0.000,0.003,0.000,0.009,0.520,0.113,0.633,0.703
1780271977203,0.000,0.000,0.000,0.003,0.000,0.000,0.000,0.003,0.006,0.520,0.113,0.633,0.727
1780271977239,0.007,0.000,0.000,0.003,0.000,0.000,0.003,0.003,0.016,0.504,0.113,0.617,0.703
1780271977294,0.000,0.000,0.000,0.003,0.000,0.000,0.003,0.000,0.006,0.529,0.113,0.642,0.703
1780271977344,0.003,0.000,0.003,0.003,0.000,0.000,0.003,0.003,0.015,0.529,0.113,0.642,0.727
1780271977376,0.000,0.000,0.000,0.003,0.000,0.003,0.000,0.000,0.006,0.520,0.122,0.642,0.703
1780271977413,0.000,0.000,0.000,0.003,0.000,0.000,0.003,0.000,0.006,0.520,0.113,0.633,0.703
1780271977446,0.003,0.000,0.000,0.003,0.000,0.000,0.000,0.003,0.009,0.520,0.113,0.633,0.703
1780271977489,0.000,0.000,0.000,0.003,0.000,0.000,0.003,0.000,0.006,0.504,0.113,0.617,0.703
1780271977549,0.003,0.000,0.000,0.003,0.000,0.000,0.000,0.000,0.006,0.504,0.113,0.617,0.703
1780271977583,0.000,0.000,0.000,0.007,0.000,0.000,0.003,0.003,0.013,0.545,0.113,0.658,0.679
1780271977620,0.000,0.000,0.000,0.003,0.000,0.000,0.003,0.000,0.006,0.529,0.113,0.642,0.727
1780271977699,0.000,0.007,0.000,0.003,0.000,0.000,0.003,0.003,0.016,0.512,0.113,0.625,0.703
1780271977729,0.000,0.000,0.000,0.003,0.000,0.000,0.003,0.003,0.009,0.504,0.113,0.617,0.703
1780271977765,0.000,0.000,0.000,0.003,0.000,0.000,0.003,0.000,0.006,0.512,0.113,0.625,0.679
1780271977804,0.000,0.000,0.000,0.003,0.000,0.000,0.003,0.000,0.006,0.529,0.113,0.642,0.703
1780271977840,0.000,0.000,0.000,0.000,0.000,0.000,0.000,0.003,0.003,0.545,0.113,0.658,0.727
1780271977869,0.000,0.000,0.000,0.003,0.003,0.000,0.003,0.000,0.009,0.520,0.113,0.633,0.703
1780271977907,0.000,0.000,0.000,0.003,0.000,0.000,0.003,0.000,0.006,0.512,0.113,0.625,0.703
1780271977934,0.000,0.000,0.000,0.003,0.000,0.000,0.003,0.000,0.006,0.512,0.113,0.625,0.703
1780271977973,0.000,0.000,0.000,0.003,0.000,0.000,0.003,0.003,0.009,0.520,0.113,0.633,0.703
1780271978002,0.003,0.000,0.000,0.003,0.000,0.000,0.003,0.000,0.009,0.529,0.113,0.642,0.703
1780271978075,0.000,0.000,0.000,0.003,0.000,0.000,0.003,0.003,0.009,0.529,0.113,0.642,0.703
1780271978109,0.000,0.000,0.003,0.003,0.000,0.000,0.003,0.000,0.009,0.520,0.113,0.633,0.703
1780271978144,0.000,0.000,0.003,0.003,0.003,0.000,0.007,0.000,0.016,0.512,0.113,0.625,0.679
1780271978242,0.000,0.000,0.000,0.003,0.000,0.000,0.003,0.000,0.006,0.520,0.113,0.633,0.703
1780271978275,0.000,0.000,0.000,0.007,0.000,0.000,0.003,0.000,0.010,0.512,0.113,0.625,0.727
1780271978325,0.000,0.000,0.000,0.003,0.000,0.000,0.003,0.000,0.006,0.529,0.113,0.642,0.703
1780271978373,0.000,0.000,0.000,0.007,0.000,0.000,0.003,0.003,0.013,0.520,0.113,0.633,0.727
1780271978402,0.003,0.000,0.000,0.003,0.000,0.000,0.003,0.003,0.012,0.512,0.113,0.625,0.703
1780271978445,0.000,0.000,0.003,0.003,0.003,0.000,0.007,0.000,0.016,0.520,0.113,0.633,0.703
1780271978476,0.000,0.000,0.000,0.007,0.000,0.000,0.003,0.000,0.010,0.512,0.113,0.625,0.703
1780271978520,0.000,0.000,0.000,0.003,0.000,0.000,0.003,0.003,0.009,0.520,0.113,0.633,0.703
1780271978585,0.003,0.000,0.000,0.003,0.000,0.000,0.003,0.000,0.009,0.545,0.113,0.658,0.703
1780271978614,0.000,0.000,0.000,0.003,0.000,0.000,0.003,0.000,0.006,0.520,0.113,0.633,0.727
1780271978655,0.003,0.000,0.000,0.003,0.000,0.003,0.000,0.000,0.009,0.520,0.113,0.633,0.703
1780271978711,0.000,0.003,0.000,0.003,0.000,0.000,0.003,0.000,0.009,0.520,0.113,0.633,0.703
1780271978769,0.000,0.000,0.000,0.003,0.000,0.000,0.003,0.000,0.006,0.512,0.113,0.625,0.703
1780271978804,0.003,0.000,0.000,0.003,0.000,0.003,0.003,0.003,0.015,0.512,0.113,0.625,0.703
1780271978857,0.000,0.000,0.000,0.003,0.000,0.000,0.003,0.000,0.006,0.520,0.113,0.633,0.703
1780271978889,0.003,0.000,0.000,0.003,0.000,0.000,0.003,0.000,0.009,0.520,0.113,0.633,0.703
1780271978923,0.003,0.000,0.000,0.003,0.000,0.000,0.000,0.000,0.006,0.529,0.113,0.642,0.703
1780271978955,0.000,0.000,0.000,0.003,0.000,0.000,0.000,0.003,0.006,0.520,0.113,0.633,0.703
1780271978989,0.000,0.000,0.000,0.007,0.000,0.003,0.003,0.003,0.016,0.529,0.113,0.642,0.727
1780271979017,0.000,0.000,0.000,0.003,0.000,0.003,0.000,0.000,0.006,0.529,0.113,0.642,0.727
1780271979054,0.003,0.000,0.000,0.003,0.000,0.000,0.003,0.000,0.009,0.529,0.113,0.642,0.703
1780271979122,0.003,0.000,0.000,0.003,0.000,0.003,0.000,0.003,0.012,0.537,0.122,0.659,0.727
1780271979150,0.000,0.000,0.000,0.000,0.000,0.000,0.003,0.000,0.003,0.520,0.113,0.633,0.703
1780271979185,0.000,0.003,0.000,0.003,0.000,0.003,0.003,0.000,0.012,0.512,0.113,0.625,0.679
1780271979234,0.000,0.000,0.000,0.003,0.003,0.000,0.003,0.000,0.009,0.520,0.113,0.633,0.703
1780271979296,0.000,0.000,0.000,0.003,0.000,0.000,0.003,0.000,0.006,0.520,0.122,0.642,0.703
1780271979328,0.000,0.000,0.000,0.003,0.000,0.000,0.003,0.000,0.006,0.537,0.113,0.650,0.703
1780271979373,0.003,0.000,0.000,0.003,0.000,0.000,0.003,0.000,0.009,0.512,0.113,0.625,0.703
1780271979405,0.000,0.000,0.003,0.003,0.000,0.000,0.003,0.003,0.012,0.504,0.113,0.617,0.727
1780271979456,0.000,0.000,0.003,0.003,0.000,0.000,0.000,0.003,0.009,0.529,0.113,0.642,0.679
1780271979494,0.000,0.000,0.000,0.003,0.003,0.000,0.003,0.003,0.012,0.529,0.113,0.642,0.727
1780271979531,0.000,0.000,0.000,0.003,0.000,0.000,0.000,0.000,0.003,0.537,0.122,0.659,0.703
1780271979557,0.000,0.000,0.000,0.003,0.000,0.000,0.003,0.000,0.006,0.545,0.113,0.658,0.727
1780271979605,0.000,0.000,0.000,0.007,0.000,0.000,0.003,0.000,0.010,0.553,0.113,0.666,0.727
1780271979641,0.003,0.000,0.000,0.003,0.003,0.000,0.003,0.003,0.015,0.545,0.113,0.658,0.727
1780271979673,0.000,0.000,0.000,0.003,0.000,0.003,0.003,0.000,0.009,0.537,0.113,0.650,0.727
1780271979705,0.003,0.000,0.000,0.003,0.000,0.000,0.000,0.000,0.006,0.520,0.113,0.633,0.703
1780271979770,0.000,0.000,0.000,0.000,0.000,0.000,0.003,0.000,0.003,0.520,0.113,0.633,0.703
1780271979834,0.000,0.000,0.000,0.003,0.000,0.000,0.003,0.003,0.009,0.553,0.113,0.666,0.703
1780271979873,0.000,0.000,0.000,0.003,0.003,0.000,0.000,0.000,0.006,0.529,0.113,0.642,0.703
1780271979918,0.000,0.000,0.000,0.000,0.003,0.000,0.003,0.000,0.006,0.520,0.113,0.633,0.703
1780271979948,0.000,0.000,0.000,0.003,0.000,0.000,0.003,0.000,0.006,0.520,0.113,0.633,0.703
1780271979988,0.000,0.000,0.000,0.003,0.000,0.000,0.003,0.000,0.006,0.512,0.113,0.625,0.703
1780271980024,0.000,0.000,0.003,0.003,0.000,0.000,0.003,0.003,0.012,0.512,0.113,0.625,0.703
1780271980070,0.003,0.000,0.000,0.003,0.000,0.000,0.003,0.003,0.012,0.512,0.113,0.625,0.703
1780271980122,0.000,0.000,0.000,0.003,0.000,0.000,0.003,0.003,0.009,0.520,0.113,0.633,0.703
1780271980164,0.000,0.000,0.000,0.003,0.000,0.000,0.003,0.000,0.006,0.504,0.113,0.617,0.703
1780271980199,0.003,0.000,0.000,0.003,0.000,0.000,0.003,0.003,0.012,0.504,0.113,0.617,0.703
1780271980229,0.000,0.000,0.003,0.003,0.000,0.000,0.003,0.000,0.009,0.512,0.122,0.634,0.679
1780271980283,0.000,0.000,0.000,0.003,0.000,0.000,0.003,0.000,0.006,0.520,0.113,0.633,0.703
1780271980361,0.003,0.000,0.000,0.007,0.003,0.000,0.000,0.000,0.013,0.537,0.113,0.650,0.679
1780271980411,0.003,0.000,0.000,0.003,0.000,0.000,0.003,0.000,0.009,0.529,0.122,0.651,0.703
1780271980443,0.000,0.000,0.000,0.003,0.000,0.003,0.003,0.003,0.012,0.529,0.113,0.642,0.703
1780271980484,0.003,0.000,0.000,0.000,0.000,0.000,0.003,0.003,0.009,0.512,0.113,0.625,0.703
1780271980513,0.000,0.000,0.000,0.003,0.000,0.000,0.003,0.000,0.006,0.504,0.122,0.626,0.703
1780271980548,0.000,0.000,0.000,0.003,0.000,0.000,0.003,0.003,0.009,0.512,0.113,0.625,0.679
1780271980581,0.003,0.000,0.000,0.007,0.000,0.000,0.003,0.000,0.013,0.529,0.113,0.642,0.703
1780271980636,0.000,0.000,0.000,0.003,0.000,0.003,0.003,0.000,0.009,0.496,0.113,0.609,0.679
1780271980675,0.000,0.000,0.000,0.007,0.000,0.003,0.003,0.000,0.013,0.504,0.113,0.617,0.679
1780271980709,0.000,0.000,0.000,0.003,0.000,0.000,0.003,0.000,0.006,0.520,0.113,0.633,0.727
1780271980749,0.000,0.000,0.000,0.003,0.000,0.000,0.003,0.003,0.009,0.512,0.113,0.625,0.679
1780271980822,0.007,0.000,0.000,0.003,0.000,0.000,0.003,0.000,0.013,0.512,0.113,0.625,0.679
1780271980883,0.000,0.000,0.000,0.003,0.000,0.000,0.003,0.003,0.009,0.520,0.113,0.633,0.703
1780271980919,0.000,0.003,0.000,0.003,0.000,0.000,0.003,0.000,0.009,0.504,0.113,0.617,0.679
1780271980964,0.000,0.000,0.000,0.003,0.000,0.000,0.000,0.003,0.006,0.512,0.113,0.625,0.679
1780271980991,0.003,0.000,0.003,0.000,0.000,0.000,0.000,0.000,0.006,0.512,0.113,0.625,0.727
1780271981027,0.000,0.000,0.000,0.003,0.000,0.000,0.003,0.000,0.006,0.504,0.113,0.617,0.703
1780271981053,0.000,0.000,0.000,0.003,0.000,0.000,0.003,0.000,0.006,0.504,0.113,0.617,0.679
1780271981101,0.000,0.000,0.003,0.003,0.000,0.000,0.003,0.000,0.009,0.520,0.122,0.642,0.703
1780271981152,0.000,0.000,0.000,0.003,0.000,0.003,0.003,0.000,0.009,0.520,0.113,0.633,0.703
1780271981193,0.000,0.000,0.000,0.003,0.000,0.003,0.003,0.000,0.009,0.520,0.113,0.633,0.703
1780271981239,0.000,0.000,0.003,0.003,0.003,0.000,0.003,0.000,0.012,0.504,0.122,0.626,0.703
1780271981271,0.000,0.000,0.000,0.003,0.000,0.000,0.003,0.000,0.006,0.504,0.113,0.617,0.679
1780271981326,0.003,0.000,0.000,0.003,0.000,0.000,0.003,0.000,0.009,0.512,0.113,0.625,0.679
1780271981394,0.000,0.000,0.003,0.003,0.000,0.000,0.003,0.000,0.009,0.504,0.113,0.617,0.703
1780271981434,0.000,0.000,0.003,0.003,0.000,0.000,0.003,0.000,0.009,0.520,0.113,0.633,0.703
1780271981474,0.000,0.000,0.000,0.003,0.003,0.000,0.003,0.000,0.009,0.512,0.122,0.634,0.679
1780271981503,0.000,0.000,0.003,0.003,0.000,0.000,0.003,0.000,0.009,0.520,0.113,0.633,0.703
1780271981541,0.000,0.000,0.003,0.003,0.000,0.000,0.000,0.000,0.006,0.520,0.113,0.633,0.703
1780271981568,0.000,0.000,0.000,0.003,0.000,0.000,0.003,0.003,0.009,0.512,0.113,0.625,0.703
1780271981610,0.003,0.000,0.000,0.003,0.000,0.000,0.003,0.003,0.012,0.537,0.113,0.650,0.703
1780271981656,0.000,0.000,0.000,0.003,0.000,0.000,0.000,0.003,0.006,0.504,0.113,0.617,0.703
1780271981708,0.003,0.000,0.000,0.003,0.000,0.000,0.000,0.007,0.013,0.512,0.113,0.625,0.679
1780271981736,0.000,0.000,0.000,0.003,0.000,0.000,0.003,0.000,0.006,0.512,0.113,0.625,0.703
1780271981770,0.000,0.000,0.000,0.003,0.000,0.003,0.003,0.000,0.009,0.512,0.113,0.625,0.703
1780271981800,0.003,0.000,0.000,0.003,0.000,0.000,0.003,0.000,0.009,0.504,0.113,0.617,0.703
1780271981860,0.000,0.000,0.000,0.003,0.000,0.000,0.003,0.000,0.006,0.545,0.122,0.667,0.703
1780271981911,0.000,0.000,0.000,0.003,0.000,0.000,0.003,0.003,0.009,0.529,0.122,0.651,0.703
1780271981949,0.000,0.000,0.000,0.003,0.000,0.000,0.003,0.000,0.006,0.520,0.113,0.633,0.703
1780271981992,0.000,0.000,0.000,0.003,0.000,0.000,0.003,0.000,0.006,0.512,0.113,0.625,0.703
1780271982021,0.003,0.000,0.000,0.003,0.000,0.000,0.003,0.003,0.012,0.512,0.113,0.625,0.703
1780271982058,0.007,0.000,0.003,0.003,0.000,0.000,0.003,0.000,0.016,0.512,0.113,0.625,0.703
1780271982091,0.003,0.000,0.000,0.003,0.000,0.000,0.003,0.003,0.012,0.520,0.113,0.633,0.703
1780271982133,0.003,0.000,0.003,0.003,0.000,0.000,0.000,0.003,0.012,0.520,0.113,0.633,0.703
1780271982173,0.003,0.000,0.000,0.003,0.000,0.000,0.003,0.000,0.009,0.512,0.113,0.625,0.679
1780271982219,0.003,0.000,0.000,0.003,0.000,0.000,0.003,0.003,0.012,0.512,0.113,0.625,0.703
1780271982257,0.000,0.000,0.003,0.003,0.000,0.000,0.003,0.000,0.009,0.504,0.113,0.617,0.703
1780271982297,0.003,0.000,0.000,0.003,0.000,0.000,0.003,0.003,0.012,0.504,0.113,0.617,0.703
1780271982329,0.000,0.000,0.000,0.003,0.000,0.000,0.003,0.000,0.006,0.504,0.113,0.617,0.703
1780271982400,0.003,0.000,0.000,0.003,0.000,0.000,0.000,0.000,0.006,0.520,0.113,0.633,0.727
1780271982463,0.003,0.000,0.000,0.003,0.000,0.000,0.000,0.000,0.006,0.512,0.113,0.625,0.679
1780271982512,0.000,0.000,0.000,0.003,0.000,0.000,0.003,0.000,0.006,0.512,0.113,0.625,0.703
1780271982549,0.000,0.003,0.000,0.003,0.000,0.000,0.003,0.000,0.009,0.512,0.113,0.625,0.703
1780271982586,0.003,0.000,0.000,0.003,0.000,0.000,0.003,0.003,0.012,0.537,0.113,0.650,0.703
1780271982617,0.000,0.000,0.000,0.003,0.000,0.003,0.003,0.003,0.012,0.545,0.113,0.658,0.727
1780271982648,0.000,0.000,0.000,0.000,0.003,0.000,0.003,0.003,0.009,0.529,0.113,0.642,0.727
1780271982692,0.000,0.000,0.000,0.003,0.000,0.000,0.003,0.000,0.006,0.520,0.113,0.633,0.703
1780271982734,0.003,0.000,0.000,0.003,0.003,0.000,0.003,0.000,0.012,0.537,0.113,0.650,0.703
1780271982762,0.000,0.000,0.000,0.003,0.000,0.000,0.003,0.000,0.006,0.520,0.113,0.633,0.703
1780271982802,0.003,0.000,0.000,0.003,0.000,0.000,0.003,0.003,0.012,0.529,0.113,0.642,0.703
1780271982836,0.003,0.000,0.000,0.003,0.000,0.000,0.003,0.000,0.009,0.520,0.113,0.633,0.703
1780271982897,0.000,0.000,0.000,0.003,0.003,0.000,0.003,0.000,0.009,0.529,0.113,0.642,0.727
1780271982936,0.000,0.000,0.000,0.003,0.000,0.000,0.003,0.003,0.009,0.504,0.113,0.617,0.703
1780271982997,0.000,0.000,0.003,0.003,0.000,0.000,0.003,0.000,0.009,0.504,0.113,0.617,0.703
1780271983036,0.000,0.000,0.000,0.003,0.000,0.000,0.003,0.000,0.006,0.520,0.113,0.633,0.703
1780271983070,0.000,0.000,0.000,0.003,0.000,0.000,0.003,0.000,0.006,0.520,0.113,0.633,0.703
1780271983099,0.000,0.000,0.000,0.003,0.000,0.000,0.003,0.000,0.006,0.512,0.113,0.625,0.703
1780271983145,0.003,0.000,0.000,0.003,0.000,0.000,0.003,0.000,0.009,0.520,0.113,0.633,0.703
1780271983174,0.000,0.000,0.000,0.003,0.000,0.000,0.003,0.000,0.006,0.520,0.113,0.633,0.703
1780271983220,0.000,0.000,0.000,0.003,0.000,0.000,0.003,0.003,0.009,0.512,0.113,0.625,0.679
1780271983267,0.003,0.000,0.003,0.003,0.000,0.000,0.003,0.000,0.012,0.504,0.122,0.626,0.703
1780271983303,0.000,0.000,0.003,0.003,0.000,0.000,0.000,0.000,0.006,0.529,0.113,0.642,0.727
1780271983331,0.000,0.000,0.000,0.003,0.000,0.003,0.003,0.000,0.009,0.561,0.113,0.674,0.703
1780271983364,0.003,0.000,0.000,0.003,0.000,0.000,0.003,0.003,0.012,0.545,0.113,0.658,0.727
1780271983439,0.000,0.000,0.000,0.003,0.000,0.000,0.003,0.000,0.006,0.520,0.113,0.633,0.703
1780271983495,0.000,0.003,0.000,0.003,0.000,0.000,0.003,0.000,0.009,0.520,0.113,0.633,0.703
1780271983524,0.000,0.000,0.000,0.003,0.000,0.000,0.000,0.000,0.003,0.512,0.113,0.625,0.679
1780271983569,0.000,0.000,0.000,0.003,0.000,0.000,0.003,0.003,0.009,0.529,0.113,0.642,0.703
1780271983599,0.000,0.000,0.000,0.003,0.000,0.003,0.003,0.003,0.012,0.520,0.113,0.633,0.703
1780271983637,0.003,0.003,0.000,0.003,0.000,0.000,0.003,0.003,0.015,0.537,0.113,0.650,0.703
1780271983669,0.003,0.000,0.000,0.003,0.000,0.000,0.003,0.003,0.012,0.529,0.113,0.642,0.703
1780271983711,0.000,0.000,0.000,0.000,0.000,0.003,0.003,0.000,0.006,0.512,0.113,0.625,0.703
1780271983772,0.000,0.000,0.000,0.003,0.000,0.000,0.003,0.000,0.006,0.488,0.113,0.601,0.703
1780271983803,0.000,0.000,0.000,0.003,0.000,0.003,0.003,0.000,0.009,0.504,0.113,0.617,0.703
1780271983850,0.000,0.000,0.000,0.003,0.000,0.000,0.003,0.003,0.009,0.520,0.113,0.633,0.703
1780271983882,0.000,0.000,0.000,0.003,0.000,0.000,0.003,0.000,0.006,0.537,0.113,0.650,0.703
1780271983936,0.003,0.000,0.000,0.003,0.000,0.003,0.000,0.000,0.009,0.512,0.113,0.625,0.703
1780271983969,0.000,0.000,0.000,0.003,0.000,0.000,0.003,0.000,0.006,0.520,0.113,0.633,0.703
1780271984021,0.000,0.000,0.003,0.003,0.000,0.000,0.003,0.000,0.009,0.520,0.113,0.633,0.703
1780271984054,0.000,0.000,0.000,0.003,0.000,0.000,0.003,0.000,0.006,0.512,0.113,0.625,0.703
1780271984117,0.000,0.000,0.000,0.003,0.000,0.000,0.003,0.000,0.006,0.512,0.113,0.625,0.703
1780271984148,0.000,0.000,0.000,0.003,0.000,0.000,0.003,0.003,0.009,0.520,0.113,0.633,0.703
1780271984187,0.000,0.003,0.000,0.003,0.000,0.000,0.003,0.000,0.009,0.512,0.113,0.625,0.703
1780271984218,0.000,0.000,0.000,0.003,0.000,0.000,0.003,0.000,0.006,0.504,0.113,0.617,0.703
1780271984282,0.003,0.000,0.000,0.003,0.000,0.000,0.003,0.000,0.009,0.504,0.113,0.617,0.703
1780271984312,0.000,0.000,0.000,0.003,0.000,0.000,0.003,0.003,0.009,0.504,0.113,0.617,0.703
1780271984346,0.000,0.000,0.000,0.003,0.000,0.000,0.003,0.003,0.009,0.512,0.113,0.625,0.703
1780271984384,0.000,0.003,0.000,0.003,0.000,0.003,0.003,0.000,0.012,0.537,0.113,0.650,0.703
1780271984451,0.000,0.000,0.000,0.003,0.000,0.000,0.003,0.007,0.013,0.512,0.113,0.625,0.703
1780271984483,0.000,0.000,0.000,0.003,0.000,0.000,0.003,0.000,0.006,0.504,0.122,0.626,0.703
1780271984547,0.000,0.000,0.000,0.000,0.000,0.000,0.000,0.000,0.000,0.504,0.113,0.617,0.703
1780271984585,0.000,0.000,0.000,0.003,0.000,0.003,0.003,0.003,0.012,0.520,0.122,0.642,0.679
1780271984638,0.000,0.000,0.000,0.003,0.000,0.003,0.003,0.003,0.012,0.520,0.113,0.633,0.703
1780271984666,0.000,0.000,0.000,0.003,0.000,0.000,0.003,0.000,0.006,0.537,0.113,0.650,0.727
1780271984704,0.003,0.000,0.000,0.003,0.000,0.000,0.003,0.000,0.009,0.520,0.113,0.633,0.703
1780271984739,0.000,0.000,0.000,0.003,0.000,0.000,0.003,0.003,0.009,0.520,0.113,0.633,0.703
1780271984797,0.000,0.000,0.000,0.003,0.000,0.000,0.003,0.003,0.009,0.504,0.113,0.617,0.679
1780271984827,0.000,0.000,0.000,0.007,0.000,0.000,0.003,0.003,0.013,0.504,0.113,0.617,0.703
1780271984864,0.000,0.000,0.000,0.003,0.000,0.000,0.003,0.003,0.009,0.504,0.113,0.617,0.703
1780271984908,0.000,0.000,0.000,0.003,0.000,0.000,0.003,0.000,0.006,0.529,0.113,0.642,0.703
1780271984963,0.000,0.000,0.000,0.003,0.003,0.003,0.003,0.000,0.012,0.512,0.113,0.625,0.703
1780271984997,0.000,0.000,0.000,0.003,0.000,0.000,0.003,0.000,0.006,0.512,0.113,0.625,0.703
1780271985059,0.000,0.000,0.000,0.003,0.000,0.000,0.003,0.003,0.009,0.488,0.122,0.610,0.679
1780271985086,0.003,0.000,0.003,0.000,0.000,0.000,0.003,0.000,0.009,0.496,0.113,0.609,0.679
1780271985144,0.000,0.000,0.000,0.003,0.000,0.003,0.003,0.000,0.009,0.520,0.113,0.633,0.703
1780271985181,0.003,0.000,0.000,0.003,0.000,0.003,0.003,0.000,0.012,0.512,0.113,0.625,0.703
1780271985215,0.000,0.003,0.000,0.003,0.000,0.000,0.003,0.003,0.012,0.520,0.113,0.633,0.727
1780271985246,0.000,0.000,0.000,0.003,0.000,0.000,0.003,0.000,0.006,0.512,0.113,0.625,0.703
1780271985303,0.000,0.000,0.000,0.003,0.000,0.000,0.003,0.000,0.006,0.520,0.113,0.633,0.703
1780271985338,0.000,0.000,0.000,0.003,0.000,0.000,0.003,0.003,0.009,0.512,0.113,0.625,0.703
1780271985376,0.000,0.000,0.000,0.003,0.000,0.000,0.003,0.000,0.006,0.496,0.113,0.609,0.679
1780271985412,0.000,0.000,0.000,0.000,0.000,0.000,0.000,0.000,0.000,0.529,0.113,0.642,0.703
1780271985468,0.000,0.000,0.000,0.003,0.000,0.000,0.003,0.003,0.009,0.520,0.113,0.633,0.703
1780271985502,0.000,0.000,0.000,0.003,0.000,0.003,0.000,0.000,0.006,0.520,0.113,0.633,0.679
1780271985561,0.000,0.000,0.000,0.000,0.000,0.000,0.000,0.000,0.000,0.504,0.113,0.617,0.679
1780271985597,0.003,0.000,0.000,0.003,0.000,0.003,0.000,0.000,0.009,0.504,0.113,0.617,0.703
1780271985649,0.003,0.000,0.000,0.003,0.000,0.000,0.003,0.000,0.009,0.520,0.113,0.633,0.703
1780271985679,0.000,0.000,0.000,0.000,0.000,0.003,0.000,0.000,0.003,0.529,0.113,0.642,0.679
1780271985714,0.003,0.000,0.000,0.003,0.000,0.000,0.003,0.000,0.009,0.529,0.113,0.642,0.727
1780271985748,0.000,0.000,0.000,0.000,0.000,0.000,0.000,0.000,0.000,0.520,0.113,0.633,0.703
1780271985806,0.000,0.000,0.003,0.003,0.000,0.000,0.003,0.000,0.009,0.512,0.113,0.625,0.703
1780271985846,0.000,0.003,0.000,0.003,0.000,0.000,0.000,0.000,0.006,0.512,0.113,0.625,0.703
1780271985896,0.003,0.000,0.000,0.003,0.000,0.000,0.000,0.003,0.009,0.520,0.113,0.633,0.703
1780271985926,0.000,0.000,0.000,0.003,0.000,0.000,0.003,0.003,0.009,0.520,0.113,0.633,0.703
1780271985984,0.000,0.000,0.000,0.007,0.000,0.000,0.003,0.003,0.013,0.520,0.113,0.633,0.703
1780271986027,0.000,0.000,0.000,0.003,0.000,0.000,0.003,0.000,0.006,0.504,0.113,0.617,0.679
1780271986085,0.000,0.000,0.000,0.000,0.000,0.003,0.000,0.000,0.003,0.504,0.113,0.617,0.703
1780271986116,0.003,0.000,0.000,0.003,0.000,0.003,0.000,0.000,0.009,0.512,0.113,0.625,0.679
1780271986173,0.003,0.000,0.000,0.003,0.000,0.000,0.003,0.003,0.012,0.537,0.113,0.650,0.703
1780271986200,0.000,0.000,0.000,0.003,0.000,0.003,0.003,0.000,0.009,0.529,0.113,0.642,0.727
1780271986236,0.000,0.000,0.000,0.003,0.000,0.000,0.003,0.003,0.009,0.512,0.113,0.625,0.703
1780271986269,0.000,0.000,0.000,0.003,0.000,0.000,0.003,0.003,0.009,0.504,0.113,0.617,0.703
1780271986335,0.003,0.000,0.000,0.003,0.000,0.000,0.000,0.007,0.013,0.504,0.113,0.617,0.679
1780271986365,0.000,0.003,0.000,0.003,0.000,0.000,0.003,0.000,0.009,0.512,0.113,0.625,0.703
1780271986405,0.000,0.000,0.003,0.000,0.000,0.000,0.003,0.003,0.009,0.520,0.113,0.633,0.679
1780271986436,0.003,0.000,0.000,0.003,0.000,0.000,0.003,0.000,0.009,0.537,0.113,0.650,0.703
1780271986506,0.000,0.000,0.000,0.003,0.003,0.000,0.003,0.000,0.009,0.512,0.113,0.625,0.703
1780271986534,0.003,0.000,0.000,0.003,0.000,0.000,0.003,0.000,0.009,0.512,0.113,0.625,0.703
1780271986590,0.003,0.000,0.000,0.003,0.000,0.003,0.000,0.003,0.012,0.504,0.113,0.617,0.703
1780271986641,0.000,0.000,0.000,0.003,0.000,0.003,0.003,0.003,0.012,0.520,0.113,0.633,0.703
1780271986686,0.000,0.000,0.003,0.003,0.000,0.000,0.000,0.003,0.009,0.529,0.113,0.642,0.727
1780271986721,0.000,0.003,0.000,0.003,0.000,0.000,0.003,0.003,0.012,0.512,0.113,0.625,0.703
1780271986762,0.000,0.000,0.000,0.003,0.000,0.000,0.003,0.000,0.006,0.520,0.113,0.633,0.703
1780271986795,0.000,0.000,0.000,0.003,0.000,0.000,0.003,0.000,0.006,0.520,0.113,0.633,0.703
1780271986846,0.000,0.000,0.000,0.003,0.000,0.000,0.003,0.000,0.006,0.520,0.113,0.633,0.703
1780271986880,0.000,0.000,0.000,0.003,0.000,0.000,0.003,0.000,0.006,0.520,0.113,0.633,0.703
1780271986932,0.000,0.000,0.000,0.003,0.000,0.000,0.003,0.000,0.006,0.520,0.113,0.633,0.703
1780271986960,0.003,0.000,0.003,0.003,0.000,0.000,0.003,0.000,0.012,0.529,0.113,0.642,0.703
1780271987017,0.000,0.000,0.000,0.003,0.000,0.000,0.000,0.003,0.006,0.529,0.113,0.642,0.703
1780271987066,0.000,0.000,0.000,0.003,0.000,0.000,0.000,0.000,0.003,0.520,0.113,0.633,0.703
1780271987115,0.000,0.000,0.003,0.003,0.000,0.000,0.003,0.000,0.009,0.553,0.113,0.666,0.752
1780271987143,0.000,0.000,0.000,0.003,0.000,0.000,0.003,0.000,0.006,0.545,0.113,0.658,0.703
1780271987174,0.003,0.000,0.003,0.003,0.000,0.000,0.003,0.003,0.015,0.545,0.113,0.658,0.703
1780271987233,0.003,0.000,0.000,0.003,0.000,0.000,0.003,0.000,0.009,0.520,0.113,0.633,0.703
1780271987260,0.000,0.000,0.000,0.003,0.003,0.000,0.003,0.000,0.009,0.529,0.113,0.642,0.703
1780271987294,0.000,0.000,0.000,0.003,0.000,0.000,0.003,0.007,0.013,0.520,0.113,0.633,0.703
1780271987323,0.003,0.000,0.000,0.003,0.000,0.000,0.003,0.000,0.009,0.512,0.113,0.625,0.703
1780271987396,0.003,0.000,0.003,0.003,0.000,0.000,0.003,0.003,0.015,0.537,0.113,0.650,0.703
1780271987438,0.000,0.000,0.003,0.000,0.000,0.000,0.003,0.000,0.006,0.537,0.113,0.650,0.703
1780271987476,0.000,0.000,0.000,0.003,0.000,0.000,0.003,0.003,0.009,0.512,0.113,0.625,0.703
1780271987548,0.000,0.000,0.003,0.003,0.000,0.003,0.003,0.007,0.019,0.504,0.113,0.617,0.703
1780271987587,0.000,0.000,0.000,0.003,0.000,0.000,0.000,0.000,0.003,0.504,0.113,0.617,0.679
1780271987651,0.007,0.000,0.000,0.003,0.000,0.003,0.003,0.000,0.016,0.520,0.122,0.642,0.727
1780271987709,0.000,0.000,0.000,0.003,0.000,0.000,0.003,0.000,0.006,0.529,0.113,0.642,0.703
1780271987748,0.000,0.000,0.000,0.003,0.000,0.000,0.003,0.000,0.006,0.520,0.122,0.642,0.703
1780271987782,0.000,0.000,0.000,0.003,0.000,0.000,0.003,0.000,0.006,0.512,0.113,0.625,0.679
1780271987814,0.000,0.000,0.000,0.003,0.000,0.000,0.003,0.000,0.006,0.512,0.113,0.625,0.679
1780271987855,0.000,0.000,0.000,0.003,0.000,0.000,0.000,0.003,0.006,0.504,0.113,0.617,0.679
1780271987913,0.000,0.000,0.000,0.003,0.000,0.000,0.003,0.003,0.009,0.512,0.113,0.625,0.703
1780271987953,0.003,0.000,0.000,0.003,0.000,0.000,0.000,0.000,0.006,0.529,0.113,0.642,0.703
1780271987992,0.000,0.000,0.003,0.003,0.000,0.000,0.003,0.003,0.012,0.512,0.113,0.625,0.703
1780271988049,0.003,0.000,0.000,0.003,0.000,0.003,0.003,0.000,0.012,0.520,0.122,0.642,0.703
1780271988078,0.000,0.000,0.003,0.003,0.000,0.000,0.000,0.003,0.009,0.512,0.122,0.634,0.679
1780271988117,0.003,0.000,0.000,0.003,0.000,0.003,0.000,0.000,0.009,0.520,0.122,0.642,0.703
1780271988177,0.003,0.000,0.003,0.003,0.000,0.000,0.003,0.003,0.015,0.529,0.113,0.642,0.703
1780271988210,0.000,0.000,0.000,0.003,0.000,0.003,0.003,0.000,0.009,0.520,0.113,0.633,0.727
1780271988259,0.000,0.000,0.000,0.003,0.000,0.000,0.007,0.000,0.010,0.520,0.113,0.633,0.703
1780271988290,0.000,0.000,0.000,0.003,0.003,0.000,0.003,0.000,0.009,0.512,0.113,0.625,0.703
1780271988323,0.003,0.000,0.000,0.003,0.000,0.003,0.003,0.003,0.015,0.504,0.113,0.617,0.679
1780271988356,0.000,0.000,0.003,0.000,0.000,0.003,0.003,0.000,0.009,0.504,0.113,0.617,0.703
1780271988429,0.000,0.000,0.000,0.003,0.000,0.000,0.003,0.000,0.006,0.512,0.113,0.625,0.703
1780271988471,0.000,0.000,0.000,0.003,0.000,0.000,0.000,0.000,0.003,0.512,0.113,0.625,0.703
1780271988500,0.000,0.000,0.000,0.003,0.000,0.000,0.003,0.000,0.006,0.496,0.122,0.618,0.703
1780271988558,0.003,0.000,0.000,0.003,0.000,0.000,0.003,0.000,0.009,0.504,0.122,0.626,0.703
1780271988585,0.003,0.000,0.000,0.003,0.000,0.000,0.003,0.000,0.009,0.504,0.113,0.617,0.727
1780271988621,0.000,0.000,0.000,0.003,0.000,0.003,0.003,0.000,0.009,0.512,0.113,0.625,0.703
1780271988683,0.000,0.000,0.003,0.003,0.000,0.000,0.000,0.003,0.009,0.529,0.113,0.642,0.703
1780271988716,0.000,0.000,0.000,0.000,0.000,0.000,0.003,0.003,0.006,0.512,0.113,0.625,0.703
1780271988760,0.000,0.000,0.000,0.003,0.000,0.000,0.003,0.003,0.009,0.520,0.113,0.633,0.703
1780271988789,0.000,0.000,0.000,0.003,0.000,0.000,0.003,0.003,0.009,0.512,0.113,0.625,0.703
1780271988823,0.000,0.000,0.000,0.003,0.003,0.000,0.003,0.000,0.009,0.520,0.113,0.633,0.703
1780271988860,0.000,0.000,0.000,0.007,0.000,0.000,0.003,0.003,0.013,0.504,0.113,0.617,0.679
1780271988918,0.003,0.000,0.000,0.003,0.000,0.000,0.000,0.000,0.006,0.512,0.122,0.634,0.703
1780271988951,0.000,0.000,0.000,0.003,0.000,0.000,0.003,0.000,0.006,0.529,0.113,0.642,0.679
1780271988996,0.003,0.000,0.000,0.003,0.000,0.000,0.003,0.003,0.012,0.520,0.113,0.633,0.703
1780271989028,0.003,0.000,0.000,0.003,0.000,0.000,0.003,0.003,0.012,0.504,0.113,0.617,0.703
1780271989086,0.003,0.000,0.000,0.003,0.000,0.000,0.003,0.000,0.009,0.512,0.113,0.625,0.679
1780271989127,0.000,0.000,0.000,0.003,0.003,0.000,0.003,0.000,0.009,0.520,0.113,0.633,0.727
1780271989186,0.000,0.000,0.000,0.003,0.000,0.000,0.003,0.000,0.006,0.520,0.113,0.633,0.679
1780271989217,0.003,0.000,0.000,0.003,0.000,0.000,0.003,0.003,0.012,0.520,0.113,0.633,0.703
1780271989270,0.000,0.000,0.000,0.003,0.000,0.000,0.003,0.000,0.006,0.520,0.113,0.633,0.703
1780271989300,0.000,0.000,0.000,0.003,0.000,0.000,0.003,0.000,0.006,0.512,0.113,0.625,0.703
1780271989342,0.007,0.000,0.000,0.007,0.000,0.000,0.000,0.003,0.017,0.512,0.113,0.625,0.703
1780271989377,0.000,0.000,0.000,0.003,0.000,0.003,0.003,0.003,0.012,0.504,0.113,0.617,0.679
1780271989451,0.000,0.000,0.000,0.003,0.000,0.000,0.000,0.003,0.006,0.537,0.113,0.650,0.703
1780271989480,0.000,0.000,0.000,0.003,0.000,0.000,0.000,0.000,0.003,0.520,0.113,0.633,0.727
1780271989525,0.003,0.000,0.000,0.003,0.000,0.000,0.003,0.000,0.009,0.512,0.113,0.625,0.703
1780271989554,0.000,0.000,0.000,0.003,0.000,0.000,0.003,0.000,0.006,0.512,0.113,0.625,0.703
1780271989617,0.000,0.000,0.000,0.003,0.000,0.003,0.003,0.000,0.009,0.512,0.122,0.634,0.703
1780271989645,0.007,0.000,0.000,0.003,0.000,0.000,0.003,0.000,0.013,0.512,0.113,0.625,0.679
1780271989711,0.000,0.000,0.000,0.003,0.000,0.000,0.003,0.000,0.006,0.520,0.113,0.633,0.679
1780271989744,0.003,0.000,0.000,0.003,0.000,0.000,0.000,0.003,0.009,0.512,0.113,0.625,0.703
1780271989791,0.000,0.003,0.000,0.000,0.000,0.000,0.003,0.000,0.006,0.512,0.113,0.625,0.703
1780271989818,0.003,0.000,0.000,0.003,0.000,0.003,0.003,0.000,0.012,0.520,0.113,0.633,0.679
1780271989853,0.000,0.003,0.003,0.003,0.000,0.003,0.003,0.000,0.015,0.520,0.113,0.633,0.679
1780271989889,0.000,0.000,0.000,0.003,0.000,0.000,0.003,0.000,0.006,0.512,0.122,0.634,0.679
1780271989949,0.003,0.000,0.000,0.000,0.000,0.000,0.003,0.000,0.006,0.512,0.113,0.625,0.679
1780271989985,0.000,0.000,0.000,0.007,0.000,0.000,0.003,0.000,0.010,0.520,0.113,0.633,0.703
1780271990031,0.000,0.000,0.000,0.003,0.000,0.000,0.003,0.000,0.006,0.520,0.113,0.633,0.703
1780271990061,0.000,0.000,0.000,0.003,0.000,0.000,0.000,0.003,0.006,0.520,0.113,0.633,0.679
1780271990118,0.003,0.000,0.000,0.003,0.000,0.000,0.003,0.000,0.009,0.504,0.113,0.617,0.679
1780271990152,0.003,0.000,0.000,0.003,0.000,0.000,0.003,0.000,0.009,0.520,0.122,0.642,0.703
1780271990217,0.003,0.007,0.000,0.003,0.000,0.003,0.003,0.000,0.019,0.537,0.113,0.650,0.727
1780271990247,0.000,0.003,0.000,0.003,0.000,0.000,0.003,0.003,0.012,0.520,0.113,0.633,0.703
1780271990293,0.000,0.000,0.000,0.003,0.003,0.000,0.003,0.003,0.012,0.520,0.113,0.633,0.703
1780271990326,0.000,0.000,0.000,0.003,0.000,0.000,0.000,0.000,0.003,0.512,0.122,0.634,0.727
1780271990361,0.000,0.000,0.000,0.003,0.000,0.000,0.003,0.000,0.006,0.520,0.113,0.633,0.703
1780271990395,0.000,0.000,0.000,0.003,0.000,0.000,0.003,0.000,0.006,0.520,0.113,0.633,0.703
1780271990470,0.000,0.000,0.000,0.003,0.000,0.000,0.000,0.003,0.006,0.512,0.113,0.625,0.703
1780271990498,0.000,0.003,0.000,0.003,0.000,0.000,0.003,0.003,0.012,0.512,0.113,0.625,0.703
1780271990539,0.000,0.003,0.000,0.003,0.000,0.000,0.003,0.000,0.009,0.504,0.113,0.617,0.703
1780271990567,0.000,0.000,0.000,0.003,0.000,0.003,0.003,0.000,0.009,0.512,0.113,0.625,0.679
1780271990629,0.000,0.000,0.000,0.003,0.000,0.000,0.003,0.000,0.006,0.512,0.113,0.625,0.703
1780271990657,0.000,0.000,0.000,0.003,0.000,0.000,0.000,0.000,0.003,0.512,0.113,0.625,0.703
1780271990714,0.000,0.000,0.000,0.000,0.000,0.000,0.003,0.000,0.003,0.520,0.113,0.633,0.703
1780271990769,0.000,0.000,0.000,0.003,0.000,0.003,0.003,0.000,0.009,0.529,0.113,0.642,0.727
1780271990806,0.000,0.000,0.000,0.003,0.000,0.000,0.003,0.000,0.006,0.537,0.113,0.650,0.727
1780271990835,0.000,0.003,0.000,0.003,0.000,0.000,0.000,0.003,0.009,0.529,0.113,0.642,0.703
1780271990860,0.003,0.000,0.000,0.003,0.000,0.000,0.003,0.000,0.009,0.537,0.113,0.650,0.703
1780271990904,0.000,0.000,0.000,0.003,0.000,0.000,0.000,0.000,0.003,0.529,0.113,0.642,0.703
1780271990960,0.000,0.000,0.000,0.003,0.000,0.003,0.000,0.003,0.009,0.520,0.113,0.633,0.703
1780271990988,0.000,0.000,0.000,0.003,0.000,0.000,0.000,0.000,0.003,0.520,0.113,0.633,0.727
1780271991023,0.000,0.000,0.000,0.003,0.003,0.000,0.003,0.000,0.009,0.504,0.113,0.617,0.703
1780271991053,0.000,0.003,0.000,0.003,0.000,0.000,0.003,0.000,0.009,0.496,0.113,0.609,0.679
1780271991087,0.000,0.000,0.000,0.003,0.000,0.000,0.003,0.000,0.006,0.504,0.113,0.617,0.703
1780271991142,0.003,0.000,0.000,0.003,0.000,0.000,0.003,0.000,0.009,0.512,0.113,0.625,0.703
1780271991179,0.000,0.000,0.000,0.003,0.000,0.000,0.003,0.000,0.006,0.512,0.113,0.625,0.703
1780271991241,0.000,0.000,0.000,0.000,0.000,0.000,0.003,0.000,0.003,0.520,0.113,0.633,0.703
1780271991268,0.000,0.000,0.000,0.003,0.000,0.000,0.003,0.000,0.006,0.520,0.113,0.633,0.703
1780271991307,0.003,0.000,0.000,0.003,0.000,0.000,0.003,0.000,0.009,0.520,0.113,0.633,0.703
1780271991342,0.000,0.000,0.000,0.003,0.000,0.003,0.000,0.003,0.009,0.512,0.113,0.625,0.703
1780271991381,0.000,0.000,0.000,0.003,0.000,0.000,0.003,0.003,0.009,0.512,0.113,0.625,0.679
1780271991412,0.000,0.000,0.000,0.003,0.000,0.000,0.003,0.000,0.006,0.512,0.113,0.625,0.703
1780271991486,0.000,0.000,0.000,0.003,0.000,0.000,0.003,0.003,0.009,0.529,0.113,0.642,0.703
1780271991517,0.003,0.000,0.000,0.003,0.000,0.003,0.003,0.000,0.012,0.520,0.113,0.633,0.703
1780271991553,0.000,0.000,0.000,0.007,0.000,0.000,0.003,0.003,0.013,0.512,0.113,0.625,0.703
1780271991588,0.000,0.000,0.000,0.003,0.000,0.000,0.003,0.000,0.006,0.512,0.113,0.625,0.679
1780271991656,0.000,0.000,0.000,0.003,0.000,0.000,0.000,0.000,0.003,0.512,0.113,0.625,0.679
1780271991684,0.000,0.000,0.000,0.003,0.000,0.000,0.003,0.003,0.009,0.504,0.113,0.617,0.703
1780271991746,0.000,0.000,0.000,0.003,0.000,0.000,0.003,0.003,0.009,0.512,0.113,0.625,0.679
1780271991786,0.003,0.000,0.000,0.003,0.000,0.003,0.003,0.000,0.012,0.512,0.113,0.625,0.679
1780271991821,0.000,0.000,0.000,0.003,0.000,0.000,0.003,0.000,0.006,0.504,0.113,0.617,0.703
1780271991864,0.000,0.000,0.000,0.003,0.000,0.000,0.003,0.003,0.009,0.488,0.113,0.601,0.679
1780271991903,0.000,0.000,0.000,0.003,0.000,0.003,0.003,0.003,0.012,0.512,0.113,0.625,0.630
1780271991949,0.000,0.000,0.000,0.003,0.000,0.000,0.003,0.003,0.009,0.512,0.113,0.625,0.703
1780271992010,0.003,0.000,0.000,0.003,0.000,0.000,0.003,0.003,0.012,0.512,0.113,0.625,0.703
1780271992044,0.000,0.000,0.000,0.003,0.000,0.000,0.003,0.003,0.009,0.512,0.113,0.625,0.679
1780271992081,0.000,0.000,0.003,0.003,0.003,0.000,0.003,0.003,0.015,0.512,0.113,0.625,0.703
1780271992111,0.000,0.000,0.000,0.003,0.000,0.003,0.003,0.003,0.012,0.512,0.113,0.625,0.703
1780271992163,0.000,0.003,0.000,0.003,0.000,0.000,0.003,0.000,0.009,0.520,0.113,0.633,0.703
1780271992192,0.003,0.000,0.003,0.003,0.000,0.003,0.003,0.000,0.015,0.512,0.113,0.625,0.703
1780271992262,0.000,0.000,0.000,0.003,0.000,0.000,0.000,0.000,0.003,0.520,0.113,0.633,0.727
1780271992291,0.007,0.000,0.000,0.003,0.000,0.000,0.003,0.000,0.013,0.512,0.113,0.625,0.703
1780271992324,0.003,0.000,0.000,0.003,0.000,0.000,0.000,0.000,0.006,0.504,0.113,0.617,0.679
1780271992358,0.000,0.000,0.000,0.003,0.000,0.000,0.003,0.000,0.006,0.512,0.113,0.625,0.679
1780271992404,0.000,0.000,0.003,0.003,0.000,0.000,0.003,0.000,0.009,0.512,0.113,0.625,0.679
1780271992435,0.000,0.000,0.000,0.003,0.000,0.003,0.003,0.003,0.012,0.520,0.113,0.633,0.703
1780271992471,0.000,0.000,0.000,0.003,0.000,0.000,0.003,0.000,0.006,0.512,0.113,0.625,0.679
1780271992541,0.003,0.000,0.000,0.003,0.000,0.000,0.003,0.000,0.009,0.512,0.113,0.625,0.703
1780271992573,0.000,0.000,0.000,0.003,0.000,0.000,0.003,0.000,0.006,0.512,0.113,0.625,0.703
1780271992611,0.000,0.003,0.000,0.000,0.000,0.003,0.003,0.000,0.009,0.520,0.122,0.642,0.679
1780271992645,0.003,0.000,0.000,0.003,0.000,0.000,0.003,0.000,0.009,0.520,0.122,0.642,0.727
1780271992711,0.000,0.000,0.000,0.003,0.000,0.000,0.003,0.003,0.009,0.496,0.113,0.609,0.679
1780271992770,0.003,0.000,0.000,0.000,0.000,0.000,0.003,0.000,0.006,0.529,0.113,0.642,0.703
1780271992801,0.000,0.003,0.000,0.003,0.000,0.000,0.003,0.000,0.009,0.512,0.113,0.625,0.703
1780271992845,0.000,0.000,0.000,0.003,0.000,0.000,0.003,0.000,0.006,0.520,0.113,0.633,0.679
1780271992880,0.000,0.000,0.000,0.003,0.000,0.000,0.000,0.000,0.003,0.520,0.113,0.633,0.703
1780271992927,0.000,0.000,0.000,0.003,0.000,0.000,0.003,0.003,0.009,0.537,0.113,0.650,0.703
1780271992960,0.003,0.000,0.000,0.003,0.000,0.000,0.003,0.000,0.009,0.520,0.113,0.633,0.703
1780271993003,0.000,0.000,0.000,0.003,0.003,0.000,0.003,0.003,0.012,0.529,0.113,0.642,0.703
1780271993058,0.000,0.003,0.000,0.003,0.000,0.000,0.003,0.000,0.009,0.512,0.113,0.625,0.703
1780271993088,0.000,0.000,0.000,0.003,0.000,0.000,0.003,0.000,0.006,0.520,0.113,0.633,0.703
1780271993123,0.000,0.000,0.000,0.000,0.000,0.000,0.003,0.000,0.003,0.504,0.113,0.617,0.679
1780271993154,0.000,0.000,0.003,0.003,0.000,0.000,0.003,0.003,0.012,0.520,0.113,0.633,0.703
1780271993203,0.000,0.000,0.000,0.003,0.000,0.000,0.003,0.000,0.006,0.512,0.122,0.634,0.703
1780271993233,0.000,0.000,0.000,0.003,0.000,0.003,0.003,0.003,0.012,0.529,0.113,0.642,0.679
1780271993290,0.003,0.000,0.000,0.003,0.000,0.000,0.000,0.000,0.006,0.496,0.113,0.609,0.727
1780271993317,0.000,0.000,0.000,0.003,0.003,0.000,0.003,0.003,0.012,0.520,0.113,0.633,0.679
1780271993354,0.000,0.000,0.000,0.003,0.000,0.000,0.003,0.000,0.006,0.504,0.113,0.617,0.703
1780271993386,0.003,0.000,0.000,0.003,0.000,0.000,0.003,0.003,0.012,0.504,0.113,0.617,0.703
1780271993436,0.003,0.000,0.000,0.003,0.000,0.000,0.003,0.003,0.012,0.520,0.113,0.633,0.703
1780271993465,0.000,0.000,0.003,0.000,0.000,0.000,0.003,0.000,0.006,0.512,0.113,0.625,0.679
1780271993507,0.000,0.000,0.000,0.003,0.000,0.000,0.003,0.000,0.006,0.537,0.113,0.650,0.703
1780271993574,0.000,0.000,0.003,0.003,0.000,0.003,0.003,0.000,0.012,0.512,0.113,0.625,0.703
1780271993603,0.000,0.000,0.000,0.007,0.000,0.000,0.003,0.000,0.010,0.504,0.113,0.617,0.703
1780271993642,0.000,0.000,0.000,0.003,0.003,0.000,0.003,0.003,0.012,0.512,0.113,0.625,0.679
1780271993674,0.000,0.000,0.003,0.003,0.000,0.003,0.003,0.000,0.012,0.512,0.113,0.625,0.679
1780271993730,0.000,0.003,0.000,0.003,0.000,0.000,0.000,0.000,0.006,0.520,0.113,0.633,0.703
1780271993759,0.000,0.000,0.000,0.003,0.000,0.000,0.003,0.000,0.006,0.537,0.122,0.659,0.703
1780271993814,0.000,0.000,0.000,0.003,0.000,0.000,0.003,0.000,0.006,0.512,0.113,0.625,0.679
1780271993842,0.000,0.000,0.000,0.003,0.003,0.000,0.003,0.000,0.009,0.512,0.113,0.625,0.703
1780271993891,0.003,0.000,0.000,0.003,0.003,0.000,0.003,0.000,0.012,0.512,0.113,0.625,0.679
1780271993927,0.000,0.000,0.000,0.003,0.000,0.000,0.003,0.000,0.006,0.512,0.113,0.625,0.703
1780271993966,0.003,0.000,0.000,0.003,0.000,0.000,0.003,0.000,0.009,0.496,0.113,0.609,0.703
1780271993998,0.000,0.000,0.000,0.003,0.000,0.000,0.003,0.000,0.006,0.504,0.113,0.617,0.679
1780271994034,0.000,0.000,0.000,0.003,0.000,0.003,0.003,0.000,0.009,0.512,0.113,0.625,0.703
1780271994094,0.003,0.000,0.003,0.003,0.003,0.000,0.003,0.000,0.015,0.504,0.113,0.617,0.679
1780271994125,0.000,0.000,0.000,0.003,0.000,0.003,0.003,0.000,0.009,0.504,0.113,0.617,0.703
1780271994167,0.000,0.000,0.000,0.003,0.003,0.000,0.003,0.003,0.012,0.512,0.113,0.625,0.679
1780271994203,0.000,0.000,0.003,0.003,0.000,0.003,0.003,0.003,0.015,0.504,0.113,0.617,0.703
1780271994263,0.000,0.000,0.000,0.003,0.003,0.000,0.003,0.000,0.009,0.520,0.113,0.633,0.703
1780271994325,0.000,0.000,0.000,0.003,0.000,0.000,0.003,0.000,0.006,0.520,0.113,0.633,0.703
1780271994354,0.000,0.000,0.000,0.003,0.000,0.000,0.003,0.000,0.006,0.512,0.122,0.634,0.703
1780271994388,0.003,0.003,0.000,0.003,0.000,0.000,0.003,0.000,0.012,0.496,0.113,0.609,0.679
1780271994426,0.000,0.000,0.000,0.000,0.000,0.000,0.003,0.000,0.003,0.512,0.113,0.625,0.679
1780271994488,0.003,0.000,0.000,0.003,0.000,0.000,0.003,0.003,0.012,0.529,0.113,0.642,0.703
1780271994519,0.000,0.000,0.003,0.003,0.000,0.000,0.003,0.003,0.012,0.561,0.113,0.674,0.703
1780271994550,0.000,0.000,0.000,0.003,0.000,0.000,0.003,0.000,0.006,0.520,0.113,0.633,0.703
1780271994615,0.000,0.000,0.000,0.003,0.000,0.000,0.003,0.003,0.009,0.512,0.113,0.625,0.703
1780271994643,0.000,0.000,0.003,0.003,0.000,0.003,0.000,0.000,0.009,0.512,0.113,0.625,0.703
1780271994680,0.000,0.000,0.000,0.003,0.003,0.000,0.003,0.000,0.009,0.520,0.113,0.633,0.703
1780271994711,0.000,0.000,0.003,0.003,0.000,0.003,0.003,0.003,0.015,0.496,0.113,0.609,0.703
1780271994782,0.003,0.000,0.000,0.003,0.000,0.000,0.003,0.000,0.009,0.529,0.113,0.642,0.703
1780271994838,0.003,0.000,0.003,0.007,0.000,0.003,0.003,0.000,0.019,0.512,0.113,0.625,0.703
1780271994870,0.000,0.000,0.000,0.003,0.000,0.003,0.003,0.000,0.009,0.504,0.113,0.617,0.703
1780271994910,0.003,0.000,0.000,0.003,0.000,0.000,0.003,0.000,0.009,0.496,0.113,0.609,0.679
1780271994939,0.000,0.000,0.000,0.003,0.003,0.000,0.003,0.003,0.012,0.504,0.113,0.617,0.703
1780271994985,0.000,0.000,0.000,0.003,0.000,0.000,0.003,0.000,0.006,0.504,0.113,0.617,0.703
1780271995017,0.000,0.000,0.000,0.003,0.000,0.000,0.003,0.000,0.006,0.520,0.113,0.633,0.679
1780271995058,0.000,0.000,0.000,0.003,0.000,0.000,0.003,0.003,0.009,0.504,0.113,0.617,0.703
1780271995120,0.003,0.000,0.000,0.003,0.000,0.003,0.003,0.000,0.012,0.496,0.122,0.618,0.703
1780271995148,0.000,0.003,0.000,0.003,0.000,0.000,0.003,0.003,0.012,0.504,0.113,0.617,0.679
1780271995184,0.000,0.000,0.000,0.003,0.000,0.000,0.003,0.000,0.006,0.512,0.113,0.625,0.703
1780271995214,0.000,0.000,0.000,0.003,0.000,0.000,0.003,0.000,0.006,0.512,0.113,0.625,0.703
1780271995267,0.000,0.000,0.000,0.003,0.000,0.000,0.003,0.000,0.006,0.537,0.113,0.650,0.703
1780271995316,0.000,0.000,0.000,0.000,0.000,0.000,0.003,0.000,0.003,0.520,0.113,0.633,0.703
1780271995373,0.000,0.000,0.000,0.003,0.000,0.000,0.000,0.003,0.006,0.512,0.122,0.634,0.703
1780271995410,0.000,0.000,0.000,0.003,0.000,0.000,0.003,0.007,0.013,0.520,0.113,0.633,0.703
1780271995453,0.000,0.000,0.000,0.000,0.000,0.000,0.000,0.000,0.000,0.512,0.113,0.625,0.703
1780271995494,0.003,0.000,0.003,0.003,0.000,0.000,0.003,0.000,0.012,0.504,0.113,0.617,0.703
1780271995533,0.000,0.000,0.007,0.003,0.000,0.000,0.003,0.000,0.013,0.537,0.113,0.650,0.703
1780271995560,0.000,0.000,0.003,0.003,0.000,0.000,0.003,0.000,0.009,0.520,0.113,0.633,0.727
1780271995628,0.000,0.003,0.000,0.003,0.000,0.000,0.003,0.000,0.009,0.520,0.122,0.642,0.703
1780271995660,0.000,0.000,0.000,0.007,0.000,0.000,0.000,0.003,0.010,0.512,0.122,0.634,0.703
1780271995694,0.000,0.000,0.000,0.003,0.000,0.000,0.003,0.003,0.009,0.529,0.113,0.642,0.703
1780271995726,0.003,0.000,0.000,0.003,0.000,0.000,0.003,0.000,0.009,0.520,0.113,0.633,0.727
1780271995786,0.000,0.000,0.000,0.003,0.000,0.000,0.003,0.000,0.006,0.529,0.113,0.642,0.703
1780271995820,0.000,0.000,0.000,0.003,0.000,0.000,0.003,0.003,0.009,0.529,0.113,0.642,0.703
1780271995859,0.003,0.000,0.000,0.003,0.000,0.000,0.003,0.003,0.012,0.512,0.113,0.625,0.703
1780271995898,0.000,0.000,0.000,0.003,0.000,0.000,0.003,0.000,0.006,0.520,0.113,0.633,0.703
1780271995939,0.003,0.000,0.000,0.003,0.000,0.000,0.003,0.000,0.009,0.512,0.113,0.625,0.703
1780271995966,0.003,0.000,0.000,0.003,0.000,0.000,0.003,0.003,0.012,0.512,0.113,0.625,0.703
1780271996023,0.003,0.003,0.000,0.003,0.000,0.003,0.003,0.000,0.015,0.529,0.113,0.642,0.679
1780271996052,0.000,0.000,0.000,0.003,0.000,0.000,0.003,0.003,0.009,0.520,0.113,0.633,0.703
1780271996088,0.000,0.000,0.000,0.003,0.000,0.000,0.003,0.000,0.006,0.520,0.113,0.633,0.703
1780271996156,0.000,0.000,0.000,0.003,0.000,0.003,0.003,0.000,0.009,0.512,0.113,0.625,0.703
1780271996192,0.000,0.000,0.000,0.003,0.000,0.000,0.000,0.000,0.003,0.512,0.113,0.625,0.679
1780271996239,0.003,0.000,0.000,0.007,0.000,0.000,0.003,0.003,0.016,0.512,0.113,0.625,0.703
1780271996293,0.000,0.000,0.000,0.003,0.000,0.000,0.003,0.000,0.006,0.537,0.113,0.650,0.703
1780271996334,0.000,0.000,0.000,0.003,0.000,0.000,0.003,0.000,0.006,0.520,0.113,0.633,0.679
1780271996386,0.003,0.000,0.000,0.003,0.000,0.003,0.003,0.000,0.012,0.504,0.113,0.617,0.703
1780271996435,0.000,0.003,0.000,0.003,0.000,0.000,0.003,0.000,0.009,0.504,0.113,0.617,0.679
1780271996466,0.007,0.000,0.000,0.003,0.000,0.000,0.003,0.003,0.016,0.512,0.113,0.625,0.679
1780271996516,0.000,0.003,0.000,0.003,0.000,0.000,0.003,0.000,0.009,0.512,0.113,0.625,0.679
1780271996553,0.000,0.000,0.000,0.003,0.000,0.000,0.003,0.000,0.006,0.504,0.113,0.617,0.703
1780271996594,0.000,0.000,0.000,0.003,0.000,0.000,0.003,0.000,0.006,0.512,0.113,0.625,0.679
1780271996659,0.000,0.000,0.000,0.003,0.000,0.000,0.003,0.003,0.009,0.520,0.113,0.633,0.703
1780271996684,0.000,0.000,0.003,0.003,0.000,0.000,0.003,0.000,0.009,0.504,0.113,0.617,0.727
1780271996717,0.000,0.000,0.000,0.003,0.000,0.000,0.003,0.000,0.006,0.512,0.122,0.634,0.679
1780271996746,0.000,0.003,0.000,0.003,0.000,0.000,0.003,0.000,0.009,0.520,0.113,0.633,0.703
1780271996802,0.003,0.000,0.000,0.003,0.000,0.003,0.003,0.000,0.012,0.520,0.113,0.633,0.703
1780271996838,0.000,0.000,0.000,0.003,0.000,0.000,0.003,0.003,0.009,0.504,0.113,0.617,0.703
1780271996884,0.000,0.000,0.000,0.003,0.000,0.000,0.003,0.000,0.006,0.504,0.113,0.617,0.679
1780271996914,0.003,0.000,0.003,0.003,0.000,0.003,0.003,0.000,0.015,0.520,0.113,0.633,0.703
1780271996974,0.003,0.000,0.000,0.003,0.000,0.003,0.000,0.000,0.009,0.504,0.113,0.617,0.703
1780271997009,0.000,0.000,0.000,0.000,0.000,0.000,0.003,0.000,0.003,0.520,0.113,0.633,0.703
1780271997048,0.000,0.000,0.000,0.003,0.000,0.003,0.003,0.003,0.012,0.520,0.113,0.633,0.703
1780271997083,0.000,0.000,0.000,0.003,0.003,0.000,0.003,0.000,0.009,0.504,0.113,0.617,0.727
1780271997121,0.003,0.000,0.000,0.003,0.003,0.000,0.003,0.000,0.012,0.504,0.113,0.617,0.703
1780271997180,0.000,0.000,0.000,0.003,0.000,0.000,0.000,0.000,0.003,0.504,0.113,0.617,0.679
1780271997210,0.003,0.000,0.000,0.007,0.000,0.000,0.003,0.003,0.016,0.504,0.113,0.617,0.679
1780271997260,0.003,0.000,0.000,0.007,0.000,0.000,0.003,0.000,0.013,0.504,0.113,0.617,0.679
1780271997314,0.003,0.000,0.000,0.003,0.000,0.000,0.003,0.003,0.012,0.520,0.113,0.633,0.703
1780271997350,0.000,0.000,0.000,0.003,0.000,0.000,0.000,0.003,0.006,0.504,0.113,0.617,0.703
1780271997400,0.000,0.000,0.000,0.003,0.000,0.000,0.003,0.003,0.009,0.504,0.113,0.617,0.703
1780271997435,0.000,0.000,0.000,0.003,0.000,0.000,0.003,0.000,0.006,0.520,0.122,0.642,0.679
1780271997480,0.000,0.000,0.003,0.003,0.000,0.000,0.003,0.000,0.009,0.512,0.122,0.634,0.703
1780271997520,0.003,0.000,0.000,0.003,0.000,0.000,0.003,0.003,0.012,0.520,0.113,0.633,0.703
1780271997554,0.000,0.003,0.000,0.003,0.000,0.000,0.000,0.003,0.009,0.529,0.122,0.651,0.703
1780271997587,0.000,0.000,0.000,0.003,0.000,0.003,0.003,0.000,0.009,0.529,0.113,0.642,0.727
1780271997621,0.000,0.000,0.000,0.003,0.000,0.000,0.003,0.000,0.006,0.520,0.113,0.633,0.703
1780271997656,0.000,0.000,0.000,0.003,0.000,0.000,0.003,0.000,0.006,0.512,0.113,0.625,0.703
1780271997716,0.003,0.000,0.000,0.003,0.000,0.000,0.003,0.000,0.009,0.512,0.113,0.625,0.679
1780271997742,0.000,0.000,0.007,0.003,0.000,0.000,0.003,0.000,0.013,0.520,0.113,0.633,0.703
1780271997783,0.000,0.000,0.000,0.000,0.000,0.000,0.003,0.000,0.003,0.512,0.113,0.625,0.703
1780271997834,0.000,0.000,0.000,0.003,0.000,0.000,0.003,0.003,0.009,0.520,0.113,0.633,0.703
1780271997867,0.000,0.003,0.000,0.000,0.000,0.000,0.003,0.000,0.006,0.520,0.113,0.633,0.703
1780271997912,0.000,0.000,0.003,0.003,0.000,0.000,0.003,0.000,0.009,0.520,0.113,0.633,0.703
1780271997940,0.000,0.000,0.000,0.003,0.000,0.000,0.003,0.000,0.006,0.520,0.113,0.633,0.703
1780271997996,0.000,0.000,0.000,0.003,0.003,0.000,0.003,0.000,0.009,0.496,0.113,0.609,0.703
1780271998036,0.003,0.000,0.003,0.003,0.000,0.000,0.003,0.003,0.015,0.512,0.113,0.625,0.679
1780271998083,0.233,0.236,0.145,0.320,0.000,0.000,0.003,0.000,0.937,0.667,0.113,0.780,0.727
1780271998118,0.605,3.320,0.579,3.171,0.000,0.000,0.003,0.000,7.678,7.057,0.113,7.170,0.194
1780271998149,0.353,5.544,0.313,6.841,0.000,0.000,0.003,0.000,13.054,11.013,0.130,11.143,11.176
1780271998179,0.102,3.907,0.047,7.523,0.000,0.000,0.003,0.000,11.582,10.940,0.130,11.070,10.497
1780271998237,0.007,4.552,0.007,6.455,0.000,0.000,0.003,0.000,11.024,10.834,0.130,10.964,9.527
1780271998273,0.007,4.235,0.003,5.627,0.000,0.000,0.000,0.000,9.872,9.588,0.130,9.718,9.188
1780271998314,0.007,3.462,0.003,5.237,0.000,0.000,0.003,0.003,8.715,9.116,0.138,9.254,8.073
1780271998364,0.003,3.652,0.003,4.563,0.000,0.000,0.003,0.000,8.224,8.091,0.138,8.229,7.564
1780271998419,0.003,3.207,0.003,3.907,0.000,0.000,0.003,0.007,7.130,7.326,0.130,7.456,6.667
1780271998449,0.003,3.178,0.003,3.517,0.000,0.000,0.000,0.000,6.701,6.951,0.130,7.081,6.303
1780271998501,0.003,3.069,0.003,3.036,0.000,0.003,0.003,0.000,6.117,6.389,0.122,6.511,5.794
1780271998549,0.222,3.047,0.302,2.799,0.000,0.000,0.000,0.000,6.370,6.096,0.122,6.218,5.503
1780271998583,2.030,2.813,2.019,2.358,0.000,0.000,0.003,0.000,9.223,8.840,0.105,8.945,5.285
1780271998631,3.849,2.336,6.389,1.982,0.000,0.000,0.000,0.003,14.559,12.861,0.130,12.991,8.945
1780271998675,1.078,1.210,4.559,0.914,0.000,0.000,0.003,0.000,7.764,6.324,0.146,6.470,11.345
1780271998738,0.047,0.098,0.422,0.072,0.003,0.000,0.003,0.000,0.645,1.448,0.130,1.578,1.018
1780271998767,0.018,0.025,0.087,0.021,0.000,0.000,0.003,0.000,0.154,0.846,0.122,0.968,0.630
1780271998813,0.003,0.007,0.014,0.007,0.003,0.000,0.003,0.007,0.044,0.586,0.113,0.699,0.630
1780271998846,0.003,0.003,0.007,0.007,0.000,0.000,0.003,0.000,0.023,0.529,0.113,0.642,0.630
1780271998894,0.003,0.003,0.003,0.010,0.000,0.000,0.003,0.000,0.022,0.504,0.113,0.617,0.630
1780271998949,0.000,0.000,0.000,0.003,0.000,0.000,0.000,0.000,0.003,0.496,0.122,0.618,0.630
1780271998983,0.000,0.003,0.000,0.003,0.000,0.000,0.003,0.003,0.012,0.504,0.122,0.626,0.679
1780271999044,0.003,0.000,0.003,0.007,0.000,0.000,0.000,0.000,0.013,0.504,0.122,0.626,0.703
1780271999091,0.003,0.000,0.003,0.003,0.000,0.000,0.000,0.003,0.012,0.520,0.122,0.642,0.703
1780271999124,0.003,0.000,0.003,0.003,0.000,0.000,0.003,0.000,0.012,0.504,0.122,0.626,0.727
1780271999157,0.000,0.000,0.000,0.003,0.000,0.000,0.003,0.000,0.006,0.520,0.122,0.642,0.679
1780271999185,0.003,0.000,0.003,0.003,0.000,0.000,0.003,0.000,0.012,0.512,0.130,0.642,0.703
1780271999266,0.000,0.000,0.000,0.007,0.000,0.000,0.003,0.003,0.013,0.496,0.113,0.609,0.703
1780271999301,0.000,0.003,0.003,0.003,0.003,0.000,0.003,0.000,0.015,0.504,0.113,0.617,0.679
1780271999339,0.000,0.000,0.000,0.003,0.000,0.000,0.003,0.000,0.006,0.520,0.122,0.642,0.703
1780271999373,0.000,0.000,0.000,0.003,0.000,0.000,0.003,0.000,0.006,0.504,0.122,0.626,0.679
1780271999426,0.003,0.000,0.000,0.003,0.000,0.003,0.003,0.000,0.012,0.520,0.122,0.642,0.703
1780271999470,0.000,0.000,0.000,0.003,0.000,0.000,0.003,0.000,0.006,0.504,0.122,0.626,0.703
1780271999508,0.000,0.000,0.000,0.003,0.000,0.000,0.003,0.000,0.006,0.512,0.130,0.642,0.703
1780271999583,0.189,0.185,0.138,0.218,0.000,0.000,0.003,0.000,0.733,0.569,0.122,0.691,0.752
1780271999618,0.284,0.280,0.211,0.313,0.000,0.000,0.003,0.003,1.094,0.610,0.122,0.732,0.776
1780271999654,0.331,0.349,0.262,0.393,0.000,0.003,0.003,0.000,1.341,0.643,0.130,0.773,0.776
1780271999692,0.353,0.368,0.284,0.400,0.000,0.000,0.003,0.000,1.408,0.651,0.130,0.781,0.824
1780271999729,0.353,0.368,0.280,0.404,0.000,0.000,0.000,0.000,1.405,0.643,0.122,0.765,0.824
1780271999791,0.357,0.371,0.215,0.404,0.000,0.000,0.003,0.003,1.353,0.634,0.130,0.764,0.824
1780271999834,0.357,0.371,0.215,0.404,0.000,0.003,0.003,0.000,1.353,0.643,0.122,0.765,0.776
1780271999867,0.357,0.371,0.302,0.400,0.000,0.000,0.003,0.000,1.433,0.651,0.122,0.773,0.776
1780271999897,0.357,0.371,0.306,0.400,0.000,0.003,0.003,0.000,1.440,0.651,0.122,0.773,0.824
1780271999944,0.357,0.371,0.313,0.400,0.000,0.003,0.003,0.000,1.447,0.659,0.122,0.781,0.848
1780271999998,0.357,0.371,0.309,0.404,0.000,0.003,0.003,0.000,1.447,0.643,0.113,0.756,0.824
1780272000027,0.357,0.371,0.313,0.400,0.000,0.000,0.000,0.000,1.441,0.667,0.113,0.780,0.776
1780272000073,0.357,0.371,0.309,0.400,0.000,0.000,0.003,0.003,1.443,0.667,0.113,0.780,0.824
1780272000102,0.353,0.371,0.309,0.404,0.000,0.000,0.000,0.000,1.437,0.667,0.113,0.780,0.776
1780272000157,0.360,0.371,0.313,0.404,0.000,0.000,0.003,0.003,1.454,0.651,0.122,0.773,0.824
1780272000186,0.364,0.371,0.313,0.404,0.000,0.003,0.000,0.000,1.455,0.643,0.122,0.765,0.824
1780272000228,0.357,0.375,0.320,0.400,0.000,0.000,0.003,0.000,1.455,0.651,0.130,0.781,0.824
1780272000316,0.386,0.521,0.433,0.546,0.003,0.000,0.003,0.000,1.892,0.716,0.130,0.846,0.873
1780272000354,0.535,0.524,0.400,0.550,0.000,0.000,0.000,0.000,2.009,0.748,0.130,0.878,0.897
1780272000393,0.637,0.564,0.397,0.659,0.000,0.000,0.003,0.000,2.260,0.805,0.130,0.935,0.897
1780272000436,0.721,0.641,0.572,0.707,0.003,0.000,0.003,0.000,2.647,0.862,0.130,0.992,0.994
1780272000506,0.652,0.645,0.645,0.619,0.000,0.000,0.003,0.003,2.567,0.830,0.130,0.960,0.970
1780272000557,1.326,1.195,1.268,1.093,0.000,0.000,0.000,0.000,4.882,1.676,0.113,1.789,1.212
1780272000637,2.157,1.964,1.964,2.030,0.000,0.000,0.003,0.000,8.118,2.694,0.113,2.807,2.715
1780272000675,2.135,1.920,1.986,1.924,0.000,0.003,0.000,0.000,7.968,2.816,0.113,2.929,2.618
1780272000712,2.099,1.957,1.986,2.015,0.000,0.000,0.003,0.003,8.063,2.930,0.113,3.043,2.618
1780272000743,2.088,1.950,2.030,1.924,0.000,0.000,0.003,0.000,7.995,2.962,0.113,3.075,2.788
1780272000819,1.742,1.727,1.625,1.705,0.000,0.003,0.003,0.000,6.805,2.686,0.113,2.799,2.642
1780272000853,1.731,1.603,1.614,1.640,0.000,0.000,0.003,0.003,6.594,2.604,0.113,2.717,2.473
1780272000890,1.618,1.494,1.479,1.581,0.000,0.000,0.003,0.000,6.175,2.482,0.113,2.595,2.424
1780272000918,1.549,1.447,1.417,1.410,0.000,0.003,0.003,0.000,5.829,2.376,0.122,2.498,2.303
1780272000962,1.458,1.326,1.392,1.396,0.000,0.000,0.003,0.000,5.575,2.295,0.122,2.417,2.230
1780272001028,1.370,1.374,1.319,1.261,0.000,0.000,0.003,0.000,5.327,2.173,0.113,2.286,2.158
1780272001057,1.239,1.279,1.257,1.341,0.000,0.000,0.003,0.000,5.119,2.116,0.113,2.229,2.085
1780272001104,1.206,1.283,1.155,1.304,0.000,0.000,0.003,0.000,4.951,2.091,0.122,2.213,2.061
1780272001150,1.151,1.246,1.126,1.210,0.000,0.000,0.003,0.000,4.736,2.026,0.122,2.148,2.036
1780272001186,1.086,1.173,1.093,1.159,0.000,0.000,0.003,0.000,4.514,1.986,0.122,2.108,1.939
1780272001243,1.137,1.162,1.027,1.253,0.000,0.003,0.003,0.000,4.585,1.986,0.113,2.099,1.915
1780272001275,1.177,1.122,1.038,1.228,0.000,0.000,0.003,0.003,4.571,1.986,0.122,2.108,1.939
1780272001339,1.071,0.954,0.911,1.075,0.000,0.003,0.003,0.000,4.017,1.864,0.113,1.977,1.842
1780272001369,1.097,1.013,0.933,0.984,0.000,0.003,0.003,0.000,4.033,1.847,0.113,1.960,1.842
1780272001400,1.031,1.006,1.013,1.078,0.000,0.000,0.003,0.003,4.134,1.864,0.113,1.977,1.818
1780272001426,1.049,1.057,0.962,0.991,0.000,0.000,0.003,0.003,4.065,1.839,0.122,1.961,1.891
1780272001462,1.031,0.995,0.900,1.035,0.000,0.000,0.003,0.003,3.967,1.782,0.122,1.904,1.770
1780272001494,1.009,0.965,0.903,0.933,0.000,0.003,0.003,0.000,3.816,1.798,0.122,1.920,1.770
1780272001554,0.991,0.991,0.885,0.914,0.000,0.000,0.003,0.003,3.787,1.774,0.130,1.904,1.794
1780272001580,0.984,0.976,0.823,1.002,0.000,0.000,0.003,0.003,3.791,1.774,0.122,1.896,1.770
1780272001616,0.962,1.027,0.900,0.965,0.000,0.003,0.000,0.000,3.857,1.774,0.130,1.904,1.794
1780272001651,1.046,0.962,0.871,1.024,0.000,0.003,0.003,0.000,3.909,1.798,0.122,1.920,1.794
1780272001690,1.006,0.951,0.911,0.852,0.000,0.000,0.000,0.000,3.720,1.693,0.122,1.815,1.794
1780272001741,0.922,0.991,0.896,0.903,0.000,0.000,0.003,0.003,3.718,1.709,0.113,1.822,1.697
1780272001773,0.882,0.893,0.867,0.991,0.000,0.000,0.000,0.003,3.636,1.693,0.122,1.815,1.745
1780272001844,0.863,0.841,0.841,0.914,0.000,0.000,0.003,0.003,3.465,1.668,0.122,1.790,1.648
1780272001875,0.882,0.954,0.885,0.863,0.000,0.000,0.003,0.003,3.590,1.684,0.113,1.797,1.697
1780272001911,0.896,0.925,0.885,0.896,0.003,0.000,0.003,0.000,3.608,1.676,0.113,1.789,1.697
1780272001945,0.998,0.922,0.903,0.976,0.000,0.003,0.003,0.000,3.805,1.741,0.122,1.863,1.745
1780272001988,0.951,0.903,0.914,0.914,0.003,0.003,0.003,0.003,3.694,1.693,0.122,1.815,1.673
1780272002031,0.969,0.903,0.860,0.874,0.000,0.000,0.003,0.000,3.609,1.668,0.122,1.790,1.745
1780272002104,0.965,0.973,0.798,0.936,0.000,0.003,0.000,0.000,3.675,1.676,0.130,1.806,1.770
1780272002142,0.947,0.896,0.787,0.962,0.000,0.000,0.003,0.000,3.595,1.701,0.130,1.831,1.648
1780272002199,0.965,0.903,0.867,1.020,0.000,0.000,0.003,0.000,3.758,1.725,0.130,1.855,1.697
1780272002235,1.002,0.929,0.831,0.856,0.000,0.000,0.003,0.003,3.624,1.668,0.130,1.798,1.673
1780272002274,0.933,0.845,0.772,0.845,0.000,0.000,0.000,0.000,3.395,1.652,0.130,1.782,1.673
1780272002325,0.306,0.200,0.123,0.229,0.000,0.000,0.003,0.000,0.861,0.789,0.130,0.919,1.164
1780272002379,0.018,0.018,0.010,0.025,0.000,0.000,0.003,0.000,0.074,0.561,0.130,0.691,0.727
1780272002414,0.003,0.007,0.003,0.007,0.000,0.003,0.003,0.000,0.026,0.496,0.130,0.626,0.679
1780272002457,0.543,0.043,0.670,0.061,0.000,0.003,0.003,0.000,1.323,0.618,0.130,0.748,0.703
1780272002490,2.128,0.882,1.888,0.845,0.000,0.000,0.003,0.000,5.746,3.028,0.113,3.141,0.824
1780272002533,4.749,3.495,4.895,3.717,0.000,0.000,0.000,0.003,16.859,11.135,0.089,11.224,6.327
1780272002626,4.056,3.706,4.384,4.075,0.000,0.000,0.003,0.000,16.224,14.814,0.146,14.960,14.788
1780272002659,3.510,3.083,3.958,3.816,0.000,0.003,0.000,0.003,14.373,13.919,0.138,14.057,12.242
1780272002708,2.376,2.259,2.912,2.941,0.000,0.000,0.000,0.000,10.488,9.678,0.138,9.816,8.727
1780272002751,0.801,0.998,1.060,1.549,0.000,0.000,0.003,0.003,4.414,4.525,0.146,4.671,6.109
1780272002789,0.123,0.138,0.142,0.204,0.000,0.000,0.003,0.000,0.610,1.619,0.130,1.749,0.897
1780272002831,0.018,0.018,0.025,0.025,0.000,0.003,0.003,0.003,0.095,0.814,0.130,0.944,0.679
1780272002870,0.010,0.003,0.007,0.007,0.000,0.000,0.000,0.003,0.030,0.602,0.130,0.732,0.703
1780272002918,0.003,0.003,0.003,0.003,0.000,0.000,0.003,0.000,0.015,0.545,0.122,0.667,0.727
1780272002946,0.007,0.003,0.003,0.003,0.000,0.000,0.000,0.000,0.016,0.529,0.122,0.651,0.776
1780272002990,2.318,2.711,2.872,2.784,0.000,0.000,0.003,0.000,10.688,8.164,0.089,8.253,0.703
1780272003024,4.643,4.570,5.256,5.033,0.000,0.000,0.003,0.000,19.505,16.418,0.113,16.531,12.291
1780272003067,4.096,4.621,5.175,4.982,0.000,0.000,0.003,0.000,18.877,17.549,0.146,17.695,17.358
1780272003136,2.941,3.298,4.031,4.005,0.000,0.000,0.003,0.000,14.278,14.171,0.154,14.325,13.139
1780272003165,2.737,2.854,3.597,3.612,0.000,0.000,0.003,0.003,12.806,12.844,0.146,12.990,11.564
1780272003206,2.442,2.515,3.200,3.076,0.000,0.000,0.003,0.000,11.236,11.355,0.146,11.501,10.400
1780272003246,2.088,2.216,2.792,2.872,0.000,0.000,0.003,0.000,9.971,10.231,0.146,10.377,8.994
1780272003278,1.724,2.022,2.744,2.606,0.000,0.000,0.000,0.003,9.099,9.426,0.146,9.572,8.727
1780272003306,1.549,1.895,2.628,2.507,0.000,0.000,0.000,0.000,8.579,8.856,0.146,9.002,7.855
1780272003366,1.447,1.611,2.522,2.347,0.000,0.000,0.000,0.000,7.927,8.196,0.146,8.342,7.515
1780272003395,1.406,1.519,2.332,2.351,0.000,0.000,0.003,0.000,7.611,7.822,0.146,7.968,7.200
1780272003457,0.393,0.419,1.140,0.925,0.000,0.003,0.003,0.000,2.883,3.223,0.138,3.361,2.885
1780272003506,0.083,0.091,0.258,0.156,0.000,0.000,0.003,0.003,0.594,1.147,0.122,1.269,1.285
1780272003538,0.018,0.021,0.047,0.032,0.000,0.003,0.003,0.003,0.127,0.732,0.122,0.854,0.703
1780272003574,0.003,0.007,0.007,0.010,0.000,0.000,0.003,0.003,0.033,0.594,0.113,0.707,0.752
1780272003657,0.003,0.000,0.000,0.007,0.003,0.000,0.003,0.003,0.019,0.537,0.122,0.659,0.945
1780272003692,3.098,2.628,2.726,2.540,0.000,0.000,0.003,0.000,10.995,10.875,0.113,10.988,0.000
1780272003731,5.445,4.924,5.445,5.485,0.000,0.000,0.000,0.000,21.299,18.559,0.138,18.697,17.455
1780272003777,4.428,4.107,4.942,4.884,0.000,0.000,0.003,0.000,18.364,17.427,0.146,17.573,16.436
1780272003814,3.659,3.451,4.297,4.293,0.000,0.000,0.003,0.003,15.706,15.270,0.138,15.408,14.570
1780272003885,0.441,0.459,0.517,0.714,0.000,0.000,0.000,0.000,2.131,3.272,0.138,3.410,2.497
1780272003947,0.043,0.043,0.047,0.069,0.000,0.000,0.003,0.007,0.212,0.854,0.122,0.976,0.752
1780272003990,0.010,0.007,0.007,0.007,0.000,0.000,0.003,0.000,0.034,0.610,0.122,0.732,0.703
1780272004027,0.003,0.003,0.003,0.003,0.000,0.000,0.000,0.000,0.012,0.553,0.113,0.666,0.824
1780272004065,0.003,0.003,0.003,0.007,0.000,0.000,0.003,0.003,0.022,0.529,0.113,0.642,0.752
1780272004132,0.003,0.000,0.000,0.003,0.000,0.000,0.000,0.000,0.006,0.537,0.122,0.659,0.727
1780272004199,0.003,0.000,0.000,0.003,0.000,0.003,0.000,0.000,0.009,0.529,0.130,0.659,0.727
1780272004228,0.000,0.003,0.000,0.003,0.000,0.003,0.003,0.003,0.015,0.529,0.130,0.659,0.727
1780272004259,0.003,0.000,0.000,0.003,0.000,0.000,0.003,0.003,0.012,0.529,0.122,0.651,0.727
1780272004298,0.000,0.000,0.000,0.003,0.000,0.000,0.000,0.000,0.003,0.520,0.130,0.650,0.727
1780272004330,0.003,0.000,0.003,0.003,0.000,0.000,0.003,0.003,0.015,0.512,0.130,0.642,0.703
1780272004387,0.000,0.000,0.003,0.003,0.000,0.003,0.003,0.003,0.015,0.537,0.130,0.667,0.727
1780272004426,0.003,0.000,0.000,0.003,0.000,0.000,0.003,0.000,0.009,0.520,0.122,0.642,0.727
1780272004461,0.000,0.000,0.000,0.003,0.000,0.000,0.003,0.000,0.006,0.504,0.130,0.634,0.703
1780272004511,0.000,0.000,0.000,0.003,0.000,0.000,0.003,0.000,0.006,0.504,0.130,0.634,0.727
1780272004557,0.000,0.000,0.000,0.003,0.000,0.000,0.000,0.000,0.003,0.512,0.130,0.642,0.703
1780272004626,0.000,0.000,0.000,0.000,0.007,0.018,6.291,8.000,14.316,0.594,12.421,13.015,7.782
1780272004662,0.000,0.000,0.000,0.003,0.003,0.018,7.122,8.234,15.380,0.594,14.179,14.773,16.509
1780272004733,0.000,0.000,0.000,0.003,0.007,0.014,7.290,7.829,15.143,0.618,14.822,15.440,17.236
1780272004769,0.000,0.000,0.000,0.003,0.003,0.014,7.326,7.803,15.149,0.618,14.782,15.400,16.436
1780272004805,0.000,0.000,0.000,0.000,0.003,0.014,7.140,7.891,15.048,0.618,14.407,15.025,15.879
1780272004840,0.000,0.000,0.000,0.003,0.007,0.014,7.034,7.873,14.931,0.602,14.228,14.830,15.006
1780272004891,0.003,0.000,0.000,0.003,0.003,0.014,7.093,7.643,14.759,0.618,14.057,14.675,14.473
1780272004948,0.003,0.000,0.000,0.003,0.003,0.014,6.859,7.483,14.365,0.643,13.658,14.301,14.158
1780272004989,0.000,0.000,0.000,0.003,0.000,0.000,1.804,2.365,4.172,0.586,6.512,7.098,11.224
1780272005028,0.000,0.000,0.003,0.000,0.000,0.000,0.404,0.320,0.727,0.520,2.059,2.579,1.139
1780272005058,0.000,0.003,0.000,0.003,0.000,0.000,0.094,0.076,0.176,0.529,0.927,1.456,0.848
1780272005088,0.000,0.000,0.000,0.003,0.000,0.000,0.018,0.025,0.046,0.520,0.472,0.992,0.824
1780272005122,0.000,0.000,0.000,0.003,0.000,0.000,0.007,0.010,0.020,0.537,0.284,0.821,0.752
1780272005161,0.000,0.000,0.000,0.003,0.000,0.000,0.007,0.003,0.013,0.520,0.187,0.707,0.752
1780272005188,0.003,0.003,0.000,0.003,0.000,0.000,0.007,0.003,0.019,0.520,0.162,0.682,0.752
1780272005256,0.000,0.000,0.000,0.003,0.000,0.000,0.003,0.003,0.009,0.504,0.146,0.650,0.727
1780272005293,0.000,0.000,0.000,0.003,0.003,0.000,0.003,0.000,0.009,0.496,0.146,0.642,0.727
1780272005327,0.000,0.003,0.000,0.003,0.000,0.003,0.003,0.003,0.015,0.512,0.138,0.650,0.727
1780272005356,0.003,0.000,0.000,0.003,0.000,0.003,0.003,0.003,0.015,0.504,0.146,0.650,0.703
1780272005402,0.000,0.003,0.000,0.003,0.000,0.003,0.003,0.000,0.012,0.520,0.138,0.658,0.727
1780272005454,0.003,0.000,0.000,0.003,0.000,0.000,0.003,0.003,0.012,0.512,0.138,0.650,0.727
1780272005511,0.003,0.000,0.003,0.003,0.000,0.000,0.003,0.003,0.015,0.488,0.138,0.626,0.703
1780272005540,0.000,0.000,0.000,0.003,0.000,0.000,0.000,0.000,0.003,0.512,0.138,0.650,0.727
1780272005573,0.000,0.000,0.000,0.003,0.000,0.000,0.000,0.000,0.003,0.520,0.138,0.658,0.727
1780272005606,0.003,0.000,0.000,0.003,0.000,0.000,0.003,0.003,0.012,0.512,0.138,0.650,0.703
1780272005646,0.000,0.000,0.000,0.003,0.000,0.000,0.003,0.003,0.009,0.529,0.138,0.667,0.727
1780272005676,0.003,0.000,0.000,0.003,0.000,0.000,0.003,0.003,0.012,0.520,0.138,0.658,0.752
1780272005716,0.000,0.000,0.000,0.003,0.000,0.000,0.003,0.003,0.009,0.504,0.138,0.642,0.703
1780272005786,0.000,0.000,0.000,0.003,0.000,0.000,0.003,0.003,0.009,0.504,0.138,0.642,0.727
1780272005826,2.412,2.168,2.259,1.964,0.000,0.000,0.003,0.000,8.806,7.895,0.097,7.992,0.145
1780272005873,4.997,5.041,5.503,5.489,0.000,0.000,0.000,0.000,21.030,17.557,0.146,17.703,10.861
1780272005919,4.067,4.275,5.051,4.862,0.000,0.000,0.003,0.003,18.261,17.574,0.162,17.736,17.212
1780272005950,3.776,3.849,4.439,4.559,0.000,0.000,0.000,0.000,16.623,15.938,0.162,16.100,14.545
1780272005985,2.996,3.309,3.947,4.075,0.000,0.000,0.000,0.000,14.327,14.277,0.170,14.447,12.800
1780272006049,2.365,2.547,3.324,3.189,0.000,0.000,0.000,0.000,11.425,11.404,0.154,11.558,10.885
1780272006102,2.059,2.012,2.919,3.080,0.000,0.000,0.000,0.000,10.070,10.199,0.162,10.361,9.212
1780272006135,1.749,1.840,2.646,2.857,0.000,0.000,0.000,0.000,9.092,9.434,0.154,9.588,8.412
1780272006170,1.472,1.651,2.515,2.587,0.000,0.000,0.003,0.000,8.228,8.628,0.154,8.782,7.830
1780272006200,1.436,1.640,2.423,2.482,0.000,0.000,0.003,0.000,7.984,8.302,0.154,8.456,7.442
1780272006241,1.170,1.549,2.358,2.296,0.000,0.000,0.003,0.003,7.379,7.798,0.154,7.952,7.006
1780272006319,0.244,0.222,0.433,0.386,0.000,0.003,0.003,0.003,1.294,2.091,0.138,2.229,1.503
1780272006353,0.098,0.105,0.174,0.189,0.000,0.000,0.003,0.003,0.572,1.188,0.138,1.326,1.309
1780272006401,0.010,0.010,0.010,0.014,0.000,0.003,0.003,0.000,0.050,0.626,0.130,0.756,0.679
1780272006441,0.003,0.003,0.003,0.003,0.000,0.000,0.003,0.003,0.018,0.545,0.138,0.683,0.873
1780272006476,0.000,0.003,0.000,0.007,0.000,0.000,0.003,0.000,0.013,0.520,0.138,0.658,0.994
1780272006504,0.000,0.000,0.003,0.003,0.000,0.000,0.000,0.000,0.006,0.520,0.138,0.658,0.848
1780272006568,0.000,0.003,0.000,0.003,0.000,0.000,0.003,0.003,0.012,0.512,0.138,0.650,0.824
1780272006597,0.007,0.003,0.003,0.003,0.000,0.003,0.003,0.000,0.022,0.512,0.138,0.650,0.824
1780272006634,0.003,0.000,0.000,0.003,0.000,0.000,0.003,0.003,0.012,0.504,0.138,0.642,0.776
1780272006665,0.000,0.000,0.003,0.003,0.003,0.000,0.003,0.003,0.015,0.520,0.130,0.650,0.703
1780272006707,0.000,0.000,0.000,0.003,0.000,0.000,0.003,0.000,0.006,0.512,0.138,0.650,0.703
1780272006735,0.000,0.000,0.003,0.003,0.000,0.000,0.003,0.000,0.009,0.504,0.138,0.642,0.727
1780272006773,0.000,0.000,0.000,0.003,0.000,0.003,0.003,0.003,0.012,0.504,0.138,0.642,0.703
1780272006844,0.003,0.000,0.000,0.000,0.000,0.003,0.003,0.003,0.012,0.504,0.130,0.634,0.679
1780272006891,0.003,0.000,0.000,0.003,0.000,0.000,0.003,0.000,0.009,0.496,0.130,0.626,0.679
1780272006930,0.003,0.000,0.000,0.000,0.000,0.000,0.003,0.000,0.006,0.512,0.138,0.650,0.703
1780272006980,0.000,0.000,0.000,0.003,0.000,0.000,0.003,0.000,0.006,0.496,0.138,0.634,0.679
1780272007011,0.003,0.000,0.000,0.003,0.000,0.003,0.003,0.003,0.015,0.488,0.138,0.626,0.703
1780272007062,0.003,0.000,0.003,0.003,0.000,0.000,0.003,0.000,0.012,0.488,0.138,0.626,0.679
1780272007093,0.003,0.000,0.003,0.007,0.000,0.000,0.003,0.003,0.019,0.496,0.138,0.634,0.703
1780272007134,0.003,0.000,0.000,0.003,0.000,0.000,0.000,0.000,0.006,0.488,0.138,0.626,0.703
1780272007168,0.000,0.000,0.000,0.003,0.000,0.003,0.000,0.000,0.006,0.512,0.138,0.650,0.703
1780272007204,0.000,0.000,0.000,0.003,0.003,0.000,0.000,0.000,0.006,0.504,0.130,0.634,0.679
1780272007233,0.000,0.000,0.003,0.000,0.003,0.000,0.003,0.003,0.012,0.496,0.138,0.634,0.703
1780272007277,0.000,0.000,0.000,0.003,0.000,0.000,0.003,0.000,0.006,0.488,0.130,0.618,0.679
1780272007344,0.000,0.000,0.000,0.003,0.003,0.000,0.003,0.003,0.012,0.488,0.138,0.626,0.679
1780272007380,0.000,0.003,0.000,0.003,0.000,0.000,0.003,0.003,0.012,0.496,0.130,0.626,0.679
1780272007432,0.000,0.000,0.000,0.003,0.000,0.000,0.000,0.003,0.006,0.520,0.138,0.658,0.679
1780272007472,0.000,0.000,0.000,0.003,0.000,0.000,0.003,0.003,0.009,0.504,0.138,0.642,0.703
1780272007505,0.000,0.000,0.000,0.003,0.003,0.000,0.003,0.000,0.009,0.496,0.130,0.626,0.703
1780272007532,0.000,0.000,0.003,0.003,0.000,0.000,0.000,0.000,0.006,0.496,0.138,0.634,0.703
1780272007591,0.003,0.003,0.000,0.003,0.000,0.000,0.003,0.000,0.012,0.496,0.138,0.634,0.703
1780272007621,0.000,0.000,0.003,0.003,0.000,0.003,0.003,0.000,0.012,0.512,0.130,0.642,0.703
1780272007659,0.003,0.000,0.000,0.003,0.000,0.000,0.003,0.000,0.009,0.496,0.138,0.634,0.703
1780272007687,0.000,0.000,0.000,0.000,0.000,0.000,0.003,0.003,0.006,0.504,0.138,0.642,0.727
1780272007720,0.000,0.000,0.000,0.003,0.003,0.000,0.003,0.007,0.016,0.504,0.130,0.634,0.727
1780272007748,0.000,0.000,0.000,0.003,0.000,0.000,0.003,0.000,0.006,0.496,0.138,0.634,0.703
1780272007778,0.000,0.000,0.000,0.007,0.000,0.003,0.003,0.000,0.013,0.496,0.138,0.634,0.703
1780272007805,0.000,0.003,0.000,0.003,0.000,0.000,0.003,0.000,0.009,0.488,0.138,0.626,0.679
1780272007866,0.000,0.000,0.003,0.003,0.000,0.003,0.003,0.003,0.015,0.480,0.138,0.618,0.703
1780272007901,0.003,0.000,0.000,0.003,0.000,0.000,0.003,0.000,0.009,0.488,0.130,0.618,0.679
1780272007951,0.000,0.000,0.000,0.003,0.000,0.000,0.003,0.003,0.009,0.512,0.138,0.650,0.703
1780272008001,0.000,0.003,0.000,0.003,0.000,0.000,0.003,0.000,0.009,0.520,0.138,0.658,0.703
1780272008032,0.040,0.014,0.007,0.036,0.000,0.000,0.003,0.000,0.100,0.512,0.138,0.650,0.703
1780272008094,0.393,0.451,0.240,0.328,0.003,0.000,0.003,0.000,1.418,0.651,0.138,0.789,0.848
1780272008131,0.371,0.521,0.400,0.433,0.003,0.000,0.003,0.000,1.731,0.691,0.130,0.821,0.848
1780272008182,0.652,0.422,0.302,0.637,0.000,0.003,0.003,0.000,2.019,0.732,0.130,0.862,0.897
1780272008221,0.761,0.251,0.207,0.882,0.000,0.000,0.003,0.003,2.107,0.830,0.130,0.960,0.945
1780272008267,1.895,0.397,0.390,2.015,0.000,0.000,0.003,0.000,4.700,1.725,0.130,1.855,1.309
1780272008300,3.131,0.495,0.451,2.926,0.000,0.000,0.003,0.000,7.006,3.044,0.130,3.174,2.036
1780272008348,4.075,0.411,0.466,4.275,0.000,0.000,0.000,0.003,9.230,4.525,0.138,4.663,3.709
1780272008429,3.470,0.360,0.470,4.494,0.000,0.000,0.000,0.000,8.794,4.900,0.138,5.038,4.558
1780272008470,3.962,0.572,0.929,4.789,0.000,0.000,0.000,0.003,10.255,5.795,0.130,5.925,4.921
1780272008514,4.261,0.940,1.111,4.578,0.003,0.000,0.003,0.000,10.896,6.121,0.138,6.259,5.648
1780272008549,4.020,0.965,1.180,4.461,0.000,0.000,0.003,0.000,10.629,5.917,0.138,6.055,5.455
1780272008608,3.557,0.933,0.995,4.002,0.000,0.000,0.003,0.000,9.490,5.518,0.130,5.648,4.921
1780272008638,3.583,0.947,0.987,3.772,0.000,0.000,0.000,0.003,9.292,5.347,0.138,5.485,4.897
1780272008679,3.357,0.987,1.009,3.634,0.000,0.000,0.003,0.003,8.993,5.144,0.138,5.282,4.776
1780272008730,3.207,0.980,1.024,3.466,0.000,0.000,0.003,0.000,8.680,4.957,0.138,5.095,4.485
1780272008760,3.080,0.991,1.024,3.207,0.000,0.003,0.003,0.000,8.308,4.794,0.138,4.932,4.339
1780272008804,3.047,0.903,0.900,3.039,0.000,0.000,0.003,0.000,7.892,4.590,0.138,4.728,4.339
1780272008834,2.839,0.863,0.845,3.083,0.000,0.000,0.003,0.000,7.633,4.428,0.138,4.566,4.097
1780272008874,2.806,0.852,0.849,3.014,0.000,0.000,0.003,0.000,7.524,4.363,0.138,4.501,4.073
1780272008948,2.711,0.823,0.841,2.861,0.000,0.000,0.003,0.000,7.239,4.265,0.138,4.403,3.903
1780272008976,2.766,0.823,0.841,2.748,0.000,0.000,0.000,0.000,7.178,4.208,0.138,4.346,3.903
1780272009026,2.595,0.812,0.838,2.795,0.000,0.000,0.003,0.000,7.043,4.070,0.146,4.216,3.782
1780272009056,2.547,0.816,0.838,2.671,0.000,0.000,0.000,0.000,6.872,4.061,0.138,4.199,3.782
1780272009110,2.369,0.823,0.874,2.810,0.000,0.000,0.003,0.003,6.882,3.964,0.138,4.102,3.661
1780272009154,2.376,1.129,1.279,2.624,0.000,0.000,0.003,0.003,7.414,3.866,0.138,4.004,3.709
1780272009199,1.038,0.882,0.849,1.239,0.003,0.000,0.003,0.000,4.014,1.668,0.146,1.814,3.176
1780272009233,0.207,0.247,0.262,0.302,0.000,0.000,0.003,0.003,1.024,0.952,0.138,1.090,0.970
1780272009270,0.047,0.043,0.047,0.036,0.000,0.000,0.000,0.000,0.173,0.602,0.138,0.740,0.703
1780272009302,0.010,0.007,0.007,0.014,0.000,0.000,0.000,0.003,0.041,0.537,0.130,0.667,0.679
1780272009336,0.003,0.003,0.007,0.007,0.000,0.003,0.000,0.000,0.023,0.496,0.130,0.626,0.703
1780272009366,0.007,0.000,0.000,0.003,0.000,0.003,0.003,0.000,0.016,0.496,0.130,0.626,0.703
1780272009408,0.003,0.000,0.000,0.007,0.000,0.000,0.003,0.000,0.013,0.488,0.138,0.626,0.727
1780272009504,0.000,0.000,0.003,0.003,0.000,0.000,0.003,0.003,0.012,0.504,0.138,0.642,0.727
1780272009552,0.003,0.000,0.000,0.003,0.000,0.000,0.003,0.000,0.009,0.504,0.138,0.642,0.727
1780272009590,0.007,0.000,0.000,0.003,0.000,0.000,0.003,0.000,0.013,0.496,0.138,0.634,0.727
1780272009655,0.003,0.000,0.000,0.003,0.000,0.000,0.003,0.000,0.009,0.480,0.130,0.610,0.679
1780272009686,0.000,0.000,0.000,0.003,0.000,0.000,0.003,0.003,0.009,0.504,0.130,0.634,0.703
1780272009722,0.003,0.000,0.000,0.003,0.000,0.003,0.003,0.000,0.012,0.496,0.130,0.626,0.703
1780272009762,0.003,0.000,0.000,0.003,0.000,0.000,0.003,0.003,0.012,0.504,0.130,0.634,0.703
1780272009802,0.000,0.003,0.003,0.003,0.000,0.000,0.003,0.000,0.012,0.504,0.138,0.642,0.703
1780272009830,0.003,0.000,0.000,0.003,0.000,0.000,0.003,0.003,0.012,0.496,0.138,0.634,0.703
1780272009867,0.003,0.000,0.003,0.003,0.000,0.000,0.000,0.000,0.009,0.496,0.138,0.634,0.727
1780272009897,0.000,0.000,0.000,0.003,0.000,0.000,0.003,0.000,0.006,0.504,0.138,0.642,0.703
1780272009942,0.000,0.000,0.000,0.003,0.000,0.000,0.000,0.000,0.003,0.529,0.130,0.659,0.703
1780272010000,0.000,0.000,0.003,0.003,0.000,0.000,0.003,0.000,0.009,0.496,0.130,0.626,0.703
1780272010033,0.000,0.003,0.000,0.003,0.000,0.000,0.003,0.000,0.009,0.488,0.130,0.618,0.727
1780272010088,0.000,0.000,0.000,0.003,0.000,0.000,0.003,0.003,0.009,0.488,0.130,0.618,0.727
1780272010159,0.003,0.000,0.000,0.003,0.000,0.000,0.000,0.000,0.006,0.496,0.130,0.626,0.703
1780272010217,0.003,0.000,0.000,0.003,0.000,0.000,0.000,0.000,0.006,0.488,0.130,0.618,0.703
1780272010249,0.000,0.000,0.000,0.003,0.000,0.000,0.003,0.000,0.006,0.504,0.130,0.634,0.679
1780272010294,0.000,0.003,0.000,0.003,0.000,0.000,0.003,0.000,0.009,0.488,0.130,0.618,0.679
1780272010327,0.000,0.000,0.000,0.003,0.000,0.000,0.003,0.003,0.009,0.496,0.138,0.634,0.727
1780272010362,0.003,0.000,0.003,0.003,0.000,0.000,0.003,0.003,0.015,0.488,0.138,0.626,0.703
1780272010392,0.000,0.000,0.000,0.003,0.003,0.000,0.003,0.003,0.012,0.496,0.138,0.634,0.703
1780272010428,0.000,0.000,0.003,0.003,0.000,0.000,0.003,0.003,0.012,0.496,0.138,0.634,0.703
1780272010481,0.000,0.000,0.000,0.003,0.003,0.018,6.196,6.375,12.595,0.537,9.133,9.670,0.679
1780272010556,0.000,0.000,0.000,0.000,0.003,0.014,7.534,8.274,15.825,0.569,14.652,15.221,15.903
1780272010614,0.000,0.000,0.000,0.003,0.003,0.018,7.344,7.818,15.186,0.586,14.342,14.928,15.976
1780272010664,0.000,0.003,0.000,0.000,0.003,0.014,7.023,7.865,14.908,0.618,14.163,14.781,18.255
1780272010709,0.000,0.000,0.000,0.003,0.003,0.014,6.918,7.701,14.639,0.651,14.000,14.651,16.533
1780272010746,0.546,0.492,0.532,0.466,0.003,0.018,7.031,7.625,16.713,1.082,13.894,14.976,15.855
1780272010787,2.285,2.132,2.391,2.832,0.003,0.010,6.178,7.023,22.854,6.048,12.812,18.860,15.903
1780272010830,4.253,4.618,5.041,4.997,0.003,0.010,5.584,6.039,30.545,14.261,11.436,25.697,20.291
1780272010882,3.480,5.420,5.482,5.580,0.003,0.010,5.194,5.522,30.691,18.445,10.337,28.782,26.206
1780272010917,3.488,5.449,4.942,5.259,0.003,0.010,5.026,5.405,29.582,18.380,10.077,28.457,26.933
1780272010953,3.561,5.099,4.654,4.935,0.000,0.010,5.117,5.343,28.719,17.842,10.061,27.903,26.036
1780272011021,3.302,4.574,4.239,4.454,0.003,0.010,5.059,5.500,27.141,16.426,10.093,26.519,24.655
1780272011103,3.324,3.980,3.816,4.301,0.000,0.010,4.957,5.423,25.811,15.107,9.979,25.086,23.709
1780272011171,3.098,3.488,3.604,4.002,0.003,0.010,4.960,5.372,24.537,14.147,9.898,24.045,22.182
1780272011213,2.937,3.313,3.419,3.779,0.003,0.010,4.960,5.328,23.749,13.585,10.061,23.646,21.576
1780272011257,3.007,3.182,3.298,3.754,0.000,0.010,4.833,5.259,23.343,13.251,10.004,23.255,21.770
1780272011304,3.061,2.977,3.138,3.583,0.003,0.010,4.760,5.256,22.788,12.861,9.702,22.563,20.994
1780272011348,2.908,2.974,2.489,2.566,0.003,0.010,4.844,5.431,21.225,10.516,9.816,20.332,19.758
1780272011392,2.985,2.897,1.261,1.388,0.003,0.010,5.000,5.514,19.058,8.205,10.004,18.209,18.158
1780272011450,2.977,2.700,0.240,0.291,0.003,0.010,5.066,5.569,16.856,6.446,10.142,16.588,15.685
1780272011493,3.120,2.074,0.091,0.142,0.003,0.010,5.037,5.529,16.006,5.771,10.028,15.799,15.200
1780272011537,2.821,1.764,0.047,0.065,0.003,0.010,4.964,5.456,15.130,5.193,10.028,15.221,14.352
1780272011604,2.908,1.622,0.262,1.312,0.003,0.010,4.811,5.383,16.311,5.323,9.792,15.115,14.158
1780272011660,2.496,1.148,3.043,5.124,0.003,0.007,4.363,4.822,21.006,9.507,8.978,18.485,16.800
1780272011724,0.229,0.145,0.317,0.590,0.003,0.007,4.942,5.485,11.718,2.336,9.947,12.283,11.806
1780272011785,0.010,0.010,0.018,0.025,0.003,0.003,1.924,2.289,4.282,0.805,3.768,4.573,8.339
1780272011822,0.003,0.003,0.003,0.007,0.000,0.000,0.586,0.743,1.345,0.594,1.440,2.034,2.982
1780272011860,0.003,0.000,0.003,0.003,0.007,0.021,7.592,7.953,15.582,0.594,11.208,11.802,1.406
1780272011895,0.000,0.000,0.000,0.003,0.007,0.021,9.546,10.373,19.950,0.626,17.321,17.947,20.097
1780272011935,0.003,0.003,0.000,0.003,0.007,0.021,9.662,10.596,20.295,0.651,18.567,19.218,20.097
1780272011978,0.007,0.000,0.003,0.003,0.000,0.003,2.759,3.174,5.949,0.602,7.374,7.976,14.764
1780272012018,0.003,0.000,0.003,0.003,0.003,0.010,4.840,5.143,10.005,0.553,8.791,9.344,2.594
1780272012060,0.000,0.000,0.000,0.003,0.003,0.010,5.256,5.518,10.790,0.594,9.979,10.573,15.152
1780272012128,0.003,0.000,0.000,0.003,0.003,0.010,5.299,5.740,11.058,0.594,10.484,11.078,13.600
1780272012182,0.000,0.000,0.000,0.003,0.003,0.010,5.270,5.802,11.088,0.594,10.476,11.070,12.533
1780272012269,0.000,0.000,0.000,0.003,0.003,0.007,3.542,3.951,7.506,0.545,6.129,6.674,6.885
1780272012327,0.003,0.000,0.003,0.003,0.000,0.000,0.965,0.805,1.779,0.545,2.075,2.620,2.642
1780272012373,0.003,0.003,0.000,0.000,0.007,0.021,8.121,8.624,16.779,0.561,14.358,14.919,2.424
1780272012410,0.000,0.000,0.003,0.003,0.007,0.018,9.549,10.391,19.971,0.634,17.370,18.004,20.315
1780272012451,0.000,0.000,0.000,0.003,0.000,0.010,5.606,6.302,11.921,0.610,11.851,12.461,12.655
1780272012495,0.000,0.000,0.000,0.003,0.003,0.014,5.533,6.072,11.625,0.577,10.997,11.574,9.188
1780272012538,0.000,0.000,0.003,0.003,0.003,0.010,5.551,6.047,11.617,0.586,11.045,11.631,11.685
1780272012576,0.000,0.000,0.000,0.003,0.003,0.010,5.420,5.923,11.359,0.577,10.940,11.517,11.467
1780272012649,0.000,0.000,0.000,0.003,0.003,0.010,5.387,5.762,11.165,0.569,10.655,11.224,11.200
1780272012708,0.003,0.000,0.000,0.003,0.000,0.000,1.975,1.822,3.803,0.545,4.021,4.566,4.994
1780272012774,0.000,0.000,0.000,0.003,0.000,0.003,0.287,0.371,0.664,0.520,0.838,1.358,0.970
1780272012820,0.003,0.000,0.003,0.003,0.000,0.000,0.142,0.164,0.315,0.504,0.423,0.927,0.848
1780272012861,0.003,0.000,0.003,0.003,0.000,0.000,0.134,0.153,0.296,0.512,0.309,0.821,0.848
1780272012904,0.007,0.000,0.000,0.003,0.000,0.000,0.138,0.156,0.304,0.488,0.268,0.756,0.848
1780272012941,0.003,0.000,0.000,0.003,0.000,0.003,0.331,0.393,0.733,0.504,0.382,0.886,0.873
1780272012985,0.000,0.003,0.000,0.003,0.000,0.000,0.400,0.481,0.887,0.512,0.472,0.984,1.115
1780272013024,0.003,0.000,0.000,0.003,0.003,0.003,1.687,1.800,3.499,0.512,1.880,2.392,1.091
1780272013064,0.000,0.000,0.000,0.003,0.000,0.003,2.201,2.420,4.627,0.504,2.555,3.059,3.248
1780272013107,0.003,0.000,0.000,0.003,0.003,0.003,2.464,2.737,5.213,0.520,3.060,3.580,3.370
1780272013195,0.007,0.000,0.000,0.003,0.003,0.003,2.398,2.573,4.987,0.512,3.011,3.523,3.661
1780272013252,0.000,0.000,0.000,0.003,0.000,0.000,0.776,0.933,1.712,0.512,1.147,1.659,2.958
1780272013336,0.000,0.000,0.000,0.000,0.000,0.003,0.379,0.466,0.848,0.488,0.512,1.000,1.042
1780272013394,0.000,0.000,0.000,0.003,0.000,0.003,0.397,0.488,0.891,0.496,0.480,0.976,1.042
1780272013447,0.000,0.000,0.000,0.003,0.000,0.003,1.647,1.899,3.552,0.496,1.766,2.262,2.424
1780272013514,0.000,0.000,0.000,0.003,0.003,0.003,1.982,2.165,4.156,0.512,2.287,2.799,2.958
1780272013554,0.000,0.000,0.000,0.003,0.000,0.003,2.318,2.485,4.809,0.504,2.783,3.287,3.152
1780272013600,0.000,0.000,0.000,0.003,0.000,0.003,2.128,2.336,4.470,0.504,2.629,3.133,3.564
1780272013671,0.000,0.000,0.000,0.003,0.000,0.000,0.579,0.670,1.252,0.512,0.870,1.382,1.236
1780272013748,0.000,0.000,0.000,0.007,0.000,0.003,0.244,0.298,0.552,0.520,0.398,0.918,1.236
1780272013804,0.000,0.000,0.000,0.003,0.000,0.003,1.596,1.731,3.333,0.496,1.717,2.213,2.279
1780272013876,0.000,0.000,0.000,0.003,0.000,0.003,2.482,2.730,5.218,0.512,3.011,3.523,3.321
1780272013931,0.000,0.003,0.000,0.003,0.003,0.003,2.442,2.657,5.111,0.529,3.060,3.589,3.782
1780272014009,0.000,0.000,0.003,0.003,4.457,0.003,0.626,0.758,5.850,0.537,3.858,4.395,4.994
1780272014066,0.000,0.000,0.003,0.000,4.151,4.428,0.229,0.277,9.088,0.553,6.796,7.349,12.097
1780272014104,0.000,0.003,0.000,0.003,2.762,2.773,0.692,0.765,6.998,0.553,5.494,6.047,6.715
1780272014140,0.000,0.000,0.000,0.003,2.088,1.990,1.939,2.074,8.094,0.520,5.665,6.185,5.867
1780272014182,0.000,0.000,0.003,0.003,1.560,1.636,2.216,2.431,7.849,0.537,5.551,6.088,6.764
1780272014235,0.003,0.003,0.003,0.003,1.589,1.574,1.042,1.202,5.419,0.545,4.135,4.680,6.303
1780272014284,0.000,0.000,0.000,0.003,1.268,1.428,2.077,2.248,7.024,0.545,4.957,5.502,4.436
1780272014334,0.000,0.000,0.000,0.003,1.516,1.523,0.903,1.042,4.987,0.520,3.744,4.264,4.752
1780272014404,0.000,0.000,0.000,0.003,1.293,1.334,1.862,1.982,6.474,0.520,4.444,4.964,5.261
1780272014468,0.003,0.000,0.000,0.007,1.297,1.425,2.179,2.380,7.291,0.529,5.054,5.583,5.939
1780272014526,0.000,0.000,0.000,0.003,1.352,1.385,2.190,2.361,7.291,0.537,5.136,5.673,6.036
1780272014584,0.003,0.003,0.000,0.003,1.498,1.501,0.590,0.714,4.312,0.520,3.540,4.060,5.721
1780272014638,0.000,0.000,0.000,0.003,1.425,1.483,0.229,0.280,3.420,0.512,2.979,3.491,3.709
1780272014682,0.000,0.000,0.000,0.000,1.403,1.443,0.218,0.269,3.333,0.520,2.849,3.369,3.758
1780272014727,0.003,0.000,0.000,0.003,1.330,1.421,0.400,0.470,3.627,0.520,2.873,3.393,3.685
1780272014795,0.000,0.003,0.000,0.003,1.239,1.370,1.804,1.964,6.383,0.520,4.306,4.826,4.582
1780272014856,0.003,0.000,0.000,0.003,0.196,0.251,2.423,2.606,5.482,0.520,3.638,4.158,4.776
1780272014939,0.003,0.000,0.000,0.003,0.007,0.010,2.577,2.788,5.388,0.512,3.312,3.824,3.855
1780272015013,0.003,0.000,0.000,0.000,4.840,0.007,2.128,2.383,9.361,0.537,5.722,6.259,7.370
1780272015074,0.000,0.000,0.000,0.000,4.107,4.559,0.371,0.433,9.470,0.594,7.309,7.903,13.455
1780272015112,0.003,0.000,0.000,0.003,2.759,2.759,0.236,0.280,6.040,0.545,5.185,5.730,6.667
1780272015150,0.000,0.000,0.000,0.003,2.037,1.975,0.550,0.634,5.199,0.520,4.297,4.817,5.139
1780272015193,0.000,0.000,0.000,0.003,1.523,1.636,0.557,0.645,4.364,0.520,3.500,4.020,4.388
1780272015232,0.000,0.000,0.000,0.000,1.421,1.432,1.636,1.756,6.245,0.529,4.306,4.835,4.121
1780272015270,0.000,0.000,0.000,0.003,1.334,1.399,2.048,2.212,6.996,0.520,4.704,5.224,5.648
1780272015319,0.000,0.000,0.000,0.003,1.290,1.396,2.391,2.613,7.693,0.520,5.282,5.802,5.842
1780272015361,0.000,0.003,0.000,0.003,1.447,1.483,0.995,1.151,5.082,0.512,4.126,4.638,4.970
1780272015417,0.000,0.000,0.000,0.003,1.272,1.381,1.680,1.884,6.220,0.529,4.281,4.810,4.558
1780272015505,0.003,0.000,0.000,0.007,0.065,0.102,2.216,2.434,4.827,0.537,3.011,3.548,4.073
1780272015563,0.003,0.000,0.003,0.003,0.003,0.010,0.554,0.696,1.272,0.504,1.041,1.545,2.764
1780272015608,0.000,0.000,0.000,0.007,0.003,0.003,0.222,0.266,0.501,0.512,0.520,1.032,0.897
1780272015663,4.454,4.220,4.800,5.099,0.003,0.000,0.123,0.142,18.841,17.354,0.284,17.638,11.976
1780272015704,3.652,4.873,5.682,5.394,0.000,0.007,2.416,2.496,24.520,18.371,3.850,22.221,20.242
1780272015748,3.550,3.980,4.833,4.465,0.000,0.007,3.491,3.936,24.262,15.750,6.056,21.806,20.824
1780272015800,2.602,3.302,4.155,3.819,0.000,0.003,2.066,2.296,18.243,13.984,3.622,17.606,16.945
1780272015855,2.248,2.799,3.615,3.652,0.000,0.003,1.246,1.403,14.966,12.437,1.823,14.260,13.479
1780272015890,2.135,2.372,3.236,3.306,0.000,0.000,0.451,0.539,12.039,11.168,1.001,12.169,10.885
1780272015942,1.818,2.008,2.700,2.722,0.000,0.000,0.185,0.211,9.644,9.670,0.398,10.068,9.309
1780272016024,1.370,1.509,2.562,2.511,0.000,0.000,0.211,0.262,8.425,8.335,0.333,8.668,7.782
1780272016085,1.479,1.563,1.990,2.274,0.003,0.003,0.652,0.780,8.744,7.610,0.716,8.326,7.733
1780272016149,0.145,0.236,0.295,0.233,0.000,0.007,2.566,2.770,6.252,1.741,2.979,4.720,4.752
1780272016191,0.014,0.029,0.021,0.025,0.003,0.003,2.587,2.810,5.492,0.854,3.345,4.199,7.273
1780272016232,0.003,0.003,0.003,0.007,0.000,0.003,2.628,2.824,5.471,0.618,3.500,4.118,7.103
1780272016283,0.003,0.000,0.003,0.007,0.003,0.003,2.872,3.160,6.051,0.586,3.947,4.533,6.667
1780272016322,0.003,0.003,0.000,0.003,0.000,0.003,2.482,2.766,5.260,0.545,3.353,3.898,5.818
1780272016384,0.845,4.997,5.460,0.885,0.000,0.003,1.698,1.924,15.812,9.995,2.344,12.339,11.806
1780272016427,0.962,4.884,7.144,1.312,0.000,0.003,1.067,1.140,16.512,11.916,1.481,13.397,13.673
1780272016504,1.264,5.380,6.593,1.388,0.003,0.003,0.677,0.845,16.153,12.185,0.895,13.080,12.509
1780272016595,0.688,4.395,5.551,1.188,0.000,0.003,1.100,1.293,14.218,10.533,1.294,11.827,10.618
1780272016637,2.008,4.045,5.026,1.727,0.000,0.003,1.049,1.210,15.068,10.679,1.261,11.940,11.152
1780272016682,4.938,2.839,4.388,4.847,0.000,0.003,1.979,2.066,21.060,15.514,2.686,18.200,12.073
1780272016738,4.618,1.104,3.951,5.139,0.000,0.007,3.313,3.696,21.828,14.139,5.445,19.584,18.667
1780272016781,3.849,1.385,3.907,4.953,0.003,0.007,3.685,4.086,21.875,14.188,6.625,20.813,18.182
1780272016817,3.863,2.875,4.013,4.038,0.000,0.003,2.110,2.423,19.325,14.635,4.216,18.851,19.612
1780272016865,3.021,2.558,4.133,3.480,0.000,0.003,0.980,1.180,15.355,12.641,1.725,14.366,12.873
1780272016921,3.320,0.495,4.100,0.681,0.000,0.000,0.583,0.718,9.897,8.693,0.944,9.637,9.455
1780272016963,3.025,0.123,3.615,0.171,0.000,0.000,0.298,0.375,7.607,7.269,0.496,7.765,6.618
1780272017023,2.766,1.483,2.482,1.454,0.000,0.000,0.313,0.379,8.877,7.684,0.431,8.115,7.176
1780272017128,2.690,2.934,2.146,3.528,0.000,0.000,0.174,0.204,11.676,11.045,0.317,11.362,10.327
1780272017186,2.453,2.314,1.975,2.941,0.000,0.003,2.464,2.788,14.938,9.776,3.296,13.072,11.467
1780272017246,2.114,1.928,1.545,2.274,0.000,0.007,3.914,4.414,16.196,8.083,6.731,14.814,13.358
1780272017302,1.888,1.891,1.640,1.957,0.003,0.010,4.220,4.669,16.278,7.488,7.822,15.310,14.642
1780272017355,2.052,1.691,1.436,1.946,0.000,0.007,3.696,4.042,14.870,7.317,6.585,13.902,12.897
1780272017410,1.545,1.505,1.468,1.545,4.118,3.830,0.743,0.893,15.647,6.463,8.766,15.229,16.024
1780272017496,0.123,0.998,0.969,0.145,1.166,1.348,8.492,9.148,22.389,2.971,17.875,20.846,18.764
1780272017561,0.058,1.450,1.250,0.080,2.165,2.033,2.671,3.258,12.965,3.247,10.052,13.299,14.909
1780272017648,0.102,1.680,1.458,0.109,1.286,1.272,4.702,5.033,15.642,3.443,10.785,14.228,13.745
1780272017687,0.116,0.732,0.608,0.142,1.789,1.560,4.924,5.387,15.258,1.994,12.625,14.619,15.491
1780272017726,0.164,4.282,0.171,3.634,1.326,1.622,4.527,4.858,20.584,6.145,11.794,17.939,13.818
1780272017787,0.120,4.490,0.058,1.760,1.971,2.135,4.527,4.942,20.003,4.045,12.910,16.955,17.430
1780272017835,0.021,1.129,0.007,0.320,2.828,2.602,4.530,4.942,16.379,1.538,13.951,15.489,16.121
1780272017871,0.000,0.127,0.000,0.036,2.671,2.894,3.801,4.191,13.720,0.846,12.128,12.974,14.230
1780272017924,0.003,0.014,0.003,0.007,2.485,2.628,3.269,3.553,11.962,0.594,10.378,10.972,11.467
1780272017990,0.003,0.003,0.000,0.003,2.584,2.555,0.903,1.071,7.122,0.545,7.146,7.691,9.212
1780272018070,6.229,5.977,4.275,4.479,2.114,2.332,0.149,0.171,25.726,15.091,4.680,19.771,18.400
1780272018178,4.155,5.762,3.593,5.248,2.321,2.500,0.852,0.951,25.382,15.392,5.754,21.146,20.800
1780272018240,0.645,5.219,0.495,4.800,0.313,0.393,3.932,4.257,20.054,10.590,7.757,18.347,16.848
1780272018280,0.087,4.195,0.043,4.344,0.043,0.040,3.943,4.348,17.043,8.701,7.594,16.295,15.297
1780272018316,0.021,3.517,0.018,3.765,0.010,0.014,3.353,3.513,14.211,7.936,5.917,13.853,13.842
1780272018354,0.014,3.488,0.010,3.783,0.000,0.003,1.622,1.552,10.472,7.651,2.922,10.573,10.715
1780272018391,0.007,3.061,0.007,3.776,0.003,0.003,0.503,0.619,7.979,7.187,1.221,8.408,7.733
1780272018431,0.007,2.606,0.007,3.725,0.000,0.000,0.200,0.236,6.781,6.756,0.691,7.447,6.400
1780272018475,0.007,2.296,0.007,3.466,0.000,0.003,0.262,0.342,6.383,6.227,0.496,6.723,6.061
1780272018528,0.010,2.012,0.007,3.550,0.000,0.000,0.444,0.543,6.566,5.877,0.586,6.463,6.085
1780272018578,0.007,1.592,0.003,3.050,0.000,0.003,2.044,2.165,8.864,5.152,2.360,7.512,7.248
1780272018685,3.743,0.812,2.074,2.788,3.134,3.295,1.964,2.157,19.967,7.252,8.652,15.904,15.830
1780272018737,4.855,1.148,3.349,2.693,2.168,2.230,2.832,3.138,22.413,11.216,9.279,20.495,19.224
1780272018793,4.578,1.224,3.076,2.624,2.121,2.194,3.517,3.728,23.062,11.509,10.891,22.400,21.479
1780272018842,3.834,1.578,2.398,2.638,2.190,2.230,3.466,3.768,22.102,10.476,11.143,21.619,21.770
1780272018886,2.883,1.753,1.771,2.529,2.259,2.427,3.623,3.951,21.196,8.929,11.729,20.658,20.994
1780272018940,2.952,2.012,2.110,2.562,2.722,2.551,1.585,1.851,18.345,10.044,8.595,18.639,19.297
1780272019028,0.426,0.295,0.222,0.266,2.682,2.671,1.454,1.676,9.692,2.043,7.114,9.157,8.606
1780272019097,0.080,2.974,0.018,3.670,2.456,2.744,0.794,0.860,13.596,1.628,6.455,8.083,7.806
1780272019224,0.991,2.445,1.261,7.581,3.094,3.087,0.138,0.156,18.753,12.462,6.894,19.356,18.448
1780272019279,0.430,3.819,1.119,5.992,2.460,2.587,2.941,3.167,22.515,10.907,10.036,20.943,18.521
1780272019333,0.185,2.474,1.308,5.536,2.387,2.423,3.517,3.827,21.657,9.613,11.550,21.163,20.267
1780272019378,0.061,1.997,1.909,4.764,2.438,2.540,3.550,3.892,21.151,8.563,11.892,20.455,19.782
1780272019426,0.131,1.366,2.289,4.578,2.675,2.660,1.818,2.139,17.656,8.514,8.693,17.207,19.879
1780272019477,0.247,1.217,2.445,3.907,2.660,2.686,1.487,1.673,16.322,8.058,7.496,15.554,14.739
1780272019540,0.699,0.900,3.047,3.652,0.535,0.400,0.812,0.973,11.018,8.490,3.060,11.550,9.745
1780272019581,1.009,0.364,3.036,1.662,0.069,0.054,0.626,0.769,7.589,6.218,1.546,7.764,8.364
1780272019622,1.067,4.720,2.730,3.360,0.010,0.010,0.360,0.455,12.712,7.179,0.732,7.911,7.248
1780272019728,2.110,7.366,3.039,4.275,0.000,0.003,0.524,0.601,17.918,16.703,0.748,17.451,14.109
1780272019783,2.813,7.246,2.354,4.053,0.003,0.007,2.700,2.879,22.055,15.799,4.647,20.446,18.764
1780272019834,2.999,5.719,3.039,4.027,0.000,0.003,2.165,2.434,20.386,15.962,3.760,19.722,20.945
1780272019894,3.484,4.669,2.533,4.399,0.000,0.003,2.117,2.343,19.548,14.953,3.557,18.510,19.297
1780272019934,3.528,4.494,3.058,3.721,0.000,0.000,1.264,1.505,17.570,14.814,2.132,16.946,18.036
1780272019981,3.291,4.151,3.039,3.838,0.000,0.003,1.064,1.191,16.577,14.090,1.644,15.734,14.885
1780272020057,3.185,3.495,2.730,2.967,0.003,0.003,1.129,1.319,14.831,12.665,1.619,14.284,12.533
1780272020108,3.127,2.868,2.759,2.788,0.000,0.003,0.812,0.929,13.286,11.518,1.229,12.747,12.073
1780272020149,2.890,2.529,2.569,2.442,0.000,0.003,2.238,2.416,15.087,10.419,2.954,13.373,11.709
1780272020237,2.420,2.172,2.041,1.990,0.000,0.003,2.781,3.076,14.483,8.962,4.460,13.422,12.242
1780272020289,2.252,2.252,1.997,2.030,0.000,0.000,0.732,0.889,10.152,8.954,1.782,10.736,9.745
1780272020330,2.135,1.676,1.505,1.589,0.007,0.021,6.561,6.772,20.266,6.748,9.247,15.995,9.939
1780272020373,1.676,1.592,1.523,1.541,0.000,0.003,2.751,3.222,12.308,7.008,5.413,12.421,15.903
1780272020418,2.026,1.858,1.698,1.724,0.000,0.003,0.936,1.071,9.316,7.496,2.368,9.864,8.461
1780272020455,1.975,1.844,1.647,1.625,0.003,0.007,2.041,2.606,11.748,7.334,3.386,10.720,7.636
1780272020498,1.786,1.858,1.735,1.618,0.000,0.000,1.108,1.312,9.417,7.244,2.043,9.287,8.630
1780272020554,1.826,1.632,1.468,1.560,0.000,0.000,0.554,0.670,7.710,7.016,0.862,7.878,6.739
1780272020592,2.059,1.990,1.782,1.720,0.000,0.000,0.240,0.302,8.093,7.716,0.480,8.196,7.370
1780272020635,1.509,1.702,1.570,1.370,0.000,0.000,0.171,0.185,6.507,6.479,0.358,6.837,6.448
1780272020677,1.173,1.104,0.860,0.878,0.007,0.021,6.123,7.938,18.104,4.460,11.135,15.595,5.842
1780272020756,1.126,1.053,1.057,0.973,0.000,0.003,3.688,3.787,11.687,4.550,7.456,12.006,17.067
1780272020831,1.246,1.184,1.046,0.834,0.007,0.010,4.968,5.441,14.736,4.835,9.523,14.358,13.164
1780272020899,0.123,0.182,0.142,0.076,0.003,0.010,4.680,5.128,10.344,1.196,9.238,10.434,9.988
1780272020953,0.007,0.014,0.010,0.010,0.000,0.003,0.940,1.137,2.121,0.634,2.726,3.360,2.982
1780272020992,0.000,0.003,0.003,0.007,0.007,0.021,6.524,6.633,13.198,0.529,12.266,12.795,2.497
1780272021027,0.000,0.003,0.003,0.003,0.003,0.021,9.156,9.936,19.125,0.586,16.255,16.841,18.861
1780272021099,0.000,0.003,0.003,0.003,0.000,0.000,2.442,2.894,5.345,0.537,6.308,6.845,8.800
1780272021145,0.000,0.003,0.003,0.003,0.003,0.014,4.636,5.551,10.213,0.520,8.888,9.408,4.218
1780272021181,0.000,0.000,0.000,0.003,0.003,0.010,5.606,6.138,11.760,0.537,10.492,11.029,11.539
1780272021235,0.000,0.000,0.000,0.003,0.000,0.003,3.965,4.261,8.232,0.553,6.723,7.276,7.370
1780272021328,0.003,0.000,0.003,0.003,0.000,0.000,0.495,0.594,1.098,0.529,1.457,1.986,1.406
1780272021378,0.000,0.000,0.000,0.003,0.007,0.018,7.997,8.569,16.594,0.577,12.519,13.096,8.509
1780272021450,0.003,0.000,0.000,0.003,3.240,0.003,2.773,3.174,9.196,0.577,9.108,9.685,17.648
1780272021505,0.000,0.000,0.000,0.003,3.783,3.655,4.293,4.891,16.625,0.602,13.642,14.244,17.091
1780272021540,0.000,0.000,0.000,0.000,3.069,2.988,4.887,5.332,16.276,0.634,14.350,14.984,19.758
1780272021581,0.000,0.003,0.000,0.003,2.773,2.817,4.975,5.394,15.965,0.651,14.472,15.123,19.200
1780272021613,0.003,0.000,0.000,0.003,2.489,2.540,5.077,5.489,15.601,0.659,14.301,14.960,17.867
1780272021660,0.000,0.000,0.000,0.003,2.730,2.956,4.217,4.581,14.487,0.602,12.462,13.064,16.582
1780272021694,0.003,0.000,0.000,0.003,2.595,2.864,3.451,3.783,12.699,0.586,9.906,10.492,11.152
1780272021733,0.000,0.000,0.000,0.003,2.438,1.971,4.742,5.000,14.154,0.553,12.315,12.868,9.479
1780272021768,0.000,0.000,0.000,0.000,2.074,2.299,5.172,5.602,15.147,0.586,13.520,14.106,16.073
1780272021827,0.000,0.000,0.000,0.000,2.033,2.176,5.088,5.449,14.746,0.651,13.536,14.187,16.945
1780272021883,0.000,0.000,0.000,0.000,2.154,2.128,4.100,4.465,12.847,0.602,10.866,11.468,14.279
1780272021968,0.000,0.000,0.000,0.000,2.110,1.829,0.954,1.122,6.015,0.545,5.608,6.153,6.715
1780272022025,0.003,0.000,0.000,0.003,1.272,1.396,2.343,2.737,7.754,0.537,5.364,5.901,7.661
1780272022069,0.000,0.000,0.000,0.000,1.257,1.301,2.985,3.302,8.845,0.569,6.161,6.730,9.261
1780272022120,0.000,0.000,0.000,0.003,1.330,1.363,3.411,3.648,9.755,0.561,6.902,7.463,9.333
1780272022162,0.003,0.000,0.000,0.003,1.432,1.465,3.010,3.251,9.164,0.553,6.365,6.918,8.194
1780272022205,0.000,0.000,0.000,0.003,1.006,1.064,4.917,5.569,12.559,0.586,10.663,11.249,7.176
1780272022241,0.000,0.000,0.000,0.003,1.133,1.217,5.431,5.846,13.630,0.634,12.291,12.925,13.891
1780272022271,0.000,0.003,0.000,0.000,1.268,1.210,5.467,5.886,13.834,0.626,12.673,13.299,13.818
1780272022306,0.003,0.000,0.000,0.000,1.541,1.567,4.293,4.333,11.737,0.594,9.979,10.573,13.745
1780272022351,0.000,0.003,0.000,0.003,1.585,1.629,2.700,2.941,8.861,0.594,7.146,7.740,8.655
1780272022408,0.000,0.000,0.000,0.003,1.563,1.574,0.433,0.539,4.112,0.545,3.915,4.460,4.364
1780272022486,0.000,0.000,0.000,0.000,1.410,1.458,0.174,0.182,3.224,0.529,2.840,3.369,3.685
1780272022549,0.003,0.000,0.003,0.003,1.359,1.392,0.127,0.145,3.032,0.512,2.645,3.157,3.539
1780272022618,0.000,0.003,0.000,0.003,0.160,0.207,0.178,0.222,0.773,0.529,0.960,1.489,2.012
1780272022680,0.000,0.003,0.003,0.003,0.010,0.010,1.716,1.807,3.552,0.512,1.636,2.148,2.061
1780272022724,0.000,0.000,0.000,0.003,0.003,0.003,2.234,2.329,4.572,0.512,2.344,2.856,2.885
1780272022771,0.000,0.000,0.000,0.000,0.000,0.007,2.657,2.803,5.467,0.504,2.954,3.458,3.152
1780272022840,0.000,0.000,0.000,0.003,0.000,0.003,2.420,2.587,5.013,0.520,2.808,3.328,3.394
1780272022899,0.000,0.000,0.000,0.003,0.003,0.003,2.114,2.238,4.361,0.512,2.401,2.913,3.224
1780272022975,0.000,0.000,0.000,0.003,0.000,0.000,0.269,0.328,0.600,0.504,0.537,1.041,0.994
1780272023037,0.000,0.000,0.000,0.003,0.000,0.003,0.178,0.215,0.399,0.496,0.317,0.813,0.848
1780272023100,0.000,0.000,0.000,0.003,0.000,0.003,0.397,0.455,0.858,0.529,0.407,0.936,0.970
1780272023183,0.000,0.003,0.000,0.003,0.000,0.003,0.441,0.503,0.953,0.512,0.447,0.959,1.018
1780272023229,0.000,0.000,0.000,0.003,0.000,0.003,2.168,2.234,4.408,0.512,1.978,2.490,2.352
1780272023273,0.000,0.000,0.000,0.000,0.003,0.003,2.813,2.952,5.771,0.520,3.207,3.727,3.588
1780272023337,0.000,0.000,0.000,0.003,0.000,0.003,2.832,3.039,5.877,0.520,3.459,3.979,4.073
1780272023384,0.000,0.000,0.000,0.003,0.003,0.003,2.234,2.427,4.670,0.529,2.621,3.150,4.024
1780272023440,0.000,0.000,0.003,0.003,0.000,0.003,2.103,2.234,4.346,0.504,2.344,2.848,2.836
1780272023510,0.000,0.000,0.000,0.003,0.000,0.003,0.317,0.390,0.713,0.504,0.626,1.130,0.994
1780272023568,0.003,0.000,0.003,0.003,0.000,0.000,0.196,0.229,0.434,0.496,0.325,0.821,0.848
1780272023609,0.000,0.000,0.000,0.003,0.000,0.000,0.182,0.218,0.403,0.529,0.284,0.813,0.873
1780272023679,0.000,0.000,0.000,0.003,0.000,0.000,0.408,0.470,0.881,0.504,0.390,0.894,0.897
1780272023723,0.000,0.000,0.000,0.003,0.000,0.003,1.622,1.716,3.344,0.520,1.562,2.082,1.042
1780272023770,0.000,0.000,0.000,0.003,0.000,0.003,1.997,2.114,4.117,0.512,1.978,2.490,2.497
1780272023829,0.000,0.000,0.000,0.003,0.003,0.003,2.679,2.879,5.567,0.512,3.011,3.523,3.661
1780272023876,0.003,0.000,0.000,0.003,0.000,0.003,2.223,2.361,4.593,0.520,2.531,3.051,3.297
1780272023925,0.003,0.000,0.000,0.003,0.000,0.003,2.084,2.281,4.374,0.504,2.352,2.856,2.909
1780272023989,0.000,0.003,0.000,0.003,0.000,0.003,0.754,0.885,1.648,0.504,1.025,1.529,1.527
1780272024048,0.787,1.071,0.809,1.359,0.000,0.000,0.218,0.251,4.495,1.636,0.390,2.026,1.794
1780272024124,3.776,3.652,3.976,4.005,0.000,0.000,0.145,0.160,15.714,8.514,0.236,8.750,8.679
1780272024203,1.968,3.462,2.361,3.900,0.000,0.000,0.790,0.871,13.352,7.757,0.748,8.505,7.564
1780272024269,0.291,4.031,0.277,5.008,0.000,0.003,2.569,2.741,14.920,9.092,2.930,12.022,11.224
1780272024330,0.094,3.936,0.058,4.257,0.003,0.003,3.400,3.630,15.381,8.457,4.623,13.080,11.927
1780272024381,0.083,3.397,0.029,4.129,0.000,0.007,2.905,3.145,13.695,7.757,4.118,11.875,11.879
1780272024442,0.083,2.835,0.040,3.433,0.003,0.003,2.839,2.959,12.195,6.805,3.719,10.524,10.012
1780272024502,0.072,1.924,0.025,2.810,0.003,0.018,8.066,8.445,21.363,5.120,14.025,19.145,16.073
1780272024575,0.087,2.369,0.054,3.798,0.000,0.000,1.556,1.625,9.489,6.495,3.003,9.498,7.370
1780272024643,3.692,0.342,3.306,0.987,0.003,0.010,4.855,5.172,18.367,5.079,8.758,13.837,9.721
1780272024714,3.393,0.291,2.638,0.903,0.003,0.010,5.358,5.799,18.395,4.240,10.362,14.602,14.885
1780272024749,2.945,0.338,2.022,1.053,0.003,0.010,5.241,5.635,17.247,4.021,10.305,14.326,14.958
1780272024792,2.981,1.075,2.176,1.560,0.000,0.000,1.724,2.015,11.531,4.900,4.884,9.784,14.933
1780272024858,2.722,1.735,2.106,1.942,0.000,0.000,0.269,0.247,9.021,5.177,0.830,6.007,5.503
1780272024911,2.332,1.913,1.917,1.935,0.000,0.000,0.287,0.357,8.741,5.177,0.463,5.640,5.018
1780272024950,2.088,1.844,1.778,1.815,0.000,0.003,2.074,2.573,12.175,4.818,2.547,7.365,6.352
1780272025005,1.658,1.683,1.468,1.731,0.000,0.003,2.843,3.120,12.506,4.363,3.606,7.969,7.782
1780272025056,1.399,1.651,1.283,1.432,0.003,0.003,3.112,3.378,12.261,3.972,4.200,8.172,7.782
1780272025101,1.436,1.567,1.377,1.323,0.000,0.003,2.835,2.999,11.540,3.939,3.752,7.691,7.297
1780272025159,3.309,0.470,3.287,0.295,0.000,0.003,2.485,2.700,12.549,6.625,3.296,9.921,9.212
1780272025232,3.335,0.054,3.408,0.018,0.000,0.003,2.525,2.777,12.120,6.878,3.361,10.239,9.697
1780272025289,1.629,1.971,1.844,1.293,0.000,0.003,2.624,2.832,12.196,5.787,3.451,9.238,8.533
1780272025344,0.969,3.054,1.432,2.274,0.000,0.003,2.536,2.744,13.012,6.153,3.386,9.539,8.873
1780272025402,1.184,2.664,1.578,1.993,0.000,0.007,2.722,2.956,13.104,5.991,3.703,9.694,8.582
1780272025457,1.184,1.953,1.308,1.388,4.217,4.614,0.962,1.097,16.723,4.875,8.831,13.706,15.224
1780272025513,1.097,1.760,1.199,1.119,3.185,2.897,3.174,3.389,17.820,4.525,10.118,14.643,13.479
1780272025573,1.188,1.498,1.210,1.228,1.880,1.924,3.790,4.126,16.844,4.371,10.069,14.440,14.352
1780272025629,1.268,1.472,1.235,1.111,1.647,1.622,3.214,3.488,15.057,4.493,8.294,12.787,12.824
1780272025680,1.472,1.312,1.239,1.191,1.417,2.270,2.977,3.225,15.103,4.363,8.530,12.893,11.661
1780272025754,1.293,1.199,1.082,0.969,3.327,2.646,2.547,2.795,15.858,4.013,9.344,13.357,13.624
1780272025808,0.342,2.445,2.197,0.171,2.456,2.471,1.501,1.727,13.310,5.567,6.829,12.396,12.558
1780272025882,3.925,2.744,0.229,0.040,0.200,0.277,2.879,3.105,13.399,4.965,4.949,9.914,9.018
1780272025943,3.535,1.403,0.043,0.010,0.014,0.036,7.217,8.664,20.922,3.614,13.406,17.020,10.400
1780272025986,4.031,0.703,0.025,0.003,0.010,0.025,9.207,9.954,23.958,3.378,17.460,20.838,21.721
1780272026034,3.965,1.060,0.087,0.010,0.003,0.003,3.834,3.761,12.723,3.663,8.009,11.672,14.545
1780272026099,3.065,1.002,0.094,0.018,0.003,0.014,4.979,5.376,14.551,3.125,9.230,12.355,11.685
1780272026150,2.321,0.860,0.102,0.010,0.003,0.010,5.099,5.547,13.952,2.800,10.069,12.869,12.776
1780272026189,1.964,0.820,0.116,0.021,0.003,0.010,5.088,5.471,13.493,2.498,9.979,12.477,12.509
1780272026242,1.483,0.874,0.364,0.029,0.003,0.010,4.928,5.365,13.056,2.442,9.816,12.258,12.485
1780272026284,1.304,1.232,0.659,0.032,0.000,0.007,4.075,4.319,11.628,2.686,7.513,10.199,11.685
1780272026344,0.612,1.658,1.024,0.309,0.003,0.003,1.789,1.786,7.184,2.905,3.231,6.136,8.364
1780272026405,0.262,1.997,1.027,0.805,0.000,0.000,0.841,0.984,5.916,3.321,1.383,4.704,4.097
1780272026482,0.094,1.909,1.589,1.687,0.000,0.007,1.899,2.117,9.302,3.980,2.474,6.454,9.745
1780272026526,3.342,1.647,3.779,1.654,0.003,0.003,2.810,3.138,16.376,8.335,4.118,12.453,15.321
1780272026586,5.879,1.946,4.082,3.120,0.003,0.007,3.510,3.816,22.363,13.553,6.292,19.845,20.097
1780272026651,5.037,2.646,3.335,4.016,0.003,0.007,3.586,4.005,22.635,14.489,7.203,21.692,21.236
1780272026698,4.366,2.963,3.018,3.874,0.000,0.003,2.409,2.409,19.042,14.301,4.436,18.737,19.297
1780272026766,3.819,3.327,3.112,3.415,0.000,0.003,1.447,1.567,16.690,13.487,2.303,15.790,15.612
1780272026830,3.346,2.967,2.657,3.145,0.000,0.000,1.250,1.428,14.793,12.063,1.782,13.845,13.212
1780272026885,2.806,2.777,2.518,2.832,0.000,0.003,0.922,1.038,12.896,11.143,1.294,12.437,12.267
1780272026950,0.783,2.569,0.641,2.478,0.003,0.007,3.043,3.324,12.848,6.609,4.753,11.362,9.697
1780272027028,0.061,1.596,0.032,1.676,0.000,0.007,3.696,4.086,11.154,3.915,6.422,10.337,10.667
1780272027096,2.336,0.207,0.043,1.782,0.000,0.000,1.570,1.658,7.596,4.306,2.759,7.065,7.055
1780272027164,3.801,0.014,0.018,2.063,0.000,0.000,0.626,0.805,7.327,6.056,1.050,7.106,7.248
1780272027227,3.754,0.007,0.007,2.212,0.000,0.000,0.466,0.568,7.014,6.186,1.131,7.317,6.303
1780272027298,3.532,0.003,0.007,2.081,0.000,0.003,2.088,2.431,10.145,5.909,3.174,9.083,9.212
1780272027353,3.076,0.003,0.003,1.851,0.000,0.003,3.218,3.459,11.613,5.388,5.168,10.556,10.279
1780272027408,2.901,0.007,0.007,1.738,0.000,0.007,3.138,3.429,11.227,5.038,5.209,10.247,10.279
1780272027482,2.584,0.021,0.018,2.033,0.003,0.007,3.295,3.634,11.595,4.981,5.567,10.548,9.842
1780272027547,2.409,0.018,0.010,2.223,0.000,0.003,1.829,1.917,8.409,5.111,3.003,8.114,7.927
1780272027620,0.360,3.302,7.140,1.643,0.000,0.000,0.750,0.889,14.084,8.774,1.245,10.019,9.600
1780272027686,0.083,0.707,8.496,1.414,0.000,0.003,1.108,1.221,13.032,9.979,1.448,11.427,10.448
1780272027746,0.072,2.507,8.912,1.341,0.000,0.007,2.937,3.123,18.899,10.565,5.006,15.571,13.576
1780272027804,0.072,1.093,7.435,1.093,0.003,0.007,3.736,4.038,17.477,9.133,7.057,16.190,14.642
1780272027844,1.082,2.948,7.643,1.086,0.000,0.007,3.743,4.078,20.587,9.247,7.342,16.589,15.976
1780272027898,0.874,1.385,7.774,0.448,0.003,0.007,3.703,3.969,18.163,8.669,7.244,15.913,15.176
1780272027939,3.251,1.392,6.994,0.991,0.000,0.003,2.314,2.194,17.139,11.151,4.330,15.481,15.273
1780272027991,4.027,1.964,6.276,2.022,0.000,0.000,0.805,0.962,16.056,13.325,1.872,15.197,14.570
1780272028056,4.538,2.030,5.226,1.665,0.000,0.000,0.579,0.714,14.752,13.162,0.993,14.155,12.873
1780272028099,2.795,1.680,5.226,1.858,0.000,0.003,0.776,0.918,13.256,11.045,1.107,12.152,10.812
1780272028148,2.482,0.925,4.990,1.818,0.000,0.000,0.659,0.765,11.639,10.321,0.960,11.281,10.061
1780272028224,1.570,0.298,3.965,1.381,0.000,0.003,1.293,1.428,9.938,7.537,1.652,9.189,8.242
1780272028283,0.623,0.029,4.279,0.240,0.000,0.003,1.283,1.432,7.889,5.584,1.733,7.317,6.861
1780272028359,0.189,4.308,3.637,0.007,0.000,0.000,0.656,0.787,9.584,5.461,1.025,6.486,7.297
1780272028414,4.184,4.804,3.389,0.036,0.000,0.000,0.510,0.616,13.539,8.872,0.781,9.653,11.661
1780272028470,3.900,7.588,2.952,0.900,0.000,0.003,0.597,0.707,16.647,12.315,0.846,13.161,13.867
1780272028540,3.382,6.006,3.772,1.578,0.003,0.003,1.323,1.483,17.550,12.494,1.782,14.276,13.576
1780272028607,2.522,2.963,1.009,2.402,0.000,0.003,1.760,1.986,12.645,5.331,2.442,7.773,7.248
1780272028676,0.430,0.364,0.142,0.346,0.000,0.003,1.406,1.603,4.294,1.603,1.904,3.507,2.958
1780272028741,0.025,0.021,0.010,0.014,0.000,0.003,1.935,2.256,4.264,0.659,2.629,3.288,3.321
1780272028794,0.007,0.003,0.007,0.007,0.000,0.000,0.889,1.042,1.955,0.561,1.302,1.863,2.230
1780272028874,0.306,0.342,0.251,0.375,0.000,0.003,0.546,0.656,2.479,0.781,0.748,1.529,1.527
1780272028932,3.805,4.118,4.319,4.031,3.688,3.295,0.594,0.688,24.538,13.308,6.381,19.689,20.558
1780272028986,2.070,3.138,6.094,5.704,2.631,2.547,2.456,2.660,27.300,15.628,9.165,24.793,23.079
1780272029035,2.325,4.137,5.719,4.906,2.201,2.234,2.792,3.069,27.383,16.483,9.702,26.185,23.879
1780272029074,2.748,3.535,5.015,4.443,2.176,2.234,2.934,3.185,26.270,15.172,9.857,25.029,23.612
1780272029137,2.529,3.389,4.625,3.845,1.848,2.063,2.956,3.236,24.491,14.204,9.678,23.882,22.012
1780272029187,2.741,0.820,4.370,0.667,2.227,1.957,3.378,3.717,19.877,8.571,10.582,19.153,19.079
1780272029232,2.722,0.065,3.932,0.091,1.990,1.928,3.462,3.757,17.947,7.358,10.533,17.891,16.364
1780272029284,2.970,0.010,2.926,0.014,1.971,2.201,2.015,2.332,14.439,6.324,7.651,13.975,15.903
1780272029341,2.890,0.003,2.525,0.010,2.084,2.176,1.129,1.221,12.038,5.763,6.251,12.014,11.176
1780272029403,2.383,0.003,1.724,0.003,2.474,2.577,2.653,2.846,14.663,4.574,8.929,13.503,12.267
1780272029457,2.285,0.003,1.326,0.007,3.145,2.894,3.225,3.477,16.362,4.094,11.770,15.864,15.273
1780272029509,2.081,0.003,1.162,0.003,3.367,3.269,3.276,3.542,16.703,3.768,12.934,16.702,16.509
1780272029561,2.190,1.268,1.038,2.737,2.999,3.182,3.043,3.331,19.788,5.567,12.332,17.899,17.648
1780272029606,0.845,1.993,0.415,3.608,3.626,3.517,3.072,3.364,20.440,4.656,13.194,17.850,18.158
1780272029688,0.029,0.149,0.014,0.156,3.506,3.513,1.964,2.074,11.405,1.050,10.459,11.509,12.606
1780272029758,5.606,0.058,4.581,0.142,3.080,3.090,0.448,0.462,17.467,6.943,7.301,14.244,13.309
1780272029838,6.090,0.058,6.269,0.083,2.664,2.755,1.359,1.516,20.794,11.355,7.562,18.917,19.055
1780272029905,5.226,0.007,5.000,0.018,0.364,0.284,3.116,3.316,17.331,10.142,6.682,16.824,15.418
1780272029978,4.658,0.003,4.297,0.014,0.007,0.018,3.375,3.666,16.038,9.067,6.837,15.904,14.958
1780272030018,4.115,0.003,4.005,0.010,0.003,0.007,2.259,2.274,12.676,8.253,4.468,12.721,12.291
1780272030064,3.936,0.003,3.717,0.007,0.000,0.003,0.954,1.133,9.753,7.903,2.002,9.905,9.818
1780272030127,3.367,1.443,3.670,1.217,0.000,0.003,1.363,1.541,12.604,7.749,2.157,9.906,9.333
1780272030197,2.442,5.533,2.668,4.538,0.000,0.000,0.670,0.798,16.649,14.245,1.253,15.498,14.812
1780272030240,2.806,5.868,2.908,3.429,0.000,0.000,0.995,1.115,17.121,14.570,1.522,16.092,14.812
1780272030292,2.737,4.629,2.923,3.874,0.000,0.003,1.479,1.603,17.248,14.017,2.246,16.263,15.370
1780272030361,1.159,4.067,1.024,3.706,0.000,0.000,1.137,1.264,12.357,9.637,1.839,11.476,10.473
1780272030440,0.142,2.135,0.051,1.961,0.007,0.021,8.890,10.031,23.238,4.810,15.466,20.276,20.242
1780272030497,0.645,1.403,0.298,1.607,0.007,0.021,9.732,10.497,24.210,4.354,18.437,22.791,22.933
1780272030550,2.715,1.421,2.004,1.749,0.003,0.007,5.019,5.081,17.999,8.262,10.736,18.998,18.812
1780272030591,3.419,1.727,2.464,2.383,0.003,0.007,3.965,4.326,18.294,9.938,8.595,18.533,16.848
1780272030631,3.087,1.804,2.540,2.219,0.000,0.007,3.881,4.213,17.751,9.572,8.066,17.638,16.848
1780272030685,2.715,1.869,2.052,2.121,0.000,0.010,3.900,4.220,16.887,8.986,7.879,16.865,15.685
1780272030750,2.376,1.920,1.858,1.939,0.003,0.007,3.900,4.213,16.216,8.384,7.806,16.190,15.370
1780272030802,2.059,1.829,1.826,1.837,0.003,0.007,3.867,4.184,15.612,7.936,7.757,15.693,14.836
1780272030868,2.168,2.041,1.833,2.099,0.000,0.003,1.392,1.654,11.190,8.408,2.873,11.281,11.006
1780272030940,1.527,1.210,1.086,1.115,0.007,0.018,9.090,9.684,23.737,5.567,15.335,20.902,20.848
1780272030971,1.093,1.016,0.893,0.889,0.007,0.021,9.422,10.158,23.499,4.599,17.354,21.953,22.376
1780272031025,1.232,1.148,0.933,1.151,0.003,0.007,5.547,6.076,16.097,5.168,12.494,17.662,18.958
1780272031068,1.643,1.512,1.403,1.465,0.003,0.010,4.607,4.942,15.585,6.292,9.605,15.897,14.570
1780272031101,1.578,1.600,1.439,1.385,0.003,0.007,4.479,4.800,15.291,6.308,9.108,15.416,14.424
1780272031137,1.505,1.447,1.191,1.239,0.003,0.007,4.406,4.782,14.580,5.738,8.937,14.675,14.133
1780272031180,0.758,1.596,1.304,0.382,0.000,0.014,4.516,4.855,13.425,4.615,8.970,13.585,13.576
1780272031224,0.255,1.658,1.523,0.138,0.003,0.010,4.428,4.825,12.840,3.996,8.888,12.884,12.509
1780272031292,0.127,1.611,1.545,0.021,0.000,0.007,3.670,3.983,10.964,3.825,7.505,11.330,11.685
1780272031346,0.112,1.997,1.873,0.018,0.000,0.000,0.812,1.049,5.861,4.371,2.385,6.756,9.527
1780272031410,0.087,0.907,1.042,0.003,0.010,0.021,8.755,9.695,20.520,2.718,15.400,18.118,18.570
1780272031467,0.072,0.725,0.816,0.003,0.007,0.021,9.280,10.071,20.995,2.287,17.794,20.081,20.315
1780272031521,0.080,1.297,1.443,0.007,0.003,0.010,5.354,5.839,14.033,3.256,11.689,14.945,14.764
1780272031594,0.069,1.483,1.519,0.003,0.003,0.010,4.942,5.354,13.383,3.540,9.987,13.527,12.800
1780272031645,0.065,1.581,1.636,0.007,0.007,0.010,4.855,5.201,13.362,3.646,9.637,13.283,12.897
1780272031704,0.065,1.636,1.702,0.007,0.003,0.007,4.330,4.727,12.477,3.915,8.433,12.348,11.806
1780272031762,0.061,2.132,2.146,0.003,0.000,0.000,0.984,1.155,6.481,4.664,2.849,7.513,7.418
1780272031841,2.340,1.822,1.968,3.291,0.003,0.003,2.795,3.236,15.458,4.599,4.183,8.782,7.636
1780272031907,2.292,1.516,2.070,4.016,0.000,0.003,1.279,1.483,12.659,5.364,1.921,7.285,7.394
1780272031974,3.171,2.022,2.518,3.922,0.000,0.000,0.240,0.291,12.164,7.285,1.033,8.318,7.394
1780272032032,2.412,0.962,0.856,4.064,3.502,3.003,7.235,7.596,29.630,6.007,16.890,22.897,16.824
1780272032091,3.637,1.016,1.006,4.067,2.671,2.861,8.164,8.748,32.170,6.821,20.561,27.382,27.661
1780272032136,3.692,1.392,1.173,5.700,2.773,2.799,3.517,3.943,24.989,10.736,11.859,22.595,24.267
1780272032183,4.986,1.556,1.640,5.201,2.343,2.307,3.761,4.038,25.832,12.763,11.632,24.395,21.891
1780272032215,3.867,1.622,1.826,5.135,2.314,2.310,3.943,4.250,25.267,12.299,12.087,24.386,22.836
1780272032248,3.236,1.753,1.625,5.299,2.234,2.438,3.954,4.228,24.767,12.340,12.169,24.509,22.594
1780272032279,4.355,1.574,1.786,4.986,2.187,2.248,3.918,4.242,25.296,12.698,11.965,24.663,22.958
1780272032335,3.878,1.749,2.030,4.778,2.223,2.347,3.805,4.155,24.965,12.446,11.982,24.428,22.715
1780272032376,4.086,2.012,2.412,4.800,2.540,2.591,1.297,1.534,21.272,13.243,7.757,21.000,19.345
1780272032413,3.914,2.004,2.792,4.687,2.540,2.551,0.273,0.317,19.078,13.194,6.186,19.380,17.091
1780272032489,2.959,1.669,2.139,3.484,1.614,1.738,7.228,8.000,28.831,10.321,16.271,26.592,25.794
1780272032527,2.566,1.811,2.245,3.473,0.517,0.721,7.873,8.481,27.687,10.329,16.109,26.438,25.648
1780272032566,2.711,2.084,2.533,3.685,0.061,0.094,5.613,6.200,22.981,11.013,11.632,22.645,24.606
1780272032635,2.905,2.332,2.861,2.970,0.007,0.014,4.858,5.201,21.148,11.021,9.816,20.837,18.764
1780272032672,2.274,2.613,3.032,2.821,0.007,0.014,4.807,5.154,20.722,10.427,9.548,19.975,18.909
1780272032720,1.961,2.584,3.127,2.369,0.003,0.007,4.213,4.472,18.736,9.711,7.879,17.590,17.697
1780272032777,1.899,3.163,3.419,2.157,0.000,0.003,1.217,1.406,13.264,9.947,2.580,12.527,11.055
1780272032821,0.984,1.071,1.067,0.885,0.003,0.000,0.459,0.393,4.862,4.013,1.082,5.095,5.818
1780272032873,0.054,0.072,0.069,0.083,0.007,0.021,6.229,6.200,12.735,1.237,8.563,9.800,0.752
1780272032927,0.007,0.007,0.010,0.007,0.000,0.003,2.686,3.032,5.752,0.667,4.460,5.127,7.127
1780272033004,0.003,0.003,0.000,0.003,0.000,0.003,2.332,2.493,4.837,0.537,2.735,3.272,3.103
1780272033068,0.003,0.003,0.003,0.003,0.000,0.003,2.216,2.372,4.603,0.537,2.490,3.027,3.103
1780272033109,0.000,0.003,0.003,0.003,0.003,0.003,1.807,1.851,3.673,0.529,1.969,2.498,2.691
1780272033187,0.000,0.000,0.003,0.003,0.003,0.000,0.357,0.433,0.799,0.512,0.594,1.106,2.206
1780272033249,0.003,0.000,0.000,0.003,0.000,0.003,1.352,1.527,2.888,0.520,1.286,1.806,1.818
1780272033292,0.000,0.000,0.003,0.003,0.003,0.003,1.822,1.961,3.795,0.512,1.750,2.262,2.206
1780272033328,0.003,0.000,0.003,0.003,0.003,0.000,0.947,1.119,2.078,0.520,0.993,1.513,2.303
1780272033420,0.000,0.003,0.000,0.003,0.000,0.003,1.778,1.993,3.780,0.529,1.758,2.287,2.352
1780272033485,0.003,0.003,0.000,0.003,3.816,0.003,1.964,2.128,7.920,0.545,4.566,5.111,5.527
1780272033551,0.003,0.000,0.000,0.003,3.951,4.195,0.280,0.357,8.789,0.577,6.902,7.479,13.164
1780272033586,0.003,0.000,0.000,0.003,3.134,3.007,1.264,1.297,8.708,0.586,6.650,7.236,10.182
1780272033623,0.000,0.000,0.000,0.003,2.598,2.722,0.758,0.878,6.959,0.586,5.738,6.324,11.030
1780272033662,0.003,0.000,0.003,0.007,2.172,2.263,1.993,2.092,8.533,0.553,5.942,6.495,7.733
1780272033716,0.000,0.000,0.000,0.003,2.187,2.617,2.748,2.937,10.492,0.577,7.301,7.878,9.309
1780272033766,0.000,0.000,0.000,0.003,1.990,2.052,4.815,5.121,13.981,0.561,11.965,12.526,11.564
1780272033812,0.000,0.000,0.000,0.003,2.212,2.070,5.113,5.503,14.901,0.602,13.284,13.886,16.145
1780272033855,0.000,0.003,0.000,0.000,1.913,2.117,5.110,5.500,14.643,0.610,13.341,13.951,16.388
1780272033926,0.000,0.000,0.000,0.007,1.968,2.303,4.425,4.694,13.397,0.602,11.013,11.615,13.139
1780272034012,0.000,0.000,0.000,0.003,1.512,1.563,3.375,3.612,10.065,0.569,7.749,8.318,9.988
1780272034083,0.000,0.000,0.000,0.003,1.388,1.355,2.518,2.744,8.008,0.569,5.836,6.405,9.697
1780272034125,0.000,0.000,0.003,0.000,1.465,1.530,0.976,1.133,5.107,0.553,3.988,4.541,9.285
1780272034179,0.000,0.000,0.000,0.000,1.505,1.516,0.386,0.466,3.873,0.553,3.215,3.768,5.988
1780272034231,0.000,0.000,0.000,0.003,1.414,1.519,0.269,0.306,3.511,0.537,2.922,3.459,4.364
1780272034273,0.003,0.000,0.000,0.003,1.228,1.228,2.536,2.686,7.684,0.529,4.729,5.258,5.309
1780272034324,0.000,0.000,0.000,0.003,0.874,0.954,5.314,5.646,12.791,0.561,10.313,10.874,9.042
1780272034363,0.000,0.000,0.000,0.007,1.100,1.151,5.500,5.908,13.666,0.569,12.161,12.730,13.673
1780272034426,0.000,0.000,0.000,0.003,1.490,1.560,4.144,4.501,11.698,0.569,9.654,10.223,13.188
1780272034500,0.003,0.000,0.000,0.003,1.494,1.563,2.868,3.021,8.952,0.561,6.593,7.154,7.370
1780272034558,0.000,0.000,0.000,0.003,1.523,1.560,0.612,0.725,4.423,0.529,3.833,4.362,5.042
1780272034639,0.000,0.000,0.000,0.003,0.619,0.699,8.219,8.860,18.400,0.618,15.742,16.360,17.648
1780272034710,0.000,0.000,0.003,0.003,0.105,0.123,2.471,2.343,5.048,0.553,5.120,5.673,7.200
1780272034763,0.000,0.000,0.000,0.003,0.014,0.021,5.478,5.872,11.388,0.561,9.515,10.076,7.152
1780272034801,0.003,0.003,0.000,0.003,0.007,0.018,5.832,6.269,12.135,0.577,11.013,11.590,12.000
1780272034840,0.007,0.000,0.000,0.000,0.007,0.014,5.806,6.251,12.085,0.577,11.298,11.875,11.733
1780272034882,0.000,0.000,0.000,0.000,0.007,0.014,5.748,6.138,11.907,0.561,11.208,11.769,11.758
1780272034950,0.000,0.000,0.000,0.003,0.003,0.007,4.086,4.261,8.360,0.561,7.024,7.585,9.964
1780272034991,0.003,0.000,0.003,0.003,0.000,0.003,0.903,1.060,1.975,0.537,2.824,3.361,3.176
1780272035032,0.003,0.000,0.000,0.003,0.007,0.021,6.779,6.998,13.811,0.553,10.150,10.703,0.897
1780272035074,0.000,0.000,0.000,0.000,0.003,0.018,8.583,9.258,17.862,0.602,15.335,15.937,17.697
1780272035120,0.003,0.000,0.000,0.003,0.003,0.007,4.541,5.164,9.721,0.577,8.978,9.555,15.806
1780272035175,0.000,0.000,0.003,0.007,0.003,0.010,5.759,6.185,11.967,0.561,10.932,11.493,11.394
1780272035256,0.000,0.000,0.000,0.003,0.003,0.014,5.824,6.178,12.022,0.577,11.249,11.826,11.685
1780272035292,0.003,0.000,0.000,0.000,0.003,0.007,4.242,4.610,8.865,0.561,7.936,8.497,10.715
1780272035334,0.000,0.000,0.000,0.003,0.003,0.003,2.795,3.047,5.851,0.537,4.623,5.160,6.061
1780272035389,0.000,0.000,0.000,0.003,0.000,0.000,0.528,0.619,1.150,0.520,1.180,1.700,2.642
1780272035456,0.000,0.000,0.000,0.003,0.000,0.003,0.127,0.131,0.264,0.512,0.374,0.886,0.824
1780272035526,3.287,3.211,2.693,3.254,4.100,3.404,0.069,0.083,20.101,6.121,6.243,12.364,13.455
1780272035588,4.822,4.866,4.610,4.599,1.818,1.895,0.134,0.149,22.893,13.162,3.809,16.971,16.388
1780272035656,5.132,5.215,4.578,4.166,1.060,1.126,2.416,2.471,26.164,17.810,5.502,23.312,20.776
1780272035720,4.388,4.640,4.027,4.242,1.170,1.261,3.287,3.459,26.474,16.573,7.513,24.086,22.182
1780272035792,3.896,4.053,3.524,3.841,1.592,1.589,1.049,1.177,20.721,15.254,4.940,20.194,19.079
1780272035831,3.692,3.867,3.313,3.699,1.538,1.552,0.244,0.295,18.200,14.481,3.719,18.200,16.315
1780272035868,3.561,3.765,3.229,3.306,1.417,1.494,0.091,0.091,16.954,13.683,3.158,16.841,15.297
1780272035932,2.478,2.631,2.325,2.423,0.732,0.852,7.016,7.931,26.388,9.808,14.106,23.914,20.703
1780272036014,2.099,2.044,1.789,2.070,1.308,1.414,7.468,8.080,26.272,8.327,17.004,25.331,24.194
1780272036091,1.403,1.140,1.242,1.108,2.693,2.106,5.726,6.203,21.621,5.054,15.856,20.910,19.855
1780272036130,0.761,0.408,0.375,0.419,2.041,1.939,5.788,6.305,18.036,2.279,15.181,17.460,17.188
1780272036167,0.087,0.080,0.072,0.043,1.527,1.745,5.868,6.415,15.837,1.025,14.692,15.717,15.418
1780272036226,0.010,0.007,0.007,0.007,1.461,1.396,5.817,6.280,14.985,0.683,14.122,14.805,14.618
1780272036289,0.000,0.000,0.003,0.000,3.331,3.451,3.313,3.349,13.447,0.529,11.786,12.315,13.503
1780272036331,0.000,0.000,0.000,0.003,3.408,2.394,7.158,7.399,20.362,0.561,17.037,17.598,15.733
1780272036370,0.003,0.003,0.003,0.003,2.103,2.343,7.709,8.241,20.408,0.594,18.575,19.169,20.558
1780272036406,0.390,0.400,0.324,0.324,2.398,2.241,7.694,8.237,22.008,0.716,19.047,19.763,20.461
1780272036455,2.620,2.084,2.558,2.135,0.863,0.637,5.328,5.915,22.140,4.240,10.582,14.822,20.800
1780272036519,3.878,0.608,6.604,0.605,0.025,0.043,5.467,5.919,23.149,9.645,10.240,19.885,17.333
1780272036556,3.947,0.925,6.152,1.235,0.010,0.018,5.456,5.766,23.509,10.655,10.573,21.228,20.048
1780272036607,3.597,3.630,4.486,4.680,0.007,0.010,5.000,5.423,26.833,15.181,9.865,25.046,22.642
1780272036663,3.014,4.749,3.295,5.223,0.003,0.003,0.867,1.024,18.178,15.718,3.426,19.144,16.582
1780272036731,2.303,3.732,2.817,4.177,0.000,0.007,2.427,2.638,18.101,12.755,2.832,15.587,14.255
1780272036812,1.709,0.360,2.686,0.699,0.003,0.003,0.506,0.645,6.611,5.844,1.115,6.959,5.285
1780272036870,0.583,2.649,2.948,0.127,0.003,0.003,1.246,1.334,8.893,4.485,1.041,5.526,5.309
1780272036936,0.258,2.507,2.649,0.112,0.000,0.000,0.222,0.251,5.999,3.988,0.374,4.362,4.752
1780272037011,0.466,1.891,2.697,0.280,0.000,0.003,2.154,2.230,9.721,3.931,1.888,5.819,7.564
1780272037088,1.067,1.377,2.347,0.225,3.983,3.710,2.343,2.595,17.647,3.850,8.726,12.576,10.594
1780272037149,0.823,3.058,2.099,0.021,2.762,3.065,3.028,3.316,18.172,4.460,9.076,13.536,13.600
1780272037208,0.269,4.727,2.504,1.709,2.252,2.361,2.810,2.985,19.617,7.464,7.960,15.424,13.721
1780272037274,0.342,3.929,2.464,1.745,1.909,1.953,4.877,5.219,22.438,7.269,12.266,19.535,18.909
1780272037356,0.102,3.470,3.316,0.185,1.869,2.052,3.495,3.856,18.345,6.959,9.377,16.336,15.806
1780272037407,0.080,3.502,3.404,0.094,1.884,1.782,0.729,0.860,12.335,7.171,5.234,12.405,11.709
1780272037462,0.102,1.771,2.908,0.798,0.933,1.221,6.907,7.388,22.028,5.014,13.528,18.542,13.479
1780272037521,0.852,0.302,2.208,1.272,1.487,1.414,7.643,8.179,23.357,3.703,17.199,20.902,21.261
1780272037606,1.315,0.102,2.037,1.541,1.968,2.037,4.727,5.164,18.891,3.760,11.851,15.611,15.903
1780272037679,0.557,0.324,1.807,1.064,1.643,1.873,5.591,6.003,18.862,3.085,13.911,16.996,16.485
1780272037738,0.061,0.069,0.346,0.153,2.001,2.008,5.813,6.072,16.523,1.237,15.148,16.385,16.558
1780272037795,0.003,0.003,0.014,0.007,2.074,2.197,5.719,6.050,16.067,0.675,15.067,15.742,15.806
1780272037870,2.751,2.624,2.781,1.760,1.950,1.888,5.212,5.547,24.513,3.711,13.935,17.646,17.382
1780272037909,4.479,3.378,3.768,3.615,1.618,1.738,4.563,4.581,27.740,12.576,12.169,24.745,21.576
1780272037970,6.079,2.628,2.522,5.507,0.262,0.360,4.035,4.261,25.654,13.390,8.099,21.489,21.939
1780272038045,5.937,0.739,0.346,5.875,0.007,0.010,0.335,0.426,13.675,11.949,1.432,13.381,12.000
1780272038113,4.326,3.637,0.065,3.196,0.000,0.003,0.058,0.065,11.350,8.547,0.390,8.937,7.976
1780272038187,3.131,4.694,5.908,4.723,0.000,0.000,0.040,0.051,18.547,15.604,0.203,15.807,14.739
1780272038245,2.219,4.672,6.641,4.264,0.000,0.003,0.131,0.145,18.075,17.321,0.244,17.565,15.006
1780272038306,2.442,4.403,5.452,3.772,0.000,0.003,2.664,2.813,21.549,15.742,3.386,19.128,17.430
1780272038368,2.241,3.834,5.201,3.451,0.000,0.007,3.827,4.257,22.818,14.212,6.235,20.447,18.424
1780272038405,2.238,3.510,4.596,3.313,0.003,0.007,4.213,4.541,22.421,13.601,7.366,20.967,19.103
1780272038459,2.427,3.229,4.297,3.437,0.003,0.007,3.499,3.736,20.635,13.243,5.803,19.046,17.721
1780272038517,2.657,3.156,3.779,3.306,0.000,0.003,2.916,3.127,18.944,12.796,4.436,17.232,16.097
1780272038555,2.540,3.131,3.699,3.378,0.000,0.000,1.447,1.658,15.853,12.861,2.157,15.018,13.552
1780272038609,2.697,3.025,3.681,3.335,0.000,0.000,0.506,0.546,13.790,12.584,0.846,13.430,11.952
1780272038649,2.595,2.751,3.262,3.222,0.003,0.003,1.971,2.445,16.252,11.925,2.661,14.586,12.218
1780272038712,2.423,2.529,3.357,3.061,0.000,0.003,2.810,3.007,17.190,11.322,3.768,15.090,14.133
1780272038788,1.957,2.420,2.945,2.453,0.003,0.007,3.903,4.188,17.876,9.605,6.284,15.889,14.424
1780272038849,0.743,2.289,2.901,1.006,0.000,0.010,4.782,5.077,16.808,6.967,8.831,15.798,14.812
1780272038914,0.240,2.172,2.905,0.236,0.000,0.010,4.760,5.132,15.455,5.893,9.344,15.237,14.618
1780272038974,4.578,1.636,2.369,4.745,3.615,3.783,2.638,2.843,26.207,11.102,11.233,22.335,21.988
1780272039030,4.866,0.397,1.075,3.276,2.974,3.047,3.885,4.107,23.627,8.034,12.617,20.651,20.048
1780272039071,5.547,2.234,0.805,1.760,3.320,3.269,2.248,2.460,21.643,7.578,10.826,18.404,18.279
1780272039136,5.500,1.640,0.856,1.126,3.528,3.747,1.272,1.447,19.116,7.089,8.954,16.043,16.242
1780272039177,5.117,1.035,0.328,4.822,3.105,3.189,0.772,0.871,19.239,9.507,7.423,16.930,16.024
1780272039234,3.207,0.302,0.058,4.942,3.036,3.131,1.232,1.341,17.249,7.163,7.610,14.773,13.576
1780272039292,0.390,0.043,0.007,0.696,3.076,3.120,3.160,3.273,13.765,2.075,10.459,12.534,12.024
1780272039330,0.054,0.007,0.003,0.080,2.675,2.773,3.546,3.772,12.910,1.009,11.045,12.054,11.709
1780272039377,0.010,0.003,0.000,0.007,2.919,2.861,2.945,3.178,11.923,0.675,10.118,10.793,11.733
1780272039445,0.003,0.003,0.003,0.003,2.507,2.598,2.715,2.864,10.696,0.602,8.905,9.507,9.673
1780272039488,0.003,0.000,0.003,0.003,2.646,2.730,1.221,1.071,7.677,0.594,6.992,7.586,7.733
1780272039543,0.087,0.091,0.032,0.102,2.562,2.555,0.215,0.258,5.902,0.626,5.584,6.210,6.133
1780272039594,0.411,0.328,0.280,0.437,2.391,2.409,0.123,0.138,6.517,0.773,4.989,5.762,5.600
1780272039676,3.211,0.331,3.298,0.306,2.219,2.296,0.098,0.116,11.875,3.451,4.639,8.090,7.976
1780272039746,4.840,2.569,5.529,2.974,1.858,1.993,0.266,0.331,20.360,11.925,4.273,16.198,14.570
1780272039807,0.725,1.804,0.681,1.461,2.336,2.380,3.105,3.291,15.783,3.223,9.002,12.225,11.588
1780272039845,0.215,1.796,0.266,1.687,2.296,2.343,3.058,3.316,14.977,2.181,9.084,11.265,11.685
1780272039900,0.273,1.461,0.185,1.104,2.351,2.387,2.635,2.799,13.195,1.481,8.294,9.775,10.133
1780272039984,0.838,0.973,0.852,0.856,2.409,2.453,0.495,0.590,9.466,1.489,5.754,7.243,6.618
1780272040039,0.940,0.896,0.769,0.995,2.281,2.310,0.247,0.287,8.725,1.497,4.949,6.446,6.642
1780272040090,0.954,0.940,0.823,0.900,2.238,2.343,0.222,0.280,8.700,1.505,4.745,6.250,6.400
1780272040155,1.180,1.002,0.998,0.998,2.095,2.146,1.804,1.953,12.176,1.701,6.243,7.944,7.952
1780272040236,1.126,1.024,1.053,1.071,2.259,2.358,0.900,1.009,10.800,1.709,5.551,7.260,7.515
1780272040319,1.100,1.057,0.995,1.035,2.431,2.518,0.692,0.758,10.586,1.684,5.608,7.292,6.836
1780272040363,1.100,0.998,0.984,1.057,2.573,2.602,0.696,0.765,10.775,1.676,5.698,7.374,7.030
1780272040415,1.057,1.027,0.944,1.006,2.934,2.726,1.942,2.037,13.673,1.644,7.724,9.368,7.855
1780272040498,0.973,0.922,0.878,0.976,2.540,2.595,2.351,2.547,13.782,1.603,8.115,9.718,9.939
1780272040556,0.258,0.244,0.251,0.269,2.591,2.577,1.002,1.162,8.354,0.870,6.357,7.227,7.782
1780272040615,0.112,0.069,0.061,0.091,2.445,2.664,0.390,0.481,6.313,0.618,5.527,6.145,6.206
1780272040669,1.873,1.946,1.476,1.651,2.256,2.245,0.233,0.277,11.957,4.306,4.729,9.035,8.097
1780272040760,5.292,0.736,5.347,0.911,2.187,2.139,0.503,0.612,17.727,10.305,4.802,15.107,14.376
1780272040824,3.918,1.764,4.045,1.640,2.088,2.026,2.916,3.032,21.429,9.279,8.034,17.313,14.230
1780272040880,3.378,5.288,3.080,4.330,1.928,1.899,2.963,3.185,26.051,14.749,8.872,23.621,21.261
1780272040943,3.466,5.070,3.163,4.643,0.277,0.211,3.677,3.892,24.399,15.873,7.643,23.516,21.673
1780272041032,3.768,4.246,3.320,3.889,0.007,0.010,0.743,0.856,16.839,15.042,1.953,16.995,16.024
1780272041072,2.937,3.342,2.675,3.072,0.007,0.018,6.553,6.812,25.416,11.990,9.890,21.880,18.400
1780272041116,2.773,3.076,2.584,2.985,0.003,0.003,3.225,3.907,18.556,11.949,5.868,17.817,22.861
1780272041175,2.901,0.973,2.671,0.944,0.003,0.010,4.319,4.570,16.391,7.789,8.026,15.815,13.673
1780272041250,2.285,0.080,2.318,0.051,0.003,0.010,4.220,4.454,13.421,5.234,7.708,12.942,12.873
1780272041317,2.132,1.796,2.336,1.592,0.000,0.000,1.038,1.283,10.177,7.269,2.401,9.670,9.527
1780272041371,1.869,3.557,2.092,2.792,0.000,0.000,0.200,0.233,10.743,10.012,0.773,10.785,9.430
1780272041437,0.419,0.798,0.462,0.546,0.003,0.000,0.258,0.309,2.795,2.531,0.431,2.962,2.448
1780272041547,0.003,0.007,0.007,0.007,0.000,0.003,0.448,0.546,1.021,0.618,0.520,1.138,1.115
1780272041584,0.003,0.003,0.003,0.003,0.000,0.007,1.749,1.880,3.648,0.561,2.075,2.636,2.473
1780272041628,0.003,0.003,0.003,0.003,0.003,0.003,2.402,2.657,5.077,0.520,2.889,3.409,3.588
1780272041686,0.007,0.000,0.000,0.003,0.003,0.003,2.474,2.726,5.216,0.529,3.142,3.671,3.782
1780272041744,0.003,0.000,0.003,0.003,0.003,0.003,2.460,2.646,5.121,0.520,3.125,3.645,3.927
1780272041805,0.003,0.000,0.000,0.003,0.000,0.000,0.889,1.013,1.908,0.537,1.229,1.766,3.224
1780272041856,0.003,0.000,0.003,0.007,0.000,0.000,1.611,1.709,3.333,0.520,1.807,2.327,2.158
1780272041897,0.003,0.000,0.003,0.003,0.000,0.000,0.929,1.100,2.038,0.537,1.090,1.627,2.279
1780272041938,0.000,0.003,0.003,0.003,0.000,0.000,0.382,0.459,0.850,0.520,0.577,1.097,1.164
1780272042008,0.000,0.000,0.000,0.003,0.000,0.003,1.512,1.771,3.289,0.529,1.644,2.173,1.745
1780272042080,0.003,0.003,0.003,0.003,0.003,0.003,2.121,2.289,4.428,0.537,2.466,3.003,3.248
1780272042147,0.003,0.000,0.003,0.003,3.885,0.003,1.745,1.902,7.544,0.545,4.623,5.168,5.721
1780272042195,0.000,0.000,0.000,0.003,5.095,4.348,0.510,0.597,10.553,0.577,7.277,7.854,11.709
1780272042241,0.003,0.000,0.000,0.000,3.222,3.218,0.718,0.761,7.922,0.569,6.153,6.722,10.109
1780272042308,0.000,0.000,0.000,0.003,2.551,2.536,2.187,2.464,9.741,0.602,7.236,7.838,9.697
1780272042364,0.000,0.000,0.000,0.003,2.172,2.223,3.101,3.306,10.805,0.569,8.050,8.619,9.261
1780272042433,0.003,0.000,0.000,0.003,2.066,2.248,4.578,4.829,13.727,0.602,11.811,12.413,14.109
1780272042473,0.000,0.000,0.000,0.003,2.143,2.154,4.570,4.829,13.699,0.626,12.332,12.958,16.485
1780272042518,0.000,0.000,0.000,0.000,1.982,2.030,4.548,4.891,13.451,0.610,12.356,12.966,16.121
1780272042574,0.000,0.000,0.000,0.003,1.909,2.125,4.352,4.651,13.040,0.610,11.575,12.185,13.552
1780272042640,0.000,0.000,0.000,0.003,1.961,1.789,3.105,3.408,10.266,0.594,8.278,8.872,9.915
1780272042730,0.000,0.000,0.000,0.000,1.089,1.155,4.614,4.825,11.683,0.618,10.329,10.947,13.842
1780272042781,0.000,0.000,0.000,0.003,1.377,1.355,4.027,4.253,11.015,0.610,9.548,10.158,14.206
1780272042821,0.000,0.000,0.000,0.003,1.490,1.549,3.258,3.535,9.835,0.610,8.042,8.652,10.133
1780272042872,0.000,0.003,0.000,0.003,1.458,1.465,3.076,3.298,9.303,0.569,7.032,7.601,8.315
1780272042916,0.000,0.000,0.000,0.003,1.089,1.144,4.541,4.749,11.526,0.553,10.044,10.597,8.097
1780272042954,0.007,0.000,0.000,0.003,1.180,1.206,4.869,5.150,12.415,0.586,11.192,11.778,12.412
1780272042999,0.000,0.000,0.000,0.003,1.461,1.443,3.827,3.969,10.703,0.586,9.051,9.637,11.491
1780272043051,0.000,0.000,0.000,0.003,1.479,1.538,2.748,2.868,8.636,0.586,6.853,7.439,8.945
1780272043089,0.000,0.000,0.000,0.003,1.538,1.581,0.998,1.159,5.279,0.569,4.664,5.233,5.721
1780272043136,0.000,0.000,0.000,0.003,1.461,1.479,0.284,0.349,3.576,0.529,3.215,3.744,4.073
1780272043192,0.000,0.003,0.000,0.003,1.366,1.447,0.204,0.244,3.267,0.545,2.824,3.369,3.685
1780272043279,0.000,0.000,0.000,0.003,1.330,1.385,0.112,0.123,2.953,0.537,2.612,3.149,3.564
1780272043351,0.000,0.000,0.003,0.003,0.200,0.258,1.727,1.833,4.024,0.520,2.328,2.848,3.055
1780272043425,0.000,0.000,0.000,0.003,0.010,0.010,2.325,2.474,4.822,0.529,2.824,3.353,3.418
1780272043477,0.000,0.000,0.000,0.000,0.003,0.003,1.957,2.114,4.077,0.537,2.393,2.930,3.055
1780272043519,0.007,0.000,0.000,0.003,0.003,0.003,1.909,2.022,3.947,0.520,2.254,2.774,2.836
1780272043580,0.003,0.000,0.003,0.003,0.003,0.000,0.535,0.637,1.184,0.537,0.960,1.497,2.788
1780272043629,0.000,0.000,0.003,0.003,0.003,0.003,0.324,0.371,0.707,0.520,0.504,1.024,1.018
1780272043682,0.000,0.000,0.003,0.003,0.003,0.003,1.519,1.570,3.101,0.520,1.457,1.977,1.406
1780272043743,0.003,0.000,0.000,0.003,0.003,0.003,1.796,1.913,3.721,0.529,1.961,2.490,2.618
1780272043795,0.003,0.000,0.000,0.003,0.000,0.003,1.775,1.924,3.708,0.529,2.035,2.564,2.642
1780272043890,0.003,0.000,0.000,0.003,0.003,0.003,1.775,1.902,3.689,0.529,2.018,2.547,2.618
1780272043938,0.000,0.000,0.000,0.003,0.003,0.000,0.608,0.572,1.186,0.569,0.870,1.439,2.376
1780272043991,0.000,0.000,0.000,0.003,0.000,0.000,0.200,0.222,0.425,0.545,0.390,0.935,0.970
1780272044035,0.000,0.000,0.000,0.003,0.003,0.003,1.385,1.461,2.855,0.520,1.457,1.977,1.624
1780272044087,0.000,0.000,0.000,0.003,0.000,0.003,1.731,1.862,3.599,0.520,1.912,2.432,2.497
1780272044129,0.000,0.000,0.000,0.003,0.003,0.003,1.800,1.902,3.711,0.537,2.010,2.547,2.618
1780272044171,0.000,0.000,0.000,0.007,0.000,0.003,1.782,1.909,3.701,0.537,2.026,2.563,2.642
1780272044215,0.003,0.000,0.000,0.003,0.000,0.000,0.594,0.754,1.354,0.529,1.058,1.587,2.182
1780272044253,0.000,0.003,0.000,0.003,0.000,0.003,1.366,1.450,2.825,0.520,1.375,1.895,1.285
1780272044315,0.000,0.003,0.000,0.003,0.003,0.003,1.789,1.899,3.700,0.529,1.961,2.490,2.618
1780272044392,0.000,0.000,0.003,0.003,0.000,0.000,0.495,0.575,1.076,0.537,0.879,1.416,2.376
1780272044455,2.081,4.840,5.948,2.212,0.000,0.000,0.167,0.189,15.437,11.029,0.341,11.370,8.776
1780272044519,2.289,5.008,5.897,2.558,0.003,0.003,2.128,2.336,20.222,12.893,2.718,15.611,12.630
1780272044572,1.931,4.574,5.842,2.584,0.000,0.003,3.218,3.470,21.622,11.998,4.875,16.873,15.685
1780272044627,1.410,4.417,5.613,1.855,0.000,0.003,3.131,3.371,19.800,11.094,4.997,16.091,15.006
1780272044664,1.406,4.235,5.551,1.913,0.000,0.003,1.629,1.826,16.563,10.736,2.539,13.275,14.012
1780272044711,1.330,4.056,5.369,2.161,0.000,0.003,0.455,0.386,13.760,10.598,0.936,11.534,10.545
1780272044779,1.461,3.754,4.767,2.278,0.000,0.000,0.546,0.608,13.414,9.670,0.659,10.329,9.406
1780272044846,1.388,3.466,4.348,2.132,0.000,0.000,0.732,0.801,12.867,8.994,0.805,9.799,8.848
1780272044948,0.360,3.090,3.783,0.492,0.000,0.003,2.405,2.653,12.786,7.171,3.093,10.264,9.115
1780272045009,4.016,2.584,2.996,4.166,0.000,0.003,2.937,3.200,19.902,12.812,4.590,17.402,15.491
1780272045097,4.377,1.071,2.631,4.640,0.000,0.007,3.911,4.242,20.879,12.730,7.407,20.137,18.158
1780272045128,4.213,2.172,2.555,3.794,0.003,0.007,3.943,4.261,20.948,12.380,7.643,20.023,19.321
1780272045175,3.969,0.557,3.189,1.057,0.000,0.003,2.536,2.843,14.154,8.978,4.997,13.975,18.570
1780272045229,4.155,0.054,2.934,0.054,0.000,0.000,0.973,0.998,9.168,7.138,1.701,8.839,8.412
1780272045281,3.101,0.007,2.172,0.010,0.000,0.003,0.455,0.546,6.294,5.527,0.797,6.324,5.988
1780272045350,2.766,0.003,1.665,0.007,0.000,0.000,0.331,0.419,5.191,4.753,0.488,5.241,5.042
1780272045444,2.551,0.003,1.374,0.007,0.003,0.003,0.852,0.940,5.733,4.387,0.879,5.266,4.509
1780272045498,1.906,0.765,0.874,1.155,0.000,0.003,2.620,2.999,10.322,3.378,3.508,6.886,6.303
1780272045581,0.240,2.912,0.889,2.813,3.819,3.579,0.568,0.572,15.392,5.811,7.138,12.949,15.152
1780272045643,1.745,3.911,1.705,0.317,1.993,1.990,0.787,0.863,13.311,6.105,5.404,11.509,11.442
1780272045701,2.711,3.393,1.866,1.713,1.523,1.563,0.433,0.499,13.701,6.666,4.118,10.784,10.618
1780272045741,5.172,2.679,1.632,4.745,1.082,1.093,1.607,1.680,19.690,11.884,4.135,16.019,13.430
1780272045787,5.883,2.157,1.443,5.759,0.940,1.027,2.773,3.090,23.072,14.155,6.446,20.601,18.158
1780272045847,4.661,2.059,1.560,5.318,1.119,1.148,3.593,3.834,23.292,13.479,8.913,22.392,20.727
1780272045905,4.723,2.114,1.833,5.245,1.458,1.487,1.844,2.055,20.759,13.781,5.885,19.666,18.836
1780272045979,4.341,2.278,2.292,5.070,1.421,1.454,0.831,0.838,18.525,13.626,4.175,17.801,16.218
1780272046023,2.759,2.365,2.525,3.276,1.745,1.775,0.889,0.984,16.318,9.971,4.379,14.350,13.503
1780272046096,1.640,2.690,2.926,1.501,1.487,1.498,0.623,0.714,13.079,7.684,3.728,11.412,10.642
1780272046173,1.468,4.129,3.007,0.102,1.312,1.381,0.798,0.871,13.068,7.993,3.549,11.542,9.406
1780272046220,1.148,3.787,3.138,0.076,1.166,1.173,2.540,2.956,15.984,7.301,6.096,13.397,10.909
1780272046263,2.099,3.630,3.036,0.787,1.035,1.071,3.440,3.696,18.794,8.579,7.724,16.303,13.600
1780272046329,0.914,0.718,0.484,0.364,1.403,1.432,4.261,4.618,14.194,2.385,10.826,13.211,12.776
1780272046399,0.076,0.091,0.029,0.014,1.512,1.618,3.444,3.787,10.571,0.846,9.263,10.109,11.297
1780272046462,0.003,0.007,0.007,0.003,1.570,1.574,2.649,2.886,8.699,0.651,7.293,7.944,7.709
1780272046522,0.003,0.003,0.003,0.007,1.592,1.669,0.688,0.823,4.788,0.610,4.932,5.542,5.842
1780272046564,2.052,1.909,2.135,1.833,1.293,1.312,0.211,0.240,10.985,3.695,3.369,7.064,4.921
1780272046634,1.964,3.357,4.246,4.035,1.286,1.326,0.153,0.171,16.538,7.024,2.840,9.864,9.285
1780272046699,3.524,2.547,3.120,4.410,1.374,1.406,0.667,0.783,17.831,7.895,3.549,11.444,9.721
1780272046754,4.490,1.002,1.399,5.554,1.308,1.403,2.139,2.278,19.573,9.442,5.592,15.034,12.267
1780272046811,4.184,0.663,0.240,5.168,2.015,1.826,1.242,1.374,16.712,8.522,5.372,13.894,13.406
1780272046878,4.384,4.928,3.276,4.548,1.086,1.345,2.205,2.365,24.137,16.613,6.023,22.636,18.788
1780272046925,5.361,4.516,4.756,3.265,1.702,1.702,1.505,1.713,24.520,17.240,5.673,22.913,21.333
1780272046999,4.126,3.881,4.355,4.093,2.059,1.961,1.578,1.760,23.813,15.848,6.194,22.042,21.067
1780272047079,4.665,3.736,2.132,3.152,1.953,2.179,1.366,1.465,20.648,9.621,5.820,15.441,14.012
1780272047159,0.240,0.182,0.065,0.160,1.888,2.241,0.572,0.692,6.040,1.587,4.981,6.568,6.206
1780272047222,0.010,0.010,0.010,0.007,2.117,2.037,0.167,0.196,4.554,0.740,4.387,5.127,5.139
1780272047276,1.826,1.479,1.509,1.603,1.698,1.640,0.109,0.120,9.984,2.442,3.581,6.023,5.648
1780272047327,3.470,4.563,5.507,5.150,1.122,1.177,0.091,0.105,21.185,13.756,2.767,16.523,13.285
1780272047387,0.499,3.550,2.121,5.606,2.168,1.971,1.129,1.272,18.316,9.328,5.291,14.619,13.673
1780272047441,0.346,3.936,0.561,4.490,1.895,2.219,2.310,2.438,18.195,8.188,7.049,15.237,13.721
1780272047505,0.729,3.510,0.488,4.753,1.735,1.756,2.507,2.679,18.157,8.612,7.269,15.881,14.642
1780272047549,3.885,3.408,4.250,5.150,1.519,1.560,1.031,0.852,21.655,15.986,4.932,20.918,19.055
1780272047622,2.248,3.798,6.149,6.728,1.884,2.055,0.572,0.645,24.079,18.290,4.533,22.823,20.145
1780272047697,4.093,2.146,3.156,7.246,2.464,2.737,1.341,1.428,24.611,14.432,6.650,21.082,19.394
1780272047770,2.431,0.390,2.540,7.330,2.803,3.025,1.396,1.527,21.442,10.899,7.342,18.241,17.018
1780272047832,1.301,0.040,5.186,6.641,2.956,2.824,1.042,1.173,21.163,11.623,6.845,18.468,16.824
1780272047895,1.042,0.072,4.862,6.364,2.456,2.329,1.202,1.315,19.642,11.159,6.292,17.451,16.170
1780272047959,0.656,0.379,4.472,2.988,2.314,2.456,1.366,1.494,16.125,7.138,6.324,13.462,12.897
1780272048019,1.822,0.984,3.860,1.122,2.187,2.329,2.259,2.511,17.074,6.137,7.562,13.699,12.752
1780272048077,2.591,0.874,3.462,0.557,2.139,2.274,2.303,2.489,16.689,6.007,7.659,13.666,13.309
1780272048156,3.065,0.477,3.065,0.240,2.314,2.376,0.470,0.568,12.575,6.170,5.445,11.615,11.321
1780272048229,3.357,0.269,3.247,0.123,0.189,0.342,0.138,0.149,7.814,6.707,1.269,7.976,7.200
1780272048292,2.737,0.029,3.163,0.021,0.010,0.014,0.153,0.164,6.291,6.194,0.447,6.641,6.036
1780272048354,2.358,1.286,3.003,0.455,0.003,0.003,0.266,0.324,7.698,6.137,0.415,6.552,6.109
1780272048419,1.611,5.478,2.380,3.911,0.000,0.003,1.093,1.177,15.653,12.828,1.343,14.171,11.733
1780272048476,1.753,5.201,2.489,3.798,0.000,0.003,2.427,2.587,18.258,13.105,3.532,16.637,16.073
1780272048536,2.205,4.304,2.912,3.495,0.000,0.000,1.297,1.337,15.550,12.771,1.969,14.740,14.739
1780272048601,2.653,3.615,2.690,2.974,0.003,0.003,0.583,0.677,13.198,11.957,0.903,12.860,12.145
1780272048680,2.365,3.003,2.504,2.434,0.003,0.003,0.240,0.298,10.850,10.630,0.455,11.085,9.430
1780272048744,2.252,2.580,2.427,2.314,0.000,0.000,0.134,0.160,9.867,9.735,0.293,10.028,9.164
1780272048807,1.968,1.891,1.731,1.647,0.003,0.010,3.772,3.907,14.929,7.619,6.625,14.244,13.042
1780272048844,1.928,1.691,1.607,1.461,0.003,0.007,4.271,4.592,15.560,7.203,8.034,15.237,14.739
1780272048879,1.716,1.618,1.461,1.345,0.003,0.010,4.282,4.661,15.096,6.560,8.384,14.944,14.545
1780272048944,1.549,1.461,1.290,1.399,0.003,0.010,4.180,4.530,14.422,6.259,8.262,14.521,13.576
1780272049005,0.269,0.240,0.215,0.109,0.007,0.018,8.460,8.795,18.113,2.108,15.783,17.891,14.788
1780272049047,0.054,0.021,0.025,0.014,0.007,0.021,9.046,9.779,18.967,0.968,17.435,18.403,19.224
1780272049084,0.007,0.007,0.007,0.003,0.007,0.018,8.944,9.750,18.743,0.781,17.509,18.290,18.788
1780272049122,0.003,0.003,0.007,0.003,0.003,0.010,5.285,5.901,11.215,0.700,11.412,12.112,13.455
1780272049173,0.000,0.003,0.003,0.003,0.003,0.010,5.044,5.573,10.639,0.610,9.824,10.434,8.533
1780272049211,0.000,0.000,0.000,0.003,0.003,0.010,5.154,5.700,10.870,0.602,10.240,10.842,11.030
1780272049261,0.003,0.000,0.000,0.003,0.003,0.010,5.175,5.598,10.792,0.594,10.231,10.825,10.861
1780272049310,0.000,0.000,0.000,0.003,0.003,0.007,3.645,3.998,7.656,0.569,6.715,7.284,8.606
1780272049363,0.000,0.000,0.003,0.003,0.000,0.000,1.020,1.184,2.210,0.553,2.433,2.986,3.758
1780272049414,0.000,0.000,0.000,0.003,0.003,0.000,0.251,0.291,0.548,0.537,0.667,1.204,1.261
1780272049470,0.003,0.000,0.000,0.003,0.000,0.003,0.109,0.120,0.238,0.537,0.333,0.870,0.994
1780272049542,0.003,0.000,0.000,0.000,0.003,0.003,0.127,0.138,0.274,0.520,0.260,0.780,0.897
1780272049624,0.003,0.000,0.000,0.003,4.060,0.003,0.215,0.269,4.553,0.545,3.028,3.573,4.218
1780272049695,0.000,0.000,0.000,0.003,3.134,3.462,1.782,1.928,10.309,0.594,7.366,7.960,14.255
1780272049735,0.000,0.000,0.000,0.000,2.391,2.416,2.606,2.788,10.201,0.577,7.733,8.310,11.709
1780272049786,0.000,0.000,0.000,0.003,1.957,1.979,3.586,3.772,11.297,0.586,9.173,9.759,12.291
1780272049857,0.003,0.000,0.000,0.003,1.866,2.012,3.273,3.524,10.681,0.577,8.253,8.830,10.327
1780272049914,0.000,0.000,0.000,0.003,1.458,1.279,4.640,5.011,12.391,0.610,10.915,11.525,12.291
1780272049947,0.000,0.000,0.000,0.000,1.355,1.596,4.702,4.953,12.606,0.618,11.509,12.127,15.297
1780272050007,0.000,0.000,0.000,0.003,1.961,2.012,4.217,4.508,12.701,0.602,11.249,11.851,14.206
1780272050074,0.000,0.000,0.000,0.003,2.354,2.380,1.246,1.450,7.433,0.577,6.186,6.763,9.455
1780272050171,0.003,0.000,0.000,0.003,1.731,1.888,2.868,3.014,9.507,0.561,6.780,7.341,7.709
1780272050235,0.000,0.000,0.000,0.003,1.366,1.180,4.563,4.855,11.967,0.577,10.508,11.085,7.903
1780272050285,0.000,0.000,0.000,0.000,1.290,1.345,4.209,4.486,11.330,0.602,9.662,10.264,12.412
1780272050341,0.000,0.000,0.003,0.000,1.337,1.374,3.295,3.561,9.570,0.586,7.920,8.506,12.145
1780272050382,0.000,0.000,0.000,0.003,1.567,1.629,1.552,1.738,6.489,0.602,5.624,6.226,8.994
1780272050421,0.000,0.000,0.000,0.003,1.560,1.603,0.535,0.630,4.331,0.569,3.939,4.508,6.376
1780272050464,0.000,0.000,0.003,0.003,1.436,1.465,0.338,0.400,3.645,0.553,3.093,3.646,4.364
1780272050512,0.000,0.000,0.000,0.003,0.954,1.009,3.874,4.479,10.319,0.569,8.506,9.075,4.461
1780272050559,0.000,0.000,0.000,0.003,1.067,1.115,4.975,5.325,12.485,0.594,11.159,11.753,12.533
1780272050612,0.003,0.003,0.000,0.003,1.246,1.250,4.847,5.230,12.582,0.594,11.607,12.201,12.679
1780272050706,0.000,0.000,0.000,0.003,1.516,1.549,3.313,3.597,9.978,0.569,8.123,8.692,8.945
1780272050772,0.000,0.000,0.000,0.000,1.611,1.662,0.539,0.630,4.442,0.537,4.477,5.014,6.327
1780272050830,0.000,0.000,0.000,0.003,0.280,0.357,7.694,8.175,16.509,0.594,13.040,13.634,4.994
1780272050882,0.003,0.000,0.000,0.003,0.025,0.029,1.632,1.942,3.634,0.594,5.160,5.754,14.255
1780272050932,0.007,0.000,0.000,0.003,0.007,0.007,1.924,2.070,4.018,0.545,2.686,3.231,1.891
1780272050979,2.303,2.074,1.855,2.026,0.003,0.010,4.115,4.359,16.745,6.837,6.707,13.544,5.721
1780272051019,4.446,4.209,4.534,4.578,0.003,0.007,3.900,4.111,25.788,14.928,7.334,22.262,17.188
1780272051079,3.590,3.568,3.834,4.301,0.003,0.007,4.035,4.319,23.657,14.245,7.838,22.083,21.261
1780272051137,0.597,2.693,0.714,3.798,3.477,3.225,3.812,4.151,22.467,7.708,13.080,20.788,20.121
1780272051197,0.040,2.620,0.040,4.173,2.289,2.383,1.902,2.168,15.615,7.122,7.627,14.749,17.309
1780272051265,0.007,1.957,0.007,3.127,0.882,0.984,8.088,8.642,23.694,5.624,16.516,22.140,21.479
1780272051339,2.340,2.303,2.515,3.309,1.917,1.877,2.026,2.376,18.663,7.830,9.051,16.881,23.855
1780272051406,2.803,2.121,5.525,2.894,0.976,1.075,3.612,4.195,23.201,12.437,8.978,21.415,19.830
1780272051444,2.234,2.066,5.205,2.824,1.097,1.151,4.075,4.439,23.091,12.120,9.881,22.001,21.382
1780272051481,2.642,1.119,4.505,1.880,1.264,1.290,4.188,4.607,21.495,9.906,10.541,20.447,22.061
1780272051516,2.864,0.732,4.184,1.100,1.374,1.385,4.315,4.632,20.586,8.840,10.940,19.780,19.855
1780272051568,3.429,0.258,3.429,0.244,1.381,1.417,4.337,4.698,19.193,7.285,11.208,18.493,18.182
1780272051615,2.868,0.029,2.930,0.047,1.396,1.417,4.352,4.742,17.781,6.316,11.282,17.598,16.848
1780272051673,2.372,0.003,1.811,0.010,1.377,1.425,4.483,4.833,16.314,4.566,11.444,16.010,15.758
1780272051723,1.928,0.003,1.345,0.007,1.345,1.417,4.370,4.796,15.211,3.899,11.347,15.246,14.618
1780272051767,1.997,0.911,1.341,1.180,1.312,1.304,4.337,4.661,17.043,4.672,11.054,15.726,14.958
1780272051811,1.866,3.455,0.718,4.523,1.053,1.082,3.805,4.133,20.635,9.735,9.808,19.543,18.448
1780272051892,2.573,1.990,1.319,4.749,1.257,1.261,3.670,4.031,20.850,10.525,9.727,20.252,19.321
1780272051965,2.343,2.897,1.837,3.415,1.253,1.319,3.597,3.860,20.521,10.451,9.588,20.039,19.176
1780272052026,2.613,2.460,1.826,3.320,1.490,1.494,1.902,2.121,17.226,10.142,6.731,16.873,15.952
1780272052077,2.518,2.394,2.230,2.617,1.406,1.428,1.673,1.858,16.124,9.727,5.868,15.595,14.642
1780272052119,2.208,1.749,1.600,2.084,0.765,0.863,6.644,7.913,23.826,7.643,13.748,21.391,20.509
1780272052169,1.618,1.297,1.129,1.370,1.060,1.024,8.430,9.108,25.036,5.942,17.712,23.654,23.321
1780272052205,1.410,1.272,1.315,1.264,1.195,1.199,8.347,9.028,25.030,5.828,18.144,23.972,23.248
1780272052243,1.902,1.403,1.396,1.636,1.552,1.618,5.161,5.642,20.310,6.577,14.261,20.838,21.455
1780272052299,1.756,1.483,1.560,1.625,1.396,1.428,4.406,4.756,18.410,6.674,11.721,18.395,17.333
1780272052336,1.614,1.625,1.651,1.589,1.399,1.396,4.322,4.705,18.301,6.666,11.428,18.094,17.236
1780272052392,1.625,1.337,1.257,1.505,1.399,1.789,4.235,4.614,17.761,6.039,11.558,17.597,17.382
1780272052433,1.490,1.345,1.381,1.443,1.694,1.698,4.140,4.512,17.703,6.161,11.493,17.654,16.848
1780272052490,1.669,0.291,1.447,0.309,1.640,1.920,4.279,4.603,16.158,4.183,11.778,15.961,15.903
1780272052540,1.436,0.029,1.250,0.040,1.884,1.939,4.180,4.501,15.259,3.239,11.933,15.172,14.933
1780272052592,1.031,0.007,0.656,0.007,2.103,2.176,4.209,4.527,14.716,2.295,12.372,14.667,14.255
1780272052646,0.856,0.000,0.390,0.007,1.906,2.099,4.158,4.508,13.924,1.945,12.079,14.024,13.964
1780272052699,1.104,0.000,0.196,0.003,1.826,2.048,4.111,4.472,13.760,1.929,11.827,13.756,13.600
1780272052764,1.461,3.491,0.014,0.703,1.512,1.355,3.914,4.275,16.725,3.744,11.119,14.863,14.739
1780272052807,1.334,5.015,0.007,1.064,1.293,1.490,3.732,4.038,17.973,5.787,10.606,16.393,16.073
1780272052848,1.323,5.518,3.918,1.020,1.363,1.472,3.532,3.856,22.002,7.212,10.061,17.273,15.903
1780272052918,2.529,4.614,3.364,0.335,1.516,1.538,3.466,3.736,21.098,8.034,9.938,17.972,16.824
1780272052961,2.518,6.047,2.988,0.750,1.804,2.037,1.560,1.796,19.500,8.807,7.431,16.238,16.073
1780272053023,3.619,3.765,3.943,1.140,2.066,2.146,0.900,1.006,18.585,8.994,5.673,14.667,14.206
1780272053074,2.919,3.586,5.030,4.807,1.899,1.811,0.667,0.776,21.495,12.958,4.867,17.825,16.970
1780272053125,4.060,0.911,3.189,5.033,1.946,1.877,1.213,1.334,19.563,10.964,5.518,16.482,15.806
1780272053188,3.725,0.185,0.677,4.957,1.775,1.840,0.823,0.933,14.915,8.888,4.794,13.682,14.473
1780272053251,3.386,0.222,0.047,4.720,1.600,1.538,1.600,1.749,14.862,8.416,5.331,13.747,12.921
1780272053318,3.389,0.703,0.236,4.308,1.501,1.549,1.195,1.319,14.200,7.993,4.721,12.714,11.806
1780272053369,3.342,1.509,0.772,4.162,1.465,1.545,0.634,0.758,14.187,8.547,4.021,12.568,11.806
1780272053451,2.580,3.546,3.677,3.685,1.297,1.348,0.962,1.093,18.188,11.884,3.947,15.831,14.812
1780272053506,2.664,1.702,1.600,3.790,1.541,1.530,1.556,1.731,16.114,8.131,5.128,13.259,12.412
1780272053581,3.437,3.750,4.581,2.653,1.297,1.297,2.460,2.646,22.121,10.826,6.479,17.305,16.024
1780272053639,2.577,5.941,6.287,2.066,1.020,1.126,2.828,3.010,24.855,15.498,7.496,22.994,20.945
1780272053700,2.660,5.766,5.441,1.964,1.406,1.414,2.445,2.675,23.771,15.368,7.374,22.742,21.455
1780272053763,2.620,5.113,5.401,2.318,1.505,1.519,1.909,2.084,22.469,14.936,6.739,21.675,20.388
1780272053833,2.824,4.530,4.960,2.453,1.629,1.592,0.656,0.769,19.413,14.448,4.639,19.087,17.576
1780272053906,0.189,0.357,0.368,0.277,1.042,1.177,8.449,8.977,20.836,2.816,17.207,20.023,19.224
1780272053969,0.007,0.014,0.014,0.010,2.281,2.143,2.445,2.905,9.819,0.895,10.297,11.192,19.491
1780272054007,0.003,0.007,0.007,0.003,1.749,1.778,3.331,3.783,10.661,0.691,9.548,10.239,8.873
1780272054049,0.003,0.003,0.003,0.003,1.359,1.479,4.224,4.640,11.714,0.651,10.826,11.477,10.448
1780272054113,0.003,0.003,0.003,0.003,1.476,1.439,4.297,4.683,11.907,0.618,11.290,11.908,11.927
1780272054171,0.462,0.594,0.419,0.623,1.381,1.439,4.191,4.548,13.657,1.066,11.111,12.177,12.194
1780272054237,3.539,3.550,3.674,4.078,1.082,1.129,3.338,3.637,24.027,9.751,9.051,18.802,16.776
1780272054306,3.021,3.834,5.175,4.858,1.432,1.381,1.833,2.095,23.629,13.691,6.259,19.950,18.861
1780272054379,2.132,4.169,5.463,2.890,1.574,1.556,0.517,0.605,18.906,12.698,4.110,16.808,15.345
1780272054436,0.437,1.782,2.223,0.677,0.962,0.984,7.731,8.164,22.960,3.793,15.669,19.462,11.806
1780272054519,0.018,0.051,0.051,0.018,2.081,2.048,3.251,3.546,11.064,0.895,10.476,11.371,12.727
1780272054560,0.003,0.010,0.010,0.003,1.538,1.607,4.282,4.538,11.991,0.675,10.907,11.582,10.400
1780272054616,0.000,0.003,0.003,0.003,1.432,1.468,4.450,4.778,12.137,0.626,11.542,12.168,12.242
1780272054660,0.003,0.000,0.000,0.003,1.432,1.534,4.421,4.742,12.135,0.610,11.575,12.185,12.194
1780272054707,0.003,0.003,0.003,0.003,1.636,1.516,4.264,4.614,12.042,0.626,11.558,12.184,12.097
1780272054759,0.000,0.003,0.000,0.003,1.738,1.625,4.228,4.541,12.138,0.618,11.640,12.258,12.291
1780272054824,0.000,0.000,0.000,0.003,2.001,1.964,4.027,4.392,12.387,0.610,11.990,12.600,12.485
1780272054888,0.000,0.000,0.000,0.003,2.372,2.460,3.397,3.663,11.895,0.594,10.875,11.469,11.855
1780272054948,0.003,0.000,0.000,0.000,2.106,2.456,1.042,1.082,6.689,0.594,6.422,7.016,8.630
1780272055037,0.000,0.000,0.000,0.000,1.188,1.210,8.102,8.427,18.927,0.651,16.630,17.281,16.121
1780272055087,1.191,1.089,1.027,1.155,2.296,2.070,5.048,5.037,18.913,2.694,14.131,16.825,19.733
1780272055151,4.312,4.348,4.038,3.870,2.227,2.165,3.218,3.480,27.658,11.973,11.102,23.075,22.424
1780272055192,4.395,4.268,4.067,3.987,2.376,2.380,3.167,3.375,28.015,12.828,10.956,23.784,22.812
1780272055235,3.630,2.522,2.281,3.357,2.726,2.690,3.517,3.765,24.488,8.180,12.071,20.251,22.182
1780272055277,3.717,1.731,1.687,3.637,2.307,2.332,3.491,3.823,22.725,7.619,11.469,19.088,17.891
1780272055337,3.674,4.578,1.917,2.135,2.063,2.132,3.404,3.787,23.690,7.887,10.989,18.876,18.788
1780272055424,3.269,4.530,0.072,0.269,2.106,2.154,2.551,2.773,17.724,7.081,8.677,15.758,15.539
1780272055484,2.810,3.608,2.562,2.664,2.044,2.106,1.355,1.541,18.690,8.351,6.332,14.683,13.600
1780272055557,1.221,3.827,6.703,5.420,1.735,1.778,0.510,0.561,21.755,16.280,4.436,20.716,18.958
1780272055608,0.462,4.053,6.196,0.801,2.084,2.135,1.308,1.534,18.573,11.396,5.901,17.297,16.945
1780272055677,4.169,2.431,5.737,6.068,1.844,1.877,0.732,0.841,23.699,16.800,4.884,21.684,21.164
1780272055722,3.998,0.710,4.366,5.802,1.971,1.997,1.939,2.092,22.875,14.122,6.577,20.699,18.909
1780272055767,5.070,0.349,1.891,5.095,2.088,2.146,2.044,2.310,20.993,11.428,7.423,18.851,18.933
1780272055807,5.008,0.134,0.608,4.538,2.121,2.150,2.033,2.252,18.844,10.256,7.391,17.647,16.388
1780272055863,5.350,1.858,0.550,4.297,2.121,2.128,1.523,1.716,19.543,9.727,6.658,16.385,16.097
1780272055930,4.567,1.935,2.084,3.444,2.117,1.953,3.080,3.309,22.489,9.059,9.474,18.533,17.552
1780272055984,3.863,2.008,2.066,3.645,2.223,2.343,2.227,2.336,20.711,8.628,8.172,16.800,17.382
1780272056029,4.056,1.257,1.425,3.579,2.423,2.580,1.009,1.155,17.484,8.481,6.723,15.204,15.588
1780272056124,0.094,0.032,0.036,0.138,2.598,2.719,1.002,1.140,7.759,1.318,6.471,7.789,7.394
1780272056205,0.007,0.000,0.003,0.007,2.456,2.540,0.247,0.287,5.547,0.691,5.291,5.982,6.715
1780272056266,3.295,2.741,3.612,2.901,1.811,1.862,0.156,0.174,16.552,12.112,4.004,16.116,13.285
1780272056327,5.051,5.019,3.783,3.433,1.895,1.990,0.692,0.823,22.686,16.280,4.761,21.041,19.515
1780272056394,4.020,4.133,3.812,3.903,1.891,1.950,2.536,2.722,24.967,15.352,8.335,23.687,21.721
1780272056473,3.623,3.736,3.382,3.364,0.069,0.091,2.854,3.076,20.195,14.017,5.608,19.625,18.376
1780272056507,3.495,3.546,3.251,3.203,0.018,0.025,2.318,2.405,18.261,13.382,4.240,17.622,16.485
1780272056548,3.324,3.335,3.018,3.069,0.007,0.007,1.552,1.625,15.937,12.812,2.767,15.579,13.770
1780272056621,3.105,2.183,3.043,2.044,0.003,0.003,0.433,0.543,11.357,10.044,1.188,11.232,10.085
1780272056679,2.926,0.273,2.792,0.240,0.003,0.000,0.222,0.280,6.736,6.666,0.545,7.211,5.964
1780272056738,2.041,0.021,2.303,0.014,0.003,0.003,0.335,0.441,5.161,4.656,0.537,5.193,4.921
1780272056776,1.370,0.007,2.088,0.007,0.000,0.000,0.390,0.481,4.343,3.890,0.577,4.467,3.952
1780272056830,1.188,0.003,2.176,0.010,0.000,0.000,0.433,0.517,4.327,3.760,0.602,4.362,3.952
1780272056870,0.805,0.003,2.438,0.007,0.000,0.003,0.561,0.656,4.473,3.614,0.700,4.314,4.024
1780272056921,0.659,0.003,2.394,0.007,0.003,0.003,0.594,0.692,4.355,3.589,0.757,4.346,3.806
1780272056999,0.543,0.003,2.617,0.003,0.000,0.003,2.103,2.343,7.615,3.597,2.767,6.364,6.206
1780272057043,0.360,4.158,2.369,2.223,0.000,0.000,0.933,1.122,11.165,8.091,1.440,9.531,8.994
1780272057088,0.258,5.988,2.187,3.761,0.000,0.000,0.616,0.710,13.520,11.770,0.984,12.754,11.006
1780272057166,1.180,4.545,3.218,2.741,0.000,0.003,1.129,1.253,14.069,11.965,1.473,13.438,11.733
1780272057208,1.443,4.771,2.762,3.090,0.000,0.000,0.645,0.790,13.501,12.030,0.952,12.982,12.461
1780272057257,2.015,3.951,2.861,2.372,0.000,0.003,0.674,0.827,12.703,11.322,0.952,12.274,12.024
1780272057302,1.997,3.608,2.737,2.471,0.000,0.003,0.725,0.827,12.368,10.883,0.976,11.859,11.079
1780272057353,2.270,2.901,2.354,2.146,0.000,0.000,0.692,0.787,11.150,9.938,0.919,10.857,9.648
1780272057394,2.383,2.897,2.697,2.216,0.000,0.000,0.291,0.346,10.830,10.321,0.520,10.841,9.721
1780272057453,2.161,2.194,2.106,2.001,0.000,0.003,0.484,0.554,9.503,8.774,0.651,9.425,8.485
1780272057523,2.434,2.325,2.197,1.928,0.000,0.000,0.134,0.171,9.189,9.027,0.382,9.409,8.315
1780272057583,0.980,1.188,1.257,1.020,0.007,0.018,7.913,8.387,20.770,4.818,12.568,17.386,15.806
1780272057643,1.483,0.287,0.258,1.304,0.003,0.010,5.197,5.591,14.133,3.964,10.964,14.928,14.085
1780272057719,1.556,0.025,0.018,1.235,0.003,0.010,4.760,5.011,12.618,3.394,9.743,13.137,12.291
1780272057770,1.399,4.818,5.161,1.315,0.003,0.003,3.156,3.440,19.295,7.692,6.577,14.269,14.133
1780272057808,0.626,5.037,6.725,0.995,0.003,0.018,6.703,6.969,27.076,10.321,10.923,21.244,14.521
1780272057860,0.404,1.877,6.925,0.586,0.000,0.003,2.372,2.959,15.126,8.530,6.292,14.822,16.824
1780272057905,0.287,2.041,3.922,0.120,0.000,0.000,1.188,1.388,8.946,4.314,2.238,6.552,4.218
1780272057950,0.058,0.783,0.812,0.007,0.000,0.003,1.636,1.786,5.085,1.391,1.978,3.369,2.158
1780272058006,0.007,0.054,0.061,0.003,0.000,0.000,0.353,0.426,0.904,0.659,0.708,1.367,1.309
1780272058070,0.000,0.003,0.007,0.003,0.000,0.003,0.080,0.091,0.187,0.545,0.293,0.838,0.897
1780272058112,0.000,0.003,0.007,0.003,0.000,0.003,0.065,0.076,0.157,0.529,0.227,0.756,1.139
1780272058162,0.003,0.003,0.003,0.003,0.000,0.000,0.083,0.098,0.193,0.529,0.219,0.748,1.091
1780272058249,0.003,0.000,0.003,0.003,0.000,0.000,0.098,0.102,0.209,0.545,0.219,0.764,0.848
1780272058313,0.003,0.000,0.003,0.003,0.000,0.000,0.138,0.149,0.296,0.529,0.244,0.773,0.848
1780272058351,0.003,0.000,0.000,0.003,0.000,0.000,0.160,0.178,0.344,0.529,0.260,0.789,0.848
1780272058394,0.000,0.000,0.000,0.003,0.000,0.003,1.268,1.286,2.560,0.537,1.269,1.806,0.945
1780272058457,0.003,0.000,0.003,0.003,3.393,0.003,1.465,1.589,6.459,0.537,3.988,4.525,5.139
1780272058528,0.000,0.000,0.000,0.003,4.104,4.231,0.360,0.317,9.015,0.594,6.699,7.293,12.776
1780272058586,0.000,0.000,0.003,0.003,2.660,2.522,2.602,2.697,10.487,0.594,7.806,8.400,10.400
1780272058626,0.003,0.000,0.000,0.000,2.187,2.351,2.934,3.178,10.653,0.586,7.781,8.367,9.479
1780272058670,0.003,0.000,0.003,0.000,1.756,2.033,4.687,4.975,13.457,0.586,10.842,11.428,8.994
1780272058712,0.000,0.000,0.000,0.003,1.891,1.629,5.026,5.412,13.961,0.610,12.478,13.088,13.964
1780272058758,0.000,0.000,0.000,0.003,1.629,1.800,4.924,5.212,13.568,0.626,12.454,13.080,14.958
1780272058806,0.000,0.000,0.000,0.003,2.329,2.340,3.619,3.973,12.264,0.626,10.248,10.874,16.242
1780272058866,0.003,0.003,0.000,0.003,2.336,2.383,1.341,1.519,7.588,0.577,5.974,6.551,9.600
1780272058921,0.000,0.000,0.000,0.000,1.953,2.238,0.605,0.707,5.503,0.561,4.574,5.135,5.794
1780272059001,0.000,0.000,0.000,0.000,1.242,1.016,4.906,5.237,12.401,0.610,10.386,10.996,11.952
1780272059065,0.003,0.000,0.000,0.003,1.177,1.224,4.931,5.296,12.634,0.610,11.558,12.168,15.176
1780272059138,0.000,0.000,0.000,0.000,1.381,1.385,4.432,4.858,12.056,0.586,10.394,10.980,12.630
1780272059189,0.003,0.003,0.000,0.003,1.527,1.563,3.284,3.517,9.900,0.569,7.887,8.456,10.012
1780272059254,0.003,0.000,0.000,0.003,1.315,1.345,3.623,3.914,10.203,0.602,7.741,8.343,8.485
1780272059309,0.000,0.000,0.000,0.003,1.348,1.304,3.728,3.994,10.377,0.569,7.985,8.554,8.897
1780272059351,0.000,0.000,0.000,0.003,1.315,1.428,2.956,3.214,8.916,0.602,6.853,7.455,8.218
1780272059392,0.000,0.000,0.000,0.003,1.509,1.519,1.235,1.414,5.680,0.577,4.770,5.347,7.055
1780272059460,0.000,0.000,0.000,0.003,1.355,1.399,0.696,0.780,4.233,0.545,3.272,3.817,4.170
1780272059526,0.000,0.000,0.003,0.003,1.312,1.348,0.251,0.313,3.230,0.553,2.743,3.296,3.782
1780272059598,0.000,0.000,0.000,0.003,1.337,1.374,0.229,0.295,3.238,0.537,2.661,3.198,3.515
1780272059657,0.000,0.003,0.000,0.003,1.355,1.301,0.601,0.696,3.959,0.529,2.873,3.402,3.709
1780272059741,0.000,0.000,0.000,0.000,0.072,0.091,2.256,2.449,4.868,0.545,2.824,3.369,4.194
1780272059792,0.000,0.000,0.000,0.003,0.010,0.010,2.595,2.773,5.391,0.529,3.076,3.605,3.588
1780272059846,0.003,0.000,0.000,0.003,0.000,0.007,2.376,2.569,4.958,0.537,2.816,3.353,3.539
1780272059903,0.000,0.000,0.000,0.003,0.003,0.000,0.871,0.980,1.857,0.529,1.131,1.660,2.352
1780272059953,0.000,0.000,0.000,0.003,0.000,0.003,0.371,0.448,0.825,0.520,0.537,1.057,1.018
1780272059998,0.000,0.003,0.000,0.003,0.000,0.000,0.317,0.393,0.716,0.537,0.415,0.952,0.945
1780272060050,0.003,0.000,0.000,0.000,0.000,0.000,0.575,0.648,1.226,0.520,0.529,1.049,1.091
1780272060106,0.000,0.000,0.000,0.003,0.000,0.000,0.616,0.696,1.315,0.512,0.577,1.089,1.164
1780272060164,2.205,2.121,1.447,1.873,0.000,0.003,1.844,1.953,11.446,3.386,1.864,5.250,4.824
1780272060253,5.861,4.665,4.997,4.384,0.000,0.003,1.625,1.753,23.288,16.687,1.937,18.624,18.182
1780272060313,4.946,0.812,4.370,0.780,3.462,3.265,2.839,3.025,23.499,10.736,9.735,20.471,20.024
1780272060365,3.932,1.888,3.951,2.245,2.256,2.402,1.807,1.982,20.463,10.647,6.878,17.525,17.600
1780272060439,3.816,5.033,3.171,4.064,1.414,1.432,0.707,0.758,20.395,15.498,3.833,19.331,17.600
1780272060497,3.433,4.206,3.222,4.042,1.392,1.869,0.557,0.648,19.369,14.326,3.719,18.045,16.848
1780272060551,3.382,3.575,2.930,3.473,1.603,1.352,0.174,0.207,16.696,13.422,3.199,16.621,15.418
1780272060604,2.402,2.730,2.245,2.547,0.805,1.031,6.735,7.122,25.617,10.150,13.707,23.857,18.812
1780272060643,2.533,2.646,2.267,2.671,1.990,1.782,1.869,2.223,17.981,10.500,7.293,17.793,21.382
1780272060704,2.817,1.603,2.544,1.530,1.592,1.920,2.861,3.054,17.921,8.433,7.684,16.117,13.576
1780272060787,0.342,0.255,0.287,0.167,2.686,2.343,4.749,5.132,15.961,1.774,13.349,15.123,14.836
1780272060850,0.021,0.025,0.021,0.018,2.278,2.227,1.184,1.374,7.148,0.748,7.936,8.684,9.673
1780272060892,0.003,0.003,0.007,0.003,1.162,1.049,6.484,6.772,15.483,0.610,12.535,13.145,7.321
1780272060946,0.000,0.000,0.000,0.000,1.031,1.006,8.066,8.726,18.829,0.586,17.102,17.688,18.352
1780272060989,0.000,0.000,0.000,0.003,1.315,2.358,7.811,8.328,19.815,0.594,18.803,19.397,18.545
1780272061029,0.000,0.000,0.003,0.003,3.524,3.120,5.183,5.631,17.464,0.634,16.019,16.653,21.212
1780272061075,0.003,0.000,0.003,0.003,2.347,2.157,5.514,5.883,15.910,0.610,14.953,15.563,15.297
1780272061112,0.000,0.000,0.000,0.003,1.953,2.077,5.452,5.915,15.400,0.586,14.643,15.229,15.297
1780272061151,0.003,0.000,0.000,0.003,2.055,1.964,5.390,5.857,15.272,0.577,14.407,14.984,14.958
1780272061209,0.098,0.072,0.069,0.098,2.106,2.059,3.634,4.031,12.167,0.594,10.443,11.037,13.333
1780272061299,3.262,3.794,5.569,5.438,2.037,1.906,0.298,0.360,22.664,14.676,4.802,19.478,19.467
1780272061383,3.174,4.275,5.267,4.858,1.640,1.662,0.083,0.098,21.057,16.467,3.573,20.040,18.424
1780272061434,1.345,2.584,4.545,4.129,1.148,1.272,5.748,6.036,26.807,12.641,12.421,25.062,21.891
1780272061496,3.200,3.254,3.903,3.477,0.120,0.149,3.991,4.395,22.489,13.487,7.399,20.886,20.315
1780272061554,2.205,2.857,3.433,3.258,0.010,0.018,4.869,5.219,21.869,11.811,9.157,20.968,19.564
1780272061600,0.984,1.403,1.530,0.973,0.007,0.014,5.613,5.974,16.498,4.306,10.598,14.904,19.394
1780272061641,0.105,0.131,0.142,0.153,0.007,0.014,5.620,5.985,12.157,1.628,10.883,12.511,12.388
1780272061698,0.007,0.014,0.014,0.014,0.007,0.014,5.584,5.930,11.584,0.716,10.899,11.615,11.733
1780272061759,0.003,0.003,0.003,0.007,0.003,0.007,3.681,3.943,7.650,0.569,6.178,6.747,9.042
1780272061837,0.003,0.003,0.007,0.003,0.003,0.003,1.986,2.077,4.085,0.520,2.653,3.173,2.958
1780272061898,0.003,0.003,0.003,0.003,0.000,0.003,0.411,0.338,0.764,0.512,0.838,1.350,1.479
1780272061966,2.846,2.770,2.015,3.211,0.000,0.000,0.083,0.094,11.019,7.366,0.268,7.634,5.236
1780272062034,2.146,3.036,6.072,6.138,0.000,0.000,0.094,0.102,17.588,15.783,0.236,16.019,15.273
1780272062082,3.247,3.976,5.390,5.157,0.000,0.000,0.568,0.619,18.957,16.857,0.545,17.402,16.024
1780272062135,2.183,2.886,4.793,4.559,0.003,0.007,3.141,3.306,20.878,14.326,4.525,18.851,17.067
1780272062176,1.549,3.630,4.370,2.679,0.003,0.010,4.071,4.366,20.678,11.469,7.000,18.469,17.648
1780272062227,0.419,3.615,3.914,0.298,0.003,0.007,4.027,4.301,16.584,8.392,6.886,15.278,14.836
1780272062284,2.245,3.513,3.739,2.671,0.000,0.003,3.207,3.451,18.829,8.506,4.997,13.503,12.339
1780272062355,2.803,3.615,2.824,3.141,0.000,0.007,2.741,2.916,18.047,8.783,3.947,12.730,11.612
1780272062417,3.550,3.528,2.595,3.867,0.000,0.000,0.667,0.590,14.797,10.101,1.277,11.378,10.279
1780272062471,4.031,3.225,2.653,4.505,0.000,0.000,0.455,0.539,15.408,10.565,0.667,11.232,9.939
1780272062534,3.287,2.835,2.529,3.922,0.003,0.007,2.682,2.821,18.086,9.637,3.614,13.251,11.491
1780272062578,3.353,2.598,2.398,3.546,0.000,0.007,3.677,3.874,19.453,9.043,5.836,14.879,14.255
1780272062625,3.218,2.376,2.216,3.313,0.003,0.007,3.779,4.089,19.001,8.555,6.365,14.920,14.424
1780272062674,2.314,2.547,2.438,2.861,0.003,0.007,3.663,3.932,17.765,7.952,6.251,14.203,13.091
1780272062731,0.758,0.408,0.353,0.747,0.003,0.007,4.887,5.230,12.393,2.385,8.888,11.273,10.642
1780272062796,0.051,0.025,0.018,0.069,0.003,0.007,3.583,3.834,7.590,0.781,6.015,6.796,7.564
1780272062875,0.010,0.003,0.003,0.007,0.000,0.000,1.199,1.341,2.563,0.569,1.880,2.449,2.036
1780272062940,0.003,0.003,0.003,0.007,0.000,0.000,0.379,0.393,0.788,0.537,0.667,1.204,1.648
1780272063002,0.003,0.003,0.003,0.003,0.003,0.003,1.935,2.095,4.048,0.545,2.100,2.645,2.594
1780272063068,0.000,0.000,0.000,0.003,0.000,0.003,0.608,0.710,1.324,0.561,0.968,1.529,1.818
1780272063100,0.003,0.000,0.003,0.003,0.003,0.003,1.735,1.848,3.598,0.553,1.823,2.376,1.261
1780272063153,0.003,0.000,0.003,0.003,3.014,0.003,2.197,2.372,7.595,0.553,4.452,5.005,5.164
1780272063208,0.003,0.000,0.003,0.003,3.685,0.003,0.984,1.122,5.803,0.561,3.850,4.411,7.103
1780272063264,0.000,0.000,0.003,0.003,4.541,4.461,0.754,0.849,10.611,0.602,7.220,7.822,10.448
1780272063328,0.000,0.000,0.000,0.003,2.176,2.077,1.140,1.286,6.682,0.577,5.022,5.599,8.800
1780272063392,0.000,0.000,0.000,0.003,1.345,1.414,2.566,2.806,8.134,0.586,5.909,6.495,10.206
1780272063456,0.003,0.000,0.000,0.003,1.312,1.293,2.813,3.054,8.478,0.577,6.398,6.975,10.012
1780272063506,0.000,0.000,0.000,0.003,1.421,1.516,1.191,1.370,5.501,0.586,4.354,4.940,9.309
1780272063564,0.000,0.000,0.000,0.003,1.443,1.498,0.659,0.739,4.342,0.586,3.451,4.037,6.133
1780272063603,0.000,0.000,0.000,0.003,1.414,1.432,0.521,0.616,3.986,0.561,3.117,3.678,5.091
1780272063642,0.000,0.000,0.003,0.003,1.286,1.315,2.135,2.289,7.031,0.553,4.485,5.038,4.315
1780272063723,0.000,0.000,0.000,0.003,0.947,1.024,4.661,4.993,11.628,0.577,10.337,10.914,11.006
1780272063787,0.003,0.003,0.000,0.003,1.155,1.210,4.738,5.146,12.258,0.610,11.200,11.810,12.339
1780272063861,0.000,0.000,0.003,0.003,1.377,1.370,3.834,4.195,10.782,0.577,9.385,9.962,10.400
1780272063924,0.000,0.000,0.000,0.000,1.570,1.596,0.980,1.133,5.279,0.545,4.493,5.038,5.770
1780272063986,0.000,0.000,0.000,0.003,1.447,1.425,0.247,0.240,3.362,0.537,3.060,3.597,3.806
1780272064048,0.000,0.000,0.003,0.003,1.374,1.381,0.127,0.142,3.030,0.553,2.669,3.222,3.539
1780272064094,0.000,0.000,0.000,0.003,1.345,1.334,0.160,0.174,3.016,0.537,2.612,3.149,3.491
1780272064157,0.000,0.000,0.003,0.003,0.171,0.233,0.309,0.408,1.127,0.537,1.098,1.635,2.376
1780272064195,0.000,0.000,0.000,0.003,0.025,0.032,0.564,0.641,1.265,0.520,0.797,1.317,1.212
1780272064241,0.000,0.000,0.000,0.003,0.007,0.010,2.088,2.208,4.316,0.529,2.230,2.759,1.309
1780272064297,0.003,0.000,0.000,0.003,0.003,0.003,2.369,2.580,4.961,0.537,2.938,3.475,3.661
1780272064355,0.000,0.000,0.003,0.000,0.000,0.007,2.850,3.054,5.914,0.545,3.882,4.427,4.242
1780272064396,0.000,0.000,0.000,0.003,0.000,0.003,1.377,1.596,2.979,0.545,1.904,2.449,4.339
1780272064451,0.000,0.003,0.000,0.003,0.000,0.003,0.637,0.747,1.393,0.537,0.895,1.432,1.309
1780272064513,0.000,0.000,0.000,0.003,0.000,0.003,0.291,0.371,0.668,0.529,0.472,1.001,1.115
1780272064577,0.003,0.000,0.000,0.003,0.000,0.000,0.612,0.721,1.339,0.520,0.643,1.163,1.164
1780272064626,0.000,0.000,0.000,0.003,0.000,0.003,1.869,1.993,3.868,0.520,2.075,2.595,2.230
1780272064706,0.000,0.000,0.003,0.003,0.000,0.003,2.230,2.449,4.688,0.520,2.718,3.238,3.370
1780272064759,0.000,0.000,0.000,0.003,0.000,0.003,1.016,1.064,2.086,0.520,1.326,1.846,2.448
1780272064810,0.000,0.003,0.000,0.007,0.000,0.000,0.656,0.750,1.416,0.537,0.805,1.342,1.358
1780272064880,0.003,0.000,0.000,0.000,0.000,0.003,1.997,2.154,4.157,0.545,2.165,2.710,2.618
1780272064922,2.803,2.577,2.307,2.598,0.000,0.003,1.731,1.895,13.914,7.651,2.165,9.816,8.145
1780272064968,4.749,4.866,5.172,5.095,0.000,0.000,0.925,0.947,21.754,17.061,1.269,18.330,16.242
1780272065032,3.178,3.630,4.213,4.002,0.003,0.007,3.459,3.750,22.242,14.611,5.657,20.268,19.636
1780272065092,2.810,3.065,3.375,3.444,0.000,0.003,1.778,2.022,16.497,12.812,3.231,16.043,15.564
1780272065139,1.035,0.685,3.692,1.891,0.000,0.003,1.337,1.512,10.155,7.537,1.969,9.506,11.030
1780272065216,0.171,2.828,3.302,0.331,0.000,0.003,0.769,0.882,8.286,4.989,0.976,5.965,5.576
1780272065268,3.069,4.942,3.397,0.215,0.000,0.000,0.225,0.262,12.110,8.571,0.455,9.026,9.867
1780272065321,2.872,7.016,2.813,0.109,0.003,0.003,0.597,0.677,14.090,10.679,0.667,11.346,10.352
1780272065364,2.628,5.230,3.703,1.002,0.003,0.003,2.380,2.500,17.449,10.093,3.329,13.422,13.164
1780272065406,2.708,3.652,3.787,0.575,0.000,0.010,3.583,3.761,18.076,9.076,6.227,15.303,15.612
1780272065451,2.248,4.425,3.364,1.257,0.000,0.007,3.852,4.180,19.333,9.295,7.024,16.319,16.073
1780272065522,1.844,4.027,4.297,1.483,0.003,0.003,1.578,1.789,15.024,9.572,2.832,12.404,12.339
1780272065601,0.524,3.572,4.370,0.685,0.003,0.003,1.064,1.250,11.471,8.294,1.481,9.775,8.945
1780272065662,2.777,2.948,3.827,2.671,0.000,0.000,0.951,1.097,14.271,9.995,1.204,11.199,9.794
1780272065744,4.508,1.366,3.280,4.895,0.000,0.003,1.013,1.144,16.209,13.121,1.277,14.398,12.945
1780272065827,4.075,0.200,3.214,0.554,0.003,0.007,3.969,4.261,16.283,8.026,7.122,15.148,14.497
1780272065880,3.812,0.040,2.303,0.051,0.003,0.007,4.195,4.574,14.985,6.349,8.099,14.448,14.133
1780272065931,2.926,0.007,1.837,0.007,0.003,0.003,3.619,3.965,12.367,5.258,6.821,12.079,12.485
1780272065996,2.810,0.003,1.727,0.007,0.003,0.003,1.275,1.472,7.300,5.022,2.197,7.219,6.788
1780272066067,2.795,1.778,1.589,3.280,0.000,0.000,0.284,0.295,10.021,7.228,0.618,7.846,6.764
1780272066139,2.715,2.912,1.468,5.540,0.000,0.000,0.149,0.167,12.951,11.933,0.317,12.250,11.733
1780272066194,2.868,2.762,1.541,5.146,0.000,0.000,0.882,0.969,14.168,12.096,1.579,13.675,11.733
1780272066280,2.511,2.383,1.811,3.455,0.000,0.003,2.803,3.039,16.005,10.288,4.916,15.204,13.964
1780272066345,2.347,2.205,1.720,2.671,0.003,0.007,3.732,4.042,16.727,9.157,7.106,16.263,15.297
1780272066401,0.404,2.070,1.804,0.448,3.965,3.626,1.253,1.458,15.028,5.461,9.165,14.626,16.388
1780272066468,3.349,1.461,1.275,3.353,1.366,1.545,7.993,8.737,29.079,4.574,17.045,21.619,21.794
1780272066522,4.425,1.953,1.530,4.118,1.924,1.877,2.106,2.412,20.345,7.773,9.124,16.897,22.133
1780272066578,4.745,2.044,1.439,3.925,1.279,1.352,3.324,3.637,21.745,8.481,8.294,16.775,14.618
1780272066652,0.320,2.278,1.786,0.390,1.301,1.315,4.115,4.490,15.995,5.071,10.386,15.457,15.006
1780272066712,2.103,0.331,2.394,1.133,1.658,1.680,1.640,1.873,12.812,4.753,6.658,11.411,13.576
1780272066806,1.016,0.174,1.858,1.337,2.194,1.738,0.637,0.750,9.704,3.304,5.095,8.399,8.073
1780272066870,2.321,2.551,2.507,0.965,2.307,2.299,0.193,0.225,13.368,6.121,5.177,11.298,10.642
1780272066927,2.770,1.592,4.027,0.718,3.211,3.484,0.357,0.444,16.603,8.026,6.699,14.725,13.576
1780272066986,2.281,1.961,4.395,1.468,2.795,2.777,2.369,2.595,20.641,9.800,8.872,18.672,17.285
1780272067041,3.145,4.676,3.732,2.157,2.937,3.014,3.028,3.262,25.951,12.503,10.964,23.467,21.358
1780272067103,3.641,3.692,4.100,2.070,2.004,2.467,3.262,3.491,24.727,12.942,10.386,23.328,22.545
1780272067172,2.905,4.253,3.958,2.737,1.519,1.399,3.353,3.619,23.743,13.072,9.450,22.522,21.624
1780272067234,3.360,3.936,4.100,3.171,1.443,1.483,1.968,2.168,21.629,14.310,6.284,20.594,20.364
1780272067334,2.515,3.663,4.115,3.404,1.355,1.385,1.549,1.716,19.702,13.544,4.965,18.509,17.091
1780272067403,2.573,3.338,3.863,3.393,1.359,1.337,1.162,1.330,18.355,13.146,4.330,17.476,15.733
1780272067483,0.236,0.302,0.317,0.218,1.873,1.928,1.691,1.848,8.413,2.230,5.730,7.960,7.152
1780272067535,0.040,0.047,0.051,0.029,1.942,1.804,0.893,1.053,5.859,0.960,4.794,5.754,5.552
1780272067586,3.302,1.093,0.991,3.306,1.352,1.636,1.975,2.194,15.849,4.737,5.803,10.540,9.115
1780272067628,4.712,2.128,4.096,5.602,1.188,1.330,2.303,2.595,23.954,11.925,6.251,18.176,17.115
1780272067673,2.310,1.665,4.118,6.648,1.928,1.895,3.054,3.280,24.898,11.534,9.100,20.634,19.345
1780272067726,1.997,1.614,2.784,6.032,1.833,1.884,3.320,3.648,23.112,10.093,10.004,20.097,19.103
1780272067806,3.393,0.375,1.173,5.573,1.727,1.986,3.313,3.604,21.144,9.458,10.093,19.551,18.424
1780272067868,3.801,2.234,0.889,5.431,2.121,1.902,1.206,1.129,18.713,11.086,6.308,17.394,17.697
1780272067934,4.078,3.320,2.697,3.772,0.794,1.162,7.166,7.479,30.468,11.973,14.879,26.852,24.727
1780272067978,3.983,2.948,2.671,4.002,1.545,1.465,7.829,8.412,32.855,11.526,17.574,29.100,28.630
1780272068022,2.668,1.490,2.580,4.060,2.238,2.245,4.468,5.000,24.749,9.247,14.310,23.557,24.267
1780272068075,0.954,0.561,3.094,4.461,2.019,2.365,3.860,4.180,21.494,7.708,12.201,19.909,19.224
1780272068111,0.451,0.532,2.835,3.954,2.256,2.183,3.841,4.115,20.167,6.837,11.900,18.737,17.697
1780272068149,0.397,0.415,2.700,3.743,2.117,2.179,3.794,4.100,19.445,6.455,11.737,18.192,16.921
1780272068203,0.991,0.313,2.369,3.677,2.496,2.387,3.714,4.031,19.978,6.064,12.104,18.168,17.067
1780272068251,1.108,0.182,2.270,3.663,2.387,2.540,3.645,3.958,19.753,6.088,12.055,18.143,17.236
1780272068316,0.787,0.142,3.120,4.133,2.631,2.664,3.408,3.663,20.548,7.562,11.843,19.405,18.448
1780272068391,1.359,0.112,3.575,5.030,2.828,2.795,1.031,1.275,18.005,8.652,8.017,16.669,16.315
1780272068458,0.732,0.674,2.806,1.355,1.968,2.143,7.228,7.315,24.221,4.957,16.914,21.871,18.691
1780272068519,3.732,0.083,3.101,0.149,3.094,2.934,1.567,1.775,16.435,6.894,9.930,16.824,18.109
1780272068579,3.703,0.014,2.937,0.025,0.444,0.579,3.156,3.634,14.492,6.715,6.829,13.544,11.345
1780272068631,3.018,0.003,2.784,0.010,0.036,0.040,4.188,4.428,14.507,6.113,7.920,14.033,13.164
1780272068682,2.606,0.003,2.631,0.007,0.007,0.014,4.188,4.527,13.983,5.641,8.302,13.943,13.624
1780272068739,2.431,0.003,2.912,0.010,0.003,0.003,1.498,1.724,8.584,5.771,3.646,9.417,11.006
1780272068799,2.314,0.003,3.225,0.010,0.003,0.000,0.262,0.309,6.126,5.738,0.993,6.731,6.182
1780272068896,2.150,2.165,3.141,0.838,0.000,0.000,0.156,0.167,8.617,6.389,0.350,6.739,5.939
1780272068947,1.479,4.964,2.813,3.856,0.000,0.003,0.269,0.353,13.737,12.323,0.431,12.754,10.376
1780272068993,1.487,5.409,2.562,3.947,0.000,0.003,0.911,0.965,15.284,13.048,1.131,14.179,13.430
1780272069039,2.074,4.596,2.773,2.318,0.003,0.003,1.100,1.224,14.091,12.087,1.383,13.470,13.721
1780272069114,2.340,3.765,2.700,3.050,0.000,0.003,1.399,1.549,14.806,11.754,1.782,13.536,12.776
1780272069162,2.376,3.306,2.675,2.369,0.000,0.003,0.812,0.936,12.477,11.013,1.221,12.234,10.764
1780272069214,2.117,2.722,2.383,2.146,0.003,0.007,3.535,3.750,16.663,9.523,6.332,15.855,14.618
1780272069254,1.979,2.248,2.019,1.837,0.003,0.007,3.962,4.322,16.377,8.449,7.619,16.068,15.370
1780272069293,1.913,1.906,1.796,1.727,0.003,0.007,4.086,4.308,15.746,7.773,7.920,15.693,14.764
1780272069361,1.964,1.837,1.811,1.709,0.003,0.007,3.626,3.889,14.846,7.602,7.334,14.936,13.673
1780272069434,1.304,1.268,1.137,1.104,0.007,0.021,8.066,8.405,21.312,5.486,14.578,20.064,18.715
1780272069474,1.115,1.042,0.965,0.951,0.007,0.018,8.558,9.152,21.808,4.802,16.133,20.935,20.945
1780272069517,0.863,0.860,0.721,0.550,0.007,0.018,8.547,9.119,20.685,3.500,16.402,19.902,20.679
1780272069567,0.269,0.138,0.120,0.098,0.000,0.003,2.409,1.957,4.994,1.400,5.413,6.813,11.733
1780272069629,0.021,0.014,0.010,0.007,0.003,0.003,2.806,3.065,5.929,0.659,3.801,4.460,2.109
1780272069682,0.000,0.003,0.003,0.003,0.003,0.010,4.858,5.314,10.194,0.594,8.465,9.059,7.952
1780272069736,0.000,0.000,0.003,0.003,0.003,0.007,4.100,4.508,8.624,0.577,7.049,7.626,9.576
1780272069780,0.000,0.000,0.003,0.003,0.000,0.000,1.946,1.694,3.646,0.537,3.272,3.809,4.461
1780272069816,0.000,0.000,0.003,0.003,0.000,0.000,0.484,0.594,1.084,0.520,1.204,1.724,1.624
1780272069887,0.000,0.000,0.003,0.000,0.003,0.018,7.913,8.434,16.371,0.602,13.927,14.529,16.097
1780272069958,0.000,0.000,0.000,0.003,0.003,0.000,2.208,2.638,4.852,0.577,5.364,5.941,8.655
1780272070026,0.000,0.000,0.000,0.003,3.419,0.010,4.665,4.964,13.061,0.602,10.769,11.371,12.388
1780272070074,0.000,0.000,0.000,0.003,3.692,3.335,4.439,4.793,16.262,0.651,13.911,14.562,19.176
1780272070120,0.000,0.000,0.000,0.003,2.657,2.883,4.476,4.840,14.859,0.683,13.422,14.105,18.279
1780272070158,0.000,0.000,0.000,0.003,2.442,2.372,4.629,4.997,14.443,0.634,13.194,13.828,16.848
1780272070192,0.003,0.003,0.003,0.003,2.081,2.325,4.942,5.325,14.685,0.634,13.317,13.951,15.103
1780272070226,0.000,0.000,0.000,0.003,2.143,2.263,4.902,5.252,14.563,0.626,13.333,13.959,14.739
1780272070264,0.000,0.000,0.000,0.000,1.971,1.939,4.844,5.234,13.988,0.626,12.958,13.584,14.279
1780272070330,0.000,0.000,0.000,0.000,2.081,2.219,3.499,3.783,11.582,0.602,9.873,10.475,11.709
1780272070395,0.000,0.000,0.000,0.003,2.343,2.347,3.131,3.342,11.166,0.651,8.856,9.507,12.921
1780272070432,0.000,0.000,0.003,0.003,2.347,2.515,1.137,1.326,7.331,0.643,6.674,7.317,12.097
1780272070481,0.000,0.000,0.000,0.003,2.146,2.223,0.273,0.331,4.976,0.602,4.590,5.192,6.618
1780272070546,0.003,0.000,0.000,0.003,1.833,1.815,0.131,0.134,3.919,0.561,3.435,3.996,5.091
1780272070607,0.000,0.000,0.000,0.003,0.896,0.965,4.140,4.683,10.687,0.594,8.913,9.507,9.648
1780272070663,0.000,0.000,0.000,0.000,1.166,1.151,4.869,5.168,12.354,0.651,11.143,11.794,15.467
1780272070697,0.003,0.000,0.000,0.000,1.199,1.242,4.804,5.161,12.409,0.643,11.412,12.055,14.836
1780272070739,0.000,0.000,0.000,0.003,1.417,1.439,4.250,4.578,11.687,0.602,10.199,10.801,14.255
1780272070777,0.000,0.000,0.000,0.003,1.476,1.428,3.819,4.016,10.742,0.602,8.693,9.295,10.206
1780272070819,0.000,0.000,0.000,0.003,1.162,1.224,4.807,5.135,12.331,0.577,10.394,10.971,9.018
1780272070877,0.000,0.000,0.000,0.003,1.232,1.239,4.971,5.307,12.752,0.618,11.656,12.274,12.945
1780272070931,0.000,0.000,0.003,0.003,1.228,1.301,4.953,5.219,12.707,0.618,11.737,12.355,12.824
1780272070975,0.000,0.000,0.000,0.003,1.632,1.691,1.614,1.869,6.809,0.594,6.137,6.731,9.673
1780272071033,0.000,0.000,0.000,0.003,1.465,1.552,0.328,0.302,3.650,0.553,3.361,3.914,4.218
1780272071125,0.000,0.000,0.000,0.003,1.341,1.406,0.087,0.098,2.935,0.529,2.612,3.141,3.539
1780272071185,0.000,0.000,0.000,0.003,1.308,1.370,0.116,0.134,2.931,0.545,2.523,3.068,3.491
1780272071225,0.000,0.000,0.000,0.003,1.232,1.268,1.352,1.396,5.251,0.537,3.581,4.118,3.564
1780272071264,0.000,0.000,0.000,0.003,1.319,1.334,0.583,0.703,3.942,0.545,2.995,3.540,4.921
1780272071331,0.000,0.000,0.000,0.003,0.167,0.127,1.749,1.862,3.908,0.545,2.352,2.897,2.958
1780272071393,0.000,0.000,0.000,0.003,0.014,0.010,1.935,2.081,4.043,0.561,2.148,2.709,2.739
1780272071458,0.000,0.000,0.000,0.003,0.003,0.003,1.760,1.917,3.686,0.553,1.953,2.506,2.594
1780272071513,0.000,0.000,0.000,0.003,0.003,0.003,2.008,2.172,4.189,0.537,2.230,2.767,2.691
1780272071567,0.000,0.000,0.000,0.003,0.000,0.003,1.782,1.895,3.683,0.520,1.961,2.481,2.594
1780272071625,0.000,0.000,0.000,0.003,0.003,0.000,0.477,0.594,1.077,0.520,0.757,1.277,1.382
1780272071692,0.003,0.003,0.000,0.003,0.000,0.000,0.215,0.262,0.486,0.545,0.341,0.886,0.873
1780272071743,0.000,0.000,0.000,0.003,0.000,0.000,0.171,0.207,0.381,0.545,0.268,0.813,0.945
1780272071783,0.000,0.000,0.000,0.003,0.000,0.003,1.556,1.636,3.198,0.537,1.579,2.116,1.358
1780272071852,0.000,0.000,0.000,0.003,0.000,0.003,1.833,1.997,3.836,0.537,1.937,2.474,2.570
1780272071916,0.000,0.000,0.000,0.003,0.000,0.003,2.037,2.183,4.226,0.537,2.230,2.767,2.715
1780272071978,0.000,0.000,0.000,0.003,0.003,0.003,1.807,1.950,3.766,0.553,1.978,2.531,2.570
1780272072019,1.232,1.210,1.053,1.221,0.003,0.003,1.676,1.822,8.220,2.083,1.847,3.930,3.297
1780272072068,4.144,4.417,4.162,4.235,0.000,0.003,1.290,1.381,19.632,12.877,1.522,14.399,13.091
1780272072133,5.915,5.649,4.009,4.895,0.000,0.000,0.313,0.400,21.181,19.063,0.553,19.616,18.133
1780272072185,4.822,4.643,4.137,4.388,3.484,3.087,0.484,0.561,25.606,17.606,5.942,23.548,22.788
1780272072228,4.282,4.151,3.885,4.078,2.274,2.340,2.883,2.970,26.863,15.693,8.180,23.873,22.303
1780272072278,3.911,3.863,3.568,3.757,1.724,1.840,1.363,1.479,21.505,14.993,5.803,20.796,20.727
1780272072315,3.834,3.768,3.459,3.561,1.534,1.574,1.119,1.206,20.055,14.521,4.533,19.054,16.921
1780272072379,3.404,3.357,3.061,3.295,1.447,1.505,0.317,0.368,16.754,13.146,3.483,16.629,15.709
1780272072441,3.018,3.134,2.762,2.843,1.374,1.392,0.178,0.211,14.912,11.933,2.995,14.928,13.576
1780272072513,2.894,1.716,2.839,1.530,1.392,1.450,0.244,0.298,12.363,8.905,3.076,11.981,11.079
1780272072569,2.715,0.225,2.562,0.207,1.428,1.468,0.255,0.309,9.169,6.194,3.125,9.319,8.921
1780272072650,2.044,0.091,2.139,0.036,1.654,1.822,0.284,0.335,8.405,4.745,3.622,8.367,7.903
1780272072713,0.295,0.247,0.324,0.080,1.545,1.432,2.077,2.212,8.212,1.676,5.128,6.804,6.376
1780272072761,0.065,0.094,0.040,0.010,1.345,1.490,2.354,2.533,7.931,0.797,5.421,6.218,6.448
1780272072799,0.007,0.007,0.007,0.003,1.425,1.454,2.015,2.259,7.177,0.602,5.282,5.884,6.109
1780272072851,0.000,0.003,0.003,0.003,2.755,2.653,2.022,2.219,9.658,0.553,7.374,7.927,7.055
1780272072919,0.000,0.000,0.003,0.003,2.642,2.759,0.408,0.510,6.325,0.553,5.966,6.519,7.733
1780272072984,1.425,1.210,1.946,1.636,1.891,1.924,0.262,0.309,10.603,1.505,4.118,5.623,5.576
1780272073052,3.557,3.936,6.466,5.919,1.228,1.450,0.109,0.120,22.785,16.402,2.857,19.259,18.667
1780272073095,1.629,2.606,6.652,6.006,1.636,1.607,2.329,2.438,24.903,15.978,6.756,22.734,18.642
1780272073177,2.744,3.564,4.815,4.450,1.822,1.913,3.688,4.038,27.034,14.847,10.305,25.152,24.339
1780272073230,2.700,2.544,4.702,2.999,1.877,1.946,3.513,3.860,24.141,12.405,10.126,22.531,21.624
1780272073285,4.195,0.411,4.651,0.499,0.229,0.317,1.126,1.326,12.754,9.784,3.068,12.852,17.988
1780272073340,3.922,0.018,3.827,0.032,0.018,0.025,0.134,0.167,8.143,7.952,0.830,8.782,7.830
1780272073378,3.378,0.007,3.025,0.010,0.003,0.007,0.076,0.083,6.589,6.642,0.382,7.024,6.206
1780272073434,2.908,0.003,2.817,0.007,0.000,0.003,0.061,0.072,5.871,6.105,0.219,6.324,5.770
1780272073489,2.813,0.007,1.975,0.007,0.000,0.000,0.098,0.102,5.002,5.201,0.211,5.412,5.091
1780272073528,2.726,0.510,1.738,1.111,0.003,0.003,1.498,1.600,9.189,5.225,1.343,6.568,5.552
1780272073582,2.285,3.382,1.290,4.723,0.003,0.003,1.665,1.793,15.144,9.914,1.839,11.753,9.285
1780272073651,2.281,1.920,1.636,5.390,0.000,0.003,2.846,3.047,17.123,10.923,3.801,14.724,14.109
1780272073729,2.485,2.671,1.654,4.319,0.003,0.003,3.116,3.353,17.604,10.858,4.761,15.619,14.545
1780272073780,2.562,2.649,1.961,3.404,0.003,0.007,2.657,2.854,16.097,10.582,3.964,14.546,14.036
1780272073833,2.529,0.681,1.935,1.184,4.064,3.666,0.645,0.750,15.454,6.691,7.496,14.187,15.418
1780272073874,2.489,0.185,2.041,0.328,2.937,2.959,0.193,0.215,11.347,5.388,5.893,11.281,11.467
1780272073932,2.380,0.014,1.702,0.025,1.979,2.256,0.160,0.178,8.694,4.590,4.371,8.961,8.194
1780272074010,1.971,2.635,0.233,0.120,1.662,1.541,0.138,0.156,8.456,3.166,3.394,6.560,6.230
1780272074066,2.092,2.026,0.080,0.510,1.326,1.425,1.385,1.563,10.407,3.085,4.086,7.171,6.594
1780272074122,2.026,2.059,0.072,0.820,1.359,1.323,1.957,2.074,11.690,3.117,4.672,7.789,7.273
1780272074181,2.092,1.596,0.061,1.144,1.334,1.392,2.088,2.252,11.959,3.223,5.038,8.261,7.782
1780272074257,2.285,1.454,0.083,1.224,1.370,1.414,1.851,1.953,11.634,3.329,4.778,8.107,7.830
1780272074311,2.245,3.174,0.018,1.210,1.272,1.319,1.731,1.844,12.813,4.444,4.533,8.977,8.485
1780272074368,2.223,4.541,0.007,0.889,1.334,1.388,0.481,0.382,11.245,6.414,3.329,9.743,10.206
1780272074427,2.216,4.592,4.618,2.325,1.235,1.308,0.116,0.123,16.533,9.019,2.718,11.737,10.885
1780272074474,1.720,3.929,7.067,3.637,1.046,1.108,0.120,0.134,18.761,13.317,2.344,15.661,14.376
1780272074544,0.400,4.855,7.618,2.256,1.122,1.170,2.019,2.125,21.565,13.732,4.745,18.477,15.176
1780272074612,0.109,6.163,6.178,0.331,0.153,0.112,0.998,1.111,15.155,12.527,1.921,14.448,13.745
1780272074673,1.020,5.719,5.715,0.524,0.007,0.007,0.349,0.411,13.752,11.640,0.602,12.242,11.442
1780272074737,0.492,5.821,4.045,0.845,0.003,0.003,0.142,0.149,11.500,10.622,0.293,10.915,9.430
1780272074808,5.580,3.313,4.836,5.908,0.000,0.000,0.127,0.138,19.902,17.908,0.252,18.160,16.436
1780272074865,5.405,2.161,4.366,5.423,0.003,0.003,2.536,2.664,22.561,16.963,3.483,20.446,17.188
1780272074916,5.019,1.199,1.899,5.135,0.003,0.007,3.593,3.911,20.766,11.876,5.771,17.647,16.848
1780272074966,4.086,0.437,0.758,5.383,0.000,0.007,3.061,3.298,17.030,9.865,4.835,14.700,14.764
1780272075023,4.151,0.164,0.357,5.321,0.000,0.000,0.583,0.710,11.286,9.833,1.245,11.078,10.667
1780272075095,3.677,0.287,0.670,5.157,0.003,0.000,0.105,0.127,10.026,9.230,0.325,9.555,8.364
1780272075168,3.386,0.105,0.404,4.151,3.757,3.298,0.076,0.091,15.268,7.969,5.982,13.951,15.588
1780272075234,3.087,0.076,0.444,4.162,1.840,1.990,0.291,0.335,12.225,7.545,4.029,11.574,11.661
1780272075283,3.127,1.603,1.075,4.202,1.352,1.388,1.647,1.756,16.150,8.343,4.623,12.966,12.121
1780272075381,2.402,2.398,2.190,4.100,1.279,1.396,0.382,0.495,14.642,8.888,3.264,12.152,11.176
1780272075436,2.959,2.529,2.234,3.768,1.257,1.304,0.127,0.127,14.305,9.621,2.783,12.404,11.491
1780272075482,2.905,2.566,2.219,4.005,1.242,1.312,0.098,0.112,14.459,10.118,2.678,12.796,11.952
1780272075524,2.715,3.262,3.116,3.561,1.133,1.213,0.083,0.098,15.181,11.664,2.409,14.073,12.364
1780272075596,1.756,2.299,2.383,2.063,1.385,1.417,0.138,0.156,11.597,7.423,2.832,10.255,12.630
1780272075677,0.193,0.233,0.171,0.262,1.581,1.607,0.138,0.153,4.338,1.408,3.256,4.664,6.255
1780272075740,0.025,0.021,0.014,0.021,1.428,1.498,0.029,0.043,3.079,0.659,2.946,3.605,4.848
1780272075793,0.003,0.003,0.003,0.003,1.399,1.385,1.217,1.184,5.197,0.594,2.922,3.516,4.364
1780272075825,0.003,0.000,0.000,0.003,1.053,0.776,5.143,6.561,13.539,0.602,10.614,11.216,8.752
1780272075888,0.003,0.003,0.003,0.003,2.693,2.828,0.860,1.348,7.741,0.626,8.530,9.156,14.788
1780272075923,0.000,0.003,0.003,0.003,2.460,2.886,1.687,1.811,8.853,0.602,7.220,7.822,7.200
1780272075976,0.065,0.025,0.000,0.102,1.530,1.760,4.618,4.869,12.969,0.683,11.477,12.160,9.164
1780272076029,0.517,3.123,1.953,0.674,0.309,0.229,5.179,5.613,17.597,4.965,10.704,15.669,16.170
1780272076100,1.552,5.507,4.869,1.476,0.014,0.018,3.295,3.630,20.361,11.249,6.243,17.492,17.067
1780272076158,1.385,5.088,4.946,1.355,0.003,0.003,0.612,0.750,14.142,11.265,2.083,13.348,14.764
1780272076197,1.250,4.884,4.774,1.104,0.000,0.003,0.185,0.171,12.371,10.826,0.748,11.574,10.715
1780272076241,0.820,4.020,3.801,0.710,0.003,0.018,5.616,5.944,20.932,8.840,8.237,17.077,13.188
1780272076273,0.677,3.477,3.411,0.601,0.003,0.007,4.625,5.277,18.078,8.327,7.391,15.718,19.733
1780272076315,0.524,3.736,3.714,0.473,0.000,0.007,3.470,3.911,15.835,8.058,5.445,13.503,13.261
1780272076352,0.411,3.517,3.357,0.291,0.003,0.014,4.479,4.858,16.930,7.472,7.285,14.757,12.509
1780272076427,0.940,3.069,3.061,0.499,0.003,0.010,4.997,5.431,18.010,7.203,9.711,16.914,16.291
1780272076486,2.551,2.708,2.945,1.895,0.000,0.003,3.112,3.265,16.479,10.052,5.535,15.587,17.018
1780272076548,3.601,0.364,2.923,0.320,0.000,0.007,3.491,3.699,14.405,7.415,5.087,12.502,11.273
1780272076627,2.456,0.014,2.383,0.010,0.003,0.003,3.167,3.408,11.444,4.981,4.566,9.547,9.915
1780272076676,1.800,1.188,1.253,0.003,0.000,0.000,1.632,1.458,7.334,3.663,2.279,5.942,7.903
1780272076715,1.662,1.432,0.721,0.032,0.000,0.007,2.150,2.208,8.212,3.036,3.068,6.104,3.903
1780272076761,1.272,1.880,0.266,0.058,0.003,0.003,2.675,2.905,9.062,2.604,3.418,6.022,6.642
1780272076806,1.177,1.811,0.149,0.054,0.000,0.007,3.167,3.542,9.907,2.368,4.338,6.706,6.133
1780272076853,1.093,2.143,0.069,0.076,0.003,0.000,1.472,1.669,6.525,2.735,2.035,4.770,6.764
1780272076912,1.053,2.187,0.029,0.218,0.003,0.003,2.598,2.748,8.839,2.767,2.979,5.746,3.661
1780272076981,0.670,2.074,0.007,0.207,0.003,0.007,3.072,3.273,9.313,2.735,4.289,7.024,8.679
1780272077038,0.911,2.908,1.290,0.051,0.003,0.003,3.477,3.816,12.459,4.110,5.404,9.514,11.612
1780272077112,1.115,2.700,1.844,0.014,0.003,0.007,3.663,3.994,13.340,4.346,5.982,10.328,11.564
1780272077193,1.822,2.084,1.016,0.255,0.003,0.007,3.233,3.557,11.977,4.509,5.136,9.645,10.255
1780272077255,2.310,2.110,0.823,0.594,0.000,0.000,0.794,0.954,7.585,4.989,1.514,6.503,6.594
1780272077315,2.496,1.975,1.232,1.396,0.000,0.000,0.517,0.612,8.228,5.323,0.716,6.039,5.842
1780272077367,2.074,1.417,0.364,0.287,0.000,0.000,0.790,0.965,5.897,3.663,0.854,4.517,4.752
1780272077433,0.426,0.160,0.010,0.018,0.003,0.007,2.340,2.606,5.570,1.139,2.840,3.979,4.097
1780272077490,0.021,0.007,0.003,0.003,0.000,0.003,2.748,3.090,5.875,0.626,3.589,4.215,4.461
1780272077540,0.007,0.007,0.003,0.003,0.003,0.003,2.686,3.010,5.722,0.561,3.614,4.175,4.315
1780272077592,0.003,0.003,0.000,0.003,0.000,0.003,1.148,1.366,2.526,0.561,1.546,2.107,2.230
1780272077657,0.003,0.000,0.000,0.003,0.000,0.000,0.878,1.024,1.908,0.561,1.025,1.586,3.224
1780272077739,0.000,0.000,0.000,0.003,0.000,0.003,0.670,0.754,1.430,0.553,0.740,1.293,2.012
1780272077797,0.000,0.000,0.000,0.003,0.000,0.003,2.139,2.412,4.557,0.553,2.450,3.003,2.788
1780272077884,0.000,0.000,0.000,0.003,4.129,0.003,0.889,1.064,6.088,0.561,3.890,4.451,5.430
1780272077970,0.003,0.000,0.000,0.003,4.162,3.710,1.888,2.019,11.785,0.602,8.188,8.790,13.430
1780272078035,0.000,0.003,0.000,0.000,2.515,2.478,1.764,1.946,8.706,0.618,6.739,7.357,10.933
1780272078085,0.000,0.000,0.000,0.003,2.493,2.361,1.111,1.177,7.145,0.610,5.624,6.234,9.333
1780272078127,0.000,0.000,0.000,0.003,2.190,2.274,0.969,1.177,6.613,0.569,5.046,5.615,6.909
1780272078176,0.000,0.000,0.000,0.003,1.738,2.008,2.511,2.646,8.906,0.553,6.381,6.934,6.909
1780272078221,0.003,0.000,0.000,0.003,1.410,1.202,4.519,4.767,11.904,0.586,9.637,10.223,11.055
1780272078254,0.000,0.000,0.000,0.003,1.086,1.148,4.672,4.975,11.884,0.618,10.695,11.313,13.552
1780272078311,0.000,0.000,0.000,0.003,1.184,1.221,4.414,4.811,11.633,0.626,10.777,11.403,15.273
1780272078378,0.000,0.000,0.000,0.003,1.377,1.366,4.184,4.541,11.471,0.626,10.354,10.980,14.230
1780272078415,0.000,0.000,0.000,0.003,1.654,1.636,2.325,2.657,8.275,0.602,6.805,7.407,12.921
1780272078483,0.000,0.000,0.000,0.003,1.494,1.556,0.681,0.805,4.539,0.586,4.013,4.599,5.867
1780272078535,0.000,0.000,0.000,0.003,0.962,0.973,4.056,4.064,10.058,0.561,8.921,9.482,7.442
1780272078573,0.000,0.000,0.000,0.003,1.119,1.151,4.432,4.771,11.476,0.610,9.906,10.516,12.073
1780272078619,0.000,0.000,0.000,0.003,1.155,1.191,4.709,5.019,12.077,0.610,10.858,11.468,11.418
1780272078655,0.000,0.000,0.000,0.003,1.348,1.381,3.958,4.315,11.005,0.602,9.409,10.011,10.715
1780272078700,0.000,0.000,0.003,0.003,1.574,1.614,2.150,2.033,7.377,0.586,6.202,6.788,9.479
1780272078748,0.000,0.000,0.003,0.003,1.490,1.552,0.419,0.506,3.973,0.569,3.703,4.272,4.703
1780272078790,0.000,0.000,0.003,0.000,1.414,1.377,0.189,0.222,3.205,0.561,2.971,3.532,3.685
1780272078833,0.000,0.003,0.000,0.003,0.568,0.652,6.422,6.608,14.256,0.586,12.543,13.129,4.848
1780272078914,0.000,0.000,0.000,0.003,1.775,1.687,1.705,1.964,7.134,0.577,6.194,6.771,6.715
1780272078955,0.000,0.000,0.000,0.003,1.126,1.170,4.064,4.282,10.645,0.586,9.605,10.191,5.915
1780272079015,0.003,0.000,0.000,0.003,1.170,1.188,4.906,5.241,12.511,0.626,11.363,11.989,12.461
1780272079084,0.000,0.000,0.000,0.000,0.164,0.207,5.011,5.343,10.725,0.618,10.288,10.906,11.806
1780272079136,0.000,0.000,0.000,0.000,0.014,0.021,4.414,4.807,9.256,0.594,8.213,8.807,8.921
1780272079175,0.000,0.000,0.000,0.003,0.003,0.003,2.048,2.383,4.440,0.577,3.776,4.353,7.903
1780272079230,0.000,0.000,0.003,0.003,0.000,0.003,0.579,0.590,1.178,0.537,1.229,1.766,1.430
1780272079281,0.000,0.000,0.000,0.003,0.003,0.000,0.196,0.200,0.402,0.537,0.480,1.017,0.994
1780272079319,0.003,0.000,0.000,0.003,0.003,0.000,0.167,0.185,0.361,0.529,0.333,0.862,0.873
1780272079365,0.000,0.000,0.000,0.003,0.000,0.000,0.171,0.189,0.363,0.537,0.293,0.830,0.897
1780272079422,0.000,0.000,0.000,0.003,0.000,0.000,0.174,0.200,0.377,0.537,0.276,0.813,0.897
1780272079464,0.003,0.000,0.003,0.003,0.000,0.003,1.928,2.037,3.977,0.529,2.262,2.791,1.697
1780272079536,3.218,2.690,1.957,2.923,0.003,0.000,0.867,0.987,12.645,5.242,1.131,6.373,5.309
1780272079624,3.655,3.579,5.755,5.759,0.000,0.003,1.807,1.953,22.511,17.150,2.425,19.575,18.521
1780272079694,3.382,2.792,4.687,4.942,0.003,0.007,3.262,3.528,22.603,15.677,5.624,21.301,19.491
1780272079750,3.400,2.770,4.104,4.275,0.000,0.007,3.747,4.038,22.341,14.432,7.024,21.456,19.515
1780272079798,3.462,3.295,3.809,3.947,0.000,0.000,1.669,1.880,18.062,14.106,3.532,17.638,18.618
1780272079862,3.389,2.999,3.411,3.779,0.000,0.000,0.309,0.375,14.262,13.308,0.773,14.081,12.776
1780272079924,3.149,0.637,3.426,0.900,0.000,0.003,1.046,1.137,10.298,8.530,1.212,9.742,8.388
1780272079979,2.916,0.058,2.784,0.051,0.003,0.000,1.060,1.180,8.052,6.137,1.204,7.341,6.933
1780272080029,2.267,0.007,1.767,0.014,0.000,0.003,2.566,2.660,9.284,4.582,3.085,7.667,6.764
1780272080072,1.971,0.003,1.352,0.007,0.003,0.003,3.160,3.364,9.863,3.874,4.379,8.253,7.467
1780272080150,2.227,0.000,0.984,0.003,0.000,0.003,1.370,1.614,6.201,3.711,2.523,6.234,7.782
1780272080208,2.464,0.000,0.900,0.007,0.000,0.003,2.409,2.638,8.421,3.793,3.215,7.008,6.497
1780272080269,2.536,0.000,0.765,0.007,0.000,0.003,2.584,2.803,8.698,3.760,3.622,7.382,6.909
1780272080315,2.489,0.546,0.630,1.920,0.003,0.003,2.875,3.076,11.542,4.297,4.208,8.505,8.752
1780272080367,2.063,3.007,0.605,5.667,0.000,0.003,2.456,2.635,16.436,10.256,3.842,14.098,15.370
1780272080410,2.336,1.764,0.929,5.704,0.003,0.007,3.258,3.491,17.492,10.712,5.413,16.125,15.636
1780272080464,2.722,2.959,1.159,5.117,0.000,0.003,1.946,2.183,16.089,11.900,3.703,15.603,17.067
1780272080539,2.934,2.803,1.975,3.834,0.000,0.003,1.753,1.957,15.259,11.412,2.547,13.959,12.655
1780272080591,1.454,2.810,2.409,1.950,0.000,0.000,0.976,1.119,10.718,8.205,1.554,9.759,8.776
1780272080679,0.153,2.296,2.179,0.160,3.411,3.182,0.164,0.196,11.741,5.185,6.096,11.281,12.242
1780272080742,3.244,2.179,2.106,3.269,1.760,1.924,0.160,0.174,14.816,6.251,3.923,10.174,9.818
1780272080788,4.137,2.383,1.735,5.015,1.341,1.385,0.222,0.277,16.495,9.027,3.052,12.079,9.455
1780272080845,5.113,1.909,1.410,5.489,0.882,0.951,3.112,3.313,22.179,10.411,7.448,17.859,15.976
1780272080900,5.223,1.713,1.119,5.409,1.490,1.177,3.357,3.652,23.140,10.997,9.442,20.439,19.127
1780272080944,5.474,1.702,0.976,5.380,2.584,2.620,2.952,3.273,24.961,12.470,11.599,24.069,21.891
1780272080997,1.691,1.195,2.635,3.524,3.918,4.191,3.014,3.265,23.433,9.287,13.528,22.815,23.588
1780272081061,1.191,1.928,3.798,3.032,3.149,3.495,2.365,2.536,21.494,8.506,10.443,18.949,18.158
1780272081132,1.705,2.351,3.302,2.208,1.928,2.128,7.479,7.982,29.083,7.578,17.362,24.940,21.527
1780272081223,3.615,4.497,3.025,2.048,1.301,1.250,7.512,8.106,31.354,12.893,16.833,29.726,28.994
1780272081291,3.586,4.242,3.645,2.660,1.498,1.534,3.849,4.188,25.202,13.789,11.151,24.940,23.321
1780272081334,2.795,3.874,3.455,2.274,1.454,1.483,3.852,4.096,23.283,12.039,10.337,22.376,21.624
1780272081371,0.969,3.783,4.024,0.852,1.454,1.454,3.994,4.250,20.780,9.556,10.549,20.105,20.727
1780272081436,1.709,3.036,4.290,2.434,1.348,1.388,3.947,4.326,22.478,8.693,10.476,19.169,18.352
1780272081475,2.143,2.084,4.745,3.036,1.406,1.370,3.892,4.231,22.907,8.954,10.394,19.348,17.891
1780272081523,1.793,0.805,2.234,2.307,1.498,1.651,4.250,4.585,19.123,4.574,11.257,15.831,18.279
1780272081579,0.306,0.102,0.273,0.193,1.534,1.560,4.421,4.760,13.149,1.310,11.518,12.828,12.485
1780272081636,0.014,0.007,0.014,0.014,1.396,1.403,4.366,4.687,11.901,0.773,11.249,12.022,11.855
1780272081735,3.076,3.251,3.109,3.717,1.217,1.301,3.699,4.045,23.415,7.220,9.784,17.004,16.558
1780272081804,3.171,4.322,5.525,5.886,0.995,1.027,2.905,3.171,27.002,16.792,7.887,24.679,22.448
1780272081840,2.354,3.922,5.795,6.302,1.173,1.257,2.270,2.482,25.555,17.248,6.845,24.093,21.939
1780272081887,0.812,2.361,3.714,4.290,1.913,1.935,1.436,1.494,17.955,8.579,5.852,14.431,14.424
1780272081956,0.623,1.304,0.812,0.397,1.680,1.735,0.379,0.353,7.283,2.108,4.045,6.153,6.085
1780272082036,3.254,4.847,5.471,5.099,1.122,1.089,0.102,0.112,21.096,13.984,2.572,16.556,14.230
1780272082105,2.015,5.959,2.223,2.478,1.997,1.622,0.564,0.656,17.514,11.021,3.907,14.928,13.333
1780272082168,3.747,5.092,0.484,0.233,1.669,1.807,1.111,1.235,15.378,9.206,4.566,13.772,13.018
1780272082245,3.316,4.250,2.416,0.944,1.658,1.884,2.500,2.642,19.610,8.726,7.358,16.084,13.939
1780272082319,2.358,3.561,5.675,4.774,1.676,1.767,2.690,2.908,25.409,15.115,8.229,23.344,21.867
1780272082371,2.525,3.612,4.971,4.680,1.629,1.716,2.905,3.152,25.190,15.425,8.774,24.199,21.891
1780272082429,2.606,3.539,4.796,4.293,1.851,2.143,2.176,2.383,23.787,14.790,7.789,22.579,22.061
1780272082518,0.215,3.845,2.912,3.240,1.833,2.048,2.033,2.216,18.342,7.244,7.016,14.260,13.673
1780272082572,1.990,2.106,0.798,5.970,1.851,2.084,0.827,0.962,16.588,8.294,5.356,13.650,12.000
1780272082650,1.909,1.654,1.724,5.452,2.555,2.299,0.484,0.572,16.649,7.431,5.551,12.982,12.412
1780272082732,1.745,1.625,2.398,6.105,2.926,2.715,0.889,1.013,19.416,8.433,6.503,14.936,14.400
1780272082822,1.111,0.178,4.013,4.723,2.340,2.354,1.334,1.450,17.503,8.253,6.414,14.667,13.721
1780272082876,0.794,0.499,4.162,4.268,2.190,2.201,2.788,3.163,20.065,8.343,9.230,17.573,14.570
1780272082931,0.656,0.918,4.261,3.714,2.383,2.423,1.472,1.654,17.481,8.367,7.334,15.701,15.321
1780272082998,0.794,0.965,3.911,3.666,2.274,2.361,1.228,1.366,16.565,7.985,6.381,14.366,13.721
1780272083059,0.933,0.761,3.415,3.597,2.358,2.438,0.692,0.798,14.992,7.545,5.714,13.259,12.606
1780272083112,0.954,0.510,3.309,4.053,2.230,2.168,0.295,0.371,13.890,7.716,4.867,12.583,11.661
1780272083179,1.129,0.080,3.028,4.599,2.132,2.179,0.266,0.328,13.741,7.741,4.615,12.356,11.564
1780272083263,0.291,1.184,3.269,2.529,0.123,0.127,0.364,0.437,8.324,5.453,1.261,6.714,5.576
1780272083340,2.084,0.947,3.845,0.539,0.007,0.007,0.178,0.204,7.811,5.795,0.472,6.267,5.842
1780272083393,3.382,0.134,3.101,0.094,0.003,0.003,0.546,0.608,7.871,6.674,0.700,7.374,6.400
1780272083444,2.617,3.047,2.886,2.066,0.003,0.003,1.581,1.673,13.876,8.628,2.051,10.679,9.818
1780272083495,2.314,4.913,2.281,4.756,0.003,0.003,2.154,2.270,18.694,13.072,3.158,16.230,15.903
1780272083571,2.682,4.771,2.795,3.812,0.000,0.003,1.210,1.355,16.628,13.797,1.945,15.742,15.370
1780272083608,2.810,4.024,2.894,3.546,0.000,0.003,1.049,1.170,15.496,13.284,1.538,14.822,13.770
1780272083648,2.773,3.619,2.766,3.364,0.000,0.000,0.481,0.455,13.458,12.494,0.805,13.299,12.945
1780272083714,2.773,3.178,2.788,2.730,0.000,0.000,0.182,0.200,11.851,11.452,0.382,11.834,10.521
1780272083775,2.828,0.306,2.635,0.284,0.000,0.000,0.251,0.302,6.606,6.829,0.398,7.227,6.376
1780272083859,1.811,0.171,2.423,0.087,0.000,0.000,0.112,0.134,4.738,4.908,0.284,5.192,5.018
1780272083908,1.443,2.252,1.662,1.811,0.003,0.010,3.499,3.761,14.441,7.293,5.527,12.820,11.079
1780272083945,1.097,2.872,1.720,2.128,0.003,0.007,3.922,4.304,16.053,7.838,7.439,15.277,15.224
1780272083984,1.108,2.671,1.632,1.862,0.003,0.007,4.049,4.381,15.713,7.586,7.887,15.473,14.958
1780272084028,1.450,2.267,1.417,1.738,0.000,0.007,3.954,4.231,15.064,7.269,8.148,15.417,14.230
1780272084068,1.614,2.412,1.913,1.782,0.000,0.003,2.372,2.307,12.403,8.042,4.631,12.673,14.376
1780272084119,1.126,1.592,1.348,1.228,0.007,0.018,7.785,8.270,21.374,5.868,12.893,18.761,17.915
1780272084151,0.958,1.272,0.951,1.009,0.007,0.021,8.456,9.043,21.717,4.908,15.295,20.203,20.679
1780272084189,0.958,1.206,0.998,0.834,0.003,0.018,8.470,9.032,21.519,4.615,16.109,20.724,20.533
1780272084244,1.745,1.924,1.523,1.698,0.000,0.000,1.738,1.986,10.614,7.220,4.029,11.249,10.133
1780272084312,0.346,0.313,0.284,0.189,0.003,0.007,3.900,4.133,9.175,1.888,5.803,7.691,6.133
1780272084394,0.010,0.010,0.007,0.007,0.003,0.010,4.968,5.343,10.358,0.659,9.409,10.068,10.085
1780272084436,0.003,0.003,0.003,0.003,0.000,0.000,1.793,1.541,3.346,0.577,3.695,4.272,5.188
1780272084477,0.000,0.003,0.003,0.003,0.000,0.003,0.426,0.368,0.806,0.537,1.286,1.823,1.430
1780272084554,0.000,0.003,0.003,0.000,3.214,0.018,7.228,7.636,18.102,0.643,14.749,15.392,16.145
1780272084593,0.000,0.000,0.000,0.000,3.466,2.839,7.424,7.971,21.700,0.691,18.380,19.071,24.994
1780272084632,0.000,0.000,0.003,0.000,2.438,2.646,5.055,5.554,15.696,0.675,14.342,15.017,24.606
1780272084672,0.000,0.000,0.000,0.003,2.587,2.536,4.559,4.971,14.656,0.675,13.471,14.146,19.103
1780272084711,0.000,0.000,0.000,0.003,2.245,2.296,4.567,4.975,14.086,0.659,12.999,13.658,17.648
1780272084752,0.000,0.000,0.000,0.003,1.950,1.928,4.793,5.157,13.831,0.626,12.771,13.397,15.976
1780272084800,0.000,0.000,0.000,0.003,1.888,2.077,3.892,4.261,12.121,0.643,10.394,11.037,14.352
1780272084851,0.000,0.000,0.000,0.003,1.494,1.421,4.902,5.248,13.068,0.626,11.501,12.127,12.291
1780272084913,0.000,0.000,0.000,0.003,1.239,1.275,4.745,5.106,12.368,0.626,11.436,12.062,14.230
1780272084964,0.003,0.000,0.000,0.003,1.352,1.352,4.250,4.599,11.559,0.618,10.126,10.744,13.818
1780272085023,0.000,0.000,0.000,0.003,1.705,1.742,1.202,1.162,5.814,0.586,4.802,5.388,8.388
1780272085096,0.000,0.000,0.000,0.003,1.396,1.417,0.492,0.564,3.872,0.553,3.150,3.703,4.242
1780272085163,0.003,0.000,0.000,0.003,0.878,0.896,4.829,5.062,11.671,0.594,10.101,10.695,8.679
1780272085196,0.000,0.000,0.003,0.003,1.053,1.108,4.953,5.387,12.507,0.610,11.184,11.794,12.727
1780272085235,0.000,0.000,0.000,0.000,1.155,1.199,4.957,5.328,12.639,0.618,11.632,12.250,12.897
1780272085300,0.000,0.000,0.000,0.003,1.370,1.377,4.027,4.271,11.048,0.594,9.304,9.898,10.400
1780272085348,0.003,0.000,0.003,0.003,1.622,1.643,1.308,1.137,5.719,0.569,5.193,5.762,9.212
1780272085402,0.000,0.000,0.000,0.003,1.450,1.494,0.178,0.215,3.340,0.545,3.076,3.621,3.903
1780272085472,0.000,0.000,0.000,0.000,0.554,0.612,7.618,7.752,16.536,0.610,14.228,14.838,14.545
1780272085515,0.003,0.000,0.000,0.003,1.658,1.654,2.832,3.200,9.350,0.602,7.635,8.237,9.479
1780272085567,0.007,0.000,0.000,0.007,1.352,1.341,3.083,3.400,9.190,0.594,6.780,7.374,5.406
1780272085635,0.000,0.000,0.000,0.003,1.035,1.057,4.793,5.263,12.151,0.602,10.411,11.013,9.455
1780272085696,0.000,0.000,0.003,0.003,0.160,0.225,5.103,5.478,10.972,0.610,10.508,11.118,11.952
1780272085737,0.000,0.000,0.000,0.003,0.021,0.032,3.794,4.144,7.994,0.586,6.666,7.252,8.097
1780272085797,0.003,0.000,0.000,0.003,0.003,0.003,0.973,0.900,1.885,0.553,1.912,2.465,2.764
1780272085853,0.000,0.000,0.000,0.003,0.000,0.003,0.142,0.171,0.319,0.537,0.602,1.139,0.873
1780272085913,3.535,3.346,4.264,4.075,0.000,0.003,0.072,0.080,15.375,11.623,0.203,11.826,9.406
1780272085989,2.128,1.698,6.517,6.316,0.000,0.003,0.167,0.207,17.036,15.962,0.276,16.238,15.103
1780272086027,3.922,3.477,5.427,5.281,0.003,0.000,0.543,0.623,19.276,17.207,0.561,17.768,15.903
1780272086076,1.341,2.755,1.873,5.084,0.003,0.003,2.631,3.178,16.868,10.215,3.728,13.943,12.558
1780272086134,0.174,3.666,0.127,4.078,0.003,0.007,3.200,3.433,14.688,8.083,4.672,12.755,12.000
1780272086211,0.123,3.036,0.087,3.254,0.000,0.007,3.393,3.637,13.537,6.625,5.120,11.745,10.861
1780272086268,3.845,2.420,3.273,2.354,0.000,0.000,0.510,0.605,13.007,11.721,1.497,13.218,11.442
1780272086325,2.099,2.577,4.953,2.821,0.000,0.000,0.174,0.185,12.809,11.876,0.447,12.323,11.127
1780272086379,3.043,2.573,4.118,2.445,0.000,0.000,0.564,0.648,13.391,11.941,0.610,12.551,11.806
1780272086440,2.431,2.219,3.265,2.336,0.003,0.007,2.525,2.781,15.567,10.354,3.199,13.553,12.873
1780272086511,2.274,2.055,2.434,1.891,0.000,0.007,3.838,4.056,16.555,8.791,6.129,14.920,14.376
1780272086573,0.309,2.208,0.342,2.183,0.003,0.007,4.133,4.450,13.635,5.592,7.358,12.950,12.339
1780272086622,0.040,2.015,0.025,1.818,0.000,0.007,3.706,4.020,11.631,4.371,6.259,10.630,10.764
1780272086664,0.922,1.665,0.995,1.414,0.003,0.003,3.156,3.411,11.569,4.485,5.030,9.515,9.430
1780272086756,2.241,1.687,3.838,1.527,0.000,0.000,1.268,1.272,11.833,9.190,1.921,11.111,11.685
1780272086808,2.423,2.161,3.291,1.264,0.000,0.003,1.104,1.261,11.507,9.035,1.448,10.483,9.673
1780272086860,1.767,1.862,2.485,1.683,0.003,0.010,3.732,3.936,15.478,8.001,5.885,13.886,12.679
1780272086915,1.519,1.519,1.848,1.042,0.003,0.010,4.180,4.574,14.695,6.373,8.017,14.390,15.321
1780272086981,1.250,1.283,1.461,1.159,3.408,3.316,3.597,3.838,19.312,5.714,12.503,18.217,15.733
1780272087051,1.239,1.177,1.133,1.100,2.030,2.128,3.838,4.027,16.672,5.030,11.811,16.841,16.776
1780272087107,1.392,1.658,1.505,1.651,1.858,1.818,1.352,1.570,12.804,6.414,6.821,13.235,12.679
1780272087159,1.716,1.144,1.428,1.086,1.840,1.997,1.166,1.312,11.689,5.445,5.461,10.906,10.861
1780272087220,1.454,3.185,0.193,0.255,1.552,1.651,3.316,3.597,15.203,3.085,8.310,11.395,10.715
1780272087285,0.681,7.490,3.378,0.083,1.487,1.578,3.411,3.634,21.742,7.822,9.417,17.239,16.097
1780272087354,0.696,7.982,3.528,0.080,0.149,0.211,3.634,3.951,20.231,9.214,7.684,16.898,15.564
1780272087391,1.235,7.373,3.550,0.083,0.021,0.036,3.659,3.973,19.930,9.133,7.448,16.581,15.442
1780272087433,1.519,7.435,3.080,0.080,0.003,0.010,2.558,2.824,17.509,9.344,4.737,14.081,14.570
1780272087494,1.822,6.663,2.788,0.087,0.003,0.010,3.480,3.768,18.621,8.669,6.650,15.319,14.400
1780272087557,1.899,5.908,2.566,0.087,0.003,0.010,3.583,3.896,17.952,8.099,7.073,15.172,14.545
1780272087614,2.238,5.441,2.321,0.105,0.000,0.003,1.993,2.263,14.364,8.091,3.679,11.770,12.727
1780272087672,2.427,5.048,2.168,0.112,0.000,0.000,0.860,0.991,11.606,7.879,1.522,9.401,8.388
1780272087710,1.899,4.111,2.106,0.109,0.007,0.021,6.859,7.096,22.208,6.487,9.922,16.409,8.630
1780272087755,1.990,3.903,2.937,0.998,0.003,0.003,4.100,3.932,17.866,7.488,7.415,14.903,22.012
1780272087837,2.361,3.367,6.579,3.244,0.000,0.000,1.647,1.735,18.933,15.091,3.467,18.558,16.436
1780272087891,2.525,3.411,5.737,4.133,0.003,0.003,2.864,3.039,21.715,15.221,5.657,20.878,19.103
1780272087934,2.522,3.138,5.011,3.725,0.003,0.007,3.098,3.353,20.857,14.155,6.438,20.593,19.345
1780272087975,2.201,2.945,4.643,3.185,3.105,2.934,2.609,2.813,24.435,13.080,10.573,23.653,20.242
1780272088039,2.511,3.327,2.365,1.563,2.562,2.693,3.105,3.382,21.508,8.970,10.956,19.926,18.836
1780272088100,2.806,3.371,0.626,0.295,2.219,2.285,2.154,2.402,16.158,7.032,8.302,15.334,15.030
1780272088161,2.577,2.861,0.091,0.138,2.041,1.775,1.009,1.173,11.665,5.698,5.592,11.290,10.400
1780272088214,1.596,0.772,0.233,1.195,0.747,0.973,7.592,7.986,21.094,3.378,15.083,18.461,15.006
1780272088273,1.432,3.480,0.783,4.844,1.829,1.902,2.259,2.551,19.080,8.034,7.871,15.905,19.855
1780272088359,1.315,3.728,2.205,4.869,1.275,1.272,3.349,3.579,21.592,9.588,8.652,18.240,17.552
1780272088416,2.022,3.189,2.008,3.900,1.275,1.319,3.342,3.634,20.689,9.523,9.100,18.623,17.867
1780272088477,2.161,0.484,0.240,4.209,1.417,1.417,3.539,3.812,17.279,7.171,9.621,16.792,16.242
1780272088536,2.649,4.086,4.734,3.036,1.410,1.188,3.014,3.218,23.335,12.283,8.628,20.911,19.733
1780272088607,3.123,5.974,5.631,2.095,1.585,1.406,2.620,2.828,25.262,16.304,8.188,24.492,22.570
1780272088663,4.855,6.050,4.271,2.092,1.549,1.760,1.771,1.939,24.287,16.630,6.487,23.117,21.309
1780272088702,4.906,5.675,3.298,1.257,2.008,2.055,1.942,2.095,23.236,13.968,7.114,21.082,19.055
1780272088748,4.009,5.580,3.506,1.268,0.550,0.692,1.199,1.381,18.185,11.949,3.825,15.774,15.685
1780272088806,1.512,3.429,2.952,0.900,0.032,0.051,7.399,8.350,24.625,7.855,13.121,20.976,17.309
1780272088879,0.535,3.597,3.451,0.459,0.003,0.007,2.766,3.076,13.894,7.529,6.373,13.902,16.752
1780272088933,0.554,3.411,3.262,0.451,0.003,0.010,3.757,4.020,15.468,7.098,7.236,14.334,13.673
1780272088999,0.517,3.338,3.152,0.575,0.003,0.007,3.911,4.231,15.734,6.878,7.733,14.611,14.424
1780272089049,0.543,3.028,3.083,0.564,0.003,0.010,3.856,4.206,15.293,6.617,7.749,14.366,13.479
1780272089149,1.264,2.697,3.090,1.585,0.000,0.007,3.535,3.827,16.005,6.723,6.805,13.528,12.776
1780272089204,1.217,2.318,1.888,5.872,0.003,0.000,0.933,1.159,13.390,8.270,2.279,10.549,10.206
1780272089268,1.115,1.596,0.528,5.489,0.007,0.018,7.690,8.164,24.607,6.731,12.315,19.046,13.333
1780272089328,1.596,1.724,0.182,4.505,0.003,0.021,8.441,8.999,25.471,5.860,15.840,21.700,21.867
1780272089401,1.450,0.725,0.780,4.990,0.003,0.007,3.615,3.998,15.568,6.446,7.993,14.439,20.509
1780272089466,1.570,0.149,2.864,4.322,0.003,0.007,4.224,4.596,17.735,7.309,8.180,15.489,14.521
1780272089527,1.067,0.382,3.218,3.994,0.000,0.010,4.202,4.538,17.411,7.562,8.335,15.897,15.200
1780272089563,1.111,0.404,3.193,3.655,0.000,0.007,4.206,4.523,17.099,7.212,8.245,15.457,15.006
1780272089609,1.071,0.568,3.094,3.779,0.000,0.007,4.071,4.421,17.011,7.317,8.123,15.440,15.176
1780272089672,1.104,0.462,2.817,3.655,0.003,0.007,4.067,4.395,16.510,7.089,8.009,15.098,14.521
1780272089737,1.261,0.528,3.342,3.958,0.003,0.007,3.983,4.158,17.240,7.977,7.741,15.718,14.133
1780272089801,0.200,2.606,4.530,5.318,0.000,0.003,1.713,1.931,16.301,9.548,3.671,13.219,14.255
1780272089862,0.120,3.335,5.784,2.660,0.007,0.018,7.581,8.080,27.585,8.872,13.463,22.335,22.206
1780272089922,1.538,5.350,5.008,1.909,0.003,0.018,7.475,8.070,29.371,12.633,14.367,27.000,26.012
1780272089977,3.834,5.493,5.044,4.195,0.000,0.007,4.038,4.366,26.977,17.688,8.481,26.169,24.267
1780272090044,4.534,4.760,4.264,2.948,0.003,0.007,3.612,3.925,24.053,15.921,7.366,23.287,21.648
1780272090081,4.319,4.680,4.071,2.598,0.000,0.010,3.615,3.914,23.207,15.588,7.228,22.816,20.776
1780272090118,3.761,4.005,3.648,3.823,0.003,0.007,3.648,3.922,22.817,14.904,7.220,22.124,20.630
1780272090184,3.298,3.717,3.189,3.284,0.003,0.007,3.692,3.980,21.170,13.325,7.301,20.626,19.127
1780272090218,3.076,3.528,3.087,3.116,0.003,0.007,3.692,3.973,20.482,12.820,7.326,20.146,18.521
1780272090262,2.471,3.433,2.438,3.145,0.000,0.007,3.754,4.056,19.304,11.412,7.439,18.851,18.158
1780272090326,0.390,4.629,0.277,5.919,0.003,0.007,3.739,4.042,19.006,10.858,7.391,18.249,16.970
1780272090368,0.105,5.431,1.632,4.319,0.000,0.007,3.849,4.148,19.491,9.483,7.537,17.020,16.485
1780272090425,0.072,4.264,0.954,3.222,0.003,0.007,3.911,4.220,16.653,7.521,7.716,15.237,13.964
1780272090480,0.069,3.105,1.304,3.233,0.003,0.007,3.889,4.173,15.783,6.634,8.091,14.725,13.624
1780272090522,0.072,3.338,0.841,3.167,0.000,0.000,1.417,1.691,10.526,6.748,3.410,10.158,13.188
1780272090563,0.080,3.156,0.656,3.160,0.000,0.000,0.408,0.470,7.930,6.479,1.375,7.854,7.539
1780272090616,0.083,1.651,0.648,2.048,0.007,0.018,7.359,8.383,20.197,4.460,12.844,17.304,15.612
1780272090680,4.020,0.626,2.194,1.549,0.003,0.014,7.942,8.456,24.804,8.253,15.067,23.320,22.691
1780272090731,4.924,1.432,3.284,2.540,0.000,0.000,1.581,1.840,15.601,11.339,4.973,16.312,19.467
1780272090786,4.067,1.636,2.773,2.697,0.003,0.007,3.685,4.133,19.001,10.223,7.057,17.280,16.824
1780272090839,3.196,1.647,2.117,2.547,0.003,0.010,4.180,4.472,18.172,9.295,8.017,17.312,17.067
1780272090876,3.032,1.673,1.818,2.511,0.003,0.010,4.209,4.461,17.717,8.831,8.140,16.971,16.097
1780272090937,2.635,1.716,1.716,2.238,0.003,0.007,4.126,4.432,16.873,8.205,8.123,16.328,15.588
1780272090998,2.700,1.866,1.567,2.649,0.000,0.000,1.396,1.625,11.803,8.555,3.231,11.786,12.655
1780272091056,1.906,1.286,1.075,1.698,0.007,0.018,7.231,8.131,21.352,6.137,12.836,18.973,11.273
1780272091111,1.578,1.016,0.834,1.589,0.003,0.018,7.964,8.569,21.571,5.347,15.026,20.373,20.291
1780272091164,0.874,0.809,0.546,0.769,0.000,0.000,2.263,2.624,7.885,2.971,4.867,7.838,11.345
1780272091240,0.127,0.094,0.036,0.036,0.003,0.010,5.000,5.314,10.620,0.976,8.848,9.824,9.406
1780272091277,0.025,0.010,0.010,0.007,0.003,0.010,5.132,5.536,10.733,0.675,9.768,10.443,10.885
1780272091315,0.003,0.003,0.003,0.003,0.003,0.010,5.077,5.540,10.642,0.602,9.930,10.532,10.715
1780272091388,0.000,0.003,0.003,0.003,0.000,0.003,2.868,3.138,6.018,0.577,4.729,5.306,4.921
1780272091452,0.003,0.003,0.000,0.003,0.000,0.000,0.532,0.619,1.160,0.545,1.253,1.798,4.315
1780272091518,0.003,0.000,0.000,0.003,0.007,0.018,7.752,8.197,15.980,0.602,12.600,13.202,11.952
1780272091579,0.003,0.000,0.003,0.000,2.285,0.018,7.672,8.303,18.284,0.667,16.450,17.117,18.036
1780272091635,0.000,0.000,0.003,0.000,3.349,3.670,4.235,4.366,15.623,0.740,13.056,13.796,19.976
1780272091673,0.000,0.000,0.000,0.000,2.704,2.573,4.629,4.909,14.815,0.683,13.268,13.951,16.679
1780272091710,0.000,0.000,0.000,0.003,2.391,2.631,4.680,5.077,14.782,0.691,13.398,14.089,17.358
1780272091762,0.003,0.000,0.003,0.000,2.026,2.095,4.709,5.092,13.928,0.651,12.763,13.414,17.333
1780272091819,0.000,0.000,0.000,0.003,1.829,1.891,4.702,5.139,13.564,0.643,12.446,13.089,16.097
1780272091856,0.003,0.000,0.000,0.003,1.694,1.906,5.008,5.332,13.946,0.643,12.739,13.382,14.667
1780272091899,0.000,0.000,0.000,0.000,1.691,1.858,5.011,5.387,13.947,0.675,12.739,13.414,14.279
1780272091936,0.000,0.000,0.000,0.003,1.611,1.374,5.048,5.307,13.343,0.634,12.266,12.900,13.358
1780272091972,0.000,0.000,0.000,0.000,1.301,1.352,4.829,5.215,12.697,0.634,11.778,12.412,13.867
1780272092023,0.000,0.000,0.000,0.003,1.202,1.323,4.676,5.019,12.223,0.634,11.387,12.021,15.224
1780272092103,0.000,0.000,0.003,0.003,1.512,1.545,3.572,3.852,10.487,0.626,8.644,9.270,12.339
1780272092171,0.003,0.000,0.000,0.003,1.625,1.705,0.619,0.736,4.691,0.577,4.729,5.306,7.321
1780272092216,0.000,0.003,0.000,0.003,1.297,1.301,2.329,2.438,7.371,0.553,5.364,5.917,4.461
1780272092270,0.003,0.000,0.000,0.003,1.202,1.268,3.058,3.225,8.759,0.577,6.080,6.657,6.909
1780272092330,0.003,0.000,0.000,0.003,1.286,1.312,2.806,3.036,8.446,0.569,6.007,6.576,7.103
1780272092369,0.003,0.000,0.003,0.003,1.436,1.509,1.111,1.301,5.366,0.569,4.395,4.964,6.303
1780272092421,0.003,0.000,0.000,0.003,1.399,1.432,0.586,0.674,4.097,0.553,3.190,3.743,3.976
1780272092461,0.000,0.003,0.003,0.003,1.308,1.370,0.233,0.273,3.193,0.537,2.743,3.280,3.782
1780272092505,0.000,0.000,0.000,0.003,1.286,1.355,0.400,0.481,3.525,0.537,2.702,3.239,3.564
1780272092583,0.000,0.000,0.000,0.003,1.268,1.308,0.492,0.550,3.621,0.553,2.767,3.320,3.685
1780272092669,0.000,0.000,0.000,0.003,1.133,1.253,2.205,2.318,6.912,0.577,4.330,4.907,4.606
1780272092726,0.000,0.003,0.000,0.003,1.261,1.268,2.584,2.781,7.900,0.569,5.266,5.835,6.206
1780272092784,0.000,0.000,0.000,0.003,1.396,1.458,0.969,1.148,4.974,0.553,3.654,4.207,5.018
1780272092869,0.000,0.000,0.000,0.003,0.120,0.156,2.168,2.321,4.768,0.537,2.775,3.312,4.242
1780272092920,0.000,0.000,0.000,0.003,0.010,0.010,2.150,2.321,4.494,0.553,2.482,3.035,3.176
1780272092964,0.003,0.000,0.000,0.003,0.003,0.007,0.863,0.984,1.863,0.520,1.155,1.675,2.545
1780272093012,0.000,0.007,0.000,0.003,0.003,0.000,0.204,0.236,0.453,0.520,0.439,0.959,1.139
1780272093066,0.000,0.000,0.000,0.003,0.000,0.003,0.156,0.174,0.336,0.520,0.284,0.804,0.873
1780272093117,0.000,0.000,0.000,0.003,0.000,0.003,0.404,0.459,0.869,0.529,0.407,0.936,0.897
1780272093172,0.000,0.000,0.000,0.003,0.000,0.003,2.139,2.219,4.364,0.553,2.181,2.734,2.642
1780272093216,0.003,0.000,0.000,0.007,0.000,0.000,0.845,0.564,1.419,0.537,1.033,1.570,3.176
1780272093247,0.000,0.000,0.000,0.003,0.000,0.000,0.094,0.105,0.202,0.520,0.431,0.951,0.945
1780272093301,0.003,0.000,0.003,0.003,0.000,0.000,0.007,0.014,0.030,0.545,0.187,0.732,4.727
1780272093374,0.400,0.240,0.218,0.554,0.000,0.000,0.003,0.003,1.418,0.732,0.138,0.870,2.885
1780272093411,1.501,3.083,1.210,2.803,0.000,0.000,0.003,0.003,8.603,6.935,0.130,7.065,1.842
1780272093450,0.834,5.150,0.918,6.105,0.000,0.000,0.003,0.000,13.010,10.533,0.154,10.687,12.073
1780272093483,0.185,3.743,0.171,6.615,0.000,0.003,0.003,0.003,10.723,9.849,0.138,9.987,9.285
1780272093522,0.025,3.459,0.025,5.886,0.003,0.000,0.003,0.000,9.401,9.572,0.138,9.710,9.115
1780272093552,0.010,3.513,0.010,5.493,0.000,0.000,0.003,0.003,9.032,9.100,0.138,9.238,9.139
1780272093589,0.882,3.244,0.561,5.441,0.003,0.003,0.003,0.000,10.137,9.059,0.138,9.197,8.461
1780272093622,3.382,3.185,2.318,4.749,0.000,0.000,0.003,0.000,13.637,13.146,0.138,13.284,8.339
1780272093671,3.258,2.817,5.886,3.983,0.000,0.000,0.003,0.000,15.947,15.140,0.146,15.286,14.788
1780272093698,2.551,2.868,5.780,3.929,0.000,0.003,0.003,0.000,15.134,14.652,0.146,14.798,13.333
1780272093754,2.755,2.744,4.869,3.557,0.000,0.000,0.003,0.000,13.928,13.805,0.138,13.943,12.388
1780272093811,2.934,2.533,4.195,3.349,0.000,0.000,0.003,0.000,13.014,12.836,0.146,12.982,11.685
1780272093840,2.795,2.617,4.035,3.112,0.000,0.000,0.003,0.003,12.565,12.389,0.146,12.535,11.055
1780272093910,3.047,2.507,3.193,2.726,0.000,0.000,0.003,0.000,11.476,11.322,0.146,11.468,10.473
1780272093962,2.606,2.460,2.934,2.748,0.000,0.000,0.000,0.000,10.748,10.744,0.146,10.890,9.527
1780272093992,2.690,2.427,2.730,2.431,0.003,0.000,0.003,0.000,10.284,10.248,0.146,10.394,9.309
1780272094034,1.662,1.669,1.494,1.450,0.000,0.000,0.003,0.000,6.278,5.616,0.146,5.762,8.533
1780272094070,0.608,0.616,0.605,0.714,0.000,0.003,0.003,0.000,2.549,2.816,0.146,2.962,3.248
1780272094111,0.083,0.087,0.076,0.105,0.000,0.000,0.003,0.000,0.354,1.172,0.130,1.302,0.752
1780272094141,0.021,0.021,0.018,0.021,0.000,0.000,0.003,0.003,0.087,0.757,0.122,0.879,0.703
1780272094179,0.007,0.007,0.003,0.007,0.003,0.000,0.003,0.000,0.030,0.569,0.122,0.691,0.703
1780272094212,0.003,0.003,0.003,0.007,0.000,0.000,0.003,0.000,0.019,0.520,0.122,0.642,0.703
1780272094286,0.003,0.003,0.000,0.003,0.000,0.000,0.003,0.000,0.012,0.496,0.122,0.618,0.679
1780272094352,0.000,0.003,0.000,0.003,0.000,0.000,0.003,0.000,0.009,0.520,0.113,0.633,0.703
1780272094425,0.000,0.000,0.000,0.003,0.000,0.000,0.003,0.000,0.006,0.537,0.122,0.659,0.727
1780272094456,0.003,0.000,0.003,0.003,0.003,0.000,0.000,0.000,0.012,0.529,0.122,0.651,0.727
1780272094488,0.003,0.000,0.003,0.003,0.000,0.000,0.003,0.003,0.015,0.529,0.130,0.659,0.727
1780272094517,0.000,0.000,0.000,0.003,0.000,0.003,0.003,0.003,0.012,0.537,0.122,0.659,0.752
1780272094555,0.003,0.000,0.000,0.003,0.000,0.000,0.003,0.000,0.009,0.537,0.122,0.659,0.703
1780272094583,0.003,0.000,0.000,0.003,0.000,0.000,0.003,0.000,0.009,0.529,0.122,0.651,0.752
1780272094632,0.003,0.000,0.003,0.003,0.000,0.000,0.003,0.000,0.012,0.537,0.122,0.659,0.727
1780272094663,0.000,0.000,0.000,0.003,0.000,0.003,0.000,0.000,0.006,0.553,0.122,0.675,0.752
1780272094704,0.000,0.003,0.000,0.003,0.000,0.003,0.003,0.003,0.015,0.529,0.122,0.651,0.776
1780272094740,0.000,0.000,0.003,0.003,0.000,0.000,0.000,0.000,0.006,0.529,0.122,0.651,0.703
1780272094800,0.000,0.000,0.000,0.003,0.000,0.003,0.003,0.000,0.009,0.537,0.122,0.659,0.703
1780272094851,0.000,0.003,0.000,0.003,0.000,0.000,0.003,0.000,0.009,0.529,0.122,0.651,0.752
1780272094880,0.003,0.000,0.000,0.003,0.000,0.000,0.003,0.003,0.012,0.529,0.122,0.651,0.727
1780272094942,0.000,0.000,0.000,0.003,0.000,0.003,0.003,0.000,0.009,0.553,0.122,0.675,0.752
1780272094981,0.000,0.000,0.000,0.003,0.000,0.000,0.003,0.000,0.006,0.520,0.122,0.642,0.727
1780272095022,0.003,0.000,0.003,0.003,0.000,0.000,0.003,0.000,0.012,0.545,0.122,0.667,0.752
1780272095047,0.003,0.000,0.000,0.003,0.000,0.000,0.003,0.000,0.009,0.545,0.122,0.667,0.752
1780272095077,0.003,0.000,0.000,0.003,0.000,0.000,0.003,0.000,0.009,0.529,0.122,0.651,0.727
1780272095107,0.000,0.003,0.000,0.003,0.000,0.000,0.003,0.003,0.012,0.529,0.122,0.651,0.703
1780272095148,0.003,0.000,0.003,0.003,0.000,0.000,0.003,0.003,0.015,0.537,0.113,0.650,0.727
1780272095178,0.000,0.000,0.000,0.003,0.000,0.003,0.003,0.000,0.009,0.529,0.113,0.642,0.727
1780272095214,0.003,0.000,0.003,0.003,0.000,0.000,0.003,0.000,0.012,0.529,0.122,0.651,0.752
1780272095244,0.003,0.000,0.000,0.003,0.000,0.000,0.003,0.000,0.009,0.520,0.113,0.633,0.727
1780272095300,0.003,0.003,0.000,0.003,0.003,0.000,0.003,0.003,0.018,0.529,0.122,0.651,0.727
1780272095331,0.000,0.000,0.003,0.000,0.000,0.000,0.003,0.003,0.009,0.537,0.122,0.659,0.727
1780272095386,0.000,0.003,0.000,0.007,0.000,0.000,0.000,0.000,0.010,0.529,0.122,0.651,0.752
1780272095457,0.000,0.000,0.000,0.003,0.000,0.000,0.003,0.000,0.006,0.529,0.122,0.651,0.752
1780272095488,0.000,0.000,0.000,0.003,0.000,0.000,0.003,0.000,0.006,0.529,0.122,0.651,0.727
1780272095530,0.000,0.000,0.000,0.003,0.000,0.003,0.003,0.000,0.009,0.512,0.122,0.634,0.727
1780272095562,0.003,0.000,0.000,0.003,0.000,0.000,0.000,0.000,0.006,0.520,0.122,0.642,0.727
1780272095603,0.000,0.000,0.000,0.007,0.000,0.000,0.000,0.000,0.007,0.512,0.122,0.634,0.727
1780272095632,0.003,0.000,0.000,0.003,0.000,0.000,0.003,0.003,0.012,0.520,0.113,0.633,0.703
1780272095689,0.000,0.000,0.000,0.003,0.000,0.000,0.003,0.000,0.006,0.545,0.113,0.658,0.752
1780272095721,0.000,0.000,0.000,0.007,0.000,0.000,0.003,0.000,0.010,0.529,0.113,0.642,0.727
1780272095754,0.003,0.000,0.000,0.003,0.000,0.000,0.003,0.000,0.009,0.529,0.113,0.642,0.703
1780272095814,0.000,0.000,0.000,0.000,0.000,0.000,0.003,0.003,0.006,0.529,0.113,0.642,0.727
1780272095845,0.003,0.000,0.000,0.003,0.000,0.000,0.000,0.000,0.006,0.529,0.122,0.651,0.727
1780272095886,0.000,0.003,0.000,0.003,0.000,0.000,0.000,0.000,0.006,0.537,0.122,0.659,0.727
1780272095959,0.000,0.000,0.000,0.003,0.000,0.000,0.000,0.000,0.003,0.529,0.130,0.659,0.727
1780272095989,0.003,0.000,0.003,0.003,0.000,0.000,0.003,0.000,0.012,0.520,0.122,0.642,0.727
1780272096023,0.000,0.000,0.003,0.000,0.003,0.003,0.003,0.000,0.012,0.504,0.122,0.626,0.727
1780272096059,0.000,0.000,0.000,0.003,0.000,0.000,0.007,0.003,0.013,0.529,0.122,0.651,0.727
1780272096109,0.003,0.000,0.000,0.003,0.000,0.000,0.000,0.000,0.006,0.512,0.122,0.634,0.727
1780272096137,0.000,0.003,0.000,0.003,0.000,0.000,0.003,0.000,0.009,0.504,0.122,0.626,0.703
1780272096184,0.000,0.000,0.000,0.003,0.000,0.003,0.003,0.000,0.009,0.545,0.122,0.667,0.727
1780272096212,0.000,0.000,0.000,0.003,0.003,0.000,0.003,0.000,0.009,0.545,0.122,0.667,0.752
1780272096254,0.003,0.000,0.000,0.003,0.000,0.000,0.003,0.000,0.009,0.520,0.122,0.642,0.727
1780272096282,0.000,0.000,0.000,0.003,0.000,0.000,0.003,0.000,0.006,0.512,0.122,0.634,0.727
1780272096344,0.003,0.000,0.000,0.003,0.000,0.000,0.003,0.000,0.009,0.520,0.122,0.642,0.703
1780272096383,0.000,0.000,0.000,0.003,0.000,0.003,0.003,0.000,0.009,0.512,0.113,0.625,0.703
1780272096448,0.000,0.000,0.000,0.003,0.000,0.000,0.003,0.000,0.006,0.529,0.113,0.642,0.703
1780272096517,0.000,0.000,0.000,0.003,0.000,0.000,0.003,0.003,0.009,0.520,0.113,0.633,0.703
1780272096550,0.000,0.000,0.000,0.003,0.000,0.000,0.003,0.000,0.006,0.512,0.113,0.625,0.703
1780272096586,0.003,0.000,0.000,0.003,0.000,0.000,0.003,0.000,0.009,0.537,0.113,0.650,0.727
1780272096615,0.000,0.000,0.000,0.003,0.000,0.000,0.003,0.003,0.009,0.553,0.122,0.675,0.727
1780272096646,0.003,0.003,0.000,0.003,0.000,0.000,0.003,0.000,0.012,0.553,0.122,0.675,0.727
1780272096684,0.007,0.000,0.000,0.003,0.000,0.000,0.003,0.003,0.016,0.561,0.122,0.683,0.752
1780272096714,0.000,0.000,0.003,0.003,0.000,0.000,0.003,0.000,0.009,0.545,0.122,0.667,0.752
1780272096740,0.000,0.000,0.000,0.000,0.000,0.000,0.003,0.000,0.003,0.537,0.122,0.659,0.703
1780272096775,0.003,0.000,0.000,0.003,0.000,0.000,0.003,0.000,0.009,0.537,0.122,0.659,0.752
1780272096800,0.003,0.000,0.000,0.000,0.000,0.000,0.003,0.000,0.006,0.529,0.122,0.651,0.752
1780272096857,0.000,0.000,0.000,0.003,0.000,0.000,0.003,0.000,0.006,0.529,0.113,0.642,0.703
1780272096884,0.003,0.000,0.003,0.003,0.000,0.000,0.003,0.000,0.012,0.512,0.113,0.625,0.727
1780272096930,0.000,0.003,0.000,0.003,0.000,0.000,0.003,0.003,0.012,0.520,0.113,0.633,0.703
1780272096971,0.003,0.000,0.000,0.003,0.000,0.000,0.003,0.000,0.009,0.529,0.113,0.642,0.752
1780272097034,0.000,0.000,0.000,0.003,0.000,0.000,0.003,0.000,0.006,0.520,0.113,0.633,0.703
1780272097064,0.000,0.000,0.000,0.003,0.000,0.000,0.000,0.000,0.003,0.504,0.113,0.617,0.703
1780272097096,0.000,0.003,0.000,0.003,0.003,0.000,0.003,0.000,0.012,0.520,0.113,0.633,0.703
1780272097126,0.000,0.003,0.000,0.003,0.000,0.000,0.003,0.000,0.009,0.512,0.113,0.625,0.727
1780272097158,0.000,0.000,0.000,0.000,0.003,0.000,0.003,0.003,0.009,0.504,0.122,0.626,0.703
1780272097210,0.003,0.000,0.000,0.003,0.000,0.000,0.003,0.003,0.012,0.545,0.122,0.667,0.727
1780272097241,0.000,0.000,0.000,0.000,0.000,0.003,0.003,0.000,0.006,0.529,0.122,0.651,0.752
1780272097274,0.000,0.000,0.000,0.003,0.000,0.000,0.003,0.000,0.006,0.529,0.122,0.651,0.703
1780272097307,0.003,0.007,0.000,0.003,0.000,0.000,0.003,0.000,0.016,0.520,0.130,0.650,0.752
1780272097376,0.000,0.000,0.000,0.003,0.000,0.000,0.003,0.003,0.009,0.504,0.113,0.617,0.703
1780272097405,0.000,0.000,0.000,0.003,0.000,0.003,0.003,0.000,0.009,0.520,0.113,0.633,0.752
1780272097447,0.007,0.000,0.000,0.003,0.000,0.003,0.003,0.000,0.016,0.520,0.113,0.633,0.727
1780272097497,0.000,0.000,0.000,0.003,0.000,0.000,0.003,0.000,0.006,0.520,0.122,0.642,0.752
1780272097553,0.003,0.000,0.000,0.003,0.000,0.000,0.003,0.000,0.009,0.520,0.122,0.642,0.727
1780272097585,0.000,0.000,0.000,0.003,0.000,0.000,0.003,0.000,0.006,0.520,0.113,0.633,0.727
1780272097624,0.003,0.000,0.000,0.003,0.000,0.000,0.003,0.003,0.012,0.529,0.113,0.642,0.727
1780272097656,0.000,0.000,0.000,0.003,0.000,0.000,0.003,0.000,0.006,0.537,0.113,0.650,0.727
1780272097695,0.000,0.000,0.003,0.007,0.000,0.003,0.003,0.000,0.016,0.529,0.113,0.642,0.703
1780272097740,0.000,0.003,0.000,0.003,0.000,0.000,0.003,0.000,0.009,0.529,0.113,0.642,0.752
1780272097773,0.000,0.000,0.000,0.003,0.000,0.000,0.003,0.003,0.009,0.529,0.113,0.642,0.703
1780272097812,0.510,0.561,0.550,0.597,0.003,0.000,0.003,0.007,2.231,1.017,0.113,1.130,0.703
1780272097881,1.651,6.134,6.466,1.716,0.000,0.000,0.003,0.000,15.970,12.161,0.130,12.291,12.218
1780272097917,1.341,4.971,6.918,2.059,0.000,0.003,0.003,0.000,15.295,12.543,0.130,12.673,11.952
1780272097959,1.818,5.354,6.819,1.928,0.000,0.000,0.000,0.000,15.919,13.219,0.138,13.357,11.176
1780272098003,1.807,5.285,5.912,2.208,0.000,0.000,0.000,0.003,15.215,11.925,0.138,12.063,11.321
1780272098076,1.669,4.822,5.474,1.946,0.000,0.000,0.003,0.003,13.917,11.257,0.130,11.387,10.085
1780272098104,1.713,4.574,5.051,2.088,0.000,0.000,0.003,0.000,13.429,10.655,0.146,10.801,9.673
1780272098136,1.483,4.158,4.709,1.833,0.000,0.000,0.003,0.003,12.189,10.118,0.138,10.256,8.994
1780272098175,1.811,4.158,3.393,0.616,0.000,0.003,0.003,0.003,9.987,7.960,0.138,8.098,8.727
1780272098222,2.329,3.790,1.086,1.016,0.003,0.000,0.003,0.000,8.227,6.316,0.138,6.454,6.303
1780272098257,1.935,3.488,0.298,1.753,0.000,0.000,0.003,0.000,7.477,5.616,0.130,5.746,4.873
1780272098297,1.122,3.160,0.123,3.003,0.000,0.000,0.003,0.000,7.411,5.600,0.138,5.738,4.727
1780272098337,0.900,2.230,0.506,3.721,0.000,0.000,0.003,0.003,7.363,5.820,0.130,5.950,4.873
1780272098398,0.980,0.342,0.346,0.597,0.000,0.000,0.003,0.000,2.268,1.929,0.130,2.059,1.382
1780272098432,0.408,0.094,0.153,0.087,0.000,0.000,0.003,0.000,0.745,1.090,0.122,1.212,0.873
1780272098472,0.043,0.018,0.018,0.014,0.003,0.000,0.003,0.000,0.099,0.700,0.113,0.813,0.727
1780272098511,0.007,0.003,0.003,0.007,0.000,0.000,0.003,0.000,0.023,0.569,0.113,0.682,0.703
1780272098581,0.003,0.003,0.003,0.003,0.000,0.000,0.003,0.000,0.015,0.520,0.113,0.633,0.727
1780272098621,0.003,0.003,0.003,0.007,0.000,0.000,0.000,0.003,0.019,0.512,0.113,0.625,0.703
1780272098656,0.003,0.003,0.000,0.003,0.000,0.000,0.003,0.000,0.012,0.512,0.113,0.625,0.703
1780272098690,0.003,0.003,0.000,0.003,0.000,0.000,0.003,0.003,0.015,0.520,0.113,0.633,0.703
1780272098727,0.000,0.000,0.003,0.003,0.000,0.000,0.003,0.000,0.009,0.537,0.113,0.650,0.703
1780272098775,0.000,0.000,0.000,0.003,0.000,0.000,0.003,0.003,0.009,0.537,0.113,0.650,0.703
1780272098802,0.003,0.000,0.000,0.003,0.000,0.000,0.003,0.000,0.009,0.529,0.113,0.642,0.727
1780272098839,0.003,0.000,0.000,0.003,0.000,0.003,0.000,0.000,0.009,0.520,0.113,0.633,0.703
1780272098867,0.003,0.000,0.000,0.003,0.003,0.000,0.003,0.000,0.012,0.520,0.113,0.633,0.703
1780272098942,0.003,0.000,0.000,0.003,0.003,0.000,0.000,0.003,0.012,0.512,0.113,0.625,0.727
1780272098994,0.000,0.000,0.000,0.003,0.000,0.000,0.003,0.000,0.006,0.529,0.113,0.642,0.703
1780272099040,0.000,0.000,0.000,0.003,0.003,0.000,0.003,0.000,0.009,0.520,0.113,0.633,0.703
1780272099118,0.000,0.000,0.000,0.003,0.003,0.000,0.003,0.000,0.009,0.520,0.113,0.633,0.703
1780272099148,0.000,0.000,0.003,0.003,0.000,0.003,0.003,0.000,0.012,0.512,0.113,0.625,0.703
1780272099183,0.000,0.000,0.000,0.003,0.000,0.000,0.000,0.000,0.003,0.512,0.113,0.625,0.727
1780272099220,0.000,0.000,0.000,0.003,0.000,0.000,0.003,0.000,0.006,0.520,0.113,0.633,0.703
1780272099261,0.000,0.000,0.003,0.003,0.000,0.000,0.003,0.000,0.009,0.529,0.113,0.642,0.727
1780272099291,0.000,0.000,0.000,0.003,0.000,0.000,0.003,0.007,0.013,0.512,0.113,0.625,0.679
1780272099323,0.000,0.003,0.000,0.003,0.000,0.000,0.003,0.000,0.009,0.520,0.113,0.633,0.703
1780272099359,0.003,0.000,0.000,0.003,0.000,0.000,0.000,0.000,0.006,0.512,0.122,0.634,0.703
1780272099404,0.000,0.000,0.000,0.003,0.000,0.000,0.003,0.003,0.009,0.512,0.122,0.634,0.703
1780272099466,0.003,0.000,0.000,0.000,0.000,0.000,0.000,0.000,0.003,0.520,0.122,0.642,0.703
1780272099516,0.003,0.000,0.000,0.007,0.000,0.000,0.003,0.000,0.013,0.512,0.130,0.642,0.752
1780272099578,0.000,0.000,0.000,0.003,0.000,0.000,0.003,0.000,0.006,0.529,0.122,0.651,0.703
1780272099633,0.003,0.000,0.000,0.003,0.000,0.000,0.003,0.003,0.012,0.529,0.122,0.651,0.752
1780272099660,0.000,0.003,0.000,0.003,0.003,0.000,0.003,0.000,0.012,0.520,0.122,0.642,0.727
1780272099697,0.003,0.000,0.000,0.003,0.000,0.000,0.003,0.000,0.009,0.520,0.122,0.642,0.679
1780272099730,0.000,0.000,0.000,0.003,0.000,0.000,0.003,0.000,0.006,0.529,0.122,0.651,0.703
1780272099766,0.000,0.000,0.000,0.003,0.000,0.000,0.003,0.000,0.006,0.537,0.122,0.659,0.703
1780272099795,0.000,0.000,0.000,0.003,0.000,0.000,0.003,0.003,0.009,0.520,0.122,0.642,0.727
1780272099837,0.000,0.000,0.000,0.003,0.000,0.000,0.003,0.003,0.009,0.520,0.122,0.642,0.752
1780272099872,0.000,0.000,0.000,0.003,0.000,0.000,0.003,0.003,0.009,0.520,0.122,0.642,0.703
1780272099907,0.003,0.000,0.000,0.003,0.000,0.000,0.003,0.003,0.012,0.529,0.130,0.659,0.727
1780272099980,0.000,0.000,0.000,0.003,0.000,0.000,0.003,0.000,0.006,0.529,0.122,0.651,0.703
1780272100033,0.273,0.225,0.218,0.277,0.000,0.003,0.003,0.003,1.002,0.618,0.122,0.740,0.752
1780272100086,0.422,0.415,0.313,0.430,0.000,0.003,0.000,0.000,1.583,0.700,0.122,0.822,0.848
1780272100166,0.812,0.823,0.619,0.794,0.000,0.000,0.003,0.000,3.051,0.993,0.122,1.115,1.091
1780272100201,1.024,0.954,0.936,0.995,0.000,0.000,0.003,0.000,3.912,1.261,0.122,1.383,1.164
1780272100242,1.206,1.184,1.159,1.301,0.000,0.000,0.003,0.003,4.856,1.489,0.113,1.602,1.503
1780272100277,1.046,1.403,0.882,1.377,0.000,0.000,0.000,0.000,4.708,1.530,0.122,1.652,1.527
1780272100321,0.550,2.321,0.470,2.263,0.000,0.003,0.000,0.000,5.607,2.303,0.105,2.408,1.891
1780272100354,0.831,2.905,0.976,3.601,0.000,0.000,0.003,0.000,8.316,4.843,0.097,4.940,2.594
1780272100396,1.585,3.612,1.778,3.892,0.000,0.000,0.003,0.000,10.870,5.380,0.122,5.502,5.842
1780272100428,1.603,1.950,1.443,2.489,0.000,0.000,0.003,0.000,7.488,3.264,0.130,3.394,4.630
1780272100496,1.534,0.225,1.253,0.408,0.000,0.000,0.003,0.000,3.423,1.359,0.122,1.481,1.261
1780272100537,0.619,0.215,0.320,0.328,0.000,0.000,0.000,0.000,1.482,0.822,0.122,0.944,1.139
1780272100568,0.058,0.021,0.051,0.051,0.000,0.000,0.003,0.000,0.184,0.634,0.130,0.764,0.752
1780272100608,0.010,0.007,0.007,0.010,0.000,0.000,0.003,0.000,0.037,0.545,0.130,0.675,0.703
1780272100672,0.003,0.000,0.003,0.003,0.000,0.000,0.003,0.000,0.012,0.529,0.122,0.651,0.727
1780272100697,0.003,0.003,0.000,0.003,0.000,0.003,0.003,0.000,0.015,0.529,0.130,0.659,0.727
1780272100736,0.000,0.000,0.000,0.003,0.000,0.003,0.003,0.003,0.012,0.537,0.130,0.667,0.703
1780272100766,0.003,0.000,0.000,0.003,0.000,0.000,0.003,0.003,0.012,0.529,0.122,0.651,0.752
1780272100805,0.003,0.003,0.003,0.003,0.000,0.003,0.003,0.000,0.018,0.529,0.130,0.659,0.703
1780272100832,0.000,0.000,0.000,0.003,0.000,0.000,0.003,0.003,0.009,0.520,0.122,0.642,0.727
1780272100869,0.003,0.000,0.003,0.007,0.000,0.000,0.000,0.003,0.016,0.537,0.130,0.667,0.703
1780272100898,0.000,0.003,0.000,0.003,0.000,0.000,0.003,0.003,0.012,0.520,0.130,0.650,0.703
1780272100936,0.000,0.000,0.000,0.003,0.000,0.000,0.003,0.000,0.006,0.529,0.130,0.659,0.727
1780272100999,0.000,0.000,0.000,0.003,0.000,0.000,0.003,0.000,0.006,0.545,0.122,0.667,0.703
1780272101049,0.426,0.368,0.324,0.400,0.000,0.000,0.003,0.000,1.521,0.748,0.122,0.870,0.752
1780272101083,0.696,0.718,0.645,0.834,0.000,0.000,0.003,0.000,2.896,1.066,0.130,1.196,1.091
1780272101128,1.108,1.071,0.962,1.016,0.000,0.000,0.003,0.000,4.160,1.294,0.122,1.416,1.285
1780272101185,1.137,0.995,1.060,1.115,0.000,0.000,0.003,0.003,4.313,1.326,0.122,1.448,1.406
1780272101218,1.082,1.002,0.929,1.035,0.000,0.000,0.003,0.000,4.051,1.302,0.122,1.424,1.430
1780272101261,0.433,0.510,0.400,0.499,0.000,0.000,0.003,0.003,1.848,0.854,0.130,0.984,1.382
1780272101296,0.160,0.102,0.072,0.102,0.000,0.000,0.000,0.000,0.436,0.610,0.122,0.732,0.752
1780272101333,0.014,0.018,0.014,0.018,0.000,0.000,0.003,0.000,0.067,0.545,0.122,0.667,0.703
1780272101363,0.003,0.003,0.003,0.007,0.000,0.000,0.000,0.003,0.019,0.529,0.122,0.651,0.727
1780272101399,0.003,0.000,0.003,0.003,0.000,0.003,0.003,0.000,0.015,0.520,0.122,0.642,0.703
1780272101429,0.003,0.000,0.003,0.003,0.000,0.000,0.003,0.003,0.015,0.512,0.122,0.634,0.703
1780272101467,0.000,0.000,0.003,0.003,0.000,0.000,0.003,0.000,0.009,0.520,0.122,0.642,0.727
1780272101539,0.000,0.000,0.000,0.003,0.000,0.003,0.003,0.000,0.009,0.537,0.130,0.667,0.727
1780272101570,0.000,0.000,0.000,0.000,0.000,0.000,0.003,0.003,0.006,0.512,0.122,0.634,0.703
1780272101609,0.000,0.000,0.000,0.000,0.000,0.000,0.003,0.003,0.006,0.512,0.122,0.634,0.727
1780272101648,0.003,0.000,0.003,0.003,0.000,0.000,0.003,0.000,0.012,0.520,0.122,0.642,0.727
1780272101713,0.000,0.000,0.000,0.003,0.000,0.000,0.003,0.000,0.006,0.520,0.122,0.642,0.703
1780272101743,0.000,0.000,0.000,0.003,0.000,0.000,0.000,0.000,0.003,0.520,0.113,0.633,0.703
1780272101778,0.000,0.000,0.000,0.003,0.000,0.000,0.003,0.003,0.009,0.537,0.113,0.650,0.703
1780272101819,0.000,0.000,0.000,0.003,0.000,0.000,0.003,0.003,0.009,0.529,0.113,0.642,0.703
1780272101856,0.000,0.000,0.000,0.003,0.000,0.000,0.003,0.000,0.006,0.512,0.113,0.625,0.703
1780272101883,0.000,0.000,0.000,0.003,0.000,0.000,0.003,0.003,0.009,0.512,0.113,0.625,0.727
1780272101917,0.000,0.000,0.000,0.003,0.000,0.000,0.003,0.000,0.006,0.520,0.113,0.633,0.679
1780272101949,0.000,0.000,0.000,0.003,0.000,0.000,0.003,0.000,0.006,0.512,0.122,0.634,0.703
1780272101988,0.003,0.003,0.003,0.003,0.000,0.000,0.003,0.003,0.018,0.520,0.122,0.642,0.703
1780272102042,0.000,0.000,0.000,0.003,0.000,0.000,0.000,0.000,0.003,0.529,0.122,0.651,0.727
1780272102077,0.000,0.000,0.000,0.003,0.000,0.000,0.003,0.000,0.006,0.520,0.122,0.642,0.703
1780272102117,0.000,0.000,0.000,0.003,0.000,0.000,0.003,0.000,0.006,0.520,0.122,0.642,0.703
1780272102156,0.000,0.000,0.000,0.003,0.000,0.000,0.003,0.003,0.009,0.504,0.113,0.617,0.703
1780272102224,0.003,0.000,0.000,0.003,0.003,0.000,0.003,0.000,0.012,0.504,0.113,0.617,0.727
1780272102266,0.000,0.003,0.000,0.003,0.000,0.000,0.003,0.000,0.009,0.545,0.113,0.658,0.703
1780272102303,0.007,0.000,0.000,0.003,0.000,0.000,0.003,0.000,0.013,0.520,0.113,0.633,0.703
1780272102343,0.000,0.000,0.000,0.003,0.000,0.000,0.003,0.000,0.006,0.504,0.113,0.617,0.703
1780272102375,0.000,0.000,0.000,0.003,0.003,0.000,0.003,0.000,0.009,0.520,0.113,0.633,0.703
1780272102415,0.003,0.000,0.003,0.003,0.000,0.003,0.000,0.000,0.012,0.529,0.113,0.642,0.703
1780272102448,0.003,0.000,0.000,0.003,0.000,0.000,0.003,0.000,0.009,0.553,0.113,0.666,0.727
1780272102475,0.003,0.000,0.000,0.003,0.003,0.000,0.003,0.000,0.012,0.545,0.113,0.658,0.727
1780272102510,0.000,0.000,0.003,0.003,0.000,0.000,0.000,0.000,0.006,0.561,0.113,0.674,0.727
1780272102580,0.003,0.000,0.000,0.003,0.003,0.000,0.003,0.000,0.012,0.520,0.122,0.642,0.703
1780272102608,0.000,0.000,0.000,0.003,0.000,0.000,0.003,0.003,0.009,0.520,0.122,0.642,0.703
1780272102646,0.003,0.000,0.000,0.003,0.000,0.000,0.003,0.000,0.009,0.520,0.130,0.650,0.727
1780272102682,0.000,0.000,0.000,0.003,0.000,0.000,0.003,0.003,0.009,0.529,0.130,0.659,0.727
1780272102752,0.000,0.000,0.000,0.003,0.000,0.000,0.003,0.003,0.009,0.512,0.122,0.634,0.703
1780272102780,0.000,0.000,0.000,0.003,0.000,0.003,0.003,0.000,0.009,0.529,0.130,0.659,0.727
1780272102813,0.000,0.000,0.003,0.003,0.000,0.000,0.003,0.000,0.009,0.529,0.122,0.651,0.727
1780272102856,0.000,0.000,0.000,0.003,0.000,0.000,0.003,0.003,0.009,0.520,0.122,0.642,0.703
1780272102899,0.003,0.000,0.000,0.003,0.000,0.000,0.003,0.000,0.009,0.512,0.122,0.634,0.727
1780272102932,0.000,0.000,0.000,0.003,0.000,0.000,0.003,0.000,0.006,0.512,0.113,0.625,0.703
1780272102973,0.003,0.000,0.000,0.003,0.000,0.003,0.000,0.000,0.009,0.504,0.113,0.617,0.703
1780272103010,0.000,0.000,0.003,0.003,0.000,0.000,0.003,0.000,0.009,0.512,0.113,0.625,0.703
1780272103059,0.000,0.003,0.000,0.003,0.000,0.003,0.000,0.000,0.009,0.520,0.113,0.633,0.703
1780272103119,0.000,0.000,0.000,0.003,0.000,0.000,0.003,0.003,0.009,0.529,0.113,0.642,0.703
1780272103146,0.000,0.000,0.000,0.003,0.000,0.003,0.000,0.003,0.009,0.512,0.122,0.634,0.679
1780272103191,0.000,0.000,0.000,0.003,0.000,0.000,0.003,0.000,0.006,0.520,0.122,0.642,0.727
1780272103266,0.000,0.000,0.000,0.003,0.000,0.003,0.003,0.000,0.009,0.529,0.122,0.651,0.679
1780272103294,0.000,0.000,0.003,0.003,0.000,0.000,0.003,0.000,0.009,0.504,0.130,0.634,0.727
1780272103340,0.000,0.000,0.000,0.003,0.000,0.000,0.000,0.003,0.006,0.512,0.122,0.634,0.727
1780272103386,0.000,0.000,0.000,0.003,0.000,0.003,0.000,0.000,0.006,0.512,0.130,0.642,0.727
1780272103420,0.000,0.000,0.003,0.003,0.000,0.000,0.003,0.000,0.009,0.512,0.130,0.642,0.727
1780272103450,0.000,0.000,0.000,0.003,0.000,0.000,0.003,0.000,0.006,0.512,0.122,0.634,0.703
1780272103496,0.000,0.000,0.003,0.003,0.000,0.000,0.003,0.003,0.012,0.504,0.130,0.634,0.703
1780272103534,0.003,0.000,0.000,0.003,0.000,0.000,0.003,0.000,0.009,0.529,0.130,0.659,0.703
1780272103571,0.000,0.000,0.000,0.003,0.000,0.000,0.003,0.000,0.006,0.512,0.122,0.634,0.727
1780272103648,0.003,0.000,0.003,0.003,0.000,0.000,0.003,0.003,0.015,0.512,0.130,0.642,0.703
1780272103674,0.003,0.003,0.000,0.003,0.000,0.000,0.003,0.000,0.012,0.529,0.122,0.651,0.727
1780272103707,0.000,0.000,0.000,0.003,0.000,0.000,0.003,0.000,0.006,0.512,0.122,0.634,0.703
1780272103786,0.000,0.000,0.000,0.003,0.000,0.000,0.000,0.000,0.003,0.529,0.130,0.659,0.703
1780272103815,0.000,0.000,0.000,0.003,0.000,0.000,0.003,0.000,0.006,0.529,0.130,0.659,0.727
1780272103853,0.003,0.000,0.003,0.003,0.000,0.000,0.003,0.000,0.012,0.537,0.130,0.667,0.727
1780272103889,0.007,0.000,0.000,0.000,0.000,0.000,0.003,0.000,0.010,0.520,0.122,0.642,0.727
1780272103932,0.000,0.000,0.000,0.003,0.000,0.000,0.003,0.000,0.006,0.520,0.122,0.642,0.727
1780272103958,0.000,0.000,0.000,0.003,0.000,0.000,0.003,0.003,0.009,0.520,0.122,0.642,0.703
1780272103993,0.000,0.000,0.000,0.003,0.000,0.000,0.003,0.000,0.006,0.504,0.122,0.626,0.703
1780272104024,0.003,0.000,0.000,0.003,0.000,0.000,0.003,0.000,0.009,0.537,0.113,0.650,0.727
1780272104068,0.000,0.000,0.000,0.003,0.000,0.003,0.000,0.003,0.009,0.512,0.122,0.634,0.703
1780272104104,0.000,0.000,0.000,0.003,0.000,0.000,0.003,0.000,0.006,0.520,0.122,0.642,0.703
1780272104168,0.000,0.000,0.000,0.003,0.000,0.000,0.003,0.003,0.009,0.512,0.122,0.634,0.703
1780272104212,0.000,0.000,0.000,0.003,0.000,0.000,0.003,0.003,0.009,0.520,0.113,0.633,0.703
1780272104287,0.000,0.000,0.000,0.003,0.000,0.000,0.003,0.000,0.006,0.537,0.113,0.650,0.703
1780272104319,0.003,0.000,0.000,0.003,0.000,0.000,0.003,0.000,0.009,0.512,0.113,0.625,0.703
1780272104360,0.000,0.000,0.000,0.003,0.003,0.000,0.003,0.003,0.012,0.504,0.113,0.617,0.679
1780272104402,0.000,0.000,0.003,0.003,0.000,0.000,0.003,0.000,0.009,0.504,0.122,0.626,0.703
1780272104440,0.000,0.000,0.003,0.003,0.000,0.003,0.003,0.003,0.015,0.504,0.122,0.626,0.703
1780272104470,0.000,0.000,0.003,0.003,0.000,0.000,0.000,0.000,0.006,0.520,0.122,0.642,0.727
1780272104513,0.003,0.000,0.000,0.003,0.000,0.000,0.000,0.000,0.006,0.529,0.122,0.651,0.703
1780272104539,0.000,0.000,0.000,0.003,0.000,0.000,0.000,0.003,0.006,0.529,0.130,0.659,0.727
1780272104578,0.000,0.000,0.000,0.003,0.000,0.000,0.003,0.003,0.009,0.504,0.122,0.626,0.703
1780272104608,0.000,0.000,0.000,0.003,0.000,0.000,0.000,0.000,0.003,0.504,0.122,0.626,0.679
1780272104674,0.003,0.000,0.000,0.003,0.000,0.000,0.003,0.003,0.012,0.520,0.122,0.642,0.703
1780272104706,0.003,0.000,0.000,0.003,0.000,0.000,0.003,0.000,0.009,0.520,0.122,0.642,0.727
1780272104743,0.000,0.000,0.000,0.003,0.000,0.000,0.000,0.003,0.006,0.504,0.122,0.626,0.703
1780272104826,0.000,0.000,0.000,0.003,0.000,0.000,0.000,0.000,0.003,0.504,0.122,0.626,0.703
1780272104853,0.000,0.000,0.000,0.003,0.000,0.000,0.003,0.003,0.009,0.520,0.122,0.642,0.727
1780272104892,0.000,0.000,0.000,0.003,0.000,0.000,0.003,0.000,0.006,0.512,0.122,0.634,0.727
1780272104939,0.000,0.000,0.000,0.003,0.000,0.003,0.000,0.000,0.006,0.512,0.122,0.634,0.703
1780272104973,0.000,0.000,0.003,0.003,0.000,0.000,0.003,0.000,0.009,0.512,0.130,0.642,0.703
1780272105007,0.000,0.000,0.000,0.003,0.000,0.003,0.000,0.000,0.006,0.504,0.122,0.626,0.703
1780272105037,0.000,0.000,0.000,0.003,0.000,0.000,0.003,0.003,0.009,0.520,0.122,0.642,0.703
1780272105073,0.000,0.000,0.000,0.003,0.000,0.000,0.000,0.000,0.003,0.520,0.122,0.642,0.727
1780272105115,0.000,0.003,0.000,0.003,0.000,0.000,0.003,0.003,0.012,0.496,0.122,0.618,0.703
1780272105176,0.000,0.000,0.000,0.003,0.000,0.000,0.003,0.000,0.006,0.512,0.122,0.634,0.703
1780272105210,0.000,0.000,0.000,0.003,0.000,0.000,0.003,0.003,0.009,0.504,0.122,0.626,0.703
1780272105252,0.000,0.000,0.003,0.003,0.000,0.000,0.003,0.003,0.012,0.520,0.122,0.642,0.752
1780272105317,0.000,0.000,0.000,0.003,0.000,0.000,0.003,0.000,0.006,0.537,0.122,0.659,0.727
1780272105346,0.000,0.000,0.000,0.007,0.000,0.000,0.000,0.000,0.007,0.512,0.122,0.634,0.727
1780272105384,0.000,0.000,0.000,0.003,0.000,0.003,0.003,0.003,0.012,0.512,0.122,0.634,0.703
1780272105416,0.003,0.000,0.000,0.003,0.000,0.000,0.003,0.003,0.012,0.520,0.122,0.642,0.703
1780272105461,0.000,0.000,0.000,0.003,0.000,0.000,0.003,0.000,0.006,0.520,0.122,0.642,0.727
1780272105494,0.000,0.000,0.000,0.003,0.000,0.003,0.003,0.000,0.009,0.504,0.122,0.626,0.703
1780272105540,0.000,0.003,0.000,0.003,0.000,0.003,0.000,0.000,0.009,0.504,0.113,0.617,0.703
1780272105576,0.000,0.000,0.000,0.003,0.000,0.003,0.007,0.000,0.013,0.512,0.122,0.634,0.703
1780272105615,0.003,0.000,0.000,0.003,0.000,0.003,0.003,0.000,0.012,0.504,0.113,0.617,0.703
1780272105647,0.000,0.000,0.000,0.003,0.000,0.000,0.003,0.000,0.006,0.504,0.113,0.617,0.703
1780272105714,0.000,0.000,0.000,0.003,0.000,0.003,0.003,0.000,0.009,0.504,0.122,0.626,0.703
1780272105751,0.003,0.000,0.000,0.003,0.000,0.000,0.003,0.003,0.012,0.496,0.122,0.618,0.679
1780272105792,0.003,0.000,0.000,0.003,0.000,0.003,0.003,0.003,0.015,0.512,0.122,0.634,0.679
1780272105866,0.000,0.000,0.000,0.003,0.000,0.003,0.003,0.003,0.012,0.504,0.130,0.634,0.727
1780272105895,0.003,0.000,0.000,0.003,0.000,0.000,0.003,0.003,0.012,0.496,0.130,0.626,0.703
1780272105927,0.000,0.003,0.000,0.003,0.000,0.003,0.003,0.000,0.012,0.512,0.122,0.634,0.703
1780272105965,0.000,0.000,0.000,0.000,0.000,0.000,0.003,0.000,0.003,0.504,0.122,0.626,0.703
1780272106002,0.003,0.000,0.000,0.000,0.000,0.000,0.000,0.000,0.003,0.504,0.122,0.626,0.727
1780272106037,0.000,0.000,0.003,0.003,0.000,0.000,0.003,0.000,0.009,0.512,0.122,0.634,0.703
1780272106072,0.000,0.000,0.000,0.000,0.000,0.000,0.003,0.000,0.003,0.512,0.130,0.642,0.703
1780272106099,0.003,0.000,0.000,0.007,0.000,0.000,0.003,0.003,0.016,0.504,0.130,0.634,0.703
1780272106143,0.000,0.000,0.000,0.003,0.000,0.000,0.003,0.000,0.006,0.504,0.122,0.626,0.703
1780272106172,0.003,0.000,0.003,0.003,0.000,0.003,0.003,0.000,0.015,0.496,0.130,0.626,0.703
1780272106232,0.003,0.000,0.000,0.003,0.000,0.000,0.000,0.000,0.006,0.512,0.113,0.625,0.679
1780272106270,0.003,0.000,0.000,0.003,0.000,0.000,0.003,0.000,0.009,0.512,0.113,0.625,0.727
1780272106308,0.000,0.000,0.000,0.003,0.000,0.000,0.003,0.000,0.006,0.537,0.122,0.659,0.703
1780272106381,0.000,0.000,0.000,0.003,0.000,0.003,0.000,0.000,0.006,0.512,0.122,0.634,0.703
1780272106422,0.003,0.000,0.000,0.003,0.000,0.000,0.003,0.000,0.009,0.529,0.122,0.651,0.703
1780272106458,0.000,0.000,0.000,0.003,0.000,0.000,0.003,0.000,0.006,0.529,0.130,0.659,0.703
1780272106512,0.000,0.000,0.000,0.003,0.003,0.000,0.003,0.000,0.009,0.520,0.130,0.650,0.703
1780272106549,0.003,0.000,0.000,0.003,0.000,0.000,0.000,0.003,0.009,0.537,0.122,0.659,0.727
1780272106585,0.000,0.000,0.000,0.003,0.000,0.000,0.003,0.000,0.006,0.520,0.113,0.633,0.703
1780272106615,0.000,0.000,0.000,0.003,0.000,0.000,0.003,0.000,0.006,0.553,0.113,0.666,0.679
1780272106646,0.000,0.000,0.000,0.003,0.000,0.000,0.003,0.003,0.009,0.537,0.113,0.650,0.727
1780272106677,0.000,0.000,0.000,0.003,0.000,0.000,0.000,0.000,0.003,0.537,0.113,0.650,0.703
1780272106732,0.000,0.000,0.000,0.003,0.000,0.000,0.003,0.003,0.009,0.520,0.113,0.633,0.679
1780272106761,0.000,0.000,0.000,0.000,0.000,0.000,0.003,0.000,0.003,0.529,0.113,0.642,0.727
1780272106804,0.000,0.000,0.003,0.003,0.000,0.000,0.003,0.003,0.012,0.537,0.122,0.659,0.703
1780272106839,0.000,0.000,0.000,0.003,0.000,0.000,0.003,0.003,0.009,0.504,0.122,0.626,0.727
1780272106912,0.000,0.000,0.000,0.003,0.000,0.000,0.003,0.003,0.009,0.512,0.122,0.634,0.703
1780272106942,0.000,0.003,0.000,0.003,0.000,0.000,0.003,0.003,0.012,0.496,0.122,0.618,0.703
1780272106989,0.000,0.000,0.000,0.003,0.000,0.000,0.003,0.000,0.006,0.496,0.122,0.618,0.703
1780272107049,0.000,0.000,0.000,0.003,0.003,0.000,0.003,0.003,0.012,0.504,0.122,0.626,0.727
1780272107083,0.000,0.000,0.000,0.003,0.000,0.000,0.000,0.003,0.006,0.537,0.122,0.659,0.703
1780272107119,0.000,0.000,0.003,0.003,0.003,0.000,0.003,0.000,0.012,0.520,0.130,0.650,0.727
1780272107148,0.000,0.000,0.000,0.007,0.000,0.000,0.000,0.000,0.007,0.520,0.122,0.642,0.703
1780272107182,0.003,0.000,0.000,0.003,0.000,0.000,0.003,0.003,0.012,0.512,0.130,0.642,0.727
1780272107240,0.003,0.000,0.000,0.003,0.000,0.000,0.003,0.000,0.009,0.496,0.122,0.618,0.727
1780272107272,0.000,0.003,0.000,0.003,0.000,0.003,0.003,0.000,0.012,0.512,0.130,0.642,0.703
1780272107305,0.007,0.000,0.000,0.003,0.000,0.000,0.003,0.000,0.013,0.529,0.122,0.651,0.703
1780272107335,0.003,0.000,0.000,0.003,0.000,0.000,0.003,0.003,0.012,0.520,0.122,0.642,0.727
1780272107369,0.003,0.000,0.000,0.003,0.000,0.000,0.003,0.003,0.012,0.512,0.122,0.634,0.727
1780272107439,0.000,0.000,0.003,0.003,0.000,0.003,0.003,0.000,0.012,0.504,0.113,0.617,0.679
1780272107469,0.000,0.000,0.000,0.003,0.000,0.000,0.003,0.003,0.009,0.520,0.113,0.633,0.703
1780272107502,0.000,0.000,0.000,0.003,0.000,0.003,0.003,0.003,0.012,0.504,0.113,0.617,0.703
1780272107547,0.003,0.000,0.000,0.003,0.000,0.000,0.000,0.000,0.006,0.496,0.113,0.609,0.679
1780272107584,0.000,0.000,0.000,0.003,0.000,0.003,0.003,0.000,0.009,0.520,0.113,0.633,0.679
1780272107612,0.000,0.000,0.000,0.003,0.000,0.000,0.003,0.000,0.006,0.529,0.113,0.642,0.703
1780272107645,0.000,0.000,0.000,0.000,0.000,0.003,0.003,0.000,0.006,0.504,0.113,0.617,0.679
1780272107682,0.000,0.003,0.000,0.003,0.000,0.000,0.003,0.003,0.012,0.520,0.113,0.633,0.703
1780272107717,0.000,0.000,0.000,0.007,0.000,0.003,0.003,0.000,0.013,0.520,0.113,0.633,0.703
1780272107772,0.007,0.000,0.000,0.003,0.000,0.000,0.000,0.000,0.010,0.512,0.113,0.625,0.703
1780272107805,0.000,0.000,0.000,0.003,0.000,0.000,0.003,0.000,0.006,0.512,0.113,0.625,0.679
1780272107842,0.000,0.000,0.000,0.003,0.000,0.000,0.003,0.000,0.006,0.512,0.113,0.625,0.703
1780272107876,0.000,0.000,0.000,0.007,0.000,0.000,0.003,0.003,0.013,0.512,0.113,0.625,0.703
1780272107962,0.003,0.000,0.000,0.003,0.000,0.000,0.000,0.000,0.006,0.512,0.113,0.625,0.679
1780272107995,0.003,0.000,0.000,0.003,0.000,0.000,0.003,0.000,0.009,0.529,0.122,0.651,0.703
1780272108024,0.000,0.003,0.000,0.003,0.000,0.000,0.003,0.000,0.009,0.520,0.122,0.642,0.703
1780272108065,0.003,0.000,0.000,0.003,0.000,0.000,0.003,0.000,0.009,0.553,0.122,0.675,0.727
1780272108096,0.000,0.003,0.000,0.003,0.000,0.000,0.003,0.000,0.009,0.520,0.122,0.642,0.752
1780272108128,0.000,0.000,0.000,0.003,0.000,0.000,0.003,0.003,0.009,0.512,0.122,0.634,0.703
1780272108178,0.003,0.000,0.003,0.003,0.000,0.000,0.003,0.000,0.012,0.488,0.113,0.601,0.703
