wall_clock_ms,lf_A,rf_A,lb_A,rb_A,frontIntake_A,backIntake_A,lShooter_A,rShooter_A,motor_total_A,floodgate_A
1780274924731,0.000,0.000,0.000,0.003,0.000,0.000,0.003,0.000,0.006,0.630
1780274924845,0.000,0.000,0.000,0.003,0.000,0.000,0.000,0.000,0.003,3.564
1780274924877,0.003,0.000,0.000,0.003,0.000,0.000,0.018,0.000,0.024,2.958
1780274924914,0.000,0.000,0.003,0.003,0.000,0.000,0.003,0.000,0.009,2.424
1780274924944,0.000,0.000,0.000,0.003,0.000,0.000,0.003,0.000,0.006,1.818
1780274924985,0.000,0.000,0.000,0.003,0.000,0.003,0.000,0.000,0.006,1.503
1780274925018,0.000,0.000,0.000,0.003,0.000,0.000,0.014,0.000,0.017,1.358
1780274925052,0.003,0.000,0.000,0.003,0.000,0.000,0.021,0.000,0.027,1.285
1780274925078,0.000,0.003,0.000,0.000,0.000,0.000,0.000,0.003,0.006,1.503
1780274925113,0.003,0.000,0.000,0.003,0.000,0.000,0.003,0.003,0.012,1.624
1780274925140,0.007,0.000,0.000,0.003,0.000,0.000,0.007,0.000,0.017,0.873
1780274925172,0.003,0.000,0.000,0.003,0.000,0.003,0.007,0.000,0.016,0.776
1780274925224,0.003,0.000,0.000,0.000,0.000,0.000,0.003,0.000,0.006,1.091
1780274925280,0.000,0.000,0.000,0.003,0.000,0.000,0.003,0.000,0.006,0.873
1780274925381,0.000,0.000,0.000,0.003,0.000,0.000,0.000,0.000,0.003,0.873
1780274925418,0.000,0.000,0.000,0.003,0.000,0.000,0.003,0.000,0.006,0.703
1780274925458,0.000,0.000,0.000,0.003,0.000,0.000,0.003,0.000,0.006,0.679
1780274925493,1.363,1.286,1.210,1.257,0.000,0.000,0.003,0.003,5.122,0.824
1780274925534,5.372,4.815,5.004,5.048,0.000,0.000,0.003,0.000,20.242,2.206
1780274925568,5.770,5.434,6.072,6.309,0.000,0.000,0.003,0.003,23.591,20.170
1780274925601,4.705,4.297,5.489,5.824,0.000,0.000,0.003,0.003,20.321,18.497
1780274925626,4.209,4.096,5.099,5.361,0.000,0.000,0.003,0.000,18.768,16.582
1780274925666,1.501,1.622,2.165,2.474,0.000,0.000,0.003,0.000,7.765,14.909
1780274925697,0.608,0.568,0.951,1.097,0.000,0.003,0.003,0.000,3.230,1.939
1780274925763,0.058,0.047,0.058,0.076,0.000,0.000,0.003,0.003,0.245,0.824
1780274925800,0.010,0.007,0.014,0.014,0.000,0.003,0.003,0.003,0.054,0.630
1780274925909,0.222,0.233,0.131,0.164,0.000,0.000,0.003,0.000,0.753,0.776
1780274925951,4.169,2.824,3.422,4.020,0.000,0.000,0.000,0.000,14.435,2.642
1780274925989,5.033,5.565,6.367,6.269,0.000,0.000,0.000,0.000,23.234,21.770
1780274926021,4.137,5.234,5.595,5.569,0.000,0.000,0.003,0.000,20.538,18.036
1780274926062,3.462,3.666,4.042,4.432,0.000,0.000,0.000,0.000,15.602,16.267
1780274926106,0.914,1.177,1.232,1.490,0.000,0.000,0.003,0.003,4.819,6.036
1780274926157,0.072,0.087,0.087,0.098,0.000,0.000,0.003,0.000,0.347,0.824
1780274926185,0.014,0.021,0.018,0.029,0.000,0.000,0.003,0.007,0.092,0.630
1780274926222,0.007,0.007,0.003,0.010,0.000,0.000,0.003,0.003,0.033,0.630
1780274926278,0.003,0.000,0.003,0.003,0.000,0.000,0.003,0.000,0.012,0.752
1780274926338,0.003,0.000,0.003,0.003,0.000,0.000,0.003,0.003,0.015,0.752
1780274926426,0.000,0.003,0.000,0.007,0.000,0.000,0.003,0.003,0.016,0.752
1780274926471,2.945,2.380,3.342,2.700,0.000,0.000,0.003,0.000,11.370,3.515
1780274926514,6.655,6.240,5.256,4.778,0.000,0.000,0.003,0.003,22.935,11.467
1780274926549,7.228,7.224,3.717,3.196,0.000,0.000,0.007,0.000,21.372,19.055
1780274926593,6.101,5.321,4.975,4.118,4.009,3.747,0.003,0.007,28.281,19.224
1780274926624,5.431,4.654,4.585,4.410,3.801,3.717,0.003,0.007,26.608,23.588
1780274926658,5.576,2.471,4.304,1.330,2.803,2.992,0.003,0.003,19.482,20.921
1780274926686,5.471,0.601,4.764,0.484,2.402,2.369,0.003,0.003,16.097,14.376
1780274926723,4.592,0.441,4.490,0.215,1.902,2.033,0.003,0.003,13.679,12.630
1780274926793,3.185,5.872,2.795,4.118,1.264,1.428,0.003,0.003,18.668,15.685
1780274926831,3.440,5.416,3.480,2.894,1.530,1.505,0.003,0.003,18.271,16.315
1780274926869,2.781,4.990,3.462,4.020,1.428,1.519,0.003,0.003,18.206,15.685
1780274926966,3.090,3.958,3.214,2.664,1.450,1.971,0.003,0.003,16.353,14.133
1780274926999,2.956,3.539,2.934,3.036,2.037,2.551,0.003,0.003,17.059,15.006
1780274927036,2.813,3.014,2.500,2.839,2.722,2.008,0.003,0.003,15.902,14.909
1780274927096,2.351,2.941,2.438,2.493,1.738,1.931,0.003,0.003,13.898,13.139
1780274927130,1.410,2.755,0.874,2.773,1.760,1.840,0.003,0.003,11.418,10.642
1780274927164,0.207,2.660,0.189,2.646,1.698,1.749,0.003,0.003,9.155,9.018
1780274927192,0.083,2.292,0.047,2.256,1.917,3.018,0.003,0.010,9.626,8.776
1780274927229,0.018,1.709,0.014,1.632,4.056,3.663,0.003,0.007,11.102,11.345
1780274927289,0.007,1.042,0.010,1.891,2.854,2.908,0.003,0.003,8.718,8.727
1780274927320,1.855,0.699,2.278,1.702,2.212,2.577,0.003,0.007,11.333,8.655
1780274927376,4.355,0.225,3.470,2.099,3.189,2.358,0.003,0.003,15.702,14.206
1780274927480,2.792,0.947,2.722,2.795,2.394,2.478,0.003,0.003,14.134,14.400
1780274927519,3.852,1.450,2.314,2.471,2.092,2.868,0.007,0.007,15.061,13.042
1780274927556,3.247,1.735,2.103,2.923,3.415,3.218,0.003,0.007,16.651,14.691
1780274927586,2.697,1.530,2.125,2.668,3.710,2.974,0.007,0.003,15.714,15.152
1780274927623,2.704,1.727,1.950,2.128,2.584,2.810,0.003,0.003,13.909,13.164
1780274927665,3.021,1.997,1.815,2.110,2.256,2.453,0.003,0.007,13.662,12.509
1780274927707,2.507,0.893,2.121,1.129,2.952,2.937,0.007,0.007,12.553,12.921
1780274927741,2.493,0.233,1.818,0.160,2.551,2.821,0.003,0.003,10.082,9.939
1780274927817,1.403,4.928,1.363,5.944,3.207,4.169,0.007,0.007,21.028,14.352
1780274927883,0.506,2.613,0.652,7.909,3.510,3.152,0.003,0.007,18.352,15.903
1780274927976,0.171,1.891,1.206,8.467,2.580,2.751,0.003,0.007,17.076,16.388
1780274928012,5.565,0.780,5.682,7.519,2.106,2.110,0.003,0.003,23.768,14.521
1780274928054,5.536,1.447,8.387,6.991,2.041,2.223,0.003,0.003,26.631,20.048
1780274928085,2.365,1.177,8.857,6.732,2.270,2.715,0.007,0.007,24.130,20.679
1780274928135,0.422,0.663,9.582,4.928,3.965,4.282,0.007,0.007,23.856,20.000
1780274928175,0.225,1.180,9.593,3.138,4.326,3.645,0.003,0.007,22.117,18.570
1780274928210,1.417,2.139,8.638,0.947,3.269,3.389,0.003,0.007,19.809,17.430
1780274928242,1.064,1.782,7.279,0.331,3.426,3.499,0.003,0.003,17.387,15.588
1780274928286,0.995,2.478,6.378,1.607,2.916,3.076,0.003,0.003,17.456,13.358
1780274928362,2.762,3.579,5.270,3.881,0.277,0.342,0.000,0.003,16.114,11.176
1780274928415,2.529,3.710,4.552,5.117,0.025,0.021,0.003,0.000,15.957,10.861
1780274928486,0.608,0.940,4.253,3.816,0.000,0.003,0.003,0.003,9.626,6.376
1780274928520,1.406,0.645,4.089,2.219,0.000,0.003,0.003,0.000,8.365,6.182
1780274928575,4.465,0.054,3.422,0.273,0.000,0.000,0.003,0.000,8.217,7.273
1780274928626,5.077,0.091,2.726,1.614,0.000,0.003,0.007,0.003,9.521,7.200
1780274928657,4.785,0.550,1.447,3.987,0.003,0.000,0.003,0.000,10.775,7.248
1780274928695,3.703,0.634,0.244,7.344,0.000,0.000,0.000,0.003,11.928,10.012
1780274928724,4.949,0.346,0.083,5.850,0.000,0.000,0.003,0.000,11.231,9.988
1780274928763,5.146,0.670,2.482,5.146,0.003,0.000,0.007,0.000,13.454,9.164
1780274928789,4.661,1.658,4.031,5.799,0.000,0.000,0.003,0.000,16.152,9.745
1780274928827,5.409,1.993,4.443,3.911,0.000,0.003,0.003,0.000,15.762,9.406
1780274928893,4.968,2.449,3.885,4.096,0.000,0.000,0.003,0.000,15.401,8.364
1780274928937,4.257,2.063,3.488,4.599,0.000,0.000,0.003,0.000,14.410,9.333
1780274929002,4.516,2.168,2.394,3.903,0.000,0.000,0.003,0.000,12.984,8.655
1780274929031,4.271,2.376,2.653,3.827,0.000,0.000,0.003,0.000,13.130,8.267
1780274929069,3.983,2.664,3.101,3.907,0.000,0.000,0.003,0.003,13.661,8.655
1780274929099,3.943,2.897,3.123,3.542,0.000,0.000,0.003,0.003,13.511,8.897
1780274929154,3.659,3.459,4.020,3.072,0.000,0.003,0.003,0.000,14.216,9.552
1780274929181,3.568,3.674,4.326,3.331,0.000,0.000,0.003,0.000,14.902,9.552
1780274929220,3.087,4.053,4.702,3.222,0.000,0.000,0.003,0.003,15.070,9.988
1780274929255,3.123,4.672,5.613,2.715,0.000,0.003,0.003,0.000,16.129,11.055
1780274929297,2.996,5.190,6.087,2.489,0.000,0.000,0.003,0.000,16.765,13.212
1780274929323,2.722,5.310,6.039,2.515,0.000,0.000,0.000,0.000,16.586,14.376
1780274929360,2.467,5.062,5.806,2.114,0.000,0.000,0.000,0.000,15.449,14.206
1780274929438,0.331,4.829,5.620,0.302,0.000,0.000,0.003,0.000,11.085,9.576
1780274929520,5.624,4.869,3.583,4.508,0.000,0.000,0.003,0.000,18.587,13.018
1780274929556,7.253,4.789,2.646,5.737,0.000,0.000,0.003,0.003,20.431,12.994
1780274929587,6.757,4.363,2.668,7.184,0.000,0.000,0.003,0.000,20.975,18.352
1780274929627,2.901,2.562,1.304,5.853,0.000,0.000,0.003,0.003,12.626,16.752
1780274929663,1.815,0.375,0.200,2.012,0.000,0.003,0.003,0.003,4.411,2.352
1780274929701,0.925,0.069,0.043,0.769,0.000,0.000,0.003,0.003,1.812,1.164
1780274929746,0.072,0.010,0.010,0.091,0.000,0.000,0.003,0.003,0.189,0.703
1780274929772,0.029,0.003,0.007,0.025,0.000,0.000,0.003,0.000,0.067,0.703
1780274929804,0.010,0.003,0.003,0.007,0.000,0.003,0.003,0.000,0.029,0.679
1780274929844,0.007,0.003,0.003,0.007,0.000,0.000,0.000,0.003,0.023,0.679
1780274929882,0.003,0.000,0.007,0.007,0.000,0.003,0.003,0.000,0.023,0.727
1780274929935,0.003,0.003,0.000,0.007,0.000,0.003,0.003,0.000,0.019,0.703
1780274929963,0.003,0.003,0.000,0.003,0.000,0.000,0.003,0.003,0.015,0.727
1780274930041,0.003,0.003,0.003,0.007,0.000,0.003,0.003,0.000,0.022,0.703
1780274930081,0.000,0.000,0.003,0.003,0.000,0.000,0.003,0.000,0.009,0.679
1780274930122,0.003,0.003,0.003,0.003,0.000,0.000,0.003,0.000,0.015,0.703
1780274930154,0.007,0.000,0.003,0.003,0.000,0.000,0.003,0.003,0.019,0.703
1780274930199,0.003,0.000,0.000,0.003,0.000,0.000,0.003,0.003,0.012,0.679
1780274930257,0.000,0.000,0.000,0.003,0.000,0.000,0.003,0.000,0.006,0.679
1780274930288,0.000,0.000,0.000,0.003,0.000,0.000,0.003,0.003,0.009,0.703
1780274930326,0.003,0.000,0.000,0.003,0.000,0.000,0.003,0.000,0.009,0.703
1780274930386,0.003,0.000,0.000,0.003,0.000,0.000,0.003,0.003,0.012,0.679
1780274930464,0.000,0.000,0.000,0.003,0.000,0.000,0.003,0.003,0.009,0.703
1780274930496,0.003,0.000,0.003,0.000,0.000,0.000,0.003,0.003,0.012,0.679
1780274930576,0.003,0.000,0.000,0.003,0.000,0.000,0.007,0.000,0.013,0.679
1780274930650,0.000,0.000,0.000,0.000,0.007,0.018,7.731,8.649,16.405,14.885
1780274930706,0.000,0.000,0.003,0.000,0.003,0.018,8.135,8.445,16.604,19.491
1780274930779,0.000,0.000,0.000,0.003,0.003,0.014,7.723,8.376,16.119,18.642
1780274930813,0.000,0.000,0.000,0.003,0.003,0.018,7.778,8.463,16.265,20.509
1780274930845,0.426,0.298,0.411,0.357,0.003,0.018,7.687,8.401,17.601,18.933
1780274930888,2.533,2.649,2.511,2.602,0.003,0.014,7.064,7.610,24.986,19.564
1780274930945,2.708,6.025,6.262,5.230,0.003,0.014,6.127,6.739,33.108,29.115
1780274931001,1.574,6.079,6.324,4.497,0.000,0.014,6.021,6.659,31.168,27.370
1780274931076,2.471,5.135,5.467,4.301,0.003,0.014,6.156,6.659,30.206,25.600
1780274931138,3.265,4.957,4.705,4.301,0.003,0.014,5.923,6.422,29.590,25.236
1780274931208,3.404,4.468,3.951,4.155,0.003,0.010,5.773,6.407,28.171,24.412
1780274931262,3.313,4.002,3.940,3.951,0.003,0.010,5.646,6.345,27.210,23.612
1780274931314,2.788,3.189,3.058,3.440,0.003,0.010,5.923,6.524,24.935,20.824
1780274931391,0.353,0.320,0.280,0.342,0.007,0.010,6.451,7.166,14.929,14.376
1780274931440,0.018,0.025,0.018,0.014,0.003,0.010,6.411,7.031,13.530,13.358
1780274931510,0.003,0.003,0.003,0.000,0.003,0.014,6.200,6.856,13.082,13.261
1780274931591,0.003,0.003,0.003,0.003,0.003,0.014,6.068,6.663,12.760,12.509
1780274931672,0.000,0.003,0.000,0.003,0.000,0.003,2.766,3.203,5.978,9.382
1780274931737,0.000,0.003,0.003,0.003,0.000,0.000,0.532,0.725,1.266,5.188
1780274931785,0.000,0.000,0.000,0.000,0.007,0.021,9.265,10.100,19.393,6.594
1780274931854,0.306,0.306,0.240,0.324,0.000,0.003,3.028,3.032,7.239,9.939
1780274931924,3.856,5.704,6.192,5.237,0.003,0.010,4.388,5.070,30.460,22.158
1780274931980,1.170,5.700,6.466,5.248,0.003,0.010,4.873,5.493,28.963,24.145
1780274932047,0.368,0.736,0.882,0.947,0.003,0.010,5.872,6.571,15.389,13.285
1780274932138,0.014,0.010,0.018,0.014,0.003,0.007,4.042,4.435,8.543,10.133
1780274932198,0.003,0.000,0.003,0.003,0.000,0.000,1.020,1.100,2.129,2.352
1780274932255,0.003,0.000,0.003,0.003,0.007,0.025,9.764,10.366,20.171,14.133
1780274932294,0.000,0.000,0.000,0.003,0.003,0.003,3.327,3.867,7.203,13.745
1780274932344,0.007,0.000,0.000,0.003,0.003,0.003,3.007,3.364,6.387,3.030
1780274932405,0.003,0.003,0.000,0.003,0.003,0.010,5.832,6.433,12.287,7.661
1780274932451,0.000,0.000,0.000,0.003,0.003,0.014,6.032,6.550,12.602,12.485
1780274932515,0.000,0.000,0.000,0.000,0.003,0.014,5.897,6.422,12.336,12.242
1780274932597,0.007,0.003,0.000,0.000,4.858,0.003,0.663,0.787,6.321,6.400
1780274932702,0.000,0.000,0.000,0.003,2.781,2.544,9.473,10.278,25.079,28.145
1780274932770,0.000,0.000,0.000,0.000,3.058,3.203,5.748,6.262,18.271,23.370
1780274932830,0.000,0.000,0.000,0.000,2.551,2.631,5.369,5.883,16.434,19.903
1780274932870,0.000,0.000,0.000,0.000,2.416,2.500,5.328,5.861,16.105,19.467
1780274932918,0.003,0.000,0.000,0.000,2.361,2.423,5.172,5.766,15.725,19.248
1780274932975,0.000,0.000,0.000,0.003,2.453,2.580,3.670,4.148,12.854,15.176
1780274933028,0.003,0.000,0.000,0.003,2.587,2.660,1.669,2.008,8.930,13.333
1780274933122,0.003,0.000,0.000,0.003,2.536,3.098,0.776,0.965,7.381,7.782
1780274933221,0.000,0.000,0.000,0.003,1.939,1.917,5.121,5.770,14.750,11.491
1780274933278,0.000,0.000,0.000,0.000,1.804,2.103,5.606,6.167,15.680,16.436
1780274933320,0.000,0.000,0.000,0.003,1.884,2.015,5.795,6.393,16.090,16.218
1780274933355,0.003,0.000,0.000,0.000,1.767,1.461,5.828,6.367,15.426,15.709
1780274933412,0.000,0.000,0.000,0.000,1.326,1.476,5.569,6.109,14.480,15.879
1780274933451,0.000,0.000,0.000,0.003,1.377,1.432,5.420,6.028,14.260,16.558
1780274933483,0.000,0.000,0.000,0.003,1.345,1.370,5.328,5.893,13.939,16.752
1780274933554,0.000,0.000,0.003,0.003,1.669,1.735,3.072,3.517,9.999,11.297
1780274933645,0.003,0.003,0.000,0.003,1.636,1.622,0.856,0.954,5.077,5.382
1780274933731,0.000,0.000,0.000,0.003,1.348,1.439,1.891,2.168,6.849,5.261
1780274933793,0.003,0.000,0.000,0.003,0.222,0.273,5.066,5.850,11.417,5.600
1780274933827,0.000,0.000,0.000,0.003,0.054,0.051,5.795,6.386,12.289,12.364
1780274933864,0.000,0.000,0.000,0.003,0.014,0.021,5.791,6.415,12.244,12.024
1780274933901,0.000,0.000,0.000,0.000,0.007,0.010,3.870,4.428,8.315,8.776
1780274933944,0.003,0.000,0.000,0.003,0.000,0.003,0.729,0.878,1.616,4.994
1780274933989,0.000,0.000,0.000,0.003,0.003,0.000,0.233,0.269,0.508,0.873
1780274934053,0.000,0.000,0.003,0.000,0.007,0.025,9.243,10.406,19.684,12.388
1780274934103,0.000,0.000,0.000,0.003,0.003,0.003,2.992,3.466,6.467,12.024
1780274934164,0.000,0.000,0.000,0.003,0.003,0.014,5.806,6.462,12.288,10.715
1780274934224,0.003,0.000,0.000,0.003,0.003,0.010,5.974,6.480,12.473,12.388
1780274934263,0.000,0.000,0.000,0.003,0.003,0.010,5.901,6.444,12.361,12.121
1780274934342,0.000,0.000,0.000,0.003,0.000,0.003,3.491,4.067,7.564,11.176
1780274934387,0.000,0.000,0.000,0.003,0.003,0.021,9.808,10.464,20.299,13.091
1780274934429,0.171,0.098,0.112,0.160,0.007,0.021,10.457,11.335,22.361,21.091
1780274934483,3.426,4.753,5.084,2.923,0.000,0.003,2.977,3.433,22.599,18.812
1780274934524,6.232,5.186,6.152,3.819,0.003,0.010,3.885,4.625,29.912,19.345
1780274934577,6.283,5.084,2.715,1.895,0.003,0.010,5.154,5.704,26.848,24.873
1780274934638,3.911,4.935,0.561,0.794,0.000,0.014,5.350,5.879,21.444,18.715
1780274934688,3.834,4.151,0.761,0.736,0.003,0.014,5.347,5.839,20.685,18.012
1780274934750,3.528,4.020,1.002,0.783,0.003,0.007,4.366,4.811,18.520,15.370
1780274934809,3.393,4.064,1.283,0.685,0.003,0.007,2.733,3.083,15.251,12.364
1780274934904,2.897,3.174,0.036,1.206,0.000,0.000,0.605,0.790,8.708,7.976
1780274934968,1.884,1.519,0.040,1.355,0.007,0.021,9.553,10.297,24.676,20.194
1780274935017,2.449,2.084,0.036,1.625,0.000,0.000,1.720,2.012,9.926,12.218
1780274935069,2.423,2.205,0.051,2.092,0.000,0.007,2.369,2.624,11.771,6.885
1780274935143,1.636,1.330,0.065,1.643,3.561,3.400,4.785,5.172,21.592,19.224
1780274935197,1.811,1.807,0.933,3.342,2.048,2.216,5.190,5.697,23.044,19.030
1780274935264,1.505,4.720,3.273,6.010,1.315,1.279,4.465,4.949,27.516,24.921
1780274935322,2.146,3.477,3.772,6.047,1.622,1.691,1.913,2.256,22.924,20.461
1780274935403,2.380,3.484,3.615,4.855,1.570,1.607,0.634,0.812,18.957,18.036
1780274935464,2.070,2.806,2.310,3.506,0.783,0.790,8.963,9.425,30.653,26.133
1780274935516,0.699,2.868,2.700,0.976,3.229,2.577,3.309,3.145,19.503,18.933
1780274935577,0.193,0.557,2.781,3.812,2.449,2.766,3.061,3.510,19.129,13.358
1780274935656,3.218,2.850,1.585,2.026,1.782,1.913,4.964,5.431,23.769,18.352
1780274935718,4.432,3.528,1.891,3.998,2.303,2.227,3.320,3.641,25.340,18.764
1780274935797,4.844,2.788,1.724,6.138,2.135,2.125,0.820,0.816,21.390,18.642
1780274935858,5.365,3.200,2.084,4.957,1.851,1.866,0.331,0.426,20.080,16.679
1780274935940,2.336,0.390,1.461,4.231,1.811,2.026,0.954,1.133,14.342,9.309
1780274935993,4.931,6.130,1.242,3.659,1.370,1.363,1.931,2.135,22.761,15.321
1780274936054,1.341,1.939,0.123,0.528,1.767,1.673,4.271,4.723,16.365,12.073
1780274936114,0.426,0.911,0.061,3.101,1.607,1.694,3.524,3.987,15.311,11.127
1780274936195,4.107,1.625,0.499,5.857,1.370,1.421,2.700,3.058,20.637,15.030
1780274936269,5.573,2.474,1.720,6.812,1.323,1.377,2.154,2.449,23.882,18.642
1780274936334,4.191,2.792,2.077,6.462,1.997,1.804,1.439,1.698,22.460,17.721
1780274936416,4.155,3.032,1.658,7.228,1.837,1.858,0.838,1.016,21.622,17.576
1780274936483,2.992,2.365,1.953,6.003,2.795,2.657,0.772,0.929,20.466,15.636
1780274936543,4.213,0.524,1.111,4.282,4.312,4.483,0.765,0.936,20.626,17.188
1780274936591,5.383,1.275,0.251,2.646,4.920,4.891,0.379,0.513,20.258,17.697
1780274936635,5.237,1.727,0.266,4.129,4.742,4.938,0.652,0.787,22.478,18.715
1780274936702,3.710,1.020,0.251,5.963,4.290,4.774,1.009,1.191,22.208,19.055
1780274936763,3.801,1.108,0.142,6.163,3.696,3.914,0.783,0.958,20.565,17.842
1780274936810,3.149,2.074,2.037,6.025,3.193,3.448,0.984,1.224,22.134,16.970
1780274936874,0.856,3.116,3.076,6.535,2.606,2.741,1.155,1.403,21.488,14.788
1780274936936,0.123,0.441,0.317,0.867,3.163,3.123,0.965,1.166,10.165,9.382
1780274937024,2.019,2.095,1.498,1.851,2.442,2.485,0.269,0.346,13.005,7.248
1780274937088,5.766,1.137,1.031,6.546,2.033,2.077,0.167,0.193,18.950,15.273
1780274937148,4.599,1.902,1.406,6.593,2.066,2.128,2.143,2.555,23.392,17.770
1780274937232,3.182,4.027,4.213,5.934,2.059,2.201,2.868,3.225,27.709,20.000
1780274937299,2.063,2.584,5.657,5.482,2.383,2.489,0.947,1.159,22.764,17.042
1780274937347,3.076,2.485,4.363,4.753,2.438,2.525,0.907,1.082,21.629,15.758
1780274937413,5.066,1.366,0.831,4.104,2.416,2.343,2.128,2.361,20.615,14.788
1780274937477,4.880,2.638,2.602,3.951,0.211,0.273,2.722,3.116,20.393,14.279
1780274937543,4.552,4.078,4.651,2.967,0.010,0.018,2.751,3.116,22.143,16.412
1780274937596,4.304,3.550,4.038,3.400,0.007,0.007,2.766,3.152,21.224,16.121
1780274937636,4.282,3.054,3.499,3.116,0.003,0.010,2.711,3.098,19.773,14.764
1780274937683,4.089,2.741,3.101,3.349,0.000,0.003,1.257,1.530,16.070,14.230
1780274937757,3.870,2.234,2.387,3.258,0.003,0.003,0.987,1.199,13.941,10.788
1780274937814,3.495,1.760,1.833,3.101,0.000,0.003,2.259,2.587,15.038,11.006
1780274937871,3.389,1.461,1.760,2.624,0.000,0.003,1.217,1.468,11.922,10.133
1780274937945,2.992,0.138,1.880,0.287,0.000,0.003,2.219,2.525,10.044,7.321
1780274938016,2.358,0.040,0.608,0.149,0.003,0.003,2.540,2.868,8.569,6.400
1780274938087,1.957,0.021,0.047,2.773,0.000,0.003,2.529,2.875,10.205,7.976
1780274938129,1.665,1.545,2.201,3.138,0.000,0.007,2.515,2.843,13.914,8.461
1780274938165,1.764,2.657,3.929,2.850,0.000,0.003,2.569,2.926,16.698,8.461
1780274938210,1.119,3.440,4.986,2.956,0.000,0.003,1.020,1.264,14.788,8.315
1780274938261,1.086,4.694,5.041,2.493,0.000,0.003,1.676,1.924,16.917,7.636
1780274938315,1.530,4.312,5.460,2.172,0.000,0.007,2.504,2.835,18.820,11.855
1780274938363,1.144,3.696,5.576,2.267,0.000,0.000,1.060,1.304,15.047,10.230
1780274938406,2.212,4.432,4.884,2.474,0.003,0.000,0.831,1.006,15.842,10.206
1780274938478,1.468,3.528,4.833,2.762,0.000,0.003,0.765,0.940,14.299,8.897
1780274938548,1.202,2.471,4.257,2.766,0.000,0.003,0.718,0.867,12.284,7.418
1780274938623,2.620,0.667,0.652,2.536,0.000,0.003,2.427,2.722,11.627,6.570
1780274938678,3.021,0.729,0.619,2.318,0.003,0.003,3.273,3.721,13.687,10.182
1780274938739,2.566,2.216,2.383,2.004,0.003,0.010,4.720,5.307,19.209,13.139
1780274938788,0.834,1.293,1.428,0.714,0.003,0.007,4.618,5.135,14.032,12.994
1780274938857,0.040,0.091,0.094,0.021,0.003,0.003,3.346,3.812,7.410,6.085
1780274938893,0.010,0.014,0.014,0.014,0.000,0.003,1.676,2.055,3.786,5.382
1780274938935,0.003,0.003,0.007,0.003,0.000,0.000,0.718,0.903,1.637,1.770
1780274938999,0.003,0.000,0.003,0.000,0.000,0.000,0.794,0.991,1.791,1.527
1780274939057,0.003,0.000,0.003,0.003,0.003,0.003,2.103,2.329,4.447,2.836
1780274939139,0.003,0.000,0.000,0.007,0.003,0.003,3.171,3.608,6.795,5.188
1780274939197,0.000,0.003,0.000,0.003,0.000,0.003,2.719,3.120,5.848,4.752
1780274939243,0.003,0.000,0.000,0.003,0.000,0.003,1.414,1.716,3.139,4.388
1780274939294,0.000,0.000,0.003,0.003,0.000,0.003,0.572,0.739,1.320,1.479
1780274939385,0.000,0.000,0.000,0.003,4.636,0.007,1.516,1.786,7.948,5.867
1780274939437,0.003,0.000,0.000,0.000,4.552,4.570,1.928,2.241,13.294,15.030
1780274939495,0.000,0.000,0.000,0.003,2.901,2.857,3.036,3.440,12.237,13.964
1780274939545,0.003,0.000,0.003,0.003,2.321,2.569,3.018,3.448,11.365,11.661
1780274939589,0.000,0.000,0.000,0.000,2.274,2.624,1.552,1.753,8.203,7.782
1780274939630,0.003,0.000,0.003,0.003,2.048,1.807,3.448,4.483,11.795,7.903
1780274939670,0.000,0.000,0.003,0.000,1.935,2.070,4.723,5.245,13.976,15.636
1780274939705,0.000,0.000,0.000,0.003,2.212,2.157,4.756,5.281,14.409,16.145
1780274939749,0.003,0.000,0.000,0.003,1.866,2.015,4.771,5.354,14.012,15.467
1780274939783,0.003,0.000,0.000,0.000,1.840,2.026,5.015,5.533,14.417,14.764
1780274939814,0.000,0.000,0.000,0.003,1.778,1.844,5.059,5.667,14.351,14.570
1780274939886,0.000,0.000,0.000,0.000,1.385,1.465,4.990,5.522,13.362,14.206
1780274939926,0.000,0.000,0.000,0.003,1.337,1.399,4.818,5.383,12.940,14.933
1780274939974,0.000,0.000,0.000,0.000,1.315,1.370,4.691,5.252,12.628,15.467
1780274940038,0.003,0.000,0.000,0.003,1.490,1.545,3.783,4.242,11.066,12.291
1780274940096,0.003,0.000,0.000,0.000,1.665,1.673,1.574,1.935,6.850,7.006
1780274940153,0.000,0.000,0.000,0.003,1.352,1.403,2.700,3.054,8.512,6.376
1780274940212,0.000,0.000,0.000,0.003,1.035,1.140,4.869,5.427,12.474,11.879
1780274940283,0.000,0.000,0.000,0.003,0.131,0.171,5.099,5.682,11.086,11.927
1780274940323,0.000,0.000,0.000,0.003,0.021,0.029,3.867,4.330,8.250,8.388
1780274940385,0.000,0.000,0.000,0.003,0.003,0.007,0.878,1.119,2.010,6.400
1780274940441,0.000,0.000,0.000,0.007,0.000,0.003,0.269,0.280,0.559,0.994
1780274940485,0.000,0.000,0.000,0.000,0.000,0.000,0.171,0.193,0.364,0.848
1780274940530,0.000,0.000,0.000,0.003,0.003,0.003,0.225,0.291,0.525,0.945
1780274940572,0.000,0.000,0.000,0.003,0.000,0.003,0.247,0.313,0.566,0.945
1780274940623,0.000,0.000,0.003,0.000,0.000,0.003,1.472,1.636,3.114,1.042
1780274940678,0.000,0.000,0.000,0.003,0.000,0.003,1.778,2.092,3.876,2.836
1780274940721,0.000,0.003,0.000,0.003,0.003,0.003,1.800,2.088,3.900,2.861
1780274940797,0.000,0.003,0.003,0.003,0.000,0.003,1.771,2.074,3.857,2.885
1780274940852,0.000,0.000,0.000,0.003,0.003,0.003,1.782,2.077,3.868,2.861
1780274940913,0.000,0.000,0.000,0.003,0.000,0.000,0.605,0.794,1.402,2.376
1780274940976,0.003,0.000,0.000,0.003,0.000,0.003,1.560,1.807,3.376,2.497
1780274941015,0.003,0.000,0.000,0.003,0.000,0.003,0.685,0.900,1.594,2.206
1780274941053,0.003,0.000,0.000,0.003,0.003,0.000,0.495,0.641,1.145,1.236
1780274941097,0.000,0.000,0.000,0.003,0.000,0.003,1.472,1.687,3.165,1.964
1780274941150,0.000,0.000,0.000,0.003,0.003,0.003,1.767,2.084,3.860,2.691
1780274941206,0.003,0.000,0.000,0.000,0.003,0.003,2.081,2.387,4.477,2.958
1780274941262,0.000,0.000,0.000,0.003,0.000,0.003,1.961,2.256,4.223,3.152
1780274941338,0.000,0.000,0.000,0.003,0.000,0.003,1.789,2.074,3.869,2.909
1780274941402,0.003,0.000,0.000,0.003,0.000,0.000,0.317,0.393,0.716,1.479
1780274941473,0.000,0.000,0.003,0.003,0.000,0.000,0.215,0.255,0.476,0.945
1780274941526,0.003,0.000,0.000,0.003,0.003,0.003,1.534,1.778,3.324,2.448
1780274941568,0.003,0.003,0.000,0.003,0.000,0.000,1.651,1.928,3.588,2.642
1780274941611,0.000,0.000,0.000,0.003,0.000,0.003,2.234,2.631,4.871,2.715
1780274941665,0.000,0.000,0.000,0.003,0.003,0.003,2.135,2.478,4.622,3.515
1780274941707,0.003,0.000,0.000,0.007,0.003,0.003,1.855,2.179,4.050,3.321
1780274941746,0.000,0.000,0.000,0.003,0.000,0.003,0.743,0.947,1.696,2.861
1780274941797,0.000,0.000,0.000,0.003,0.000,0.000,0.371,0.477,0.851,1.091
1780274941868,0.000,0.003,0.000,0.003,0.000,0.003,1.436,1.771,3.216,1.673
1780274941904,0.000,0.000,0.000,0.003,0.000,0.003,1.665,1.920,3.591,2.642
1780274941968,0.000,0.000,0.000,0.003,0.000,0.000,0.714,0.790,1.507,2.158
1780274942013,0.003,0.000,0.000,0.003,0.000,0.003,1.534,1.778,3.321,2.352
1780274942059,0.000,0.000,0.000,0.003,0.000,0.003,2.270,2.660,4.936,3.127
1780274942098,0.000,0.000,0.000,0.003,0.000,0.003,1.939,2.270,4.215,3.782
1780274942136,0.000,0.000,0.000,0.000,0.000,0.003,1.833,2.114,3.950,2.958
1780274942196,0.000,0.000,0.000,0.003,0.000,0.003,1.789,2.092,3.887,2.861
1780274942259,0.000,0.000,0.000,0.003,0.000,0.003,1.771,2.074,3.851,2.885
1780274942312,0.003,0.000,0.000,0.000,0.000,0.000,0.375,0.484,0.862,1.576
1780274942410,0.000,0.000,0.000,0.003,0.000,0.003,0.349,0.477,0.832,1.091
1780274942470,0.000,0.000,0.000,0.003,0.000,0.003,1.512,1.749,3.267,1.212
1780274942515,0.000,0.000,0.000,0.000,0.000,0.000,1.950,2.241,4.191,3.055
1780274942565,0.000,0.000,0.003,0.003,0.000,0.003,2.383,2.708,5.100,3.370
1780274942602,0.000,0.000,0.000,0.003,0.003,0.003,1.924,2.248,4.181,3.442
1780274942646,0.000,0.000,0.000,0.003,0.000,0.003,2.343,2.686,5.035,2.885
1780274942706,0.000,0.000,0.007,0.003,0.003,0.003,2.114,2.442,4.572,3.418
1780274942751,0.000,0.000,0.000,0.003,0.000,0.000,0.914,1.159,2.076,1.939
1780274942792,0.000,0.000,0.000,0.000,0.000,0.003,1.458,1.683,3.144,1.139
1780274942845,0.000,0.000,0.000,0.000,0.000,0.000,0.364,0.470,0.834,1.576
1780274942924,0.000,0.000,0.000,0.003,0.000,0.000,0.225,0.266,0.494,0.994
1780274942989,0.000,0.000,0.003,0.003,0.000,0.000,1.355,1.643,3.004,1.794
1780274943046,0.000,0.003,0.000,0.003,0.000,0.003,1.687,1.950,3.646,2.691
1780274943085,0.000,0.000,0.000,0.003,0.000,0.003,2.154,2.464,4.624,3.006
1780274943128,0.667,0.554,0.568,0.594,0.000,0.003,2.369,2.730,7.485,3.976
1780274943180,4.548,4.519,4.388,4.377,0.000,0.000,1.366,1.592,20.790,11.709
1780274943238,6.790,6.440,4.625,3.408,0.003,0.003,2.259,2.544,26.072,21.891
1780274943300,5.788,5.810,4.884,4.913,0.000,0.007,3.196,3.692,28.290,24.291
1780274943336,5.215,5.263,4.370,4.968,0.000,0.003,2.354,2.781,24.954,23.200
1780274943374,5.019,4.931,4.304,4.669,0.000,0.000,1.388,1.669,21.980,19.927
1780274943453,4.279,4.297,3.688,4.148,0.000,0.003,1.472,1.727,19.614,16.412
1780274943517,3.900,3.768,3.404,3.652,0.000,0.000,0.674,0.856,16.254,14.618
1780274943565,3.309,3.313,3.141,3.273,0.000,0.003,1.002,1.184,15.225,12.994
1780274943620,2.956,6.426,6.593,2.977,0.000,0.000,1.013,1.235,21.200,15.345
1780274943673,1.253,3.637,8.941,2.398,0.000,0.003,2.945,3.357,22.534,18.400
1780274943734,1.067,4.567,9.429,0.816,3.645,3.258,3.025,3.470,29.277,23.733
1780274943802,0.320,3.451,8.394,0.123,2.197,2.292,3.641,4.239,24.657,23.806
1780274943838,4.035,1.669,8.190,5.026,1.487,1.534,3.367,3.736,29.044,23.855
1780274943887,4.774,5.161,7.505,7.166,1.315,1.370,2.566,2.996,32.853,27.782
1780274943952,1.126,1.155,8.525,7.421,1.370,1.494,3.229,3.750,28.070,24.412
1780274943995,0.688,0.663,8.868,7.293,1.381,1.436,3.251,3.754,27.334,24.267
1780274944049,2.967,3.295,6.903,6.057,1.330,1.410,2.037,2.208,26.207,24.679
1780274944104,2.183,2.985,5.011,5.675,1.665,1.691,1.961,2.307,23.478,19.370
1780274944155,0.426,2.854,1.501,4.818,0.761,0.911,9.312,10.001,30.584,25.018
1780274944202,0.215,3.714,0.273,4.016,1.858,1.822,4.374,4.169,20.441,27.636
1780274944261,2.230,3.032,2.219,3.338,1.410,1.454,3.696,4.151,21.530,16.582
1780274944333,2.464,2.733,5.493,2.792,1.210,1.242,3.736,4.228,23.898,21.164
1780274944401,2.963,2.606,4.486,2.879,1.323,1.406,3.714,4.199,23.576,21.333
1780274944473,2.748,2.471,3.619,2.547,1.345,1.425,3.692,4.199,22.046,20.412
1780274944532,2.624,1.880,2.402,1.990,0.991,0.965,9.681,10.741,31.274,27.830
1780274944584,1.920,1.920,2.150,1.676,1.330,1.465,10.085,10.924,31.470,29.018
1780274944639,2.431,2.099,2.095,2.372,1.848,1.961,4.902,5.285,22.993,21.939
1780274944683,2.412,2.704,2.365,2.216,2.168,2.165,4.574,5.073,23.677,19.297
1780274944726,2.824,2.886,4.253,2.190,2.194,2.230,4.432,4.906,25.915,17.891
1780274944781,2.646,3.262,2.267,1.618,2.839,2.540,4.312,4.774,24.258,19.127
1780274944846,2.759,2.606,3.819,2.172,2.088,2.854,4.184,4.665,25.147,19.055
1780274944890,2.642,2.139,1.366,1.997,2.197,1.924,4.308,4.782,21.355,17.576
1780274944930,2.635,1.687,1.745,2.402,1.848,2.026,3.790,4.067,20.200,17.115
1780274945015,2.675,0.116,0.069,2.799,2.653,2.784,1.614,1.950,14.660,12.630
1780274945079,2.525,0.211,0.138,2.916,2.759,2.821,0.422,0.437,12.229,11.394
1780274945130,2.183,0.579,0.320,2.114,1.848,1.902,7.895,9.487,26.328,14.739
1780274945185,2.365,1.366,0.685,2.762,2.981,3.018,2.012,2.369,17.558,15.612
1780274945238,2.285,1.589,1.359,2.795,2.569,2.693,2.912,3.357,19.559,15.370
1780274945313,2.383,0.178,3.160,0.273,2.518,2.555,3.925,4.384,19.376,16.970
1780274945402,1.567,3.116,2.387,2.905,2.361,2.460,3.324,3.703,21.823,19.321
1780274945455,2.150,3.382,2.515,3.335,2.580,2.609,1.494,1.767,19.832,19.103
1780274945535,2.150,2.795,2.303,2.916,2.511,2.620,0.360,0.470,16.125,14.788
1780274945596,1.363,1.837,1.629,1.611,1.796,1.931,9.181,9.673,29.021,22.109
1780274945651,0.729,0.729,0.539,0.823,3.123,3.098,3.484,3.954,16.479,22.012
1780274945705,0.087,0.193,0.076,0.112,2.577,2.525,4.756,5.194,15.520,14.230
1780274945742,0.014,0.025,0.010,0.018,2.664,2.686,4.818,5.358,15.593,15.224
1780274945781,0.007,0.007,0.007,0.007,2.748,2.850,4.771,5.263,15.660,15.321
1780274945833,0.003,0.000,0.003,0.003,2.682,2.730,4.738,5.197,15.356,14.909
1780274945891,0.003,0.000,0.007,0.003,2.781,2.959,3.448,3.907,13.108,12.994
1780274945930,0.003,0.000,0.000,0.000,3.007,2.894,1.556,1.866,9.326,9.576
1780274945973,0.003,0.000,0.003,0.003,2.835,2.905,0.535,0.674,6.958,7.321
1780274946047,0.000,0.003,0.000,0.003,2.832,2.635,0.626,0.750,6.849,6.230
1780274946115,5.274,4.844,4.574,4.301,2.165,2.176,0.273,0.360,23.967,16.485
1780274946173,6.706,6.389,4.242,4.093,0.433,0.539,2.569,2.803,27.774,22.012
1780274946226,5.740,5.522,4.942,5.325,0.025,0.036,3.459,3.881,28.930,25.358
1780274946264,5.274,5.000,4.056,4.913,0.007,0.014,3.681,4.129,27.074,23.733
1780274946303,5.066,4.698,4.155,5.070,0.003,0.007,2.066,2.471,23.536,23.394
1780274946354,4.712,4.629,3.834,4.184,0.000,0.003,1.006,1.224,19.592,16.752
1780274946417,4.246,4.053,3.754,3.925,0.000,0.003,0.579,0.739,17.299,15.321
1780274946455,3.856,3.765,3.532,3.473,0.003,0.003,0.317,0.415,15.364,13.576
1780274946499,3.655,3.473,3.225,3.415,0.000,0.003,0.280,0.368,14.419,12.558
1780274946584,3.112,2.945,2.657,2.737,0.000,0.003,2.453,2.755,16.662,13.697
1780274946647,0.696,2.861,2.617,0.590,0.000,0.003,1.250,1.592,9.609,8.873
1780274946718,0.134,2.821,2.832,0.029,0.000,0.000,0.510,0.623,6.949,6.230
1780274946762,0.083,2.500,2.558,0.010,0.000,0.000,0.696,0.849,6.696,5.770
1780274946810,0.076,2.540,2.442,0.010,0.000,0.003,0.739,0.914,6.724,5.673
1780274946868,0.061,2.238,1.454,0.003,0.000,0.003,2.066,2.329,8.154,6.206
1780274946921,0.065,1.946,2.121,0.007,0.000,0.003,2.547,2.875,9.564,7.176
1780274946960,2.238,1.840,2.077,2.821,0.000,0.003,2.566,2.908,14.453,8.073
1780274947014,2.485,1.020,1.884,3.499,0.003,0.003,2.427,2.726,14.047,7.273
1780274947092,0.061,0.047,0.072,0.145,0.000,0.003,0.459,0.605,1.392,2.570
1780274947134,0.010,0.010,0.014,0.021,0.003,0.000,0.262,0.349,0.669,0.970
1780274947178,0.007,0.003,0.007,0.003,0.000,0.003,0.404,0.564,0.991,1.042
1780274947250,0.007,0.003,0.003,0.000,0.000,0.003,0.612,0.787,1.415,1.212
1780274947306,0.003,0.000,0.003,0.000,0.000,0.003,2.106,2.464,4.579,3.394
1780274947359,0.000,0.000,0.003,0.003,0.003,0.003,2.489,2.864,5.365,4.073
1780274947412,0.003,0.000,0.000,0.000,0.000,0.003,2.635,3.003,5.644,4.315
1780274947472,0.000,0.000,0.003,0.003,0.000,0.003,2.088,2.405,4.502,3.636
1780274947512,0.000,0.000,0.000,0.000,0.000,0.003,2.044,2.332,4.379,3.273
1780274947564,0.003,0.000,0.003,0.000,3.670,0.003,0.583,0.758,5.020,4.727
1780274947631,0.007,0.000,0.000,0.003,4.949,4.687,0.218,0.255,10.119,13.188
1780274947668,0.000,0.000,0.000,0.003,3.579,3.495,0.703,0.816,8.596,10.642
1780274947713,0.000,0.000,0.000,0.000,2.813,3.109,0.612,0.780,7.314,10.327
1780274947779,0.003,0.000,0.003,0.000,2.781,3.047,2.449,2.923,11.206,9.818
1780274947836,0.003,0.000,0.000,0.003,2.482,2.398,1.498,1.767,8.151,8.388
1780274947894,0.003,0.000,0.000,0.003,2.172,1.979,4.530,4.913,13.600,11.661
1780274947935,0.003,0.000,0.000,0.003,1.961,2.063,4.764,5.252,14.046,16.800
1780274947979,0.000,0.000,0.000,0.007,1.895,1.913,4.825,5.350,13.990,15.588
1780274948011,0.000,0.000,0.000,0.003,1.753,1.990,5.088,5.580,14.414,14.788
1780274948046,0.000,0.000,0.000,0.003,1.716,1.716,5.128,5.649,14.212,14.691
1780274948118,0.000,0.000,0.000,0.003,1.374,1.479,4.982,5.449,13.287,14.909
1780274948182,0.000,0.000,0.003,0.000,1.352,1.385,5.139,5.682,13.561,14.158
1780274948224,0.000,0.000,0.000,0.003,1.359,1.392,5.241,5.780,13.775,13.891
1780274948265,0.000,0.000,0.000,0.003,1.312,1.399,5.157,5.686,13.557,13.697
1780274948308,0.000,0.000,0.000,0.000,1.326,1.396,5.124,5.587,13.433,13.455
1780274948341,0.000,0.000,0.000,0.003,1.355,1.396,5.000,5.565,13.319,13.309
1780274948407,0.000,0.000,0.000,0.003,1.308,1.421,4.942,5.412,13.086,13.042
1780274948466,0.000,0.000,0.000,0.003,1.461,1.487,4.213,4.680,11.844,11.733
1780274948531,0.000,0.000,0.000,0.000,1.527,1.570,2.879,3.254,9.230,8.218
1780274948593,0.000,0.000,0.003,0.003,0.255,0.193,0.801,1.016,2.271,5.261
1780274948634,0.000,0.000,0.000,0.003,0.036,0.029,0.298,0.371,0.737,1.212
1780274948701,0.003,0.000,0.000,0.003,0.003,0.003,0.193,0.215,0.420,0.897
1780274948754,0.000,0.000,0.000,0.000,0.003,0.003,0.225,0.277,0.508,0.873
1780274948798,0.000,0.000,0.000,0.003,0.003,0.003,0.215,0.244,0.468,0.945
1780274948854,0.003,0.000,0.000,0.003,0.000,0.003,1.800,2.055,3.864,1.164
1780274948913,0.000,0.000,0.000,0.003,0.000,0.003,0.805,0.987,1.798,1.745
1780274948975,0.000,0.000,0.000,0.003,0.000,0.003,0.623,0.769,1.398,1.358
1780274949028,0.000,0.000,0.000,0.003,0.003,0.003,1.745,2.114,3.868,1.309
1780274949077,0.003,0.000,0.000,0.003,0.000,0.003,2.055,2.376,4.440,3.273
1780274949158,0.003,0.000,0.000,0.003,0.000,0.003,2.084,2.383,4.476,3.297
1780274949220,0.000,0.000,0.000,0.003,0.000,0.003,2.081,2.365,4.452,3.273
1780274949266,0.000,0.000,0.000,0.003,0.000,0.000,0.954,1.232,2.189,2.545
1780274949326,0.000,0.000,0.000,0.003,0.000,0.000,0.462,0.612,1.077,1.164
1780274949386,0.000,0.000,0.000,0.000,0.000,0.003,0.597,0.721,1.321,1.285
1780274949440,0.000,0.000,0.000,0.007,0.000,0.003,0.619,0.776,1.405,1.261
1780274949482,0.000,0.003,0.000,0.003,0.003,0.003,1.756,1.975,3.743,2.424
1780274949523,0.007,0.000,0.000,0.000,0.003,0.007,2.285,2.573,4.875,3.176
1780274949560,0.000,0.000,0.000,0.007,0.000,0.003,2.128,2.438,4.576,3.564
1780274949598,0.000,0.000,0.003,0.003,0.000,0.003,2.329,2.657,4.995,3.321
1780274949684,0.000,0.000,0.000,0.003,0.003,0.003,1.122,1.210,2.341,2.473
1780274949745,0.000,0.000,0.000,0.003,0.000,0.000,0.634,0.783,1.420,1.576
1780274949803,0.000,0.000,0.000,0.003,0.000,0.003,0.594,0.750,1.350,1.309
1780274949861,0.003,0.000,0.000,0.000,0.000,0.003,0.626,0.769,1.401,1.285
1780274949912,0.003,0.000,0.000,0.003,0.000,0.003,1.848,2.128,3.985,2.376
1780274949969,0.000,0.000,0.000,0.000,0.003,0.007,2.620,2.992,5.622,4.242
1780274950027,0.000,0.000,0.000,0.003,0.000,0.003,2.267,2.584,4.857,3.855
1780274950080,0.000,0.000,0.000,0.007,0.000,0.003,2.216,2.500,4.726,3.564
1780274950125,0.003,0.000,0.000,0.003,0.000,0.000,0.820,1.038,1.864,3.442
1780274950204,0.000,0.000,0.000,0.003,0.000,0.000,0.459,0.601,1.063,1.261
1780274950263,0.003,0.000,0.000,0.003,0.000,0.003,0.583,0.725,1.317,1.164
1780274950318,0.000,0.000,0.000,0.003,0.000,0.003,0.616,0.776,1.398,1.285
1780274950388,0.003,0.000,0.000,0.003,0.003,0.003,1.917,2.165,4.094,2.230
1780274950440,0.000,0.000,0.000,0.003,0.000,0.007,2.354,2.686,5.050,3.588
1780274950496,0.003,0.000,0.003,0.003,0.000,0.007,2.500,2.864,5.380,4.024
1780274950554,0.000,0.000,0.000,0.003,0.000,0.007,2.230,2.555,4.795,3.685
1780274950608,0.000,0.000,0.000,0.003,0.000,0.003,1.082,1.304,2.392,3.491
1780274950645,0.003,0.000,0.000,0.003,0.003,0.000,0.535,0.699,1.243,1.503
1780274950714,0.000,0.003,0.000,0.003,0.000,0.000,0.444,0.572,1.022,1.115
1780274950772,0.000,0.000,0.000,0.003,0.000,0.003,1.724,1.964,3.694,1.285
1780274950822,0.000,0.000,0.003,0.003,0.000,0.003,2.052,2.336,4.397,3.055
1780274950873,0.000,0.000,0.003,0.003,0.000,0.003,0.900,1.082,1.991,2.691
1780274950910,0.000,0.000,0.000,0.003,0.000,0.003,1.745,1.971,3.722,1.503
1780274950948,0.000,0.000,0.000,0.000,0.000,0.003,0.805,0.809,1.617,2.958
1780274950984,0.000,0.000,0.000,0.003,0.000,0.003,0.594,0.754,1.354,1.164
1780274951050,0.000,0.000,0.000,0.003,0.000,0.003,1.895,2.172,4.073,2.982
1780274951100,0.003,0.000,0.000,0.003,0.000,0.003,2.070,2.365,4.444,3.176
1780274951155,0.000,0.000,0.000,0.003,0.000,0.003,0.911,1.115,2.032,2.958
1780274951234,0.003,0.000,0.000,0.003,0.000,0.000,0.506,0.623,1.135,1.309
1780274951298,0.000,0.000,0.000,0.000,0.000,0.003,1.753,2.110,3.866,2.448
1780274951340,0.003,0.000,0.003,0.003,0.003,0.003,2.048,2.383,4.446,3.248
1780274951409,0.000,0.000,0.000,0.003,0.000,0.003,2.070,2.380,4.456,3.321
1780274951455,0.000,0.000,0.000,0.000,0.000,0.003,2.063,2.369,4.435,3.297
1780274951497,2.205,0.058,0.018,2.686,0.000,0.000,0.962,1.191,7.120,4.461
1780274951541,6.754,0.116,1.556,4.691,0.000,0.000,0.510,0.667,14.294,7.806
1780274951593,4.709,0.127,6.353,1.589,0.000,0.003,0.750,0.936,14.467,10.376
1780274951650,3.991,0.007,6.480,0.127,0.003,0.003,2.525,2.817,15.953,12.752
1780274951734,3.353,3.539,5.409,3.969,0.000,0.000,1.396,1.643,19.309,13.818
1780274951795,2.762,4.687,4.592,6.032,0.000,0.003,1.089,1.301,20.466,16.776
1780274951849,2.646,3.827,4.454,5.627,0.000,0.003,1.151,1.377,19.085,15.976
1780274951906,2.434,4.129,4.206,4.825,0.000,0.000,1.290,1.505,18.389,15.733
1780274951956,2.445,3.244,3.393,3.783,4.242,3.794,0.769,0.940,22.610,21.600
1780274952014,2.905,3.123,3.050,3.306,2.442,2.431,1.519,1.786,20.562,18.497
1780274952071,3.171,1.753,3.127,2.015,1.818,1.884,0.973,1.191,15.932,13.939
1780274952134,2.759,2.879,2.722,3.050,1.468,1.589,0.266,0.349,15.082,13.212
1780274952191,2.675,2.587,2.365,2.959,1.476,1.523,0.182,0.204,13.971,12.485
1780274952266,2.354,2.299,2.230,2.536,1.410,1.461,0.222,0.269,12.781,11.564
1780274952318,2.369,2.128,2.077,2.216,1.581,1.625,0.185,0.211,12.392,11.152
1780274952390,2.358,0.408,0.386,2.318,2.059,1.953,0.182,0.204,9.868,8.606
1780274952465,2.161,0.182,0.112,2.044,2.234,2.245,0.207,0.244,9.429,8.994
1780274952528,2.135,0.185,0.131,1.928,1.986,2.347,0.353,0.488,9.553,8.848
1780274952577,2.092,0.083,0.040,2.132,1.899,1.552,0.335,0.437,8.570,8.121
1780274952645,2.092,4.257,5.281,1.727,1.417,1.884,0.185,0.204,17.047,10.061
1780274952696,1.614,6.899,5.493,0.769,1.651,1.745,0.284,0.371,18.826,16.412
1780274952785,2.741,7.279,6.557,0.827,2.624,2.631,1.873,2.176,26.708,22.182
1780274952839,5.070,5.770,1.975,0.612,2.256,2.434,2.996,3.502,24.615,20.945
1780274952922,3.962,4.501,1.742,3.010,2.376,2.467,2.759,3.149,23.966,20.655
1780274952984,3.838,2.259,0.291,2.289,2.766,2.719,2.737,3.105,20.004,16.267
1780274953059,1.920,1.625,0.419,4.242,2.875,2.919,0.470,0.448,14.918,16.097
1780274953117,4.224,0.645,0.102,2.598,1.826,1.942,8.511,9.050,28.898,18.933
1780274953180,1.702,0.244,0.109,3.433,2.270,2.453,9.473,10.184,29.868,28.945
1780274953237,4.122,0.076,0.040,4.508,2.759,2.795,5.299,5.828,25.427,23.515
1780274953315,1.738,0.010,0.003,0.743,2.562,2.690,5.347,5.897,18.990,17.115
1780274953392,4.789,3.371,2.737,6.586,0.193,0.156,4.410,4.902,27.144,23.758
1780274953450,1.636,4.877,0.656,5.237,0.014,0.025,4.844,5.339,22.628,20.145
1780274953502,0.215,3.870,0.036,5.857,0.003,0.014,3.973,4.439,18.407,17.721
1780274953561,0.021,3.732,0.014,5.081,0.003,0.003,1.100,1.341,11.295,11.200
1780274953603,5.598,2.690,2.916,4.155,0.003,0.003,0.306,0.375,16.046,14.424
1780274953645,6.407,2.081,3.597,2.664,0.010,0.021,7.570,7.818,30.168,15.345
1780274953702,5.514,2.992,4.217,3.878,0.000,0.003,1.862,2.161,20.627,18.109
1780274953741,4.709,2.919,3.856,3.371,0.003,0.007,3.397,3.692,21.954,18.424
1780274953781,4.082,2.868,3.069,3.007,0.003,0.007,4.494,4.975,22.505,18.909
1780274953853,3.466,2.558,2.686,2.795,0.003,0.010,4.778,5.234,21.530,20.412
1780274953932,0.211,2.285,0.120,2.442,4.388,3.951,3.706,4.118,21.221,21.067
1780274953993,0.021,2.001,0.014,2.507,3.160,3.109,1.315,1.640,13.767,14.812
1780274954037,0.010,1.673,0.007,2.427,2.897,3.003,0.455,0.601,11.073,10.764
1780274954100,3.593,0.346,2.369,0.947,1.468,1.563,8.624,8.952,27.862,13.430
1780274954146,4.625,0.645,3.061,2.110,2.544,2.544,2.690,3.112,21.331,20.800
1780274954184,3.710,1.035,2.690,2.522,2.004,2.066,4.115,4.476,22.618,18.352
1780274954217,3.776,1.002,2.278,2.135,1.975,2.052,4.501,4.982,22.701,21.503
1780274954253,3.123,1.275,2.055,1.964,2.230,2.624,4.435,4.949,22.655,22.036
1780274954289,3.182,1.381,1.884,2.132,2.405,2.278,4.414,4.913,22.589,21.915
1780274954342,2.675,0.266,0.342,2.274,2.154,2.179,4.661,5.194,19.745,19.636
1780274954411,2.336,4.556,0.014,0.320,1.993,2.048,4.330,4.778,20.375,16.848
1780274954498,1.381,4.866,0.021,0.025,2.270,3.655,1.538,1.600,15.356,13.964
1780274954558,0.809,4.188,0.007,0.025,3.954,3.284,0.499,0.630,13.396,13.261
1780274954598,0.681,4.016,0.007,0.065,3.090,3.353,0.284,0.313,11.809,9.842
1780274954650,0.451,2.857,4.716,3.513,2.402,2.533,0.247,0.309,17.028,12.242
1780274954711,0.513,1.924,4.494,4.439,2.285,2.358,1.184,1.385,18.582,12.994
1780274954762,1.563,1.016,0.685,3.510,2.238,2.307,2.737,3.047,17.103,13.455
1780274954825,1.242,5.544,4.782,2.238,1.997,2.059,2.671,3.028,23.561,21.358
1780274954883,1.549,4.993,5.354,1.246,2.055,2.121,3.677,4.086,25.081,22.836
1780274954963,2.157,4.815,4.552,2.128,2.245,2.289,3.750,4.202,26.138,23.903
1780274955061,0.244,0.488,0.568,0.138,2.810,2.864,2.289,2.733,12.134,11.321
1780274955132,0.014,0.036,0.040,0.007,0.328,0.262,10.060,10.716,21.463,15.297
1780274955182,0.000,0.007,0.007,0.003,0.032,0.036,5.846,6.448,12.379,15.418
1780274955214,0.000,0.003,0.003,0.003,0.010,0.018,5.449,5.948,11.434,11.224
1780274955257,0.000,0.000,0.000,0.003,0.007,0.014,5.263,5.799,11.086,11.055
1780274955310,0.000,0.003,0.000,0.003,0.003,0.014,5.164,5.660,10.847,10.909
1780274955348,0.000,0.000,0.000,0.003,0.003,0.007,4.173,4.432,8.618,8.873
1780274955424,0.000,0.000,0.003,0.003,0.003,0.003,1.585,1.895,3.492,6.327
1780274955475,0.000,0.000,0.000,0.003,0.003,0.003,0.597,0.769,1.375,1.745
1780274955515,0.003,0.000,0.000,0.003,0.003,0.003,0.419,0.557,0.988,1.164
1780274955601,0.000,0.000,0.000,0.003,4.665,0.003,0.277,0.360,5.308,5.527
1780274955684,0.003,0.000,0.000,0.000,3.801,4.118,1.975,2.259,12.156,13.042
1780274955728,0.000,0.000,0.000,0.003,2.704,2.722,3.021,3.491,11.941,13.285
1780274955765,0.003,0.000,0.000,0.003,2.748,2.536,2.967,3.364,11.621,12.945
1780274955801,0.000,0.000,0.000,0.003,2.766,3.090,1.880,2.194,9.933,11.976
1780274955852,0.000,0.000,0.000,0.000,2.916,2.496,1.465,1.720,8.597,7.515
1780274955887,0.003,0.000,0.000,0.003,2.092,2.361,3.601,3.838,11.898,11.224
1780274955925,0.000,0.000,0.000,0.003,1.993,2.026,4.625,5.150,13.797,15.297
1780274955959,0.000,0.000,0.000,0.003,1.862,1.971,4.855,5.390,14.081,15.055
1780274955994,0.003,0.000,0.000,0.000,1.742,1.964,5.059,5.613,14.381,14.739
1780274956032,0.000,0.000,0.000,0.003,1.731,1.545,5.044,5.565,13.888,14.255
1780274956093,0.000,0.000,0.000,0.000,1.366,1.439,4.862,5.358,13.025,14.473
1780274956131,0.003,0.000,0.000,0.003,1.290,1.421,4.815,5.292,12.824,15.224
1780274956194,0.000,0.000,0.000,0.000,1.352,1.385,4.789,5.314,12.840,14.376
1780274956229,0.000,0.000,0.000,0.000,1.345,1.414,5.081,5.631,13.471,13.624
1780274956263,0.000,0.000,0.000,0.003,1.337,1.377,5.073,5.587,13.377,13.673
1780274956296,0.000,0.000,0.003,0.003,1.345,1.388,5.033,5.562,13.334,13.358
1780274956325,0.003,0.000,0.000,0.003,1.337,1.377,5.015,5.482,13.217,13.139
1780274956366,0.000,0.000,0.000,0.003,1.330,1.381,4.906,5.409,13.029,13.067
1780274956423,0.000,0.000,0.000,0.003,1.330,1.396,4.833,5.328,12.890,12.824
1780274956482,0.003,0.000,0.000,0.000,1.447,1.519,3.823,4.271,11.063,10.739
1780274956547,0.003,0.000,0.000,0.003,0.160,0.225,1.527,1.866,3.784,5.406
1780274956580,0.003,0.003,0.000,0.003,0.047,0.072,8.398,8.806,17.332,5.697
1780274956621,0.003,0.000,0.000,0.000,0.007,0.010,3.440,3.976,7.436,20.558
1780274956660,0.003,0.000,0.000,0.003,0.003,0.003,1.108,1.352,2.472,2.036
1780274956721,0.000,0.000,0.000,0.003,0.003,0.007,2.755,3.047,5.815,2.230
1780274956758,0.000,0.000,0.000,0.003,0.007,0.010,4.465,5.161,9.646,8.509
1780274956796,0.000,0.000,0.000,0.003,0.003,0.010,4.333,4.778,9.127,10.521
1780274956851,0.003,0.000,0.000,0.003,0.007,0.007,3.630,4.027,7.677,6.788
1780274956902,0.000,0.000,0.000,0.000,0.000,0.010,2.821,3.156,5.987,5.236
1780274956943,0.000,0.000,0.000,0.003,0.003,0.000,0.820,1.078,1.904,2.691
1780274956987,0.003,0.000,0.000,0.003,0.000,0.003,0.357,0.462,0.828,1.115
1780274957059,0.000,0.000,0.000,0.000,0.007,0.021,7.822,9.630,17.480,3.830
1780274957113,0.000,0.000,0.000,0.000,0.000,0.003,3.349,3.798,7.150,9.067
1780274957163,0.000,0.000,0.000,0.003,0.003,0.014,4.993,5.416,10.429,9.382
1780274957222,0.000,0.003,0.000,0.003,0.003,0.010,5.121,5.606,10.746,10.885
1780274957259,0.000,0.000,0.000,0.003,0.003,0.010,5.051,5.554,10.621,10.642
1780274957299,0.000,0.000,0.000,0.007,0.003,0.007,3.612,3.747,7.376,10.497
1780274957341,0.000,0.000,0.000,0.003,0.000,0.003,1.494,1.760,3.260,5.091
1780274957387,0.003,0.000,0.000,0.003,0.000,0.003,0.685,0.765,1.459,1.939
1780274957450,0.003,0.000,0.000,0.003,0.000,0.000,0.215,0.240,0.461,0.945
1780274957508,0.000,0.000,0.000,0.003,0.003,0.000,0.233,0.287,0.526,0.945
1780274957585,0.000,0.000,0.000,0.007,0.003,0.000,0.437,0.535,0.982,1.091
1780274957625,0.003,0.000,0.000,0.003,0.000,0.003,1.731,1.928,3.668,1.770
1780274957671,0.000,0.000,0.000,0.003,0.003,0.003,2.172,2.453,4.634,3.297
1780274957740,0.000,0.000,0.000,0.003,0.000,0.003,2.631,2.934,5.571,4.170
1780274957775,0.003,0.000,0.000,0.003,0.000,0.000,1.312,1.574,2.892,4.121
1780274957813,0.000,0.000,0.000,0.000,0.000,0.003,0.787,0.951,1.741,1.648
1780274957860,0.000,0.000,0.000,0.003,0.003,0.003,1.782,2.132,3.923,2.158
1780274957901,0.000,0.000,0.000,0.003,0.000,0.000,1.038,1.253,2.294,2.352
1780274957935,0.003,0.000,0.000,0.003,0.000,0.003,1.735,1.964,3.708,1.673
1780274957977,0.000,0.000,0.000,0.003,0.003,0.003,2.019,2.292,4.320,3.273
1780274958025,0.000,0.000,0.000,0.003,0.000,0.000,0.765,0.984,1.752,2.012
1780274958095,0.000,0.000,0.000,0.003,0.000,0.003,0.696,0.856,1.558,1.382
1780274958133,0.000,0.000,0.000,0.000,0.000,0.003,1.764,1.990,3.757,2.012
1780274958180,0.000,0.000,0.000,0.003,0.003,0.003,2.154,2.438,4.601,3.273
1780274958247,0.000,0.000,0.000,0.003,0.000,0.000,1.057,1.180,2.240,2.545
1780274958288,0.007,0.000,0.000,0.007,0.000,0.003,1.793,2.146,3.956,1.915
1780274958331,0.000,0.000,0.000,0.003,0.000,0.003,0.761,0.936,1.703,3.055
1780274958369,0.000,0.000,0.003,0.003,0.003,0.003,1.614,2.041,3.667,2.352
1780274958415,0.000,0.000,0.000,0.003,0.000,0.003,0.758,0.976,1.740,3.152
1780274958465,0.003,0.000,0.000,0.003,0.000,0.003,1.877,2.132,4.018,1.915
1780274958503,0.003,0.000,0.000,0.003,0.003,0.000,0.860,1.064,1.933,2.691
1780274958557,0.000,0.000,0.007,0.003,0.000,0.003,0.718,0.874,1.605,1.430
1780274958653,0.003,0.003,0.000,0.003,0.000,0.003,0.747,0.911,1.670,1.479
1780274958724,0.000,0.000,0.000,0.003,0.000,0.003,2.012,2.270,4.288,2.958
1780274958791,0.000,0.003,0.000,0.003,0.000,0.003,2.194,2.493,4.696,3.442
1780274958827,0.000,0.000,0.003,0.003,0.000,0.003,2.504,2.810,5.323,3.564
1780274958861,0.007,0.000,0.000,0.003,0.000,0.000,1.020,1.264,2.294,4.315
1780274958898,0.003,0.000,0.000,0.003,0.000,0.003,0.543,0.645,1.197,1.212
1780274958945,0.000,0.000,0.000,0.003,0.000,0.003,1.793,2.044,3.843,1.164
1780274958984,0.000,0.000,0.000,0.003,0.000,0.003,0.863,1.071,1.940,2.618
1780274959020,0.003,0.000,0.000,0.003,0.003,0.003,1.782,2.019,3.813,1.358
1780274959083,0.000,0.000,0.000,0.003,0.000,0.003,2.187,2.478,4.671,3.515
1780274959157,0.003,0.000,0.003,0.003,0.000,0.000,0.852,1.078,1.939,2.545
1780274959208,0.000,0.000,0.000,0.003,0.000,0.000,0.484,0.579,1.066,1.236
1780274959247,0.000,0.003,0.000,0.000,0.000,0.000,0.444,0.568,1.015,1.139
1780274959297,0.000,0.000,0.000,0.003,0.003,0.003,1.538,1.640,3.187,1.261
1780274959349,0.000,0.000,0.000,0.000,0.000,0.003,2.037,2.318,4.358,3.224
1780274959397,0.000,0.000,0.003,0.003,0.000,0.000,1.053,1.166,2.225,2.158
1780274959430,0.000,0.000,0.000,0.000,0.003,0.000,0.780,0.954,1.737,1.576
1780274959478,0.000,0.000,0.000,0.003,0.000,0.000,0.743,0.911,1.657,1.479
1780274959515,0.000,0.000,0.000,0.000,0.003,0.003,1.800,2.001,3.807,1.818
1780274959552,0.000,0.000,0.000,0.003,0.003,0.003,2.157,2.453,4.619,3.248
1780274959618,0.000,0.000,0.000,0.000,0.000,0.003,2.212,2.489,4.704,3.539
1780274959699,0.000,0.000,0.007,0.003,0.003,0.003,2.190,2.464,4.670,3.491
1780274959767,0.000,0.003,0.000,0.003,0.003,0.000,0.670,0.860,1.539,1.527
1780274959839,0.000,0.000,0.003,0.003,0.000,0.003,0.441,0.564,1.014,1.164
1780274959884,0.000,0.000,0.000,0.000,0.000,0.000,0.441,0.554,0.995,1.115
1780274959924,0.000,0.000,0.000,0.003,0.000,0.000,0.459,0.575,1.037,1.115
1780274959973,0.000,0.000,0.000,0.000,0.003,0.003,1.738,1.942,3.686,1.358
1780274960024,0.000,0.003,0.000,0.003,0.000,0.003,2.084,2.340,4.433,3.176
1780274960081,0.000,0.000,0.000,0.003,0.003,0.003,2.737,3.069,5.815,4.339
1780274960145,6.090,2.813,2.773,6.834,0.000,0.000,0.466,0.612,19.588,13.673
1780274960247,5.791,2.653,3.517,6.582,0.000,0.003,1.399,1.680,21.625,15.152
1780274960302,4.942,3.809,0.718,1.833,0.000,0.007,3.185,3.506,18.000,11.709
1780274960365,4.169,3.437,0.342,0.929,0.003,0.007,2.948,3.375,15.210,11.224
1780274960421,4.009,2.092,0.616,1.866,0.003,0.003,0.914,1.166,10.669,9.527
1780274960465,3.615,1.552,0.597,2.132,0.000,0.003,0.302,0.375,8.576,5.576
1780274960512,3.451,0.893,1.082,1.884,0.000,0.000,0.182,0.200,7.692,4.970
1780274960551,3.236,0.244,1.326,2.988,0.000,0.000,0.182,0.200,8.176,5.164
1780274960597,2.868,2.751,0.940,6.750,0.000,0.000,0.160,0.178,13.647,8.945
1780274960659,2.533,2.671,1.275,7.166,0.000,0.000,0.583,0.707,14.935,11.297
1780274960747,2.682,2.442,1.239,5.427,0.000,0.000,0.477,0.612,12.879,10.109
1780274960800,3.557,2.012,1.133,4.993,0.000,0.000,0.685,0.838,13.218,10.497
1780274960855,3.378,1.498,0.845,4.570,0.000,0.000,0.656,0.820,11.767,9.648
1780274960912,3.357,1.392,0.918,4.089,0.000,0.003,0.277,0.371,10.407,8.776
1780274960979,2.908,1.574,1.272,3.189,4.071,3.951,0.171,0.193,17.329,17.042
1780274961015,2.821,2.489,2.310,3.007,2.478,2.660,0.156,0.178,16.099,14.836
1780274961048,2.525,3.080,3.138,2.810,1.844,1.979,1.556,2.074,19.006,14.545
1780274961081,2.135,3.127,3.265,2.792,1.618,1.640,1.060,1.304,16.941,15.636
1780274961130,2.598,2.824,2.719,2.591,1.549,1.560,0.612,0.754,15.207,13.818
1780274961187,2.106,2.478,2.649,2.613,1.512,1.523,0.229,0.247,13.357,11.976
1780274961273,0.222,2.372,0.178,2.351,1.490,1.552,0.145,0.164,8.474,7.976
1780274961311,0.142,2.354,0.156,1.458,1.505,1.545,0.156,0.171,7.487,7.152
1780274961351,0.142,2.230,0.174,0.743,1.461,1.549,0.149,0.164,6.612,6.448
1780274961416,0.805,2.041,2.810,0.244,1.210,1.206,1.410,1.611,11.337,8.364
1780274961485,1.990,1.946,2.792,0.867,1.600,1.607,1.665,1.942,14.409,12.024
1780274961548,1.997,1.975,2.577,1.844,1.698,1.888,0.371,0.382,12.732,12.242
1780274961598,2.121,1.880,2.132,1.614,1.975,2.041,0.149,0.167,12.079,11.442
1780274961653,0.331,1.906,0.335,1.826,2.332,2.405,0.105,0.120,9.360,9.721
1780274961713,0.061,1.884,0.018,1.669,2.019,2.201,0.083,0.098,8.033,8.073
1780274961813,3.043,1.334,1.213,3.827,0.685,0.878,8.540,9.054,28.574,12.073
1780274961868,6.834,1.097,1.669,7.782,1.899,1.997,1.505,1.129,23.912,22.400
1780274961926,5.343,1.793,1.552,9.003,2.628,1.578,2.063,2.219,26.179,21.115
1780274961991,2.690,1.261,2.066,6.786,4.942,5.646,2.795,3.080,29.266,22.667
1780274962054,0.812,0.284,3.634,4.184,6.437,6.437,2.985,3.360,28.133,24.048
1780274962107,1.964,1.341,3.400,3.393,6.203,6.156,2.256,2.507,27.220,24.267
1780274962164,4.610,4.851,2.551,4.115,3.101,3.429,0.594,0.750,24.001,20.194
1780274962232,3.936,4.968,4.013,4.651,1.953,1.851,0.207,0.247,21.826,16.655
1780274962317,4.257,4.056,3.725,4.494,1.443,1.487,1.359,1.673,22.494,16.024
1780274962385,3.634,4.986,0.641,0.492,1.472,1.549,3.047,3.371,19.192,14.933
1780274962445,2.536,3.652,4.352,2.030,1.148,1.177,4.432,4.815,24.142,19.830
1780274962520,0.171,0.382,0.382,0.149,1.658,1.735,5.288,5.762,15.527,15.345
1780274962566,0.018,0.032,0.029,0.025,2.135,2.197,1.341,1.625,7.402,9.067
1780274962606,0.007,0.007,0.007,0.007,1.873,1.968,0.342,0.422,4.633,5.042
1780274962667,3.462,1.162,1.104,3.076,1.570,1.629,0.127,0.142,12.272,7.055
1780274962731,4.359,2.977,5.930,6.845,1.122,1.159,0.120,0.134,22.646,17.358
1780274962795,2.628,0.411,4.782,1.636,1.527,1.563,2.952,3.171,18.670,12.364
1780274962896,0.047,0.007,0.065,0.018,1.946,1.829,2.854,3.189,9.955,8.461
1780274962959,0.007,0.003,0.007,0.007,2.806,2.453,0.419,0.495,6.197,6.521
1780274963028,0.003,0.003,0.003,0.003,2.037,2.471,0.116,0.123,4.759,5.455
1780274963093,0.630,0.612,0.455,0.597,2.146,2.077,0.098,0.109,6.724,4.873
1780274963150,4.268,4.122,4.363,4.155,1.665,1.698,0.648,0.765,21.684,14.473
1780274963212,2.609,4.038,6.976,6.047,2.263,2.416,1.727,1.946,28.022,20.897
1780274963293,0.080,0.164,0.262,0.215,2.722,2.908,3.200,3.568,13.119,11.273
1780274963344,0.010,0.021,0.025,0.018,2.999,2.861,1.749,2.001,9.684,9.673
1780274963454,0.000,0.000,0.003,0.003,3.101,3.189,0.204,0.240,6.740,7.030
1780274963510,0.000,0.000,0.003,0.007,3.994,4.009,0.109,0.138,8.260,8.339
1780274963573,3.353,3.156,2.886,3.386,4.140,4.035,0.098,0.109,21.163,15.321
1780274963615,5.693,5.088,4.468,4.082,4.319,4.381,0.769,0.852,29.652,25.358
1780274963651,5.861,5.671,4.629,2.496,4.268,4.381,2.154,2.372,31.832,26.691
1780274963708,4.771,4.789,4.086,4.479,3.962,4.173,3.218,3.634,33.112,29.406
1780274963748,4.505,4.195,3.787,4.086,3.710,3.976,3.236,3.586,31.081,27.564
1780274963793,4.213,3.969,3.783,4.140,4.250,3.969,0.944,1.341,26.609,25.648
1780274963844,3.914,3.619,3.244,3.900,4.180,4.162,0.328,0.444,23.791,21.212
1780274963879,3.666,3.349,3.203,3.386,4.111,4.086,0.433,0.532,22.766,20.170
1780274963958,3.058,2.813,2.544,2.722,3.776,3.655,2.139,2.587,23.294,18.982
1780274964031,2.420,2.427,2.351,2.354,3.491,3.747,2.828,3.185,22.803,20.097
1780274964094,2.245,1.957,1.906,2.015,3.586,3.732,2.803,3.171,21.415,18.788
1780274964168,2.580,0.236,2.351,0.138,0.368,0.473,3.280,3.696,13.122,11.006
1780274964212,2.372,0.065,2.227,0.043,0.051,0.047,1.024,1.293,7.122,8.000
1780274964256,1.909,1.990,2.172,1.414,0.007,0.010,0.309,0.375,8.186,6.739
1780274964321,2.106,1.538,0.648,2.598,0.003,0.007,1.928,2.161,10.989,8.509
1780274964365,1.753,0.608,0.266,2.227,0.003,0.007,2.544,2.835,10.243,7.806
1780274964418,1.796,0.182,0.134,2.183,0.003,0.007,2.573,2.875,9.753,7.661
1780274964503,1.844,0.149,0.105,1.986,0.000,0.007,2.762,3.076,9.929,7.927
1780274964563,1.753,0.145,0.112,1.884,0.000,0.003,0.893,1.100,5.890,6.836
1780274964616,1.928,0.054,0.032,2.132,0.000,0.000,0.368,0.477,4.991,4.848
1780274964687,1.833,3.229,3.696,1.906,0.000,0.003,1.592,1.939,14.198,6.206
1780274964741,0.962,2.628,0.597,0.430,0.003,0.003,2.256,2.525,9.404,5.552
1780274964796,1.337,4.395,0.040,0.043,0.003,0.010,4.632,5.022,15.482,11.733
1780274964869,0.583,4.399,6.608,2.307,0.003,0.003,2.890,3.207,20.000,14.279
1780274964923,0.167,3.342,5.106,0.554,0.000,0.000,1.315,1.592,12.076,6.764
1780274965004,0.007,0.138,0.233,0.010,0.000,0.007,2.646,2.988,6.029,4.097
1780274965048,0.003,0.014,0.032,0.003,0.003,0.003,2.569,2.861,5.488,4.242
1780274965100,0.000,0.003,0.007,0.000,0.003,0.003,2.001,2.314,4.331,4.097
1780274965157,0.003,0.000,0.003,0.003,0.000,0.003,2.383,2.700,5.095,3.830
1780274965209,0.003,0.000,0.003,0.003,0.003,0.003,2.668,2.992,5.675,4.097
1780274965270,0.000,0.000,0.000,0.003,3.892,0.003,2.438,2.788,9.124,6.982
1780274965331,0.000,0.000,0.000,0.003,4.680,4.647,1.694,1.957,12.981,15.855
1780274965391,0.000,0.000,0.000,0.003,3.043,2.912,2.489,2.799,11.246,12.339
1780274965437,0.000,0.000,0.000,0.000,2.937,3.127,1.377,1.600,9.041,9.867
1780274965529,0.000,0.000,0.000,0.003,2.310,2.412,3.196,3.623,11.544,10.473
1780274965577,0.003,0.000,0.000,0.003,1.840,1.961,4.596,5.263,13.666,14.303
1780274965629,0.000,0.000,0.000,0.000,1.731,2.110,5.070,5.620,14.531,14.691
1780274965705,0.000,0.000,0.000,0.000,1.479,1.414,5.019,5.471,13.383,14.133
1780274965747,0.000,0.000,0.000,0.003,1.301,1.454,4.891,5.361,13.010,15.152
1780274965805,0.000,0.000,0.000,0.003,1.392,1.352,4.895,5.321,12.963,14.642
1780274965863,0.000,0.000,0.000,0.003,1.323,1.388,5.154,5.697,13.565,13.867
1780274965896,0.003,0.000,0.000,0.003,1.304,1.370,5.139,5.642,13.461,13.479
1780274965925,0.000,0.000,0.000,0.003,1.352,1.355,5.092,5.580,13.382,13.358
1780274965963,0.000,0.000,0.000,0.003,1.319,1.355,4.968,5.500,13.145,13.164
1780274966038,2.402,2.453,2.788,2.664,0.149,0.215,4.825,5.256,20.752,14.158
1780274966093,5.113,5.347,6.218,5.711,0.010,0.021,3.444,3.860,29.724,22.812
1780274966144,2.704,6.054,5.646,6.754,0.003,0.010,3.459,3.914,28.544,25.527
1780274966209,3.098,5.624,5.649,5.883,0.003,0.007,2.620,2.985,25.869,21.842
1780274966255,2.427,5.613,5.051,4.137,0.000,0.003,1.607,1.913,20.751,16.679
1780274966296,1.363,4.906,5.631,2.453,0.003,0.003,0.831,1.035,16.225,14.303
1780274966358,0.936,4.512,5.281,0.947,0.000,0.000,0.404,0.546,12.626,10.061
1780274966409,0.729,3.761,5.347,0.969,0.000,0.000,0.342,0.444,11.592,9.018
1780274966454,0.721,3.688,4.680,0.995,0.000,0.003,0.991,1.166,12.244,8.800
1780274966499,0.641,3.615,4.388,0.987,0.003,0.003,2.540,2.835,15.012,11.176
1780274966594,0.324,3.072,3.889,0.134,0.000,0.007,3.131,3.470,14.027,11.564
1780274966677,5.285,1.782,2.996,5.070,3.214,3.218,1.917,2.248,25.730,24.073
1780274966734,4.231,1.385,2.937,5.004,1.855,1.789,3.342,3.706,24.249,21.188
1780274966788,4.279,2.314,3.637,4.195,1.662,1.716,1.647,1.818,21.268,19.370
1780274966851,4.082,1.505,3.429,3.841,1.461,1.541,1.804,2.077,19.740,17.285
1780274966900,3.601,2.730,3.295,3.320,1.487,1.509,1.046,1.177,18.165,16.218
1780274966939,3.039,2.176,3.276,3.178,1.490,1.516,0.626,0.794,16.095,14.255
1780274966993,3.149,2.518,2.824,3.014,1.414,1.487,0.258,0.335,14.999,13.818
1780274967031,2.824,2.507,2.850,2.759,1.381,1.450,0.492,0.605,14.868,12.921
1780274967137,2.329,0.076,2.168,0.094,1.454,1.516,0.798,0.965,9.400,8.752
1780274967213,1.742,2.941,1.465,3.080,1.228,1.308,0.663,0.812,13.239,10.667
1780274967266,1.931,2.624,1.541,3.036,1.348,1.406,0.266,0.338,12.490,11.321
1780274967314,2.066,2.125,1.283,2.806,1.359,1.472,0.451,0.568,12.130,10.861
1780274967357,2.055,3.528,3.349,2.471,1.337,1.396,1.869,2.267,18.272,10.255
1780274967417,2.157,4.957,5.030,1.625,1.363,1.450,0.998,1.151,18.731,13.018
1780274967467,1.909,5.726,5.872,1.301,1.290,1.345,0.349,0.437,18.229,11.661
1780274967518,2.230,6.382,6.725,1.815,1.188,1.301,0.543,0.743,20.927,14.012
1780274967572,2.150,5.478,5.303,1.483,1.352,1.374,0.317,0.419,17.876,12.679
1780274967664,2.412,5.285,5.500,1.990,1.348,1.396,0.430,0.561,18.922,13.964
1780274967742,2.438,4.530,5.077,2.289,1.341,1.410,0.965,1.159,19.209,14.133
1780274967797,2.558,3.867,3.907,2.314,1.476,1.523,0.444,0.535,16.624,12.945
1780274967845,2.719,1.144,1.129,2.908,1.541,1.570,0.346,0.462,11.819,9.697
1780274967893,2.259,0.860,0.710,3.320,1.447,1.505,0.174,0.218,10.493,9.018
1780274967933,1.939,2.128,2.383,3.087,1.396,1.366,0.258,0.309,12.866,8.655
1780274967972,2.095,2.711,2.861,3.189,1.727,1.527,0.196,0.233,14.539,9.794
1780274968013,1.250,3.171,3.426,3.218,1.698,1.793,0.174,0.193,14.923,10.667
1780274968053,1.166,3.043,3.550,2.937,1.687,1.786,0.422,0.521,15.112,10.521
1780274968093,2.103,2.522,3.010,3.156,2.515,2.405,0.218,0.266,16.195,11.879
1780274968193,4.698,0.517,3.145,2.584,3.597,3.087,0.375,0.499,18.502,13.503
1780274968266,5.700,1.450,0.645,4.158,2.788,2.937,2.106,2.398,22.182,18.012
1780274968324,4.731,2.828,3.072,3.892,2.591,2.504,2.307,2.620,24.545,18.667
1780274968379,2.518,1.330,1.020,2.347,3.583,3.375,0.750,0.936,15.859,13.818
1780274968421,3.663,1.990,1.465,4.661,4.158,3.626,0.218,0.291,20.072,14.085
1780274968475,5.132,2.245,1.986,5.635,4.177,4.384,0.266,0.335,24.160,19.394
1780274968535,3.557,2.015,2.693,5.780,4.501,4.264,2.055,2.329,27.194,20.921
1780274968591,0.798,2.267,6.881,5.245,3.900,4.224,2.431,2.766,28.512,21.891
1780274968647,0.360,1.855,7.680,4.056,3.907,3.593,2.617,2.970,27.038,21.891
1780274968740,2.176,3.666,6.517,3.360,3.951,4.038,0.451,0.550,24.709,23.636
1780274968812,3.171,4.760,3.524,4.264,4.107,4.490,0.153,0.182,24.651,20.000
1780274968865,3.911,1.494,1.242,3.532,4.417,4.111,0.696,0.776,20.179,16.703
1780274968905,4.654,1.319,2.055,3.309,1.228,1.454,1.796,1.982,17.797,13.430
1780274968944,4.734,3.382,4.275,3.021,0.149,0.193,1.935,2.234,19.923,14.376
1780274968986,4.242,3.652,4.490,2.945,0.025,0.036,2.412,2.715,20.517,15.224
1780274969026,4.552,3.426,3.936,2.988,0.007,0.007,1.082,1.345,17.343,14.788
1780274969082,4.144,2.956,3.397,3.327,0.003,0.007,2.187,2.460,18.481,13.285
1780274969136,4.184,0.539,3.331,0.758,0.003,0.003,1.257,1.541,11.616,12.267
1780274969177,3.860,0.579,2.835,1.027,0.003,0.007,1.957,2.504,12.772,7.927
1780274969255,2.598,1.202,0.543,3.714,0.000,0.003,2.325,2.668,13.053,10.133
1780274969319,3.010,1.053,0.342,3.550,0.000,0.003,0.430,0.586,8.974,7.709
1780274969396,3.043,0.688,0.298,3.083,0.003,0.003,1.556,1.731,10.405,8.048
1780274969455,2.642,0.393,0.298,2.412,0.003,0.003,2.471,2.792,11.014,7.588
1780274969509,2.598,0.284,0.335,2.318,0.000,0.003,2.405,2.744,10.687,8.509
1780274969565,2.544,0.408,0.251,2.577,0.000,0.007,2.577,2.934,11.298,8.776
1780274969621,2.376,0.317,0.218,2.460,0.000,0.003,2.500,2.846,10.720,8.655
1780274969668,1.046,0.215,0.149,1.283,0.003,0.003,2.511,2.861,8.071,6.206
1780274969724,0.182,0.051,0.021,0.131,0.003,0.003,2.423,2.770,5.584,4.291
1780274969797,0.007,0.007,0.003,0.007,0.000,0.000,1.049,1.086,2.159,2.448
1780274969871,0.000,0.000,0.003,0.003,0.003,0.003,2.004,2.318,4.334,3.224
1780274969923,0.003,0.000,0.003,0.003,0.003,0.007,2.303,2.635,4.957,3.418
1780274969975,0.003,0.000,0.003,0.003,0.000,0.003,2.555,2.897,5.464,3.806
1780274970019,0.000,0.003,0.000,0.000,0.003,0.003,2.722,3.083,5.814,4.485
1780274970067,0.000,0.000,0.003,0.003,3.626,0.003,2.114,2.318,8.067,5.261
1780274970111,0.003,0.003,0.000,0.003,4.599,0.003,0.718,0.969,6.298,8.897
1780274970159,0.000,0.000,0.000,0.003,5.008,4.614,1.600,1.840,13.065,13.988
1780274970204,0.000,0.000,0.000,0.000,3.145,3.076,2.606,2.945,11.772,12.727
1780274970254,0.000,0.000,0.000,0.003,2.620,2.886,1.312,1.603,8.424,11.758
1780274970319,0.003,0.003,0.000,0.003,2.544,2.934,1.086,1.323,7.896,7.685
1780274970404,0.000,0.000,0.000,0.003,2.361,2.547,2.558,2.861,10.330,9.285
1780274970460,0.003,0.000,0.000,0.000,1.796,1.833,4.599,5.004,13.235,12.897
1780274970498,0.000,0.000,0.000,0.003,1.647,1.968,4.877,5.533,14.028,14.424
1780274970530,0.000,0.000,0.000,0.003,1.702,1.767,5.033,5.598,14.103,14.545
1780274970589,0.003,0.000,0.000,0.003,1.417,1.410,4.906,5.409,13.148,14.109
1780274970624,0.000,0.000,0.000,0.000,1.242,1.377,4.800,5.314,12.733,15.103
1780274970669,0.000,0.000,0.000,0.003,1.293,1.312,4.705,5.215,12.528,15.442
1780274970706,0.000,0.000,0.000,0.003,1.352,1.363,4.687,5.175,12.580,15.224
1780274970756,0.003,0.000,0.000,0.003,1.334,1.414,4.705,5.179,12.638,14.255
1780274970813,0.000,0.000,0.000,0.003,1.454,1.479,4.290,4.789,12.015,13.358
1780274970906,1.239,1.232,1.308,1.159,0.047,0.065,5.026,5.525,15.601,11.758
1780274970962,2.679,5.354,6.426,2.606,0.010,0.014,4.002,4.435,25.526,17.236
1780274971009,1.071,5.547,6.929,0.922,0.003,0.010,4.093,4.541,23.116,20.291
1780274971048,2.314,4.548,7.217,2.540,0.003,0.007,3.885,4.235,24.749,18.788
1780274971091,4.804,3.193,6.378,5.631,0.000,0.003,2.347,2.690,25.046,21.891
1780274971136,3.790,0.805,6.845,4.698,0.000,0.003,1.858,2.172,20.171,19.903
1780274971187,4.264,0.251,6.211,0.594,0.000,0.003,0.834,0.940,13.097,11.758
1780274971232,3.101,0.105,4.687,0.167,0.010,0.021,8.354,8.817,25.262,17.115
1780274971273,3.499,3.648,3.491,3.517,0.000,0.003,3.419,3.881,21.458,25.552
1780274971333,2.504,2.751,3.725,5.449,0.003,0.007,3.892,4.330,22.661,18.933
1780274971427,2.409,3.506,3.280,3.470,0.000,0.010,4.158,4.570,21.403,19.030
1780274971497,0.364,3.542,3.455,0.568,0.003,0.010,4.173,4.578,16.693,15.006
1780274971538,2.223,3.681,3.459,2.730,0.000,0.000,1.042,1.275,14.410,13.818
1780274971584,2.263,2.781,2.267,3.284,3.532,3.163,7.621,7.964,32.875,8.121
1780274971628,0.809,2.194,1.636,0.681,2.569,2.507,9.826,10.588,30.810,28.679
1780274971669,2.824,0.572,2.332,0.149,2.409,2.544,3.936,4.457,19.223,27.006
1780274971706,3.550,0.153,2.657,0.094,1.771,1.800,4.304,4.709,19.038,16.558
1780274971752,3.732,0.903,1.002,2.781,1.385,1.406,4.432,4.877,20.518,17.648
1780274971787,3.233,1.447,0.539,4.144,1.293,1.396,4.370,4.778,21.200,19.200
1780274971840,3.327,0.834,0.258,4.056,1.374,1.403,4.341,4.767,20.360,18.570
1780274971903,3.054,0.255,0.153,3.422,1.392,1.425,4.333,4.731,18.765,17.503
1780274971970,3.032,0.102,0.036,3.262,1.476,1.545,3.360,3.721,16.534,14.933
1780274972029,3.036,0.054,0.010,3.240,1.669,1.683,0.681,0.962,11.335,12.097
1780274972073,2.314,0.043,0.003,2.587,0.754,0.656,8.427,8.773,23.557,16.703
1780274972138,1.880,0.043,0.003,1.902,1.009,1.049,10.096,10.741,26.723,24.848
1780274972190,2.205,2.442,2.602,2.270,1.625,1.654,5.507,6.014,24.319,22.376
1780274972222,2.500,3.185,3.535,2.044,1.541,1.570,5.037,5.463,24.875,17.697
1780274972263,2.638,4.414,4.990,1.297,1.319,1.359,4.720,5.132,25.869,17.818
1780274972293,2.518,4.512,4.209,1.654,1.286,1.352,4.636,5.015,25.182,19.224
1780274972354,2.449,4.884,5.183,1.924,1.210,1.297,4.341,4.782,26.070,20.824
1780274972440,2.219,5.784,6.192,1.702,1.461,1.304,3.870,4.308,26.840,23.782
1780274972500,2.402,5.401,5.401,1.786,1.735,1.662,3.794,4.191,26.372,23.321
1780274972571,2.741,5.000,5.030,2.445,2.150,2.234,1.133,1.428,22.161,20.048
1780274972636,0.510,4.268,4.552,0.557,1.622,1.501,8.153,8.638,29.801,23.782
1780274972680,3.896,4.505,3.648,3.783,1.993,2.489,2.522,2.894,25.730,22.933
1780274972723,6.251,4.209,3.291,5.489,1.523,1.596,2.460,2.733,27.552,21.067
1780274972757,5.955,4.268,2.464,4.024,1.472,1.399,3.473,4.093,27.148,23.273
1780274972791,6.003,3.911,2.547,4.931,1.272,1.392,3.819,4.206,28.081,24.461
1780274972824,5.682,3.054,1.745,6.291,1.782,1.775,3.896,4.293,28.518,24.824
1780274972888,4.847,1.764,1.122,6.174,2.074,1.968,3.914,4.261,26.124,21.891
1780274972951,4.075,1.093,0.626,5.850,2.292,2.285,2.026,2.365,20.612,21.600
1780274973021,4.669,1.188,0.707,5.008,1.880,2.234,0.335,0.400,16.421,15.030
1780274973082,4.355,1.140,0.827,4.508,1.727,1.614,0.211,0.240,14.622,12.606
1780274973155,3.776,0.951,1.673,2.653,1.538,1.519,0.364,0.481,12.955,10.739
1780274973211,3.462,0.236,3.659,0.346,1.534,1.709,0.663,0.801,12.410,11.079
1780274973260,2.686,1.425,3.244,0.914,1.709,1.906,0.692,0.834,13.410,11.564
1780274973335,2.303,4.027,2.628,3.342,1.789,1.793,0.550,0.674,17.106,15.079
1780274973421,2.238,3.214,2.482,2.380,1.844,1.928,0.991,1.155,16.232,14.230
1780274973495,2.154,2.525,2.256,2.154,1.731,1.760,2.726,3.007,18.313,15.152
1780274973544,2.081,2.121,1.851,1.851,1.727,1.844,3.309,3.728,18.512,15.952
1780274973614,2.041,0.871,0.834,1.753,1.982,1.982,2.945,3.335,15.743,13.988
1780274973695,0.182,0.298,3.641,2.037,2.088,2.165,1.049,1.257,12.717,8.873
1780274973734,0.142,0.167,4.129,1.742,2.019,2.048,0.375,0.470,11.092,7.564
1780274973773,2.033,0.076,1.406,1.479,1.800,1.953,0.204,0.236,9.187,7.661
1780274973827,3.823,0.043,0.178,1.538,1.786,1.833,0.185,0.207,9.593,8.945
1780274973864,3.539,0.043,0.116,1.895,1.636,1.753,1.924,2.012,12.918,9.988
1780274973933,3.025,0.058,0.102,1.702,2.383,2.609,2.325,2.664,14.868,12.727
1780274974000,0.338,0.007,0.010,0.098,2.544,2.278,3.054,3.415,11.744,10.352
1780274974060,0.021,0.000,0.003,0.003,1.851,2.092,3.152,3.488,10.610,9.455
1780274974118,0.003,0.003,0.003,0.007,3.182,3.182,3.047,3.327,12.754,10.812
1780274974164,0.000,0.000,0.003,0.003,3.265,3.306,3.098,3.462,13.137,12.364
1780274974214,0.000,0.000,0.003,0.003,2.999,2.773,2.952,3.302,12.032,11.152
1780274974254,0.000,0.000,0.000,0.003,2.504,2.730,2.609,2.952,10.798,9.915
1780274974312,1.239,4.038,1.622,5.026,2.700,2.609,0.885,1.060,19.179,11.467
1780274974367,0.616,3.404,1.253,7.862,2.515,2.456,0.867,1.075,20.048,15.200
1780274974424,1.990,3.703,2.573,7.096,2.533,2.511,2.850,3.141,26.397,19.200
1780274974507,2.135,2.843,6.991,5.525,2.219,2.245,3.105,3.524,28.587,25.794
1780274974550,2.278,3.473,6.495,5.084,2.329,2.507,1.848,2.146,26.160,23.491
1780274974589,3.189,3.109,5.828,4.844,2.598,2.504,1.436,1.673,25.181,22.691
1780274974658,3.028,3.090,5.241,4.348,2.540,2.657,0.903,1.075,22.882,20.024
1780274974715,2.660,2.533,4.191,3.196,0.255,0.353,8.500,8.948,30.636,19.903
1780274974757,3.499,2.799,3.947,3.196,0.032,0.051,4.002,3.940,21.466,27.127
1780274974800,3.269,2.854,3.692,3.138,0.010,0.018,4.111,4.472,21.564,16.945
1780274974833,3.178,2.518,3.462,3.116,0.003,0.014,4.217,4.658,21.166,19.297
1780274974875,3.171,2.584,2.832,3.010,0.003,0.010,4.239,4.687,20.536,18.933
1780274974930,2.464,2.591,2.795,2.653,0.003,0.010,4.228,4.665,19.409,17.624
1780274974990,2.828,2.628,2.620,2.733,0.000,0.007,2.230,2.547,15.593,14.376
1780274975065,1.680,1.709,1.665,1.829,0.010,0.021,9.345,10.122,26.381,20.921
1780274975104,2.201,2.077,1.888,2.168,0.003,0.003,3.634,4.133,16.107,18.255
1780274975170,1.753,1.713,1.680,1.844,4.297,3.849,2.675,2.967,20.778,19.176
1780274975209,1.807,1.760,1.687,1.680,2.963,3.134,3.987,4.330,21.348,19.297
1780274975243,1.673,1.512,1.406,1.589,2.496,2.511,4.231,4.592,20.010,18.909
1780274975301,1.782,1.239,1.078,1.786,2.296,2.351,3.652,4.053,18.237,17.067
1780274975342,2.095,0.379,0.364,0.645,2.584,2.609,1.782,2.088,12.546,12.800
1780274975395,2.121,3.998,0.145,0.153,2.347,2.416,0.462,0.561,12.203,9.648
1780274975456,0.834,0.495,0.014,1.366,1.370,1.461,9.210,10.198,24.948,18.521
1780274975518,0.072,0.029,0.000,0.116,2.781,2.744,3.940,3.641,13.323,19.782
1780274975594,0.003,0.000,0.000,0.003,2.012,2.055,4.898,5.365,14.336,13.309
1780274975627,0.003,0.003,0.000,0.010,2.041,2.106,4.986,5.467,14.616,14.400
1780274975674,0.000,0.000,0.000,0.003,2.143,2.223,4.953,5.387,14.709,14.424
1780274975713,0.000,0.000,0.000,0.003,2.132,2.154,4.869,5.328,14.486,14.400
1780274975747,0.003,0.000,0.000,0.003,2.110,2.150,4.855,5.230,14.351,14.133
1780274975786,0.003,0.000,0.003,0.003,2.296,2.307,3.776,4.209,12.597,13.261
1780274975839,0.061,1.917,1.541,0.072,2.343,2.380,1.319,1.589,11.222,11.394
1780274975897,1.268,5.059,5.740,1.399,1.931,1.968,0.335,0.338,18.038,13.455
1780274975964,2.668,4.366,4.293,2.675,2.114,2.165,0.295,0.393,18.969,11.879
1780274976039,0.149,0.182,0.167,0.102,2.278,2.398,0.677,0.845,6.798,6.133
1780274976112,3.134,2.442,1.924,3.287,1.982,2.052,0.426,0.546,15.793,8.752
1780274976174,2.850,3.973,6.218,5.638,1.498,1.585,1.866,2.099,25.727,16.655
1780274976245,2.380,3.732,5.438,4.636,1.778,1.873,3.583,3.907,27.327,22.594
1780274976288,0.652,1.217,1.760,0.929,2.358,2.416,4.377,4.953,18.662,19.733
1780274976327,0.072,0.134,0.207,0.109,2.638,2.693,2.194,2.248,10.295,13.576
1780274976389,0.007,0.007,0.010,0.010,2.383,2.482,0.667,0.834,6.400,6.715
1780274976439,0.003,0.000,0.000,0.003,1.232,1.319,9.389,9.954,21.900,17.285
1780274976478,0.007,0.000,0.000,0.003,2.584,2.496,3.273,3.747,12.110,22.424
1780274976522,0.000,0.000,0.003,0.003,2.704,2.649,2.766,3.069,11.194,8.848
1780274976557,0.000,0.000,0.000,0.003,2.383,2.449,4.293,4.898,14.026,12.679
1780274976604,0.000,0.000,0.000,0.003,2.704,2.803,4.753,5.186,15.449,15.055
1780274976661,0.116,0.065,0.061,0.142,2.507,2.631,4.745,5.194,15.461,15.055
1780274976712,3.007,2.835,3.178,2.624,2.084,2.267,3.546,3.932,23.473,16.848
1780274976785,5.952,4.275,6.192,6.109,2.026,2.263,0.911,1.191,28.919,25.358
1780274976826,5.959,4.428,6.222,5.456,2.256,2.263,0.933,1.162,28.679,24.315
1780274976884,2.493,1.589,2.445,2.478,2.886,2.905,1.713,1.935,18.444,15.685
1780274976944,0.368,0.357,0.262,0.317,2.744,2.726,0.495,0.626,7.895,8.073
1780274976993,0.018,0.014,0.025,0.025,2.471,2.453,0.211,0.251,5.468,5.988
1780274977048,0.003,0.003,0.007,0.003,2.336,2.416,0.149,0.174,5.091,5.455
1780274977089,0.991,1.855,2.070,1.115,2.223,2.223,0.185,0.215,10.877,8.218
1780274977153,0.605,6.878,6.466,0.630,1.946,1.939,0.182,0.211,18.857,15.855
1780274977234,0.102,6.440,6.192,0.029,0.087,0.120,2.773,3.094,18.837,15.564
1780274977297,0.710,1.917,1.771,0.769,0.007,0.018,3.965,4.432,13.589,8.582
1780274977356,0.087,0.196,0.211,0.091,0.003,0.003,0.845,0.816,2.252,3.030
1780274977414,0.007,0.014,0.014,0.007,0.000,0.003,0.189,0.229,0.463,0.994
1780274977451,0.003,0.003,0.007,0.000,0.007,0.025,8.117,8.398,16.560,8.921
1780274977493,0.003,0.003,0.003,0.007,0.003,0.003,3.499,4.075,7.596,11.830
1780274977534,0.003,0.003,0.000,0.003,0.003,0.014,4.942,5.307,10.275,7.830
1780274977577,0.000,0.000,0.003,0.003,0.003,0.010,5.318,5.762,11.099,11.152
1780274977630,0.003,0.003,0.000,0.003,0.003,0.007,3.951,4.341,8.311,7.952
1780274977697,0.003,0.003,0.000,0.003,0.003,0.003,2.868,3.109,5.992,6.448
1780274977762,0.003,0.003,0.003,0.003,0.000,0.003,0.564,0.696,1.275,1.818
1780274977823,0.000,0.000,0.003,0.000,0.000,0.003,0.189,0.225,0.420,0.994
1780274977891,0.000,0.000,0.000,0.003,0.000,0.003,0.145,0.160,0.311,0.897
1780274977951,0.003,0.000,0.000,0.003,0.000,0.000,0.382,0.484,0.872,0.945
1780274977997,0.003,0.000,0.000,0.003,0.000,0.003,1.570,1.913,3.492,2.012
1780274978038,0.003,0.000,0.003,0.003,0.000,0.003,2.052,2.354,4.418,3.248
1780274978078,0.003,0.000,0.000,0.003,0.003,0.003,2.026,2.292,4.330,3.394
1780274978116,0.000,0.000,0.003,0.003,0.003,0.003,2.219,2.518,4.749,3.103
1780274978154,0.000,0.000,0.000,0.003,0.000,0.003,2.015,2.332,4.353,3.491
1780274978231,0.000,0.000,0.000,0.000,0.000,0.000,0.739,0.896,1.635,1.648
1780274978304,0.207,0.196,0.167,0.215,0.000,0.000,0.258,0.313,1.356,1.139
1780274978361,3.313,3.156,3.721,3.003,0.000,0.003,0.182,0.207,13.585,5.939
1780274978427,2.566,4.895,7.454,6.641,0.000,0.003,1.272,1.498,24.329,19.345
1780274978488,2.139,4.016,6.593,5.715,0.000,0.007,3.513,4.053,26.036,22.012
1780274978526,2.252,4.093,6.243,5.154,0.000,0.007,3.932,4.352,26.033,23.200
1780274978568,2.493,3.812,5.930,4.745,0.000,0.010,3.801,4.166,24.957,22.521
1780274978617,2.657,3.561,5.675,4.574,0.000,0.003,2.132,2.241,20.843,17.988
1780274978658,2.996,3.378,5.310,4.414,0.000,0.000,0.707,0.878,17.683,16.145
1780274978719,3.553,3.761,4.118,5.726,0.000,0.000,0.222,0.266,17.646,14.958
1780274978759,4.938,5.784,4.100,5.252,0.000,0.000,0.167,0.185,20.426,17.915
1780274978811,4.271,5.223,6.433,7.198,0.000,0.003,0.765,0.882,24.775,18.788
1780274978863,2.460,2.168,7.727,6.710,0.000,0.003,0.772,0.944,20.784,18.303
1780274978902,3.298,4.286,7.964,7.377,0.000,0.000,0.995,1.155,25.075,21.091
1780274978945,1.866,2.923,7.938,7.716,0.003,0.007,3.222,3.429,27.104,22.400
1780274979012,2.762,2.518,7.895,7.588,3.047,0.003,1.833,2.139,27.785,24.848
1780274979070,2.635,2.857,7.304,7.559,3.546,3.838,0.667,0.809,29.215,28.703
1780274979106,2.668,3.127,7.268,7.909,2.956,2.894,1.177,1.352,29.351,28.194
1780274979149,2.606,3.174,7.286,7.796,2.372,2.577,1.472,1.680,28.963,28.170
1780274979205,2.686,3.400,7.406,7.927,2.157,2.183,1.115,1.279,28.153,26.594
1780274979243,2.471,3.389,7.567,8.066,2.259,2.310,1.290,1.498,28.850,25.018
1780274979282,2.562,3.411,7.497,8.040,2.318,2.569,1.786,2.092,30.275,25.285
1780274979344,2.817,2.934,7.268,7.701,2.172,1.957,3.429,3.783,32.061,27.394
1780274979403,2.467,3.156,6.991,7.392,2.402,2.358,3.331,3.706,31.803,28.873
1780274979435,2.649,3.411,6.936,7.308,2.179,2.332,3.269,3.623,31.707,30.642
1780274979479,2.595,3.280,7.056,7.468,1.997,2.037,3.298,3.677,31.408,29.818
1780274979542,2.496,3.298,7.217,7.552,1.603,1.935,3.586,4.013,31.700,27.830
1780274979598,2.923,2.810,7.209,7.468,1.676,1.410,3.703,4.035,31.234,27.830
1780274979640,2.857,3.309,7.056,7.257,1.330,1.359,3.546,3.940,30.654,28.073
1780274979675,2.715,3.338,7.027,7.180,1.159,1.341,3.480,3.870,30.110,28.727
1780274979714,2.693,3.400,7.045,7.151,1.250,1.264,3.459,3.790,30.052,28.752
1780274979743,2.617,3.302,7.115,7.224,1.279,1.264,3.542,3.852,30.195,28.339
1780274979778,2.620,3.360,7.177,7.166,1.213,1.290,3.677,4.162,30.665,27.467
1780274979808,2.792,3.072,7.238,7.264,1.228,1.334,3.794,4.148,30.870,27.273
1780274979850,2.671,3.047,7.308,6.958,1.268,1.279,3.757,4.140,30.428,26.836
1780274979889,2.536,3.251,7.341,6.936,1.239,1.315,3.765,4.111,30.494,26.691
1780274979946,2.686,3.185,7.286,6.947,1.250,1.301,3.641,4.045,30.341,26.521
1780274979984,2.686,3.058,7.304,6.961,1.224,1.275,3.681,4.013,30.202,26.303
1780274980043,2.606,3.196,7.322,6.958,1.213,1.290,3.590,3.925,30.100,26.133
1780274980109,2.624,3.302,7.319,6.929,1.232,1.315,3.462,3.849,30.032,26.012
1780274980149,2.485,3.364,7.326,6.958,1.217,1.261,3.495,3.823,29.929,26.085
1780274980188,2.416,3.251,7.472,7.089,1.370,1.377,2.679,3.025,28.679,25.794
1780274980249,2.690,3.437,7.687,7.231,1.330,1.432,1.487,1.731,27.025,22.982
1780274980292,2.748,3.284,7.716,7.322,1.308,1.301,1.261,1.443,26.383,22.061
1780274980328,2.398,2.792,6.881,6.633,0.783,0.863,7.410,7.574,35.334,27.491
1780274980388,2.704,3.419,7.450,7.147,1.439,1.498,2.216,2.544,28.417,25.552
1780274980449,2.296,3.160,7.337,6.983,1.144,1.202,3.480,3.805,29.407,24.824
1780274980492,2.460,3.287,7.268,6.925,1.126,1.202,3.517,3.852,29.637,25.745
1780274980565,2.664,3.389,7.242,6.899,1.195,1.275,3.422,3.812,29.898,26.012
1780274980629,2.795,3.324,7.530,7.155,1.399,1.447,1.826,1.950,27.426,23.442
1780274980677,2.125,3.080,6.805,6.407,0.696,0.801,7.497,8.543,35.954,27.952
1780274980743,2.617,3.357,7.348,7.016,1.505,1.472,2.839,3.138,29.292,25.139
1780274980790,2.493,3.247,7.271,6.940,1.184,1.279,3.506,3.819,29.739,24.679
1780274980819,2.522,3.240,7.217,6.903,1.170,1.246,3.557,3.900,29.755,25.770
1780274980849,2.631,3.316,7.202,6.892,1.188,1.268,3.532,3.863,29.892,25.939
1780274980882,2.624,3.258,7.202,6.892,1.202,1.228,3.517,3.823,29.746,25.818
1780274980922,2.806,3.236,7.337,7.005,1.326,1.370,2.657,3.058,28.795,25.770
1780274980980,2.711,3.302,7.464,7.096,1.275,1.377,2.340,2.649,28.214,23.758
1780274981026,2.624,3.196,7.581,7.202,1.334,1.355,1.625,1.862,26.779,22.206
1780274981103,2.540,3.214,7.661,7.282,1.257,1.304,1.159,1.352,25.769,21.479
1780274981171,2.668,3.160,7.690,7.282,1.257,1.293,1.009,1.202,25.561,21.042
1780274981214,2.700,3.196,7.672,7.264,1.235,1.290,1.020,1.177,25.554,21.164
1780274981257,2.190,2.886,6.910,6.437,0.637,0.721,6.889,8.131,34.801,23.782
1780274981311,2.536,3.593,7.264,6.943,1.406,1.417,2.733,3.098,28.990,26.061
1780274981350,2.387,3.393,7.220,6.885,1.246,1.286,3.510,3.794,29.721,24.873
1780274981389,2.453,3.203,7.136,6.823,1.170,1.232,3.564,3.922,29.503,25.503
1780274981424,2.584,3.367,7.111,6.805,1.173,1.279,3.521,3.896,29.736,25.867
1780274981471,2.606,3.466,7.096,6.794,1.232,1.279,3.513,3.812,29.798,25.915
1780274981521,2.602,3.193,7.122,6.823,1.202,1.272,3.480,3.790,29.484,25.891
1780274981581,3.061,4.075,4.414,7.271,0.204,0.164,3.568,3.896,26.653,23.879
1780274981655,3.750,4.851,6.437,3.225,0.007,0.010,1.837,2.143,22.260,15.709
1780274981700,1.924,4.399,5.452,1.253,0.010,0.025,8.416,8.955,30.434,17.042
1780274981749,2.595,4.997,4.559,1.796,0.000,0.003,3.302,3.039,20.291,26.836
1780274981806,3.222,5.183,4.388,2.886,0.000,0.003,1.031,1.232,17.945,12.388
1780274981857,2.544,4.928,4.330,2.227,0.000,0.007,3.247,3.772,21.055,15.297
1780274981901,2.088,4.738,3.867,2.055,0.000,0.010,4.144,4.570,21.472,16.970
1780274981956,0.419,4.363,3.127,0.809,0.000,0.007,3.947,4.377,17.049,15.733
1780274982035,4.363,3.528,0.375,0.047,0.003,0.007,3.397,3.750,15.470,12.509
1780274982124,5.172,2.507,0.021,2.642,0.000,0.000,0.601,0.827,11.770,8.533
1780274982181,3.480,1.538,0.010,2.329,0.007,0.021,8.835,9.174,25.394,13.212
1780274982220,3.685,1.133,0.532,2.194,0.007,0.021,9.903,10.417,27.892,23.976
1780274982267,3.692,1.053,0.823,2.281,0.000,0.003,4.399,4.315,16.566,16.752
1780274982309,2.478,0.798,0.878,2.369,0.003,0.010,4.946,5.237,16.719,11.394
1780274982343,2.496,0.382,1.545,2.278,0.003,0.010,5.099,5.503,17.316,13.673
1780274982382,2.584,0.178,1.603,2.431,0.003,0.010,5.066,5.511,17.386,14.012
1780274982425,2.351,0.164,1.570,1.935,0.003,0.010,4.949,5.441,16.423,13.576
1780274982463,2.482,0.098,0.754,3.236,0.003,0.010,4.909,5.325,16.817,13.503
1780274982518,1.990,1.330,0.102,6.407,3.998,3.619,3.335,3.546,24.327,21.164
1780274982580,2.671,1.257,0.047,6.185,2.230,2.227,3.666,4.064,22.347,19.661
1780274982647,3.028,1.239,0.083,5.584,1.826,1.866,0.980,0.944,15.550,15.491
1780274982709,2.638,0.969,0.102,4.333,0.645,0.794,9.028,9.396,27.905,23.588
1780274982750,2.551,0.896,0.109,3.947,0.947,1.006,9.400,9.972,28.828,26.570
1780274982790,2.872,0.605,0.123,3.983,1.629,1.654,5.270,5.912,22.048,26.327
1780274982860,3.032,0.408,0.123,3.903,1.359,1.410,4.629,5.062,19.926,18.691
1780274982915,3.076,1.855,0.659,0.696,1.560,1.476,4.720,5.208,19.250,16.921
1780274982950,2.974,2.416,0.903,0.185,1.694,1.563,4.621,5.084,19.440,16.388
1780274983003,2.420,2.092,0.667,0.145,2.121,2.128,4.556,4.997,19.126,16.533
1780274983060,2.445,1.855,0.470,0.222,1.975,2.383,4.199,4.647,18.196,16.073
1780274983115,2.558,1.705,0.448,0.324,1.891,1.880,3.185,3.539,15.530,13.212
1780274983195,1.942,1.345,0.182,0.499,1.148,1.286,9.345,9.743,25.490,22.424
1780274983257,2.307,1.104,0.072,5.609,2.631,2.686,2.241,2.121,18.771,17.648
1780274983299,2.431,1.006,0.058,5.456,2.004,2.139,3.105,3.400,19.599,15.976
1780274983357,2.770,0.630,0.065,4.687,1.479,1.760,4.129,4.559,20.079,17.891
1780274983399,2.762,0.590,0.120,3.918,1.519,1.432,4.257,4.669,19.267,21.939
1780274983448,3.058,0.484,0.185,3.757,1.494,1.745,3.973,4.293,18.989,20.364
1780274983514,3.367,0.590,0.222,3.641,2.267,2.587,1.082,1.304,15.060,14.958
1780274983574,2.547,0.284,0.145,2.664,1.931,1.939,8.237,8.080,25.827,23.467
1780274983617,2.095,0.244,0.142,2.310,2.219,1.760,9.076,9.670,27.516,27.079
1780274983684,0.346,0.849,0.010,2.722,2.624,2.383,3.688,4.096,16.718,24.073
1780274983740,0.098,2.289,2.161,2.573,1.640,1.906,4.811,5.179,20.657,16.509
1780274983779,0.032,2.748,0.550,1.818,1.807,1.891,4.898,5.372,19.116,18.255
1780274983822,0.003,2.376,0.051,1.385,2.263,2.289,4.935,5.328,18.630,18.182
1780274983885,1.250,2.351,0.061,0.400,2.165,2.263,4.800,5.263,18.553,17.479
1780274983941,1.888,2.733,1.027,0.171,2.197,2.205,3.346,3.728,17.295,14.618
1780274984023,1.355,2.095,1.315,0.123,1.206,1.315,9.017,9.615,26.041,17.382
1780274984081,1.640,2.649,1.924,0.174,2.383,2.402,2.974,3.440,17.586,21.576
1780274984149,0.572,2.719,1.180,0.780,1.833,1.917,3.488,3.863,16.352,13.042
1780274984222,0.091,2.500,0.663,1.640,1.589,1.687,4.789,5.194,18.153,13.624
1780274984278,0.112,2.693,0.524,2.070,1.829,1.837,3.947,4.184,17.196,15.176
1780274984329,3.360,2.525,5.263,1.680,1.581,1.662,0.608,0.718,17.397,20.024
1780274984366,2.434,2.474,5.186,1.822,1.334,1.177,5.912,7.402,27.741,19.879
1780274984414,1.392,2.485,4.348,1.899,1.600,1.592,8.292,8.860,30.468,30.158
1780274984471,3.645,1.844,2.482,2.828,2.547,2.580,2.245,2.580,20.751,20.533
1780274984540,2.595,0.280,0.419,2.948,2.121,2.201,4.760,5.088,20.412,17.115
1780274984603,0.298,0.032,0.036,0.379,2.646,2.453,4.140,4.702,14.686,16.824
1780274984646,0.040,0.003,0.007,0.025,2.835,2.857,1.060,0.893,7.720,10.061
1780274984690,2.194,2.828,0.670,2.369,2.478,2.540,0.207,0.247,13.533,8.242
1780274984760,4.228,5.008,1.709,4.293,1.049,1.275,6.823,6.976,31.361,26.133
1780274984824,5.030,4.804,2.835,5.154,2.394,2.383,1.359,1.731,25.690,24.558
1780274984876,4.578,1.239,1.909,3.688,0.411,0.495,3.273,3.812,19.405,13.333
1780274984920,4.964,1.691,1.592,1.104,0.054,0.072,3.725,4.053,17.255,12.921
1780274984967,3.280,2.762,0.827,0.193,0.007,0.014,3.039,3.324,13.446,10.545
1780274985006,2.671,3.768,0.273,0.138,0.003,0.007,2.445,2.620,11.925,8.364
1780274985062,2.824,3.867,0.032,1.210,0.003,0.003,1.950,2.241,12.130,8.655
1780274985124,2.620,3.386,3.014,2.799,0.000,0.003,0.572,0.721,13.115,7.636
1780274985178,1.756,3.083,2.318,1.971,0.003,0.003,2.354,2.700,14.188,7.636
1780274985227,2.106,2.788,0.612,0.645,0.000,0.003,2.325,2.609,11.088,8.606
1780274985306,2.139,2.664,0.014,0.725,0.000,0.003,2.496,2.799,10.840,7.733
1780274985353,1.775,2.540,3.007,3.324,0.000,0.003,2.223,2.529,15.401,9.818
1780274985417,1.232,2.267,6.648,6.480,0.000,0.003,1.935,2.197,20.762,16.970
1780274985472,2.074,2.741,5.784,5.759,0.000,0.007,2.434,2.711,21.510,17.455
1780274985531,0.594,2.693,5.084,1.698,0.000,0.007,3.265,3.612,16.953,14.230
1780274985603,0.094,2.824,4.957,0.127,0.000,0.003,1.275,1.498,10.778,10.642
1780274985661,1.931,2.835,4.891,1.414,0.000,0.003,0.561,0.685,12.320,8.461
1780274985713,2.679,1.968,4.253,2.380,0.000,0.003,2.453,2.675,16.411,10.133
1780274985771,4.286,2.256,3.637,3.623,0.000,0.007,2.890,3.244,19.943,13.552
1780274985837,3.922,2.001,3.768,3.615,0.000,0.007,3.327,3.816,20.456,14.255
1780274985892,3.612,2.489,3.182,3.185,0.000,0.007,3.437,3.819,19.731,15.321
1780274985953,2.824,2.533,3.579,2.664,0.000,0.007,3.408,3.787,18.802,14.400
1780274986008,3.827,2.343,3.156,3.182,0.000,0.003,3.050,3.382,18.943,15.345
1780274986077,2.897,2.387,2.926,2.770,0.000,0.007,2.996,3.386,17.369,14.133
1780274986132,2.125,2.766,2.948,1.844,0.000,0.003,1.614,1.877,13.177,12.679
1780274986197,1.060,2.569,2.792,0.922,0.000,0.003,2.358,2.617,12.321,9.139
1780274986264,0.277,1.738,1.811,0.229,0.003,0.021,8.952,9.557,22.588,19.176
1780274986310,0.207,1.826,1.884,0.178,0.003,0.014,5.941,6.535,16.588,16.824
1780274986363,0.167,1.957,2.128,0.167,0.003,0.010,5.380,5.806,15.618,14.667
1780274986425,0.171,2.004,2.004,0.174,0.003,0.010,5.263,5.646,15.275,14.473
1780274986479,0.171,0.838,2.037,0.098,0.003,0.010,5.267,5.638,14.062,13.139
1780274986523,0.185,0.247,2.092,3.466,0.003,0.010,5.121,5.536,16.660,13.503
1780274986582,0.138,0.091,1.789,3.550,0.000,0.003,3.182,3.630,12.383,8.897
1780274986622,0.105,0.094,1.479,4.592,0.000,0.000,1.447,1.724,9.441,7.709
1780274986662,4.869,1.618,0.965,5.387,0.000,0.000,0.455,0.564,13.858,7.370
1780274986727,5.030,2.467,0.798,5.154,0.000,0.003,2.303,2.700,18.455,11.200
1780274986787,5.948,2.686,0.889,4.935,0.000,0.007,3.229,3.579,21.273,15.442
1780274986841,5.270,2.668,1.071,4.126,0.000,0.007,3.561,3.881,20.584,15.758
1780274986915,1.057,0.375,1.975,3.156,0.003,0.007,3.845,4.231,14.649,11.564
1780274986979,1.680,0.127,2.088,1.793,0.000,0.003,0.725,0.947,7.363,5.867
1780274987064,2.843,0.142,2.365,0.674,0.000,0.000,0.200,0.236,6.460,4.364
1780274987115,2.992,0.171,2.464,0.349,0.000,0.000,0.189,0.207,6.372,4.485
1780274987156,2.336,2.201,1.990,2.063,0.000,0.003,0.426,0.503,9.522,5.988
1780274987206,1.461,3.721,2.686,3.568,0.000,0.003,1.687,2.084,15.210,8.412
1780274987259,0.867,2.493,2.741,2.434,0.003,0.007,3.018,3.316,14.879,9.600
1780274987338,0.539,2.967,3.553,0.076,0.000,0.007,3.542,3.911,14.595,12.679
1780274987402,3.014,3.535,3.273,2.529,0.000,0.003,2.744,3.058,18.156,12.994
1780274987464,4.020,3.550,3.276,3.998,0.000,0.000,1.662,1.939,18.445,13.091
1780274987532,3.171,1.283,2.055,4.465,0.000,0.003,1.614,1.829,14.420,8.485
1780274987613,4.585,2.999,3.433,3.047,0.000,0.003,1.964,2.168,18.199,16.218
1780274987666,3.448,2.657,0.597,0.295,0.003,0.007,3.615,4.013,14.635,10.594
1780274987709,4.621,2.281,0.138,1.078,0.003,0.003,3.324,3.688,15.136,12.800
1780274987764,3.794,1.159,0.131,0.605,0.000,0.003,1.833,1.720,9.245,9.745
1780274987816,4.767,3.645,0.145,0.863,0.000,0.000,0.386,0.481,10.287,7.709
1780274987883,3.951,3.039,0.094,1.490,0.000,0.003,0.801,0.940,10.318,6.909
1780274987939,3.994,2.361,0.029,2.292,0.000,0.003,0.612,0.754,10.045,7.321
1780274988004,3.101,1.144,1.607,6.054,0.000,0.000,0.739,0.867,13.512,9.648
1780274988049,3.254,0.776,3.014,6.014,0.000,0.000,1.046,1.195,15.299,10.812
1780274988109,3.444,1.304,3.251,5.864,0.000,0.003,1.352,1.545,16.763,11.927
1780274988147,3.054,1.345,2.912,5.113,0.000,0.003,2.431,3.003,17.861,12.242
1780274988198,3.502,3.579,5.438,4.443,0.000,0.000,1.509,1.629,20.100,16.509
1780274988245,3.116,4.734,5.999,3.167,0.000,0.003,1.224,1.425,19.668,16.000
1780274988290,4.333,2.937,6.229,1.027,0.000,0.000,0.747,0.914,16.187,12.073
1780274988328,5.708,1.093,5.606,0.207,0.000,0.003,0.357,0.346,13.320,8.048
1780274988389,5.441,0.032,4.013,0.029,0.000,0.003,0.320,0.411,10.249,8.776
1780274988442,5.354,1.075,3.357,2.595,0.000,0.000,0.335,0.437,13.153,9.794
1780274988500,4.603,6.072,2.628,6.101,0.000,0.000,0.182,0.211,19.797,15.491
1780274988555,4.774,5.784,2.427,4.049,0.000,0.000,0.586,0.721,18.341,15.006
1780274988615,4.374,2.606,0.841,4.895,0.000,0.003,2.635,2.799,18.153,13.430
1780274988655,3.444,0.863,0.247,5.460,0.000,0.000,1.687,1.997,13.698,11.685
1780274988707,3.696,1.815,2.022,4.581,0.000,0.003,2.008,2.325,16.450,10.788
1780274988749,2.751,3.189,4.228,4.618,0.000,0.000,1.075,1.268,17.129,11.273
1780274988797,1.242,5.926,4.734,2.208,0.003,0.000,0.419,0.400,14.932,11.030
1780274988863,2.536,6.426,1.942,0.061,0.003,0.003,2.464,2.653,16.088,11.273
1780274988929,0.984,4.833,4.632,0.051,0.000,0.003,3.032,3.360,16.895,11.661
1780274988990,4.228,3.058,8.088,3.386,0.000,0.000,0.984,1.195,20.939,15.297
1780274989058,1.242,0.364,1.490,1.385,0.003,0.003,3.171,3.440,11.098,3.709
1780274989141,0.105,0.010,0.054,0.040,0.000,0.003,2.646,2.981,5.839,4.897
1780274989197,2.398,1.202,2.161,1.250,0.000,0.003,0.863,0.776,8.653,6.061
1780274989270,2.267,4.928,4.986,6.433,0.000,0.000,0.167,0.189,18.970,14.230
1780274989331,0.564,4.822,2.205,5.525,0.000,0.003,1.232,1.406,15.757,11.539
1780274989410,0.426,0.342,0.397,0.397,0.003,0.003,3.240,3.623,8.431,6.230
1780274989466,0.065,0.036,0.061,0.029,0.000,0.000,1.057,1.042,2.290,3.006
1780274989508,0.010,0.007,0.010,0.007,0.000,0.003,0.302,0.382,0.721,1.285
1780274989568,3.852,3.608,3.787,3.976,0.000,0.000,0.153,0.167,15.543,11.806
1780274989639,1.629,2.066,6.440,6.335,0.003,0.003,2.216,2.281,20.973,15.539
1780274989676,2.755,3.072,6.076,5.704,0.000,0.003,2.751,3.112,23.473,19.879
1780274989717,3.870,3.502,4.720,4.836,0.000,0.007,3.262,3.692,23.889,20.727
1780274989758,1.742,0.922,5.423,1.545,0.000,0.007,3.892,4.352,17.883,15.806
1780274989794,2.369,1.698,5.030,2.540,0.000,0.003,2.114,2.540,16.294,14.376
1780274989853,0.481,3.480,0.965,3.634,0.000,0.003,0.594,0.761,9.918,4.921
1780274989893,0.102,1.261,0.160,1.242,0.000,0.000,0.291,0.368,3.424,1.624
1780274989936,0.018,0.138,0.021,0.131,0.000,0.003,0.185,0.200,0.696,0.994
1780274990000,0.003,0.010,0.003,0.007,0.000,0.000,0.331,0.422,0.776,1.042
1780274990038,0.003,0.000,0.003,0.003,0.000,0.003,1.286,1.450,2.748,1.358
1780274990100,0.000,0.003,0.000,0.003,0.000,0.003,1.567,1.829,3.405,2.788
1780274990165,0.003,0.000,0.000,0.003,0.003,0.003,1.756,1.990,3.758,3.006
1780274990199,0.003,0.000,0.007,0.003,0.000,0.003,1.848,2.110,3.974,3.006
1780274990245,1.355,1.210,1.224,1.202,0.000,0.003,1.826,2.066,8.886,3.758
1780274990299,4.534,4.352,5.390,5.183,0.000,0.003,0.328,0.397,20.187,14.206
1780274990344,3.152,3.670,6.892,6.473,0.000,0.003,1.724,1.935,23.849,16.412
1780274990391,2.737,4.264,6.663,6.025,0.000,0.007,2.941,3.309,25.946,20.630
1780274990443,2.241,3.393,6.006,5.452,0.000,0.003,3.244,3.692,24.031,20.994
1780274990484,2.722,3.663,6.200,5.004,0.000,0.000,1.541,1.818,20.948,19.079
1780274990523,2.923,3.688,5.766,4.355,0.003,0.000,0.827,1.027,18.589,15.636
1780274990584,3.513,4.654,6.371,6.965,0.000,0.000,0.368,0.481,22.352,19.200
1780274990653,2.547,3.542,7.654,7.279,0.000,0.000,0.608,0.747,22.377,18.424
1780274990704,2.343,4.308,7.636,8.150,0.000,0.003,2.285,2.456,27.181,22.400
1780274990741,2.467,3.710,7.432,8.091,0.003,0.007,3.156,3.448,28.314,23.903
1780274990779,2.460,3.491,7.454,8.062,0.000,0.007,3.262,3.703,28.439,24.945
1780274990837,2.482,3.546,7.898,8.441,0.003,0.000,1.352,1.505,25.227,21.333
1780274990908,2.332,3.203,7.457,8.419,2.905,0.003,0.317,0.393,25.029,21.164
1780274990972,1.869,3.225,6.564,7.913,3.994,3.313,0.167,0.189,27.234,26.812
1780274991025,1.957,2.872,5.704,8.062,2.788,2.945,0.780,0.933,26.041,25.333
1780274991078,1.990,2.803,5.194,7.891,2.285,2.252,2.697,2.959,28.071,25.673
1780274991133,2.256,3.039,5.070,7.756,2.077,2.179,2.977,3.313,28.667,28.145
1780274991167,2.259,2.977,4.975,7.818,2.168,2.190,3.003,3.382,28.772,27.806
1780274991208,2.245,3.269,5.128,8.168,2.420,2.412,1.264,1.574,26.480,26.667
1780274991242,2.208,3.149,5.296,8.365,2.657,2.744,0.962,1.151,26.532,22.400
1780274991278,2.125,3.171,5.427,8.492,2.292,2.551,0.885,1.067,26.010,21.115
1780274991317,2.161,2.795,5.277,8.223,2.150,1.982,2.620,3.229,28.437,21.867
1780274991349,2.176,2.646,4.986,7.997,2.041,2.132,3.451,3.768,29.197,24.703
1780274991429,2.289,3.203,4.858,7.862,1.964,2.059,3.397,3.761,29.393,26.400
1780274991491,2.143,3.225,4.964,7.967,1.731,2.103,3.674,4.096,29.903,25.091
1780274991534,2.263,2.854,5.048,8.015,1.735,1.662,3.739,4.100,29.416,24.533
1780274991577,2.329,3.087,5.011,7.771,1.458,1.374,3.663,4.031,28.724,24.291
1780274991612,2.230,3.295,4.928,7.690,1.279,1.312,3.590,3.954,28.278,25.018
1780274991652,2.285,3.149,4.858,7.618,1.184,1.319,3.411,3.845,27.669,25.745
1780274991687,2.332,3.138,4.898,7.705,1.250,1.308,3.437,3.874,27.942,25.891
1780274991732,2.106,2.872,5.037,7.814,1.304,1.334,3.645,4.060,28.172,24.606
1780274991764,2.110,3.021,5.077,7.807,1.202,1.297,3.834,4.231,28.579,24.024
1780274991795,2.168,2.843,5.106,7.844,1.228,1.334,3.845,4.228,28.596,23.733
1780274991839,2.325,3.054,5.084,7.800,1.242,1.283,3.830,4.169,28.787,23.636
1780274991899,2.365,3.233,5.106,7.793,1.235,1.304,3.750,4.086,28.872,23.636
1780274991969,2.387,3.065,5.121,7.818,1.250,1.308,3.604,4.042,28.595,23.321
1780274992022,2.285,3.141,5.128,7.822,1.242,1.319,3.583,3.965,28.485,23.127
1780274992059,2.103,3.225,5.135,7.844,1.239,1.283,3.575,3.936,28.340,23.200
1780274992090,2.168,3.134,5.143,7.840,1.246,1.337,3.561,3.889,28.318,23.103
1780274992126,2.256,2.835,5.150,7.851,1.239,1.293,3.499,3.852,27.975,22.909
1780274992161,2.493,3.065,5.121,7.818,1.235,1.275,3.440,3.812,28.259,22.836
1780274992200,2.434,3.229,5.267,8.004,1.337,1.439,2.361,2.682,26.753,21.503
1780274992239,2.431,3.229,5.325,8.223,1.406,1.512,1.246,1.505,24.877,20.121
1780274992280,2.314,2.518,4.742,8.434,1.414,1.417,1.242,1.439,23.520,17.285
1780274992320,2.329,1.735,2.806,8.675,1.494,1.516,0.616,0.776,19.947,17.018
1780274992386,2.828,0.470,0.470,8.693,1.301,1.410,0.816,0.987,16.975,13.721
1780274992470,4.512,2.525,2.813,7.625,0.094,0.076,0.725,0.889,19.259,14.739
1780274992537,5.310,3.269,4.461,6.717,0.007,0.007,0.769,0.940,21.480,16.145
1780274992598,5.493,3.812,4.811,5.580,0.000,0.003,0.820,1.035,21.554,17.188
1780274992668,5.248,3.794,4.698,5.022,0.000,0.003,1.647,1.858,22.270,18.352
1780274992706,5.110,3.889,4.559,4.669,0.000,0.003,1.603,1.869,21.702,18.012
1780274992749,4.822,3.535,4.450,4.326,0.000,0.003,1.563,1.767,20.466,17.164
1780274992787,4.516,3.568,4.217,4.341,0.000,0.003,1.180,1.363,19.188,16.412
1780274992829,4.395,3.579,3.951,4.155,0.003,0.000,1.020,1.195,18.298,15.321
1780274992900,3.892,3.080,4.035,3.962,0.000,0.000,0.594,0.729,16.292,13.770
1780274992976,3.419,3.149,3.579,3.557,0.000,0.000,0.266,0.291,14.261,13.067
1780274993028,1.793,3.098,3.998,1.880,0.000,0.003,0.251,0.320,11.343,9.285
1780274993071,0.787,2.846,2.886,1.020,0.007,0.021,7.388,7.563,22.518,12.485
1780274993110,0.386,2.941,3.247,0.404,0.003,0.003,3.127,3.608,13.719,23.709
1780274993184,0.328,3.280,3.229,0.455,0.000,0.003,2.609,2.905,12.809,10.061
1780274993236,0.153,3.014,3.189,0.196,0.000,0.010,4.337,4.877,15.776,13.552
1780274993275,0.091,3.025,2.963,0.112,0.000,0.007,3.601,3.870,13.669,14.133
1780274993319,1.560,3.152,3.003,1.527,0.003,0.003,2.620,2.934,14.802,11.200
1780274993357,2.329,3.426,2.821,2.281,0.000,0.003,1.049,0.845,12.754,9.964
1780274993435,3.583,3.389,2.835,3.229,0.000,0.003,0.178,0.204,13.421,8.945
1780274993509,3.196,3.415,2.522,3.131,0.000,0.003,0.164,0.178,12.609,8.776
1780274993560,3.856,3.203,2.460,4.209,0.000,0.000,0.269,0.328,14.325,10.764
1780274993604,4.337,2.959,2.154,4.486,0.000,0.000,0.517,0.601,15.054,12.630
1780274993656,3.506,2.299,1.410,3.674,0.003,0.003,2.540,3.061,16.496,11.855
1780274993713,0.404,0.295,0.174,0.488,0.003,0.003,3.036,3.404,7.807,7.127
1780274993755,0.054,0.036,0.029,0.051,0.000,0.003,2.259,2.569,5.001,4.970
1780274993800,0.007,0.003,0.007,0.010,0.000,0.000,0.462,0.623,1.112,2.545
1780274993842,0.003,0.003,0.007,0.003,0.000,0.000,0.222,0.258,0.496,0.873
1780274993885,0.003,0.000,0.003,0.007,0.000,0.000,0.167,0.189,0.369,0.873
1780274993940,0.000,0.003,0.003,0.007,0.000,0.000,0.189,0.211,0.413,0.897
1780274994006,0.003,0.000,0.000,0.003,0.000,0.003,1.396,1.749,3.154,1.648
1780274994045,0.000,0.000,0.003,0.000,0.000,0.003,1.815,2.088,3.909,2.739
1780274994103,0.506,0.021,0.473,0.003,0.000,0.003,1.873,2.114,4.993,2.982
1780274994161,1.242,0.379,1.210,0.422,0.000,0.003,1.957,2.223,7.436,3.515
1780274994217,4.027,3.316,4.545,3.812,0.000,0.003,1.651,1.873,19.227,10.594
1780274994273,4.585,4.257,5.328,4.767,0.000,0.003,2.114,2.372,23.426,18.642
1780274994318,3.830,3.736,4.559,4.140,0.000,0.007,2.886,3.174,22.332,18.618
1780274994356,3.666,3.254,4.126,3.801,0.000,0.000,1.662,1.713,18.222,17.867
1780274994414,2.708,2.708,3.546,3.495,0.000,0.000,1.148,1.348,14.953,12.655
1780274994462,2.314,2.303,3.054,3.145,0.000,0.003,0.448,0.575,11.842,10.448
1780274994545,0.400,0.390,0.805,0.922,0.000,0.000,0.725,0.885,4.127,3.418
1780274994603,0.123,3.841,0.211,3.845,0.003,0.003,1.545,1.782,11.353,5.430
1780274994691,0.131,4.064,4.610,3.320,0.000,0.003,2.270,2.591,16.989,13.406
1780274994746,3.619,4.432,4.909,1.509,0.000,0.003,2.493,2.810,19.775,15.612
1780274994798,4.527,6.542,3.480,4.869,0.000,0.003,0.900,1.173,21.494,17.964
1780274994852,5.088,5.467,0.572,1.858,0.003,0.007,3.036,3.378,19.409,19.030
1780274994895,6.659,4.410,0.102,0.860,0.000,0.003,1.804,2.154,15.992,16.630
1780274994935,5.912,3.874,0.040,1.417,0.000,0.000,1.217,1.348,13.808,12.388
1780274994992,4.913,3.287,3.032,4.439,0.000,0.000,0.317,0.419,16.407,12.485
1780274995068,3.269,3.244,4.877,6.236,0.000,0.000,0.178,0.207,18.011,15.006
1780274995110,3.306,3.174,4.851,5.518,0.000,0.000,0.659,0.780,18.288,15.321
1780274995170,1.709,3.805,2.784,1.385,0.000,0.003,1.064,1.242,11.992,12.606
1780274995229,0.451,3.058,1.319,2.391,0.000,0.003,0.397,0.510,8.129,6.400
1780274995301,1.159,2.285,0.142,5.372,0.000,0.003,1.498,1.749,12.208,8.800
1780274995353,1.013,1.450,0.335,5.208,0.003,0.000,0.783,1.002,9.794,7.952
1780274995403,1.392,1.232,1.104,4.268,0.000,0.000,0.357,0.459,8.812,6.036
1780274995457,5.489,0.360,0.871,3.185,0.000,0.003,0.185,0.204,10.297,8.509
1780274995507,4.585,0.116,1.016,3.462,0.000,0.000,0.298,0.371,9.848,8.412
1780274995575,4.851,0.105,0.335,3.302,0.000,0.000,0.411,0.572,9.576,12.145
1780274995638,4.359,0.109,0.087,3.801,0.000,0.000,0.670,0.798,9.824,10.182
1780274995704,0.849,0.342,2.146,3.597,0.000,0.003,2.037,2.270,11.244,7.952
1780274995772,1.899,1.414,3.743,2.668,0.000,0.000,0.499,0.619,10.842,7.588
1780274995831,6.874,2.482,4.982,1.086,3.929,3.575,0.116,0.142,23.186,22.133
1780274995896,6.571,2.558,3.535,0.867,2.172,2.245,0.134,0.153,18.235,18.448
1780274995956,4.742,2.606,1.946,3.725,2.744,2.628,0.131,0.145,18.667,13.745
1780274996014,0.543,5.128,5.179,2.321,2.580,2.598,0.087,0.109,18.545,14.909
1780274996105,0.845,4.045,7.191,0.667,1.614,1.837,0.116,0.131,16.446,13.697
1780274996156,2.084,3.696,7.683,2.751,1.337,1.334,1.290,1.614,21.789,14.400
1780274996206,1.811,2.726,6.856,2.657,1.355,1.381,1.629,1.986,20.401,16.970
1780274996256,1.705,2.238,7.351,1.348,1.665,1.538,2.074,2.376,20.295,16.436
1780274996336,0.954,2.507,5.955,5.015,1.662,1.924,0.338,0.411,18.766,14.255
1780274996410,0.142,0.987,4.990,4.607,1.483,1.549,0.149,0.167,14.074,11.588
1780274996469,2.642,4.731,3.167,1.498,1.417,1.512,0.255,0.331,15.553,10.182
1780274996518,0.674,1.355,0.517,0.120,1.447,1.530,2.631,2.883,11.157,7.515
1780274996609,1.552,0.936,0.131,0.382,1.385,1.490,2.580,2.926,11.382,7.661
1780274996669,4.931,4.975,5.259,4.753,0.670,0.761,1.545,1.720,24.614,17.697
1780274996720,2.197,5.671,4.913,5.839,0.885,0.995,3.444,3.750,27.694,21.673
1780274996775,2.008,4.898,4.968,4.596,1.148,1.195,4.038,4.443,27.294,24.048
1780274996855,1.844,2.835,3.302,2.832,1.669,1.818,3.754,4.082,22.136,17.479
1780274996946,3.987,4.078,2.587,1.855,1.607,1.629,8.671,9.385,33.799,24.945
1780274996989,0.903,0.911,0.554,0.415,3.036,3.306,2.409,2.813,14.347,16.412
1780274997026,0.262,0.863,0.076,0.047,2.675,2.850,3.601,4.523,14.897,9.576
1780274997085,0.951,4.807,3.163,0.521,2.427,2.602,4.548,4.968,23.987,19.758
1780274997122,1.334,6.331,5.853,1.541,2.146,2.318,4.184,4.596,28.303,22.594
1780274997153,1.148,5.627,7.060,1.902,2.019,2.194,4.096,4.534,28.580,24.582
1780274997190,1.924,4.917,5.759,1.399,2.106,2.194,4.322,4.742,27.363,22.473
1780274997245,0.732,1.928,1.162,0.681,2.197,2.157,4.435,4.971,18.263,15.879
1780274997288,2.354,2.923,1.993,3.309,1.964,2.168,3.251,3.590,21.552,15.588
1780274997360,1.665,1.957,1.392,2.176,2.868,2.967,0.951,1.235,15.211,12.994
1780274997439,0.080,0.127,0.054,0.065,2.784,2.901,0.171,0.218,6.400,6.642
1780274997504,0.233,0.123,0.240,0.120,1.589,1.753,8.336,8.212,20.606,16.897
1780274997567,4.118,2.905,2.930,5.143,2.310,2.511,2.245,2.234,24.396,16.752
1780274997636,2.493,2.376,3.090,6.838,1.651,1.931,3.870,4.494,26.743,20.024
1780274997691,2.861,2.219,1.345,2.985,2.030,2.030,4.742,5.259,23.471,22.424
1780274997748,2.919,2.372,1.961,1.760,2.052,2.256,4.734,5.135,23.189,17.697
1780274997803,0.510,0.415,0.492,0.368,2.212,2.380,4.348,4.749,15.474,15.273
1780274997883,3.852,2.937,4.709,6.444,1.961,2.208,0.539,0.648,23.298,18.545
1780274997930,1.519,1.527,2.631,6.170,1.512,1.370,7.865,8.161,30.755,24.339
1780274997974,0.729,0.568,1.443,2.409,2.606,2.744,4.494,5.106,20.099,16.242
1780274998034,0.102,0.051,0.149,0.149,2.063,2.241,4.749,5.022,14.526,11.491
1780274998070,0.014,0.007,0.021,0.021,2.004,2.070,5.055,5.485,14.677,14.521
1780274998135,1.738,1.654,1.137,2.223,2.052,2.238,4.064,4.490,19.596,16.121
1780274998200,5.463,5.310,5.205,4.093,1.793,1.844,0.772,0.922,25.402,21.430
1780274998264,3.601,4.129,3.375,2.431,2.427,2.493,0.911,1.075,20.442,14.836
1780274998339,0.233,0.174,0.156,0.156,2.431,2.453,0.335,0.444,6.382,6.255
1780274998407,0.010,0.010,0.010,0.007,2.212,2.256,0.568,0.707,5.780,5.527
1780274998478,4.855,4.559,6.480,5.915,1.443,1.465,1.191,1.454,27.362,22.376
1780274998557,1.275,1.683,7.093,6.695,1.651,1.683,3.539,3.983,27.602,22.545
1780274998590,3.287,3.528,6.262,5.613,1.600,1.767,3.637,3.991,29.685,26.836
1780274998642,1.829,1.906,4.042,4.005,2.238,2.307,4.173,4.632,25.132,20.970
1780274998685,0.918,1.060,1.567,1.756,2.781,2.810,1.713,2.132,14.737,19.588
1780274998729,0.072,0.076,0.120,0.123,2.704,2.642,0.273,0.331,6.341,6.303
1780274998769,0.014,0.018,0.018,0.021,2.223,2.037,7.085,7.315,18.731,9.479
1780274998804,0.007,0.003,0.007,0.007,3.327,3.156,3.320,4.013,13.840,22.691
1780274998870,2.835,3.200,2.493,2.817,3.138,3.357,1.454,1.676,20.970,12.412
1780274998944,5.081,4.873,4.414,4.855,2.737,2.795,2.478,2.741,29.974,22.376
1780274999013,4.986,4.760,4.304,4.494,2.638,3.014,3.510,3.823,31.529,28.097
1780274999065,4.778,4.538,4.231,4.672,0.430,0.648,2.544,3.036,24.877,23.515
1780274999104,4.847,3.222,4.275,3.178,0.054,0.091,2.081,2.423,20.171,15.079
1780274999169,4.661,1.782,2.926,0.222,0.007,0.010,1.472,1.694,12.774,9.964
1780274999226,3.258,2.354,1.162,0.058,0.003,0.007,0.451,0.466,7.759,6.521
1780274999267,2.693,2.923,0.280,0.080,0.000,0.003,0.353,0.451,6.783,4.339
1780274999318,2.412,2.996,0.123,0.204,0.003,0.003,1.884,2.099,9.724,4.509
1780274999383,1.705,3.109,0.061,0.251,0.003,0.003,0.637,0.816,6.585,5.964
1780274999428,1.516,2.788,0.014,0.433,0.000,0.003,2.223,2.445,9.422,4.994
1780274999496,1.312,3.061,0.003,0.368,0.000,0.007,2.759,3.090,10.600,8.097
1780274999558,1.038,2.766,1.855,0.342,0.003,0.007,3.127,3.459,12.597,8.509
1780274999635,1.683,2.748,1.906,0.411,0.000,0.003,1.253,1.501,9.505,6.230
1780274999704,2.004,2.471,1.523,1.038,0.003,0.003,0.710,0.856,8.608,5.939
1780274999744,0.780,1.993,5.390,2.299,0.000,0.000,0.346,0.451,11.259,7.976
1780274999787,2.653,1.833,6.838,0.630,0.000,0.000,0.794,0.933,13.681,11.079
1780274999840,3.677,1.680,6.181,2.022,0.000,0.003,2.482,2.730,18.775,12.606
1780274999890,5.496,1.308,4.880,4.913,0.000,0.007,2.715,3.043,22.362,18.303
1780274999939,4.100,1.180,4.734,4.527,0.003,0.007,3.768,4.115,22.434,20.170
1780275000001,4.322,0.182,4.661,0.535,0.003,0.010,4.450,4.851,19.014,17.164
1780275000047,4.541,0.040,4.279,0.098,0.003,0.003,2.165,2.194,13.323,13.842
1780275000086,4.833,0.007,3.630,0.014,0.000,0.000,1.159,1.250,10.893,9.721
1780275000151,3.470,0.003,2.460,0.010,0.000,0.003,0.346,0.451,6.743,6.109
1780275000218,3.338,0.000,1.913,0.003,0.000,0.003,0.747,0.893,6.897,5.867
1780275000267,3.090,0.000,1.643,0.003,0.000,0.003,2.092,2.332,9.163,6.327
1780275000311,2.934,0.003,1.600,0.007,0.000,0.007,3.120,3.378,11.049,9.430
1780275000363,2.977,0.000,1.060,0.003,0.003,0.007,3.426,3.805,11.281,10.255
1780275000420,3.156,0.000,1.530,0.003,0.000,0.000,1.334,1.687,7.710,7.830
1780275000472,1.782,1.745,1.519,1.822,0.000,0.000,0.903,1.111,8.882,5.673
1780275000521,0.320,3.696,0.944,1.673,0.007,0.021,8.172,8.726,23.559,19.636
1780275000565,0.091,3.867,1.082,0.652,0.003,0.010,5.533,6.178,17.416,18.861
1780275000599,1.538,4.399,1.439,0.670,0.003,0.010,4.847,5.307,18.213,16.364
1780275000665,2.828,3.604,1.917,2.212,0.003,0.007,4.669,5.088,20.328,16.000
1780275000736,3.969,2.937,2.256,3.233,0.003,0.010,4.465,4.898,21.771,16.970
1780275000803,4.045,2.613,2.412,4.352,0.003,0.007,4.162,4.556,22.150,17.455
1780275000843,4.224,2.777,2.660,4.286,0.000,0.003,2.354,2.733,19.037,15.418
1780275000891,4.075,2.792,2.762,4.384,0.000,0.000,0.626,0.790,15.429,12.267
1780275000965,3.583,2.872,2.883,4.016,0.000,0.000,0.229,0.291,13.874,10.594
1780275001016,3.546,2.690,2.948,4.144,0.000,0.000,0.681,0.863,14.872,10.788
1780275001065,1.199,2.883,3.010,1.687,0.000,0.000,1.210,1.490,11.479,8.461
1780275001117,0.721,0.758,0.583,0.448,0.000,0.007,3.185,3.506,9.208,6.182
1780275001194,0.018,0.029,0.029,0.021,0.003,0.003,3.229,3.583,6.915,5.697
1780275001272,0.007,0.000,0.007,0.003,0.003,0.003,2.781,3.171,5.975,5.042
1780275001323,0.003,0.003,0.003,0.007,0.000,0.003,1.323,1.589,2.931,4.170
1780275001384,2.059,2.467,2.770,2.168,0.003,0.000,0.375,0.466,10.308,4.873
1780275001439,4.228,4.454,5.740,5.281,0.000,0.000,0.360,0.462,20.525,13.164
1780275001498,3.287,4.614,6.626,5.897,0.000,0.003,1.541,1.735,23.703,19.055
1780275001532,2.941,4.140,6.349,5.587,0.000,0.003,2.059,2.332,23.411,18.861
1780275001585,3.174,3.641,5.336,5.008,0.003,0.007,3.426,3.790,24.385,19.903
1780275001619,2.733,3.663,5.073,4.501,0.003,0.007,3.670,4.049,23.699,21.115
1780275001655,2.744,3.772,5.113,4.304,0.000,0.003,2.442,2.562,20.940,20.436
1780275001730,3.721,4.257,4.195,3.025,0.000,0.000,1.279,1.512,17.989,15.273
1780275001802,2.708,4.938,6.539,6.276,0.000,0.000,0.408,0.524,21.393,18.667
1780275001862,2.671,4.651,7.067,7.577,0.000,0.000,0.317,0.422,22.705,18.158
1780275001899,2.941,3.987,8.019,7.989,0.000,0.000,0.947,1.097,24.980,20.848
1780275001938,2.755,2.945,8.193,8.113,0.000,0.000,1.297,1.487,24.790,20.630
1780275002027,1.858,2.620,8.314,7.986,0.000,0.003,1.334,1.538,23.653,19.612
1780275002080,2.241,2.744,8.226,7.304,0.003,0.003,1.202,1.428,23.151,19.055
1780275002124,2.376,2.948,8.252,7.290,0.003,0.000,1.388,1.570,23.827,19.370
1780275002196,2.157,2.792,7.898,6.932,3.674,0.003,0.933,1.104,25.493,22.182
1780275002265,2.117,2.905,7.446,6.582,3.207,2.883,1.330,1.614,28.084,28.194
1780275002330,2.292,3.003,7.556,6.655,2.380,2.289,1.647,1.873,27.695,26.739
1780275002369,2.471,3.032,7.636,6.750,2.066,2.223,2.041,2.292,28.511,24.994
1780275002413,2.686,2.686,7.424,6.612,1.993,2.077,3.065,3.382,29.925,24.824
1780275002470,2.536,2.861,7.454,6.557,1.837,1.899,3.280,3.626,30.050,26.861
1780275002520,2.190,3.014,7.333,6.433,2.048,1.964,3.120,3.437,29.539,27.830
1780275002555,2.019,3.080,7.300,6.400,1.753,1.888,3.090,3.444,28.974,28.558
1780275002587,2.146,3.080,7.326,6.426,1.753,1.902,3.043,3.459,29.135,28.218
1780275002642,2.504,3.251,7.238,6.477,1.702,1.961,3.338,3.739,30.210,27.370
1780275002703,2.755,2.897,7.319,6.520,1.698,1.640,3.378,3.739,29.946,26.885
1780275002761,2.416,2.806,7.341,6.484,1.348,1.337,3.276,3.677,28.685,26.691
1780275002823,2.438,3.028,7.297,6.466,1.199,1.337,3.196,3.604,28.565,27.539
1780275002861,2.234,3.222,7.341,6.524,1.253,1.283,3.491,3.849,29.197,26.618
1780275002909,2.420,3.061,7.246,6.531,1.272,1.304,3.521,3.922,29.277,26.667
1780275002966,2.522,2.941,7.446,6.506,1.213,1.268,3.521,3.870,29.287,25.818
1780275003007,2.402,3.211,7.410,6.528,1.253,1.293,3.429,3.830,29.356,26.133
1780275003051,2.434,3.156,7.388,6.535,1.210,1.272,3.448,3.787,29.230,25.818
1780275003093,2.464,3.145,7.421,6.528,1.188,1.253,3.382,3.757,29.138,25.891
1780275003127,2.391,3.025,7.428,6.546,1.228,1.246,3.393,3.710,28.967,25.624
1780275003171,2.234,3.090,7.428,6.546,1.250,1.308,3.338,3.692,28.886,25.479
1780275003248,2.412,3.225,7.399,6.528,1.199,1.235,3.251,3.597,28.846,25.503
1780275003297,2.664,3.083,7.384,6.535,1.217,1.308,3.193,3.546,28.930,25.552
1780275003343,2.664,3.050,7.395,6.539,1.206,1.250,3.189,3.528,28.821,25.406
1780275003390,2.409,3.244,7.399,6.539,1.257,1.275,3.112,3.488,28.723,25.333
1780275003432,2.307,3.087,7.512,6.655,1.301,1.352,2.522,2.846,27.582,24.485
1780275003471,2.292,3.214,7.665,6.805,1.345,1.399,1.512,1.778,26.010,23.442
1780275003525,2.547,3.054,7.734,6.856,1.326,1.370,1.126,1.275,25.288,21.261
1780275003583,2.525,3.123,7.745,6.878,1.261,1.326,0.987,1.155,25.000,21.358
1780275003617,2.219,2.748,7.012,6.211,0.736,0.820,7.187,7.417,34.350,26.618
1780275003659,2.467,3.309,7.249,6.426,1.210,1.224,3.532,3.925,29.342,31.442
1780275003697,2.529,3.378,7.402,6.579,1.337,1.326,2.872,3.127,28.550,24.485
1780275003752,2.223,3.076,7.395,6.561,1.202,1.290,3.083,3.422,28.252,24.121
1780275003808,2.485,3.010,7.344,6.524,1.199,1.221,3.171,3.546,28.500,25.236
1780275003875,2.496,1.804,4.465,6.240,0.149,0.185,3.867,4.279,23.485,18.642
1780275003924,2.671,1.724,2.638,6.375,0.014,0.021,2.369,2.700,18.512,13.333
1780275003986,2.948,0.856,0.710,6.714,0.000,0.007,0.885,0.984,13.104,8.679
1780275004041,3.495,2.784,3.120,5.638,0.007,0.021,7.935,8.350,31.350,11.539
1780275004099,5.318,4.527,5.248,6.218,0.000,0.003,2.751,3.061,27.126,24.703
1780275004151,6.192,3.710,5.183,5.347,0.003,0.007,3.404,3.776,27.622,23.612
1780275004195,5.190,3.794,4.570,5.208,0.003,0.007,3.604,3.925,26.301,22.812
1780275004229,4.304,3.798,4.610,4.038,0.003,0.010,3.761,4.191,24.715,22.594
1780275004269,3.761,3.528,4.589,3.484,0.000,0.010,3.860,4.231,23.463,19.321
1780275004307,2.055,2.781,4.494,3.069,0.003,0.010,4.082,4.530,21.024,19.127
1780275004348,0.524,1.450,4.578,2.730,0.000,0.003,2.001,2.310,13.596,10.764
1780275004439,1.578,3.109,3.641,0.346,0.000,0.007,0.422,0.554,9.657,7.152
1780275004511,1.097,4.206,2.562,1.928,0.007,0.021,9.210,9.538,28.569,23.248
1780275004579,1.337,4.501,3.524,1.982,0.003,0.003,2.074,2.416,15.840,12.679
1780275004630,1.210,4.144,3.240,1.414,0.003,0.007,4.049,4.315,18.382,9.988
1780275004661,1.370,3.951,3.021,1.654,0.000,0.010,4.406,4.771,19.183,16.242
1780275004697,1.789,3.743,3.105,2.081,0.003,0.007,4.384,4.811,19.923,16.800
1780275004736,1.811,3.484,2.996,1.913,0.003,0.010,4.366,4.764,19.347,16.752
1780275004776,2.026,3.455,2.726,2.074,0.003,0.007,4.322,4.694,19.307,16.509
1780275004832,2.001,3.320,2.948,1.993,0.003,0.007,3.666,4.056,17.994,16.097
1780275004875,3.382,3.156,2.711,3.444,0.000,0.000,1.239,1.093,15.025,14.303
1780275004970,0.404,0.211,0.204,0.244,0.003,0.021,8.912,9.283,19.282,9.479
1780275005036,0.025,0.018,0.021,0.010,0.000,0.003,2.420,2.507,5.004,4.606
1780275005087,0.003,0.003,0.003,0.003,0.003,0.010,4.815,5.154,9.994,6.715
1780275005128,0.003,0.000,0.003,0.003,0.003,0.010,5.084,5.529,10.635,10.715
1780275005161,0.000,0.000,0.000,0.003,0.007,0.010,5.095,5.485,10.600,10.667
1780275005193,0.000,0.003,0.000,0.007,0.003,0.010,5.051,5.456,10.530,10.545
1780275005230,0.000,0.003,0.003,0.003,0.003,0.007,3.816,4.195,8.030,10.400
1780275005271,0.003,0.000,0.003,0.003,0.000,0.003,1.465,1.724,3.201,3.297
1780275005307,0.000,0.000,0.003,0.003,0.000,0.000,0.503,0.645,1.154,1.794
1780275005343,0.003,0.000,0.000,0.003,0.000,0.003,0.244,0.306,0.559,1.091
1780275005385,0.000,0.000,0.003,0.003,0.000,0.003,0.291,0.368,0.668,0.945
1780275005466,0.000,0.000,0.000,0.003,0.000,0.003,0.324,0.422,0.752,1.091
1780275005509,0.000,0.003,0.000,0.003,0.000,0.003,1.647,1.807,3.463,2.327
1780275005576,0.255,0.349,0.211,0.382,0.000,0.003,1.957,2.256,5.413,3.055
1780275005645,3.043,2.857,2.664,2.810,0.000,0.003,2.150,2.394,15.921,6.739
1780275005697,4.982,4.512,5.081,5.197,0.000,0.003,1.654,1.869,23.298,12.097
1780275005738,4.326,4.319,4.844,4.709,0.000,0.003,1.829,2.132,22.162,18.982
1780275005780,3.936,3.583,4.246,4.206,0.000,0.000,1.279,1.465,18.715,16.582
1780275005817,3.185,3.014,3.750,3.750,0.000,0.003,1.345,1.552,16.599,13.770
1780275005856,2.875,2.748,2.001,1.928,0.000,0.007,1.104,1.257,11.920,11.418
1780275005909,2.555,2.693,2.103,2.445,0.000,0.000,0.568,0.707,11.071,6.642
1780275006000,0.973,3.025,7.337,6.167,0.000,0.000,0.236,0.306,18.044,14.279
1780275006062,2.496,2.901,6.772,1.031,3.699,3.429,1.046,1.166,22.540,21.745
1780275006119,4.723,1.731,5.627,4.384,1.818,1.877,3.061,3.338,26.559,23.200
1780275006179,4.982,2.052,5.041,4.716,1.308,1.396,3.448,3.867,26.810,24.824
1780275006225,4.191,1.355,3.922,4.516,1.527,1.534,3.674,4.115,24.834,22.158
1780275006271,4.421,0.882,2.551,4.264,1.618,1.771,2.088,2.493,20.088,17.891
1780275006316,4.745,1.694,0.714,2.635,1.764,1.778,1.129,1.228,15.687,13.333
1780275006371,4.742,1.971,0.273,2.471,1.530,1.603,0.364,0.473,13.427,9.842
1780275006427,3.772,0.240,0.032,4.647,1.297,1.392,0.597,0.710,12.687,10.061
1780275006505,3.218,0.076,0.010,4.527,1.140,1.253,2.587,2.850,15.661,11.442
1780275006565,0.349,0.010,0.000,0.510,1.909,1.443,3.743,4.148,12.112,9.939
1780275006640,3.080,2.857,1.119,1.319,2.205,2.679,3.189,3.561,20.009,12.242
1780275006700,4.049,6.874,4.753,3.794,1.512,1.461,2.132,2.438,27.013,19.612
1780275006739,3.597,6.961,3.860,2.638,1.574,1.855,2.084,2.307,24.876,19.297
1780275006786,2.711,6.870,5.139,3.138,0.338,0.521,1.643,1.895,22.255,17.915
1780275006830,1.614,4.457,2.759,2.292,0.043,0.043,1.665,1.939,14.812,10.133
1780275006876,4.785,4.421,4.599,4.355,0.003,0.007,0.590,0.481,19.241,12.485
1780275006917,4.476,4.253,7.596,4.297,0.000,0.003,0.725,0.856,22.206,18.715
1780275006951,2.675,3.236,7.636,3.914,0.000,0.003,1.170,1.330,19.964,16.655
1780275007014,4.169,2.172,6.101,2.908,0.003,0.003,0.831,1.009,17.196,15.103
1780275007062,3.287,1.396,5.445,2.591,0.000,0.003,0.619,0.758,14.099,12.388
1780275007105,2.956,3.747,5.190,3.050,0.000,0.003,0.364,0.492,15.802,10.279
1780275007154,1.410,4.778,4.997,7.665,0.003,0.000,0.193,0.222,19.268,17.188
1780275007219,1.304,3.411,4.764,8.204,0.000,0.003,0.940,1.100,19.726,15.006
1780275007274,1.414,4.301,4.592,6.739,0.000,0.003,1.148,1.355,19.552,18.836
1780275007331,1.516,4.607,4.363,5.970,0.000,0.003,1.151,1.337,18.947,16.145
1780275007380,2.150,4.709,3.670,4.906,0.000,0.007,2.748,3.076,21.266,18.982
1780275007424,1.909,3.550,3.812,4.742,0.003,0.003,1.804,2.121,17.944,17.697
1780275007468,2.340,4.151,3.805,3.976,0.000,0.003,1.159,1.377,16.811,14.545
1780275007545,2.095,3.608,3.506,2.617,0.000,0.003,1.217,1.428,14.474,11.491
1780275007594,0.459,3.583,3.670,0.634,0.000,0.003,0.922,1.093,10.364,9.964
1780275007649,0.091,3.342,3.145,0.098,0.000,0.003,0.918,1.064,8.661,7.273
1780275007733,0.211,0.189,2.945,3.473,0.000,0.003,2.128,2.409,11.358,7.855
1780275007796,0.189,3.794,0.780,3.914,0.000,0.003,2.183,2.460,13.323,7.515
1780275007867,0.014,0.382,0.040,0.207,0.000,0.007,2.453,2.813,5.916,4.364
1780275007916,0.003,0.029,0.007,0.018,0.000,0.003,2.015,2.263,4.338,4.048
1780275007951,0.003,0.007,0.003,0.007,0.000,0.003,0.947,1.180,2.150,2.691
1780275007994,0.003,0.003,0.003,0.007,0.000,0.000,0.404,0.506,0.926,1.527
1780275008069,0.003,0.000,0.003,0.003,0.003,0.003,1.640,1.873,3.528,2.376
1780275008124,0.000,0.000,0.003,0.003,0.000,0.000,1.829,2.055,3.890,2.958
1780275008177,0.630,0.769,0.550,0.758,0.000,0.003,1.793,2.041,6.544,3.297
1780275008264,2.806,2.813,3.120,2.748,0.003,0.003,1.607,1.837,14.937,6.448
1780275008332,4.086,3.743,4.508,3.874,0.000,0.003,1.713,1.931,19.858,9.818
1780275008401,2.996,3.936,6.947,5.387,0.000,0.000,1.877,2.208,23.351,16.921
1780275008457,2.781,3.685,7.716,5.755,0.000,0.000,0.794,0.944,21.675,18.303
1780275008498,2.883,2.748,7.610,7.191,0.003,0.000,0.732,0.907,22.074,16.921
1780275008562,2.485,3.593,7.712,7.326,0.000,0.000,1.006,1.206,23.328,18.812
1780275008596,2.562,3.499,7.676,7.027,0.000,0.003,1.250,1.465,23.482,19.345
1780275008633,2.365,3.320,7.796,7.825,0.000,0.000,1.519,1.745,24.570,19.661
1780275008678,2.693,3.291,7.891,7.960,0.000,0.003,1.687,1.917,25.442,20.848
1780275008724,2.755,3.222,7.840,7.953,0.000,0.003,1.793,2.048,25.614,20.970
1780275008798,2.657,3.313,7.895,7.938,0.000,0.000,1.731,2.026,25.560,20.824
1780275008857,2.741,3.182,7.946,8.011,0.000,0.003,1.385,1.589,24.857,20.436
1780275008924,2.544,3.265,7.942,8.022,0.000,0.003,1.195,1.447,24.418,20.145
1780275008975,2.598,3.276,7.997,8.066,0.000,0.000,0.856,1.016,23.809,19.733
1780275009018,2.660,3.069,8.008,8.077,0.000,0.003,0.798,0.965,23.580,19.297
1780275009080,2.679,3.225,7.993,8.048,0.000,0.003,0.780,0.976,23.704,19.297
1780275009115,2.595,3.207,7.935,8.011,0.000,0.003,1.279,1.567,24.597,19.564
1780275009155,2.569,3.233,7.924,8.022,0.000,0.003,1.217,1.396,24.364,20.097
1780275009196,2.456,3.080,7.916,7.978,0.000,0.003,1.432,1.651,24.516,19.782
1780275009232,2.358,3.218,7.927,7.997,0.000,0.003,1.221,1.439,24.163,19.976
1780275009316,2.591,3.083,7.862,7.949,0.000,0.003,1.465,1.727,24.680,20.242
1780275009358,2.715,2.981,7.854,7.931,0.000,0.003,1.574,1.800,24.858,20.242
1780275009412,2.591,3.240,7.895,7.960,0.000,0.000,1.184,1.396,24.266,20.364
1780275009466,2.453,3.236,7.902,7.971,0.000,0.000,1.129,1.348,24.039,19.661
1780275009533,2.471,3.229,7.822,7.924,0.000,0.000,1.436,1.673,24.555,19.830
1780275009607,2.748,3.156,7.818,7.884,0.000,0.003,1.450,1.724,24.783,20.267
1780275009640,2.781,3.054,7.782,7.880,0.003,0.000,1.589,1.789,24.878,20.267
1780275009679,2.686,2.945,7.778,7.891,0.000,0.003,1.567,1.815,24.685,20.242
1780275009720,2.431,3.156,7.800,7.884,0.000,0.003,1.607,1.822,24.703,20.194
1780275009769,2.340,3.138,7.884,7.935,0.000,0.000,1.202,1.392,23.891,19.782
1780275009836,2.598,3.014,7.862,7.913,0.000,0.003,1.137,1.345,23.872,19.467
1780275009879,2.646,3.211,7.778,7.858,0.000,0.000,1.406,1.614,24.513,19.976
1780275009927,2.759,3.295,7.785,7.876,0.000,0.003,1.199,1.366,24.283,20.048
1780275009980,2.518,3.145,7.778,7.865,0.000,0.003,1.447,1.654,24.410,19.709
1780275010040,2.372,3.076,7.796,7.862,0.000,0.003,1.476,1.713,24.298,19.733
1780275010113,2.766,3.196,7.800,7.862,0.000,0.003,1.071,1.283,23.981,19.588
1780275010160,2.748,3.076,7.731,7.822,0.000,0.003,1.381,1.658,24.419,19.758
1780275010205,2.620,3.251,7.723,7.807,0.000,0.003,1.461,1.705,24.570,20.097
1780275010245,2.587,3.069,7.785,7.840,0.000,0.000,1.202,1.399,23.882,19.879
1780275010285,2.336,3.193,7.738,7.833,0.000,0.007,1.421,1.622,24.150,19.515
1780275010348,2.507,3.069,7.741,7.822,0.000,0.003,1.487,1.694,24.323,19.830
1780275010409,2.638,3.222,7.778,7.840,0.000,0.003,1.046,1.239,23.766,19.588
1780275010453,2.759,3.218,7.690,7.789,0.000,0.000,1.355,1.603,24.414,19.758
1780275010498,2.598,3.178,7.760,7.822,0.000,0.003,1.148,1.403,23.912,19.855
1780275010549,2.398,3.349,7.734,7.796,0.000,0.003,1.297,1.541,24.118,19.491
1780275010614,2.547,3.247,7.709,7.767,0.000,0.000,1.447,1.683,24.400,19.758
1780275010650,2.657,3.134,7.698,7.760,0.000,0.000,1.465,1.687,24.401,20.048
1780275010700,2.715,3.098,7.672,7.752,0.000,0.003,1.461,1.702,24.403,19.927
1780275010741,2.675,3.083,7.683,7.752,0.000,0.003,1.443,1.709,24.348,19.855
1780275010780,2.726,3.276,7.705,7.763,0.000,0.000,1.115,1.312,23.897,20.000
1780275010820,2.416,3.244,7.712,7.774,0.000,0.003,1.308,1.530,23.987,19.588
1780275010869,2.438,3.178,7.716,7.796,0.000,0.003,1.027,1.272,23.430,19.394
1780275010927,2.591,3.112,7.741,7.803,0.000,0.000,0.951,1.100,23.298,19.030
1780275010976,2.711,3.247,7.636,7.741,0.000,0.003,1.279,1.549,24.166,19.612
1780275011026,2.631,3.211,7.647,7.727,0.000,0.003,1.374,1.607,24.200,19.709
1780275011093,2.299,3.185,7.206,7.432,0.000,0.007,3.054,3.375,26.558,21.915
1780275011152,2.544,3.193,7.417,7.599,0.000,0.003,1.964,2.274,24.994,20.921
1780275011190,2.613,3.258,7.581,7.705,0.000,0.000,1.148,1.374,23.679,19.661
1780275011225,2.722,3.342,7.683,7.749,0.000,0.000,0.721,0.794,23.011,19.370
1780275011262,2.668,3.178,7.712,7.767,0.000,0.000,0.820,0.984,23.129,18.788
1780275011304,2.591,3.120,7.701,7.767,0.000,0.000,0.893,1.049,23.121,18.933
1780275011344,2.649,3.138,7.687,7.749,0.000,0.003,0.874,1.075,23.175,18.982
1780275011400,2.536,3.262,7.661,7.756,0.000,0.003,0.922,1.089,23.229,18.958
1780275011463,2.606,3.218,7.610,7.687,0.000,0.003,1.326,1.552,24.002,19.564
1780275011514,2.697,3.116,7.614,7.676,0.000,0.000,1.377,1.581,24.061,19.588
1780275011556,2.551,3.254,7.603,7.669,0.000,0.000,1.323,1.585,23.985,19.782
1780275011622,2.504,2.908,7.286,7.464,0.000,0.003,2.741,3.036,25.942,19.515
1780275011679,2.522,3.189,7.497,7.628,0.000,0.000,1.370,1.662,23.868,21.939
1780275011717,2.686,3.262,7.599,7.683,0.000,0.000,0.958,1.126,23.314,19.224
1780275011757,2.620,3.251,7.636,7.701,0.000,0.000,0.889,1.078,23.175,18.982
1780275011794,2.751,3.371,7.639,7.712,0.000,0.000,0.546,0.707,22.726,18.982
1780275011842,2.737,3.269,7.672,7.734,0.000,0.003,0.386,0.524,22.325,18.545
1780275011910,2.628,3.189,7.585,7.676,0.000,0.003,1.111,1.290,23.482,19.200
1780275011967,2.259,2.981,7.093,7.344,0.000,0.007,3.058,3.371,26.113,21.770
1780275012007,2.380,2.988,7.020,7.286,0.003,0.007,3.251,3.685,26.620,23.176
1780275012051,2.733,3.225,7.293,7.501,0.000,0.003,1.760,2.114,24.629,22.279
1780275012105,2.668,3.222,7.454,7.614,0.000,0.003,1.308,1.592,23.861,19.927
1780275012171,2.187,2.795,6.298,6.553,0.003,0.018,7.847,8.850,34.551,25.600
1780275012234,2.628,3.696,6.838,7.031,0.003,0.007,3.947,3.983,28.133,24.921
1780275012274,2.478,3.397,6.998,7.162,0.000,0.007,3.499,3.918,27.459,23.224
1780275012311,2.540,3.247,6.983,7.140,0.000,0.007,3.572,3.907,27.396,23.661
1780275012368,2.770,2.967,6.987,7.151,0.000,0.010,3.506,3.849,27.240,23.636
1780275012427,2.748,3.127,6.980,7.151,0.000,0.007,3.404,3.790,27.207,23.515
1780275012477,2.770,3.291,6.958,7.136,0.003,0.007,3.335,3.747,27.247,23.612
1780275012536,2.460,3.171,7.005,7.177,0.000,0.007,3.327,3.696,26.843,23.200
1780275012571,2.442,3.269,6.994,7.173,0.003,0.007,3.200,3.666,26.754,23.248
1780275012621,2.690,3.141,7.191,7.319,0.000,0.003,2.438,2.850,25.632,22.861
1780275012693,2.762,3.233,7.333,7.402,0.000,0.003,2.030,2.299,25.062,20.703
1780275012748,2.296,2.773,6.371,6.601,0.007,0.018,7.231,7.530,32.827,20.509
1780275012785,2.894,3.236,6.721,6.925,0.003,0.007,3.612,4.053,27.451,28.945
1780275012831,2.427,3.254,7.005,7.166,0.003,0.007,3.313,3.699,26.874,22.279
1780275012872,2.412,3.171,7.125,7.249,0.000,0.007,2.868,3.145,25.977,22.836
1780275012931,2.544,3.196,6.994,7.147,2.930,0.003,1.618,1.705,26.137,22.933
1780275012997,2.573,3.240,6.396,6.663,2.781,3.032,2.664,2.959,30.308,28.752
1780275013032,2.759,3.287,6.568,6.812,2.708,2.744,2.106,2.329,29.313,26.715
1780275013074,2.846,3.098,6.808,6.991,2.369,2.456,1.694,1.946,28.208,25.115
1780275013147,2.482,3.167,7.140,7.220,1.869,1.895,1.097,1.290,26.160,22.255
1780275013205,2.037,2.850,6.163,6.396,1.016,1.191,7.136,8.321,35.110,22.133
1780275013249,2.759,3.411,6.418,6.579,1.632,1.771,3.765,4.301,30.636,29.673
1780275013298,2.642,3.291,6.586,6.714,1.549,1.399,3.156,3.506,28.843,25.867
1780275013333,2.715,3.120,6.520,6.659,1.264,1.377,2.974,3.400,28.029,26.618
1780275013369,2.726,3.196,6.426,6.590,1.242,1.297,2.923,3.269,27.669,27.273
1780275013450,2.336,3.047,6.531,6.677,1.268,1.348,2.974,3.302,27.483,26.982
1780275013511,2.566,3.152,6.695,6.805,1.290,1.293,2.992,3.364,28.157,25.285
1780275013544,2.883,3.054,6.728,6.776,1.199,1.308,3.182,3.532,28.662,24.994
1780275013586,3.050,2.974,6.754,6.776,1.250,1.326,3.218,3.568,28.916,25.552
1780275013619,2.806,3.247,6.761,6.797,1.253,1.257,3.225,3.564,28.910,25.479
1780275013651,2.770,3.098,6.776,6.819,1.210,1.264,3.200,3.539,28.676,25.406
1780275013704,2.631,3.149,6.783,6.830,1.253,1.301,3.160,3.488,28.595,25.212
1780275013767,2.416,3.335,6.794,6.845,1.180,1.304,3.036,3.470,28.380,25.236
1780275013806,2.464,3.189,6.805,6.856,1.224,1.286,3.069,3.426,28.319,24.921
1780275013836,2.577,3.218,6.779,6.845,1.250,1.261,3.072,3.382,28.384,25.018
1780275013886,2.843,3.265,6.746,6.867,1.250,1.330,2.872,3.152,28.325,24.800
1780275013956,2.908,3.251,6.823,6.954,1.319,1.301,2.387,2.722,27.665,24.000
1780275014028,2.289,2.886,5.857,6.112,0.707,0.878,8.070,8.879,35.678,30.812
1780275014064,2.598,3.440,6.262,6.462,1.428,1.406,4.242,4.745,30.583,30.764
1780275014109,2.434,3.484,6.659,6.783,1.377,1.396,3.098,3.510,28.741,25.552
1780275014168,2.635,3.258,6.681,6.797,1.232,1.330,3.080,3.459,28.472,25.188
1780275014219,2.821,3.240,6.666,6.790,1.253,1.286,3.072,3.419,28.547,24.970
1780275014265,2.817,3.211,6.684,6.808,1.217,1.297,3.036,3.382,28.452,25.139
1780275014317,2.784,3.353,6.706,6.812,1.246,1.293,2.890,3.258,28.342,24.970
1780275014357,2.803,3.240,6.794,6.914,1.279,1.337,2.515,2.861,27.743,24.582
1780275014403,2.431,3.371,6.954,7.020,1.286,1.352,1.950,2.289,26.653,23.394
1780275014478,2.737,3.236,7.064,7.144,1.308,1.374,1.275,1.450,25.588,21.939
1780275014536,2.387,2.857,6.123,6.225,0.626,0.743,7.330,7.782,34.073,26.958
1780275014575,2.832,3.466,6.473,6.561,1.399,1.363,3.626,4.064,29.784,29.091
1780275014628,2.923,3.203,6.750,6.830,1.363,1.421,2.916,3.174,28.580,24.485
1780275014675,2.737,3.072,6.739,6.816,1.217,1.301,3.094,3.386,28.362,24.727
1780275014729,2.416,3.258,6.725,6.808,1.232,1.264,3.058,3.404,28.165,24.824
1780275014770,2.547,3.163,6.721,6.812,1.246,1.297,2.952,3.360,28.098,24.848
1780275014807,2.620,3.353,6.746,6.834,1.221,1.279,2.792,3.087,27.932,24.848
1780275014849,2.759,3.408,6.878,6.954,1.326,1.385,2.099,2.303,27.112,23.273
1780275014881,2.660,3.477,6.954,7.023,1.334,1.374,1.727,1.953,26.502,22.691
1780275014926,2.722,3.287,7.002,7.056,1.268,1.334,1.585,1.844,26.098,22.109
1780275014987,2.321,2.908,6.229,6.327,0.725,0.827,6.896,7.978,34.211,22.424
1780275015052,2.668,3.185,6.677,6.765,1.472,1.479,2.926,3.273,28.445,24.824
1780275015087,2.591,3.112,6.735,6.790,1.308,1.341,3.058,3.346,28.281,24.436
1780275015118,2.649,3.156,6.655,6.746,1.206,1.279,3.112,3.455,28.258,25.018
1780275015150,2.795,3.174,6.655,6.746,1.202,1.326,3.134,3.419,28.451,25.115
1780275015189,2.733,3.189,6.659,6.754,1.221,1.275,3.109,3.411,28.351,25.018
1780275015242,2.719,3.090,6.670,6.765,1.242,1.257,3.069,3.382,28.194,24.970
1780275015282,2.759,3.240,6.670,6.765,1.199,1.257,3.032,3.331,28.253,24.679
1780275015325,2.748,3.484,6.644,6.754,1.210,1.293,2.908,3.218,28.259,24.970
1780275015365,2.569,3.236,6.765,6.881,1.308,1.323,2.536,2.806,27.424,24.121
1780275015402,2.708,3.378,6.885,6.972,1.337,1.385,1.585,1.928,26.178,23.006
1780275015456,2.704,3.200,6.958,7.020,1.312,1.355,1.643,1.899,26.091,21.988
1780275015533,2.358,2.879,6.065,6.170,0.637,0.772,8.033,8.270,35.184,26.158
1780275015621,2.908,3.411,6.531,6.604,1.436,1.505,3.276,3.626,29.297,25.939
1780275015659,2.653,3.225,6.612,6.684,1.290,1.374,3.240,3.528,28.606,25.188
1780275015699,2.536,3.280,6.615,6.692,1.286,1.312,3.120,3.524,28.365,25.091
1780275015758,2.562,3.367,6.622,6.699,1.224,1.272,3.138,3.466,28.350,24.945
1780275015796,2.690,3.229,6.622,6.706,1.202,1.279,3.127,3.426,28.281,24.921
1780275015834,2.704,3.171,6.633,6.714,1.246,1.232,3.105,3.389,28.194,24.873
1780275015889,2.624,3.284,6.615,6.703,1.206,1.268,3.028,3.346,28.074,24.824
1780275015923,2.748,3.214,6.637,6.725,1.213,1.312,2.908,3.251,28.008,24.800
1780275015960,2.566,3.262,6.663,6.750,1.228,1.264,2.883,3.203,27.819,24.558
1780275016018,2.391,3.499,6.743,6.827,1.290,1.337,2.500,2.744,27.331,24.145
1780275016059,2.638,3.324,6.892,6.965,1.348,1.374,1.669,1.826,26.036,22.400
1780275016110,2.657,3.444,6.874,6.943,1.202,1.290,1.877,2.103,26.390,21.673
1780275016165,2.292,3.010,5.970,5.959,0.729,0.790,8.113,8.573,35.436,31.370
1780275016204,3.032,3.240,6.222,6.324,1.290,1.283,4.180,4.643,30.214,30.085
1780275016253,2.777,3.225,6.528,6.622,1.348,1.432,3.193,3.539,28.664,25.358
1780275016290,2.675,3.098,6.579,6.677,1.261,1.319,3.127,3.462,28.198,24.824
1780275016322,2.547,3.233,6.593,6.688,1.250,1.283,3.131,3.415,28.140,24.800
1780275016359,2.547,3.178,6.601,6.695,1.246,1.275,3.120,3.386,28.048,24.752
1780275016403,2.609,3.207,6.597,6.692,1.206,1.286,3.032,3.346,27.975,24.655
1780275016438,2.722,3.222,6.593,6.692,1.202,1.242,3.028,3.313,28.014,24.679
1780275016481,2.697,3.269,6.612,6.710,1.239,1.293,2.908,3.189,27.917,24.485
1780275016549,2.832,3.473,6.681,6.779,1.250,1.301,2.351,2.693,27.360,24.024
1780275016605,2.864,3.386,6.783,6.874,1.308,1.337,1.858,2.176,26.586,23.055
1780275016674,2.438,3.160,6.936,7.002,1.279,1.326,1.432,1.611,25.184,21.648
1780275016710,2.099,2.751,6.287,6.382,0.761,0.841,7.093,7.333,33.547,24.267
1780275016785,3.010,3.455,6.506,6.622,1.432,1.458,2.850,3.182,28.515,25.988
1780275016829,2.803,3.273,6.550,6.652,1.250,1.297,3.032,3.353,28.210,24.121
1780275016859,2.810,3.324,6.535,6.637,1.221,1.242,3.080,3.382,28.231,24.873
1780275016889,2.886,3.459,6.517,6.615,1.242,1.261,3.007,3.353,28.340,24.848
1780275016927,2.660,3.572,6.546,6.648,1.213,1.253,2.959,3.327,28.178,24.873
1780275016955,2.449,3.462,6.557,6.666,1.250,1.297,2.988,3.342,28.011,24.703
1780275016985,2.391,3.440,6.571,6.677,1.202,1.257,3.025,3.313,27.876,24.558
1780275017050,2.690,3.054,6.604,6.703,1.250,1.334,2.770,3.098,27.503,24.485
1780275017094,2.806,3.141,6.666,6.765,1.304,1.312,2.431,2.715,27.140,23.588
1780275017146,2.890,3.389,6.743,6.845,1.279,1.315,1.917,2.172,26.550,23.224
1780275017206,3.065,3.470,6.823,6.932,1.297,1.355,1.315,1.527,25.784,21.842
1780275017245,2.343,2.999,6.269,6.138,0.703,0.758,6.951,7.158,33.319,29.115
1780275017296,2.478,3.291,6.265,6.367,1.315,1.341,4.519,5.095,30.671,32.606
1780275017339,2.577,3.448,6.451,6.568,1.366,1.385,3.138,3.528,28.461,25.091
1780275017376,2.668,3.320,6.495,6.597,1.275,1.359,3.069,3.455,28.238,25.018
1780275017413,2.908,3.174,6.495,6.597,1.235,1.264,3.083,3.386,28.142,24.873
1780275017441,2.912,3.109,6.499,6.604,1.232,1.286,3.036,3.364,28.042,24.703
1780275017477,2.886,3.003,6.509,6.612,1.210,1.242,3.018,3.353,27.833,24.558
1780275017509,2.832,3.116,6.517,6.619,1.228,1.301,3.021,3.291,27.925,24.582
1780275017574,2.613,3.200,6.539,6.644,1.217,1.239,2.952,3.265,27.669,24.485
1780275017617,2.423,3.499,6.601,6.732,1.304,1.297,2.464,2.803,27.123,24.145
1780275017672,2.617,3.393,6.721,6.816,1.279,1.385,1.920,2.190,26.321,22.909
1780275017741,2.803,3.459,6.823,6.910,1.290,1.326,1.297,1.468,25.376,21.648
1780275017776,2.540,3.244,6.098,6.200,0.732,0.805,6.232,6.327,32.178,26.400
1780275017831,2.908,3.378,6.170,6.273,1.268,1.399,4.024,4.465,29.885,29.552
1780275017885,2.708,3.189,6.458,6.557,1.286,1.337,3.178,3.491,28.204,25.091
1780275017921,2.518,3.386,6.473,6.571,1.261,1.319,3.112,3.393,28.033,24.679
1780275017950,2.372,3.320,6.499,6.597,1.242,1.283,3.032,3.382,27.727,24.606
1780275017981,2.482,3.477,6.480,6.586,1.235,1.283,2.970,3.364,27.877,24.703
1780275018016,2.638,3.419,6.469,6.575,1.206,1.275,3.007,3.313,27.902,24.703
1780275018073,2.817,3.094,6.502,6.604,1.242,1.272,2.963,3.284,27.778,24.606
1780275018104,2.751,3.036,6.502,6.612,1.221,1.261,2.948,3.240,27.571,24.436
1780275018158,2.854,3.291,6.557,6.681,1.268,1.337,2.485,2.773,27.246,23.709
1780275018216,2.653,3.233,6.699,6.801,1.301,1.315,1.982,2.274,26.258,22.545
1780275018286,2.092,2.857,5.875,5.966,0.703,0.801,8.073,8.598,34.965,30.982
1780275018346,2.879,3.349,6.130,6.327,1.447,1.439,4.038,4.454,30.063,28.194
1780275018390,2.948,3.473,6.342,6.437,1.377,1.410,3.207,3.524,28.718,25.285
1780275018431,2.868,3.477,6.386,6.480,1.250,1.315,3.094,3.444,28.314,25.139
1780275018460,2.730,3.480,6.411,6.509,1.224,1.279,3.061,3.448,28.142,24.921
1780275018491,2.803,3.404,6.407,6.506,1.242,1.279,3.025,3.415,28.081,24.848
1780275018536,2.715,3.353,6.429,6.524,1.246,1.253,3.076,3.378,27.974,24.824
1780275018604,2.474,3.466,6.444,6.546,1.195,1.246,2.999,3.364,27.734,24.436
1780275018639,2.504,3.291,6.466,6.564,1.221,1.275,3.025,3.280,27.626,24.315
1780275018674,2.646,3.244,6.455,6.553,1.221,1.239,2.963,3.273,27.594,24.388
1780275018735,2.817,3.276,6.469,6.571,1.224,1.286,2.770,3.152,27.565,24.291
1780275018800,2.755,3.273,6.553,6.652,1.250,1.304,2.445,2.730,26.962,23.588
1780275018875,2.722,3.440,6.728,6.812,1.348,1.370,1.425,1.632,25.477,22.158
1780275018933,2.022,2.671,5.832,5.908,0.648,0.798,8.139,8.569,34.587,23.588
1780275018971,2.762,3.393,6.214,6.313,1.377,1.396,3.542,3.991,28.988,27.515
1780275019013,2.890,3.214,6.396,6.499,1.374,1.345,3.101,3.404,28.223,24.388
1780275019043,2.857,3.203,6.396,6.502,1.279,1.334,3.065,3.375,28.011,24.558
1780275019093,2.682,3.127,6.429,6.531,1.210,1.275,3.072,3.353,27.679,24.412
1780275019129,2.598,3.145,6.437,6.539,1.239,1.275,3.021,3.338,27.592,24.315
1780275019167,2.759,3.258,6.426,6.528,1.217,1.246,3.010,3.287,27.731,24.461
1780275019200,2.711,3.291,6.422,6.524,1.235,1.268,2.956,3.276,27.683,24.291
1780275019259,2.485,3.422,6.444,6.550,1.221,1.242,2.926,3.240,27.530,24.267
1780275019337,2.741,3.276,6.531,6.637,1.242,1.297,2.449,2.726,26.899,23.467
1780275019416,2.770,3.291,6.703,6.790,1.323,1.377,1.458,1.705,25.417,22.909
1780275019469,2.850,3.284,6.768,6.856,1.261,1.319,1.148,1.297,24.783,21.042
1780275019505,2.376,2.872,6.214,6.313,0.677,0.750,6.783,6.918,32.903,21.455
1780275019538,2.711,3.287,6.240,6.345,1.191,1.199,4.086,3.889,28.948,31.612
1780275019575,2.536,3.532,6.488,6.590,1.370,1.414,2.464,2.810,27.204,23.636
1780275019643,2.609,3.185,6.473,6.575,1.184,1.202,2.908,3.171,27.307,23.636
1780275019680,2.700,3.367,6.400,6.517,1.170,1.213,2.937,3.258,27.562,24.267
1780275019713,2.781,3.280,6.407,6.524,1.199,1.224,2.970,3.222,27.607,24.436
1780275019775,2.777,3.269,6.462,6.575,1.235,1.293,2.617,2.934,27.162,23.879
1780275019841,2.854,3.542,6.593,6.699,1.315,1.348,1.709,1.924,25.984,22.473
1780275019923,2.577,3.152,6.790,6.874,1.297,1.330,1.057,1.224,24.301,20.800
1780275019957,2.318,2.748,6.054,6.152,0.725,0.772,6.185,6.254,31.208,25.867
1780275019996,2.744,3.233,6.200,6.407,1.290,1.264,3.583,4.027,28.748,28.461
1780275020041,2.905,3.426,6.502,6.608,1.348,1.392,2.238,2.569,26.988,23.127
1780275020080,2.766,3.254,6.448,6.561,1.191,1.261,2.773,3.145,27.399,22.667
1780275020149,2.832,3.291,6.375,6.502,1.253,1.253,2.890,3.236,27.632,24.388
1780275020201,2.540,3.477,6.389,6.513,1.191,1.242,2.850,3.244,27.446,24.315
1780275020241,2.642,3.280,6.571,6.681,1.293,1.363,1.873,2.135,25.838,22.861
1780275020303,2.788,3.160,6.699,6.786,1.355,1.363,1.323,1.581,25.055,21.576
1780275020385,2.781,3.349,6.714,6.805,1.239,1.293,1.199,1.432,24.812,21.067
1780275020448,2.788,3.302,6.754,6.856,1.304,1.315,0.918,1.046,24.283,20.703
1780275020481,2.850,3.309,6.783,6.885,1.232,1.297,0.670,0.852,23.878,20.388
1780275020523,2.558,3.320,6.786,6.878,1.213,1.290,0.998,1.159,24.202,20.267
1780275020564,2.511,3.254,6.783,6.885,1.210,1.257,1.064,1.235,24.199,20.436
1780275020601,2.671,3.200,6.725,6.834,1.210,1.250,1.399,1.585,24.874,20.630
1780275020678,2.777,3.251,6.681,6.805,1.177,1.264,1.494,1.673,25.122,21.212
1780275020723,2.905,3.254,6.710,6.834,1.257,1.293,1.104,1.308,24.665,21.042
1780275020762,2.846,3.254,6.692,6.816,1.217,1.257,1.337,1.501,24.920,20.970
1780275020817,2.624,3.280,6.699,6.827,1.213,1.293,1.483,1.694,25.113,21.164
1780275020879,2.617,3.375,6.728,6.841,1.275,1.290,1.137,1.275,24.538,20.994
1780275020917,2.704,3.357,6.692,6.812,1.199,1.253,1.308,1.490,24.815,20.558
1780275020978,2.824,3.506,6.695,6.827,1.235,1.304,1.060,1.188,24.639,21.188
1780275021013,2.751,3.349,6.699,6.830,1.206,1.275,1.312,1.461,24.883,20.776
1780275021058,2.762,3.185,6.477,6.590,1.035,1.104,2.635,2.897,26.685,21.236
1780275021110,2.708,3.276,6.593,6.743,1.301,1.345,1.632,1.884,25.482,22.303
1780275021176,2.613,3.320,6.721,6.852,1.301,1.345,1.031,1.224,24.407,21.333
1780275021214,2.675,3.353,6.761,6.881,1.279,1.326,0.477,0.612,23.364,20.388
1780275021252,2.908,3.163,6.765,6.874,1.246,1.345,0.605,0.718,23.624,20.048
1780275021285,2.956,3.178,6.725,6.845,1.188,1.242,1.031,1.166,24.331,20.145
1780275021331,2.956,3.415,6.703,6.830,1.261,1.264,0.805,0.965,24.199,20.776
1780275021401,2.664,3.240,6.710,6.838,1.210,1.301,1.199,1.355,24.517,20.655
1780275021444,2.383,3.240,6.681,6.816,1.206,1.228,1.560,1.778,24.892,20.848
1780275021501,2.547,3.357,6.630,6.772,1.184,1.228,1.556,1.840,25.114,21.212
1780275021554,2.824,3.247,6.582,6.732,1.210,1.275,1.629,1.917,25.416,21.527
1780275021595,2.806,3.331,6.626,6.779,1.242,1.250,1.348,1.563,24.945,21.430
1780275021635,2.886,3.134,6.622,6.765,1.224,1.268,1.498,1.742,25.139,20.945
1780275021714,2.741,3.357,6.644,6.794,1.232,1.297,1.177,1.417,24.659,21.042
1780275021753,2.515,3.415,6.677,6.819,1.250,1.275,1.199,1.366,24.516,20.703
1780275021788,2.569,3.247,6.688,6.830,1.239,1.293,1.122,1.283,24.271,20.533
1780275021843,2.795,3.244,6.670,6.816,1.224,1.312,1.046,1.264,24.371,20.630
1780275021909,2.908,3.429,6.641,6.790,1.242,1.257,1.115,1.246,24.628,20.727
1780275021949,2.872,3.411,6.655,6.805,1.221,1.283,1.115,1.264,24.626,20.776
1780275022008,2.693,3.375,6.622,6.779,1.159,1.275,1.399,1.665,24.967,20.655
1780275022049,2.420,3.455,6.619,6.768,1.210,1.217,1.523,1.735,24.947,20.994
1780275022086,2.547,3.499,6.593,6.754,1.224,1.268,1.505,1.724,25.114,21.164
1780275022124,2.697,3.269,6.590,6.750,1.195,1.290,1.603,1.807,25.201,21.261
1780275022173,2.886,3.152,6.637,6.790,1.235,1.297,1.188,1.326,24.511,20.945
1780275022241,2.671,3.003,6.648,6.805,1.202,1.279,1.374,1.585,24.567,20.727
1780275022286,2.679,3.331,6.608,6.768,1.202,1.301,1.406,1.600,24.895,20.921
1780275022320,2.584,3.389,6.601,6.761,1.184,1.246,1.516,1.694,24.975,21.067
1780275022391,2.427,3.236,6.338,6.524,1.067,1.126,2.864,3.178,26.760,23.273
1780275022469,2.934,3.448,6.473,6.641,1.264,1.319,1.731,2.026,25.836,22.133
1780275022533,2.861,3.364,6.622,6.779,1.334,1.370,0.812,0.947,24.089,20.824
1780275022576,2.762,3.229,6.725,6.867,1.315,1.392,0.298,0.386,22.974,19.782
1780275022616,2.770,3.211,6.757,6.892,1.257,1.301,0.196,0.240,22.624,19.297
1780275022656,2.638,3.273,6.750,6.885,1.264,1.312,0.335,0.419,22.876,19.467
1780275022695,2.642,3.528,6.728,6.881,1.184,1.242,0.371,0.477,23.053,19.709
1780275022772,2.821,3.276,6.641,6.790,1.191,1.202,1.170,1.315,24.406,20.388
1780275022811,2.879,3.357,6.593,6.750,1.202,1.235,1.275,1.494,24.785,20.776
1780275022847,2.770,3.440,6.462,6.564,1.042,1.089,2.416,2.941,26.724,21.042
1780275022896,2.642,3.134,6.291,6.477,1.093,1.184,2.901,3.258,26.980,23.927
1780275022969,2.591,3.313,6.513,6.684,1.312,1.359,1.698,1.997,25.467,21.988
1780275023033,2.806,3.331,6.601,6.761,1.286,1.355,1.042,1.180,24.362,20.800
1780275023079,2.810,3.495,6.641,6.808,1.286,1.290,0.554,0.645,23.529,20.436
1780275023154,2.762,3.586,6.786,6.925,0.116,0.094,0.831,1.013,22.113,19.127
1780275023209,2.817,3.378,6.881,6.998,0.007,0.010,0.820,0.980,21.891,17.988
1780275023250,2.755,3.316,6.870,6.983,0.003,0.007,1.086,1.268,22.288,18.133
1780275023297,2.467,3.200,6.608,6.754,0.003,0.007,2.500,2.959,24.498,19.176
1780275023340,2.566,3.141,6.517,6.655,0.003,0.007,3.021,3.426,25.336,21.382
1780275023384,2.784,3.433,6.699,6.848,0.003,0.003,1.476,1.705,22.951,22.158
1780275023437,2.890,3.506,6.834,6.961,0.003,0.003,1.020,1.173,22.390,18.497
1780275023488,2.821,3.484,6.881,6.991,0.000,0.000,0.714,0.852,21.743,18.158
1780275023545,2.686,3.419,6.903,7.020,0.000,0.003,0.714,0.834,21.579,17.770
1780275023593,2.606,3.488,6.878,6.987,0.000,0.000,1.006,1.144,22.109,18.085
1780275023660,2.799,3.302,6.859,6.976,0.000,0.003,1.111,1.297,22.347,18.085
1780275023712,2.690,2.948,6.586,6.732,0.000,0.007,2.726,3.025,24.714,20.170
1780275023765,3.021,3.306,6.750,6.885,0.000,0.003,1.527,1.815,23.307,19.297
1780275023809,2.824,3.470,6.797,6.932,0.000,0.000,1.293,1.458,22.774,18.909
1780275023846,2.755,3.542,6.834,6.976,0.000,0.000,0.911,1.108,22.126,18.497
1780275023905,2.544,3.433,6.907,7.016,0.000,0.000,0.743,0.871,21.514,17.721
1780275023976,2.700,3.513,6.889,6.991,0.000,0.003,0.707,0.863,21.666,17.842
1780275024045,2.766,3.451,6.856,6.969,0.000,0.003,1.049,1.191,22.285,18.279
1780275024119,2.737,3.171,6.557,6.699,0.000,0.007,2.770,3.047,24.988,20.509
1780275024195,2.467,3.462,6.458,6.615,0.000,0.007,3.127,3.404,25.540,22.036
1780275024240,2.748,3.415,6.626,6.823,0.000,0.003,1.724,1.939,23.278,21.115
1780275024279,2.857,3.459,6.848,6.965,0.000,0.000,0.729,0.718,21.576,18.958
1780275024333,2.857,3.524,6.910,7.009,0.000,0.000,0.295,0.382,20.977,17.382
1780275024383,2.770,3.386,6.929,7.020,0.000,0.003,0.295,0.382,20.785,17.236
1780275024419,2.631,3.338,6.896,6.994,0.000,0.003,0.820,1.057,21.739,17.358
1780275024479,2.372,3.185,6.593,6.728,0.003,0.007,2.759,2.934,24.581,19.467
1780275024513,2.737,3.422,6.692,6.823,0.000,0.003,1.363,1.603,22.643,21.091
1780275024561,2.930,3.564,6.812,6.929,0.000,0.000,1.042,1.173,22.450,18.158
1780275024636,2.890,3.349,6.830,6.951,0.000,0.003,0.998,1.184,22.205,18.230
1780275024708,2.799,3.470,6.827,6.940,0.000,0.000,1.053,1.195,22.284,18.158
1780275024769,2.412,3.411,6.859,6.969,0.000,0.000,1.100,1.217,21.968,18.012
1780275024808,2.533,3.127,6.622,6.761,0.003,0.003,2.398,2.795,24.242,20.024
1780275024854,2.726,3.236,6.440,6.604,0.000,0.007,3.087,3.316,25.416,21.115
1780275024909,2.890,3.214,6.396,6.564,0.000,0.007,3.094,3.404,25.569,22.255
1780275024965,3.189,3.557,6.703,6.848,0.000,0.003,1.133,1.345,22.778,20.000
1780275025026,2.722,3.411,6.885,7.005,0.000,0.000,0.331,0.441,20.795,17.697
1780275025079,2.464,3.630,6.914,7.020,0.000,0.000,0.160,0.185,20.373,17.115
1780275025150,2.864,3.346,6.914,7.016,0.000,0.000,0.193,0.225,20.558,17.188
1780275025222,2.941,3.189,6.859,6.965,0.000,0.003,0.812,0.929,21.698,17.455
1780275025273,2.518,3.265,6.502,6.648,0.000,0.007,2.901,3.138,24.979,19.927
1780275025313,2.507,3.389,6.396,6.564,0.003,0.007,3.127,3.440,25.433,22.061
1780275025361,2.646,3.480,6.644,6.794,0.000,0.003,1.640,1.866,23.073,19.758
1780275025413,2.788,3.499,6.772,6.896,0.000,0.000,1.082,1.217,22.254,18.230
1780275025450,2.890,3.353,6.816,6.940,0.000,0.003,0.685,0.823,21.510,17.867
1780275025493,2.916,3.302,6.874,6.991,0.000,0.000,0.320,0.390,20.793,17.600
1780275025542,2.850,3.101,6.859,6.969,0.000,0.000,0.790,0.896,21.465,17.503
1780275025589,2.635,3.141,6.597,6.743,0.000,0.007,2.507,2.671,24.301,18.158
1780275025644,2.511,3.437,6.451,6.615,0.003,0.003,2.999,3.254,25.273,21.236
1780275025688,2.587,3.488,6.371,6.546,0.003,0.003,3.069,3.404,25.471,22.061
1780275025756,3.028,3.397,6.258,6.506,0.000,0.000,1.206,1.578,21.973,20.630
1780275025811,2.766,3.061,2.117,1.705,0.000,0.003,0.907,1.086,11.645,9.988
1780275025866,4.906,4.483,4.129,3.510,0.003,0.021,7.198,7.530,31.780,22.667
1780275025918,5.292,4.782,4.231,4.403,0.000,0.003,3.061,2.996,24.768,24.679
1780275025978,4.756,4.465,3.703,3.973,0.003,0.007,3.400,3.805,24.112,21.358
1780275026014,4.640,2.154,3.805,2.055,0.003,0.007,3.798,4.213,20.675,20.848
1780275026058,3.951,0.204,3.557,0.229,0.003,0.007,4.002,4.446,16.399,15.442
1780275026113,3.761,0.021,3.047,0.029,0.003,0.007,3.962,4.403,15.233,14.036
1780275026167,4.126,0.007,3.083,0.010,0.000,0.003,2.956,3.240,13.425,12.776
1780275026211,4.027,0.003,2.970,0.010,0.000,0.000,0.780,0.962,8.752,8.121
1780275026279,3.870,0.003,2.864,0.010,0.000,0.000,0.174,0.222,7.143,6.497
1780275026317,3.506,0.003,2.810,0.007,0.000,0.000,0.149,0.167,6.642,6.448
1780275026359,2.857,0.003,2.474,0.010,0.000,0.000,0.171,0.185,5.700,5.309
1780275026412,2.711,0.003,2.617,0.007,0.000,0.003,0.149,0.167,5.657,5.358
1780275026455,2.106,0.003,2.587,0.007,0.000,0.000,0.222,0.277,5.202,5.236
1780275026493,1.724,0.572,2.482,0.014,0.000,0.003,0.215,0.262,5.272,5.091
1780275026544,1.275,5.070,2.183,3.065,0.000,0.003,1.111,1.290,13.997,11.273
1780275026599,1.432,5.638,2.416,3.502,0.000,0.007,2.139,2.504,17.638,14.667
1780275026642,1.753,4.975,2.602,3.174,0.000,0.003,2.212,2.482,17.201,16.533
1780275026702,2.041,4.220,2.693,2.693,0.000,0.007,2.252,2.602,16.508,14.958
1780275026758,2.478,3.900,2.719,2.737,0.000,0.000,0.718,0.798,13.350,12.388
1780275026844,2.587,3.065,2.445,2.227,0.000,0.000,0.171,0.204,10.699,9.673
1780275026898,5.124,2.679,4.104,2.048,0.000,0.003,0.138,0.149,14.245,9.455
1780275026947,4.982,1.603,7.468,1.315,0.000,0.000,0.076,0.087,15.531,12.897
1780275026986,2.216,0.969,7.282,1.046,0.000,0.000,0.116,0.127,11.756,9.721
1780275027025,3.692,0.492,7.774,1.049,0.000,0.000,0.156,0.171,13.334,9.600
1780275027064,3.069,0.386,7.428,1.180,0.000,0.000,0.178,0.207,12.448,11.418
1780275027113,1.479,0.094,7.833,1.348,0.000,0.000,0.174,0.193,11.121,9.212
1780275027157,3.065,0.014,6.196,1.796,0.003,0.003,1.323,1.396,13.796,11.224
1780275027216,0.466,5.682,3.389,4.607,0.000,0.003,2.059,2.358,18.564,8.752
1780275027283,1.053,3.488,5.157,7.257,0.000,0.003,1.687,1.913,20.558,17.455
1780275027384,0.998,4.009,4.275,6.192,0.000,0.003,2.143,2.383,20.003,18.085
1780275027441,1.388,4.753,3.579,5.259,0.000,0.003,2.289,2.511,19.782,19.830
1780275027499,1.979,3.925,3.258,4.855,0.003,0.007,2.332,2.617,18.976,17.333
1780275027546,2.671,3.914,3.236,4.541,0.000,0.000,0.481,0.590,15.433,14.400
1780275027584,2.595,3.827,3.306,4.191,0.000,0.000,0.153,0.178,14.250,12.267
1780275027636,2.930,3.750,3.094,3.612,0.000,0.000,0.105,0.120,13.611,12.073
1780275027696,2.668,2.784,2.478,2.711,3.889,3.470,0.098,0.116,18.214,18.255
1780275027772,2.897,0.182,0.131,2.595,1.884,1.899,2.715,2.992,15.295,13.309
1780275027838,2.806,3.980,4.111,2.289,1.516,1.527,1.775,1.975,19.979,13.721
1780275027916,3.109,3.313,3.608,2.128,1.490,1.589,0.247,0.291,15.775,11.055
1780275027954,3.196,1.439,1.341,2.270,1.505,1.545,0.102,0.123,11.521,9.964
1780275027995,1.057,2.125,1.082,2.496,1.461,1.509,0.112,0.123,9.965,7.782
1780275028052,0.087,4.538,0.105,2.259,1.283,1.370,0.076,0.091,9.809,8.873
1780275028091,0.116,4.137,0.298,1.982,1.366,1.385,0.054,0.069,9.407,8.630
1780275028141,1.968,2.770,2.777,1.126,1.275,1.334,0.091,0.098,11.439,8.921
1780275028231,0.109,0.112,0.091,0.091,1.509,1.589,0.112,0.127,3.740,3.952
1780275028303,0.010,0.007,0.007,0.007,1.363,1.410,0.087,0.098,2.989,3.564
1780275028357,0.003,0.007,0.000,0.003,1.345,1.417,0.080,0.091,2.946,3.685
1780275028432,2.835,3.291,3.539,2.733,1.016,1.100,0.040,0.051,14.605,9.139
1780275028492,1.811,2.806,5.041,4.862,1.060,1.137,0.076,0.091,16.884,13.552
1780275028540,1.377,1.210,2.875,4.552,1.454,1.498,1.173,1.304,15.443,12.412
1780275028588,0.291,0.524,0.451,1.858,1.636,1.643,1.180,1.359,8.942,7.806
1780275028657,0.014,0.047,0.018,0.069,2.948,1.720,0.874,0.969,6.659,5.188
1780275028737,0.003,0.003,0.003,0.007,3.714,3.932,0.747,0.896,9.305,9.430
1780275028813,3.349,5.055,4.979,4.986,2.154,2.132,0.780,0.882,24.317,18.812
1780275028868,2.095,5.205,5.478,5.223,2.066,2.197,1.888,2.154,26.306,21.527
1780275028912,2.700,5.584,4.858,5.026,2.227,2.256,2.883,3.138,28.672,23.782
1780275028975,2.077,4.833,4.559,4.618,1.924,2.325,3.265,3.601,27.202,24.000
1780275029026,2.803,5.431,4.129,4.253,1.596,1.771,2.427,2.759,25.169,23.345
1780275029062,2.613,5.985,3.860,4.140,1.523,1.490,2.044,2.325,23.980,20.267
1780275029112,2.143,5.996,3.688,4.191,1.523,1.578,0.470,0.572,20.161,17.648
1780275029151,0.619,2.901,1.498,1.417,1.953,1.953,0.302,0.386,11.029,11.152
1780275029186,0.331,0.667,0.269,0.200,1.924,1.964,0.185,0.240,5.780,5.794
1780275029267,0.007,0.018,0.010,0.007,1.760,1.756,0.816,0.991,5.365,4.897
1780275029329,0.003,0.003,0.003,0.003,1.997,1.804,1.286,1.530,6.629,5.552
1780275029403,1.694,2.602,2.533,1.658,1.476,1.891,1.939,2.128,15.921,8.655
1780275029443,4.541,4.866,4.173,3.688,0.747,0.863,3.134,3.346,25.358,20.170
1780275029490,3.725,5.376,1.396,1.891,1.527,1.490,4.016,4.508,23.929,23.927
1780275029558,4.614,4.534,0.364,0.218,2.139,2.248,2.219,2.478,18.814,15.612
1780275029601,4.209,4.811,2.824,2.875,1.818,1.928,0.568,0.699,19.732,17.576
1780275029647,0.984,1.647,0.761,0.922,2.369,2.434,0.236,0.269,9.622,14.206
1780275029701,0.043,0.058,0.054,0.047,1.957,2.001,0.120,0.134,4.414,5.139
1780275029784,0.003,0.003,0.003,0.003,1.563,2.296,0.138,0.149,4.158,4.315
1780275029854,0.003,0.000,0.003,0.000,1.756,1.596,1.297,1.447,6.102,6.133
1780275029909,0.003,0.000,0.003,0.003,1.530,1.585,2.139,2.431,7.694,6.206
1780275029960,0.000,0.003,0.000,0.003,1.869,1.771,1.702,1.950,7.298,6.448
1780275030019,0.003,0.000,0.000,0.003,1.869,2.241,2.125,2.383,8.624,7.176
1780275030064,0.003,0.000,0.003,0.003,1.800,2.084,1.786,2.074,7.753,6.836
1780275030096,0.003,0.000,0.003,0.003,1.818,1.895,1.487,1.749,6.958,6.521
1780275030140,0.003,0.003,0.000,0.003,2.208,2.252,1.308,1.541,7.318,6.376
1780275030189,0.000,0.003,0.000,0.003,2.686,2.744,1.261,1.468,8.165,7.200
1780275030230,0.000,0.003,0.000,0.000,2.806,2.649,1.370,1.578,8.406,7.539
1780275030309,0.353,0.229,0.371,0.302,2.464,2.558,1.399,1.629,9.305,7.370
1780275030387,0.018,0.018,0.014,0.007,2.493,2.369,1.443,1.632,7.994,7.297
1780275030454,4.592,2.030,2.460,4.858,2.099,2.106,0.944,1.122,20.211,13.576
1780275030534,2.493,4.946,5.460,5.390,1.909,1.928,1.454,1.665,25.245,20.364
1780275030594,2.066,4.381,5.988,4.789,2.161,2.314,2.205,2.518,26.422,22.206
1780275030647,1.530,1.035,1.293,0.652,2.857,3.025,3.120,3.575,17.087,14.885
1780275030697,1.210,1.552,0.750,1.013,2.792,2.832,0.871,0.710,11.730,11.830
1780275030757,3.521,4.370,2.948,3.794,2.128,2.055,0.102,0.105,19.023,14.206
1780275030831,3.357,3.750,2.945,3.765,2.216,2.387,0.087,0.098,18.605,15.539
1780275030900,0.721,3.491,4.425,1.731,2.351,2.372,0.189,0.233,15.513,10.861
1780275030958,0.273,4.024,5.409,3.222,1.961,2.063,1.162,1.472,19.586,15.176
1780275031003,0.149,3.929,6.717,1.483,2.022,2.026,1.975,2.223,20.524,16.776
1780275031054,1.760,2.948,6.375,0.750,2.015,2.190,2.004,2.354,20.396,17.915
1780275031089,2.690,2.671,5.784,1.516,2.336,2.292,0.772,0.995,19.056,16.315
1780275031126,3.262,2.303,5.664,2.358,2.314,2.383,0.317,0.397,18.998,14.279
1780275031160,3.171,2.135,5.252,2.733,2.110,2.270,1.458,1.629,20.758,13.818
1780275031201,2.423,2.897,4.570,2.835,2.070,2.092,2.281,2.569,21.737,15.976
1780275031241,1.567,2.930,4.574,2.478,2.059,2.274,2.456,2.813,21.151,16.000
1780275031287,0.845,2.128,4.647,0.554,2.412,2.227,2.106,2.387,17.306,15.224
1780275031381,0.229,3.663,4.414,0.630,2.299,2.303,1.629,1.902,17.069,12.921
1780275031443,2.821,5.339,4.107,0.816,2.161,2.216,0.379,0.499,18.338,14.667
1780275031508,3.557,5.088,4.089,2.077,0.295,0.360,1.691,2.055,19.212,13.455
1780275031572,4.100,4.960,4.104,2.861,0.018,0.018,2.321,2.664,21.046,15.855
1780275031615,2.412,1.694,1.399,2.325,0.003,0.010,3.149,3.597,14.589,12.533
1780275031662,2.183,3.706,2.241,2.427,0.003,0.007,2.121,2.438,15.126,9.455
1780275031701,3.404,5.514,5.219,3.123,0.003,0.003,1.658,1.939,20.863,13.358
1780275031752,4.417,5.875,5.215,3.196,0.000,0.007,2.205,2.442,23.357,18.279
1780275031811,4.793,0.991,5.172,0.393,0.000,0.007,2.897,3.236,17.489,15.079
1780275031877,3.951,0.054,4.337,0.021,0.000,0.003,1.100,1.188,10.654,11.297
1780275031926,3.127,0.069,3.674,0.692,0.000,0.000,0.313,0.287,8.162,7.200
1780275031971,2.617,0.131,3.630,0.707,0.000,0.000,0.189,0.211,7.485,6.133
1780275032017,2.139,0.579,3.327,0.747,0.003,0.003,0.907,1.315,9.020,5.697
1780275032091,2.015,0.776,3.233,0.677,0.000,0.003,1.461,1.702,9.867,6.836
1780275032143,1.607,1.479,3.284,0.251,0.000,0.003,1.822,2.066,10.512,7.297
1780275032187,1.283,5.318,2.711,2.708,0.000,0.003,0.634,0.524,13.181,11.612
1780275032245,1.268,5.992,2.817,3.480,0.000,0.003,1.720,1.946,17.226,14.933
1780275032286,1.698,5.438,3.010,3.316,0.000,0.003,0.882,1.119,15.466,13.503
1780275032333,2.157,4.618,3.039,2.901,0.000,0.003,1.716,1.902,16.336,12.073
1780275032414,2.515,3.747,3.036,2.449,0.003,0.003,0.473,0.623,12.849,10.861
1780275032464,2.427,3.160,2.733,2.194,0.000,0.000,0.171,0.207,10.892,9.939
1780275032514,2.474,3.010,2.682,2.139,0.000,0.003,0.142,0.156,10.606,9.333
1780275032605,2.536,2.449,2.084,2.314,0.000,0.000,0.134,0.149,9.666,8.752
1780275032643,2.522,2.525,2.241,1.873,0.000,0.000,0.134,0.149,9.444,8.485
1780275032680,2.387,2.329,2.201,1.950,0.000,0.003,0.160,0.178,9.208,8.388
1780275032720,2.270,1.979,1.807,1.913,0.000,0.000,0.109,0.127,8.205,7.588
1780275032770,2.197,2.128,1.786,1.694,0.000,0.000,0.164,0.196,8.165,7.248
1780275032817,2.197,1.928,1.837,1.683,0.000,0.000,0.112,0.131,7.888,7.830
1780275032869,0.419,0.430,0.386,0.295,0.000,0.000,0.153,0.171,1.854,2.109
1780275032941,0.014,0.018,0.021,0.010,0.003,0.010,4.694,5.044,9.814,4.170
1780275032982,0.007,0.007,0.007,0.007,0.003,0.007,3.951,4.461,8.450,10.133
1780275033022,0.003,0.003,0.003,0.003,0.000,0.003,2.857,3.269,6.141,6.521
1780275033103,0.003,0.000,0.003,0.003,0.000,0.000,0.780,0.958,1.747,2.424
1780275033134,0.000,0.000,0.003,0.000,0.007,0.018,5.941,5.934,11.903,5.430
1780275033169,0.003,0.000,0.000,0.003,0.000,0.000,3.593,2.879,6.478,18.279
1780275033203,0.003,0.000,0.003,0.000,0.000,0.003,1.855,2.103,3.967,2.327
1780275033249,0.000,0.000,0.003,0.003,0.003,0.003,2.391,2.722,5.125,3.006
1780275033284,0.000,0.000,0.003,0.000,0.000,0.003,2.434,2.781,5.221,3.758
1780275033322,0.003,0.000,0.000,0.003,0.000,0.003,2.212,2.555,4.776,3.685
1780275033358,0.007,0.000,0.000,0.003,0.000,0.003,1.235,1.213,2.461,2.788
1780275033417,0.003,0.003,0.003,0.003,3.375,0.003,0.437,0.554,4.381,4.170
1780275033486,0.000,0.000,0.000,0.003,4.552,4.505,0.262,0.390,9.712,12.388
1780275033533,0.000,0.000,0.000,0.003,2.850,2.806,2.216,2.354,10.229,10.618
1780275033584,0.003,0.000,0.000,0.003,2.365,2.394,2.474,2.803,10.042,11.709
1780275033637,0.000,0.000,0.000,0.003,1.950,2.321,2.405,2.828,9.507,9.139
1780275033674,0.000,0.000,0.000,0.003,1.946,1.705,2.434,2.810,8.898,7.927
1780275033720,0.000,0.000,0.000,0.003,1.301,1.119,4.818,5.256,12.497,9.382
1780275033756,0.000,0.000,0.000,0.003,1.177,1.334,4.979,5.507,13.000,15.273
1780275033799,0.000,0.000,0.003,0.003,1.345,1.410,4.957,5.420,13.138,15.903
1780275033859,0.003,0.000,0.000,0.000,1.731,1.731,3.914,4.374,11.753,13.552
1780275033907,0.000,0.000,0.000,0.003,2.132,2.183,0.973,0.820,6.111,10.206
1780275033971,0.003,0.000,0.000,0.003,2.103,2.143,0.233,0.295,4.780,5.915
1780275034054,0.000,0.000,0.000,0.000,1.545,1.909,2.525,2.697,8.676,6.909
1780275034110,0.000,0.000,0.000,0.003,1.232,1.006,4.935,5.438,12.614,11.273
1780275034158,0.000,0.000,0.000,0.003,1.115,1.217,5.059,5.496,12.890,15.297
1780275034191,0.000,0.000,0.000,0.003,1.202,1.297,5.030,5.496,13.028,15.370
1780275034230,0.000,0.000,0.000,0.003,1.534,1.501,3.670,4.133,10.841,14.667
1780275034270,0.003,0.000,0.000,0.000,1.545,1.603,2.766,3.127,9.044,8.315
1780275034329,1.009,0.481,0.419,0.721,0.324,0.397,4.953,5.405,13.709,7.006
1780275034372,2.241,4.636,4.589,1.884,0.043,0.061,4.563,4.942,22.959,17.964
1780275034406,2.219,5.474,6.294,1.753,0.010,0.021,4.454,4.920,25.145,21.382
1780275034451,0.411,5.164,6.458,0.371,0.003,0.010,4.086,4.548,21.051,18.109
1780275034501,1.884,4.778,6.057,1.789,0.003,0.003,1.246,1.498,17.258,16.800
1780275034571,5.452,0.670,5.689,2.081,0.000,0.000,0.477,0.626,14.995,11.806
1780275034646,3.874,0.670,2.959,0.207,0.003,0.021,8.372,9.010,25.116,19.467
1780275034701,4.009,1.713,1.206,0.437,0.003,0.010,5.223,5.737,18.338,17.697
1780275034739,3.604,1.793,0.663,0.495,0.003,0.010,5.197,5.697,17.462,13.964
1780275034774,3.484,1.622,0.517,0.900,0.003,0.014,5.197,5.715,17.452,14.521
1780275034850,3.378,1.567,0.415,0.918,0.003,0.010,5.066,5.518,16.875,14.255
1780275034889,3.098,2.197,0.167,0.980,0.003,0.010,4.968,5.449,16.872,14.206
1780275034937,3.244,2.806,0.091,1.334,0.000,0.007,3.324,3.488,14.294,12.291
1780275034990,3.229,2.489,0.025,2.708,0.000,0.000,0.765,1.013,10.229,7.733
1780275035046,3.167,1.283,3.608,5.977,0.000,0.000,0.182,0.182,14.399,8.000
1780275035121,3.429,1.687,3.160,4.494,3.900,3.338,0.116,0.131,20.255,17.721
1780275035185,3.743,0.914,0.426,4.388,1.902,2.052,0.470,0.543,14.438,12.000
1780275035256,2.963,3.185,2.434,3.983,1.443,1.443,0.178,0.193,15.822,12.194
1780275035301,2.700,4.104,3.761,3.757,1.180,1.279,0.182,0.225,17.188,14.545
1780275035374,2.726,3.965,3.590,3.353,1.279,1.345,0.721,0.820,17.799,14.909
1780275035430,2.733,3.506,3.174,3.054,1.308,1.377,0.670,0.831,16.653,14.400
1780275035488,2.679,2.270,2.081,3.072,1.421,1.476,0.670,0.801,14.470,12.655
1780275035540,3.127,0.513,0.433,2.923,1.439,1.538,0.185,0.233,10.391,10.133
1780275035609,3.061,3.309,3.881,2.577,1.352,1.374,0.120,0.142,15.816,9.673
1780275035693,0.918,7.796,5.128,1.345,1.126,1.151,0.127,0.142,17.733,14.206
1780275035784,0.087,6.488,6.273,0.120,1.396,1.450,0.156,0.174,16.144,14.764
1780275035847,2.252,5.062,4.621,0.656,1.468,1.512,0.349,0.462,16.382,10.933
1780275035918,0.061,0.269,0.240,0.043,1.629,1.622,0.295,0.364,4.523,4.655
1780275035956,0.014,0.058,0.036,0.003,1.436,1.545,0.189,0.225,3.506,3.806
1780275035999,1.232,1.939,1.618,1.199,1.177,1.246,1.447,1.647,11.505,3.782
1780275036062,3.608,5.970,4.898,2.449,0.900,1.009,1.366,1.581,21.781,16.097
1780275036121,3.131,5.518,5.030,2.653,1.057,1.122,2.525,2.854,23.890,17.552
1780275036199,2.376,4.771,4.264,1.986,1.283,1.315,2.970,3.367,22.332,17.358
1780275036268,1.793,4.304,3.962,1.523,1.428,1.465,2.343,2.624,19.442,15.685
1780275036310,1.793,4.312,3.830,1.436,0.331,0.411,0.535,0.663,13.311,11.273
1780275036375,1.724,4.093,3.776,1.337,0.014,0.021,0.160,0.182,11.307,9.139
1780275036445,2.150,1.738,1.410,1.920,0.003,0.003,0.142,0.160,7.526,5.091
1780275036517,3.010,7.071,3.714,0.102,0.000,0.003,1.436,1.767,17.103,11.879
1780275036565,1.272,4.490,3.269,0.014,0.003,0.007,3.156,3.448,15.659,10.085
1780275036604,1.716,4.049,5.908,1.545,0.003,0.010,4.071,4.384,21.686,13.067
1780275036647,1.428,5.988,6.109,2.438,0.003,0.007,3.703,4.096,23.772,22.545
1780275036702,0.349,4.053,7.377,0.969,0.003,0.007,3.641,4.096,20.495,16.776
1780275036740,0.218,4.774,6.940,0.236,0.000,0.007,3.349,3.743,19.267,16.679
1780275036796,0.083,3.823,6.838,0.029,0.003,0.003,1.388,1.421,13.588,12.339
1780275036864,1.713,3.397,6.637,1.676,0.000,0.000,0.408,0.535,14.366,10.133
1780275036919,4.217,1.807,5.893,4.589,0.000,0.003,1.844,2.063,20.416,12.242
1780275036983,5.168,1.479,5.041,6.050,0.000,0.003,2.638,2.952,23.331,18.764
1780275037023,4.446,1.807,4.815,5.431,0.000,0.007,3.415,3.757,23.678,19.345
1780275037064,4.275,2.679,4.421,4.825,0.000,0.007,3.590,3.918,23.715,20.121
1780275037100,3.994,3.389,4.370,4.355,0.000,0.000,1.979,2.307,20.394,18.642
1780275037143,3.765,3.061,4.344,4.228,0.000,0.003,0.714,0.893,17.008,15.442
1780275037197,3.925,3.116,3.900,3.754,0.000,0.000,0.193,0.200,15.088,13.139
1780275037274,3.054,3.225,3.532,3.254,0.000,0.000,0.149,0.164,13.378,11.758
1780275037353,1.782,0.328,3.528,0.225,0.000,0.003,0.167,0.185,6.218,5.261
1780275037433,0.211,0.098,2.485,4.107,0.000,0.000,0.134,0.153,7.188,5.018
1780275037511,0.058,0.091,1.483,5.828,0.000,0.003,1.523,1.731,10.717,7.564
1780275037552,2.445,0.061,1.126,6.236,0.000,0.003,2.001,2.274,14.146,8.606
1780275037594,6.816,2.398,0.787,4.815,0.000,0.003,1.683,1.968,18.470,8.606
1780275037656,2.573,2.405,4.067,3.699,0.000,0.007,2.999,3.382,19.132,15.418
1780275037697,2.474,3.335,4.979,2.664,0.000,0.003,2.755,2.974,19.184,15.321
1780275037737,4.574,6.316,3.954,3.069,0.003,0.003,0.871,0.801,19.591,18.788
1780275037801,2.668,4.403,5.223,3.112,0.000,0.003,0.933,1.078,17.420,14.521
1780275037854,3.437,5.168,4.064,3.087,0.000,0.007,2.420,2.719,20.902,16.776
1780275037896,2.813,4.286,4.454,3.306,0.000,0.007,3.597,4.060,22.523,18.255
1780275037949,2.883,3.637,4.024,3.065,0.003,0.007,3.845,4.271,21.735,19.467
1780275038011,3.138,3.491,4.035,3.141,0.000,0.007,3.419,3.849,21.080,18.400
1780275038055,0.893,3.203,3.572,0.561,3.313,3.036,6.859,7.246,28.683,17.842
1780275038098,2.810,1.253,3.772,0.076,2.635,2.536,8.485,9.210,30.777,28.097
1780275038156,5.252,0.112,3.823,0.036,2.285,2.318,2.777,2.766,19.369,18.715
1780275038217,5.576,3.244,3.116,0.914,1.170,1.261,4.158,4.665,24.104,18.036
1780275038273,0.696,0.390,0.437,0.149,1.632,1.596,4.997,5.529,15.426,16.412
1780275038330,0.102,0.094,0.025,0.860,1.443,1.523,5.088,5.507,14.642,13.697
1780275038406,4.242,3.244,4.359,5.875,1.002,1.038,3.812,4.220,27.792,23.855
1780275038451,1.355,0.645,1.184,1.990,1.702,1.724,4.680,5.095,18.375,23.733
1780275038519,0.040,0.029,0.036,0.051,1.662,1.680,3.681,4.148,11.327,12.630
1780275038599,0.007,0.003,0.007,0.003,2.117,1.873,0.692,0.845,5.547,5.988
1780275038658,0.003,0.000,0.003,0.003,1.224,1.392,8.675,9.560,20.860,14.109
1780275038734,4.990,4.687,4.129,4.913,1.800,1.705,1.534,1.935,25.693,20.921
1780275038786,2.299,4.993,5.245,4.975,1.501,1.563,3.597,4.151,28.324,19.442
1780275038848,0.667,1.250,1.137,1.228,2.460,2.336,4.672,5.186,18.936,16.533
1780275038913,0.043,0.076,0.076,0.072,2.358,2.314,4.829,5.318,15.086,14.812
1780275038943,0.010,0.014,0.021,0.014,2.048,2.190,4.822,5.270,14.389,14.303
1780275038980,0.007,0.003,0.007,0.003,2.314,2.256,4.771,5.197,14.558,14.255
1780275039056,0.003,0.000,0.003,0.003,2.114,2.165,3.936,4.312,12.536,12.364
1780275039121,1.202,1.385,1.334,1.334,2.755,2.438,1.133,1.341,12.922,9.527
1780275039188,4.578,3.517,3.772,4.829,1.541,1.443,7.483,8.299,35.462,27.903
1780275039249,3.579,2.453,3.007,4.720,2.857,2.843,2.482,2.835,24.776,26.982
1780275039291,0.947,0.685,0.827,1.308,2.533,2.536,4.319,4.665,17.820,13.939
1780275039324,0.178,0.123,0.091,0.131,2.361,2.310,4.796,5.201,15.191,14.691
1780275039380,0.677,1.541,0.393,1.115,2.161,2.321,4.720,5.055,17.983,15.564
1780275039439,0.284,5.405,0.040,5.551,2.055,2.026,3.706,4.086,23.153,20.800
1780275039479,0.987,4.621,1.064,5.412,2.048,2.190,3.805,4.188,24.315,20.945
1780275039538,3.284,3.473,3.579,3.699,2.664,2.755,1.837,1.793,23.084,20.994
1780275039574,3.754,3.090,3.532,3.141,2.566,2.726,0.557,0.721,20.087,15.976
1780275039636,2.518,1.709,2.781,2.460,1.563,1.519,7.694,8.004,28.248,22.570
1780275039693,2.001,5.460,2.456,4.512,2.019,2.041,4.432,4.979,27.900,24.582
1780275039771,2.905,6.200,2.941,3.058,1.902,1.982,3.849,4.180,27.017,24.145
1780275039810,2.795,6.134,3.229,4.665,0.743,0.845,3.885,4.250,26.546,25.139
1780275039845,3.189,5.565,3.043,4.410,0.087,0.109,4.020,4.366,24.789,22.521
1780275039915,3.302,5.237,3.779,3.681,0.007,0.007,1.840,2.121,19.974,16.073
1780275039967,4.031,1.399,3.798,1.286,0.003,0.003,0.670,0.623,11.813,11.806
1780275040022,2.602,0.102,2.762,0.222,0.007,0.021,8.102,8.551,22.369,11.273
1780275040087,1.191,2.956,2.074,1.388,0.010,0.021,8.868,9.418,25.926,22.812
1780275040144,1.731,3.827,2.741,2.420,0.003,0.007,5.288,5.802,21.819,20.509
1780275040180,1.702,3.849,2.857,2.055,0.003,0.010,5.022,5.434,20.932,18.691
1780275040213,1.807,3.506,2.726,1.975,0.003,0.010,4.902,5.358,20.287,18.352
1780275040275,1.698,3.112,2.649,1.643,0.003,0.010,4.909,5.263,19.287,17.600
1780275040323,1.618,2.854,2.376,1.406,0.003,0.010,4.782,5.274,18.323,16.897
1780275040374,1.596,2.828,2.474,1.388,0.003,0.010,4.807,5.190,18.296,16.509
1780275040418,1.581,2.456,2.303,1.308,0.003,0.007,4.049,4.508,16.215,15.952
1780275040453,1.570,2.682,2.493,1.162,0.003,0.007,3.338,3.757,15.012,13.261
1780275040497,1.731,2.635,2.529,1.406,0.000,0.000,1.432,1.421,11.154,11.006
1780275040534,1.676,2.715,2.577,1.297,0.000,0.000,0.400,0.488,9.153,7.927
1780275040583,1.534,2.628,2.394,1.261,0.000,0.000,0.145,0.167,8.129,6.933
1780275040625,1.450,2.150,2.070,1.144,0.003,0.010,3.849,4.111,14.787,10.376
1780275040667,1.097,1.920,1.829,0.732,0.000,0.010,4.629,5.128,15.345,14.618
1780275040718,1.272,2.139,1.950,0.947,0.000,0.000,1.505,1.833,9.646,9.309
1780275040781,1.366,2.143,2.084,0.991,0.000,0.003,0.255,0.309,7.151,7.273
1780275040827,0.535,0.754,0.721,0.255,0.000,0.000,0.211,0.266,2.742,4.218
1780275040878,0.047,0.047,0.051,0.025,0.000,0.003,0.164,0.189,0.526,1.358
1780275040946,0.007,0.003,0.010,0.003,0.003,0.003,0.247,0.320,0.596,0.945
1780275040988,0.000,0.003,0.003,0.003,0.000,0.003,1.778,1.953,3.743,2.206
1780275041030,0.000,0.000,0.003,0.003,0.000,0.003,2.259,2.485,4.753,3.103
1780275041077,0.003,0.000,0.000,0.003,0.000,0.007,2.420,2.704,5.137,3.758
1780275041143,0.003,0.000,0.000,0.003,0.000,0.003,2.409,2.704,5.122,3.758
1780275041184,0.003,0.000,0.000,0.003,0.003,0.003,2.485,2.773,5.270,3.855
1780275041235,0.000,0.000,0.003,0.003,0.003,0.003,1.046,1.279,2.337,3.636
1780275041287,0.000,0.000,0.000,0.003,0.003,0.003,1.968,2.318,4.295,2.303
1780275041333,0.000,0.000,0.000,0.003,3.459,0.003,0.805,0.984,5.254,5.091
1780275041395,0.000,0.003,0.000,0.000,4.472,4.045,0.415,0.506,9.441,12.509
1780275041451,0.003,0.000,0.000,0.000,2.850,2.777,2.442,2.620,10.692,11.806
1780275041486,0.000,0.000,0.000,0.000,2.285,2.380,2.555,2.832,10.052,12.339
1780275041522,0.000,0.003,0.000,0.003,2.303,2.325,1.293,1.530,7.457,10.739
1780275041561,0.000,0.000,0.000,0.003,2.270,2.332,1.035,1.199,6.839,7.588
1780275041600,0.000,0.000,0.000,0.000,2.041,2.212,1.089,1.257,6.599,6.836
1780275041635,0.000,0.003,0.000,0.000,1.472,1.315,3.940,4.086,10.816,10.085
1780275041668,0.000,0.000,0.000,0.003,1.461,1.574,4.800,5.230,13.068,13.988
1780275041702,0.003,0.000,0.000,0.003,1.676,1.632,4.862,5.237,13.413,15.685
1780275041732,0.000,0.000,0.000,0.000,2.008,1.964,4.811,5.164,13.947,16.097
1780275041786,0.000,0.000,0.000,0.003,1.899,1.935,4.902,5.463,14.202,15.103
1780275041841,0.000,0.000,0.000,0.007,1.745,1.833,5.011,5.441,14.037,14.376
1780275041928,0.003,0.000,0.000,0.003,1.651,1.359,4.909,5.277,13.202,13.721
1780275041991,0.000,0.000,0.000,0.003,1.370,1.461,3.940,4.315,11.089,13.552
1780275042028,0.000,0.000,0.000,0.000,1.476,1.505,3.098,3.440,9.519,11.030
1780275042084,3.189,2.988,0.918,1.436,1.323,1.366,1.013,0.936,13.169,12.994
1780275042153,4.669,5.507,0.244,0.561,0.120,0.142,0.284,0.360,11.887,11.418
1780275042207,3.116,4.556,1.250,0.138,0.014,0.025,4.220,4.723,18.042,12.679
1780275042243,1.607,3.776,1.735,0.521,0.010,0.014,4.851,5.252,17.766,15.152
1780275042298,0.448,3.484,1.545,1.895,0.003,0.010,4.902,5.274,17.561,14.279
1780275042352,1.436,2.744,2.708,3.182,0.003,0.010,4.195,4.610,18.888,14.109
1780275042415,4.815,2.212,5.689,3.980,0.000,0.003,2.679,3.021,22.399,19.782
1780275042465,3.404,2.409,5.835,3.991,0.000,0.003,1.290,1.527,18.459,17.042
1780275042521,3.874,2.642,5.347,3.761,0.000,0.000,0.317,0.430,16.371,14.570
1780275042557,3.069,2.755,4.979,3.670,0.000,0.003,0.586,0.798,15.860,13.479
1780275042601,2.846,2.846,4.734,3.429,0.000,0.000,0.400,0.503,14.758,13.091
1780275042688,3.550,2.449,3.448,3.036,0.000,0.000,0.852,1.009,14.344,11.830
1780275042752,2.624,2.642,3.050,2.598,0.000,0.007,2.930,3.218,17.069,13.964
1780275042794,2.270,2.055,2.205,1.924,0.007,0.021,7.833,8.281,24.596,18.570
1780275042831,2.146,1.665,1.705,1.796,0.003,0.021,9.017,9.462,25.815,24.194
1780275042893,2.628,2.402,2.431,2.292,0.000,0.000,1.133,1.352,12.238,11.418
1780275042957,2.001,2.059,1.957,1.818,0.003,0.010,4.293,4.869,17.010,9.430
1780275042988,1.957,1.906,1.822,1.658,0.003,0.010,4.840,5.241,17.437,16.388
1780275043036,0.575,1.724,0.328,1.975,0.003,0.007,5.041,5.522,15.175,14.570
1780275043072,0.102,1.829,0.080,1.749,0.003,0.010,4.982,5.500,14.255,13.576
1780275043104,0.025,1.691,0.021,1.501,0.003,0.010,4.975,5.456,13.682,13.261
1780275043144,0.007,1.188,0.003,1.166,0.003,0.010,5.033,5.489,12.899,12.485
1780275043210,0.003,1.086,0.000,0.564,0.003,0.010,4.986,5.350,12.002,11.758
1780275043244,0.040,1.370,0.029,0.503,0.003,0.010,4.917,5.310,12.182,11.733
1780275043286,1.359,1.585,2.219,0.342,0.000,0.007,3.109,3.244,11.865,12.097
1780275043333,3.273,1.928,4.880,0.390,0.000,0.003,2.416,2.679,15.569,12.752
1780275043366,2.165,2.416,4.990,0.739,0.000,0.003,1.261,1.516,13.090,12.679
1780275043417,3.058,2.536,4.672,0.925,0.000,0.003,1.057,1.221,13.472,11.806
1780275043477,2.216,2.584,3.750,1.202,0.000,0.003,2.857,3.233,15.845,13.988
1780275043528,2.095,2.336,3.127,1.049,0.000,0.007,3.262,3.637,15.513,14.376
1780275043580,0.419,2.558,2.945,0.320,0.000,0.007,3.211,3.568,13.028,11.564
1780275043633,0.109,2.675,2.879,0.102,0.000,0.000,1.232,1.512,8.509,7.709
1780275043694,0.051,2.577,2.751,0.061,0.000,0.000,0.309,0.375,6.124,5.770
1780275043783,0.043,2.135,2.015,0.065,3.123,2.923,0.233,0.287,10.824,11.976
1780275043833,0.164,1.964,1.844,0.156,1.596,1.789,2.792,3.039,13.344,11.055
1780275043876,0.546,1.687,1.683,0.484,1.297,1.290,3.973,4.490,15.450,12.097
1780275043910,0.280,4.355,0.677,3.488,1.290,1.264,4.158,4.621,20.133,14.376
1780275043949,0.138,4.877,0.127,3.254,1.454,1.370,4.246,4.589,20.055,14.424
1780275043993,0.025,1.406,0.021,0.816,1.669,1.742,4.045,4.476,14.200,12.994
1780275044045,0.000,0.091,0.003,0.025,1.647,1.749,3.819,4.206,11.540,11.127
1780275044086,0.003,0.014,0.003,0.003,1.683,1.782,3.623,3.900,11.011,10.279
1780275044131,0.000,0.003,0.000,0.003,1.971,2.172,2.187,2.515,8.851,10.352
1780275044171,0.003,0.000,0.000,0.003,2.267,2.329,2.690,2.999,10.291,8.461
1780275044214,0.000,0.003,0.000,0.003,2.183,2.256,1.603,1.895,7.943,9.673
1780275044286,0.000,0.000,0.000,0.003,1.782,2.001,1.334,1.534,6.654,6.230
1780275044346,0.000,0.003,0.000,0.000,0.149,0.185,1.516,1.767,3.620,2.958
1780275044391,0.000,0.000,0.000,0.000,0.021,0.018,1.293,1.509,2.841,2.618
1780275044444,0.003,0.000,0.000,0.000,4.184,0.007,0.987,1.206,6.387,3.855
1780275044503,0.003,0.000,0.000,0.000,3.583,0.007,1.323,1.603,6.519,7.806
1780275044572,0.000,0.000,0.000,0.003,4.031,4.312,2.055,2.303,12.704,16.097
1780275044629,0.003,0.000,0.000,0.003,2.394,2.347,2.143,2.431,9.321,10.594
1780275044681,0.003,0.000,0.000,0.003,1.647,1.713,1.771,2.063,7.200,7.442
1780275044738,0.000,0.003,0.000,0.003,1.140,1.166,4.195,4.661,11.168,10.473
1780275044771,0.000,0.003,0.000,0.003,1.166,1.217,4.428,4.815,11.632,11.879
1780275044807,0.000,0.000,0.003,0.003,1.250,1.293,4.421,4.836,11.806,11.806
1780275044836,0.000,0.000,0.000,0.003,1.264,1.275,4.377,4.789,11.708,11.830
1780275044875,0.000,0.000,0.003,0.003,1.268,1.352,4.246,4.640,11.512,11.733
1780275044918,0.003,0.000,0.000,0.003,1.359,1.359,3.856,4.231,10.811,11.030
1780275044973,0.000,0.000,0.000,0.003,1.549,1.563,2.022,2.325,7.462,10.230
1780275045022,0.000,0.000,0.000,0.003,1.501,1.487,0.692,0.849,4.532,4.558
1780275045093,0.000,0.000,0.000,0.000,1.385,1.406,0.379,0.473,3.643,3.830
1780275045156,0.003,0.000,0.000,0.000,0.178,0.222,0.426,0.561,1.390,2.376
1780275045213,0.003,0.000,0.000,0.003,0.010,0.018,0.579,0.743,1.356,1.382
1780275045257,0.003,0.000,0.000,0.000,0.003,0.007,0.852,1.042,1.907,1.503
1780275045293,0.000,0.000,0.000,0.003,0.003,0.007,1.931,2.157,4.101,1.915
1780275045329,0.003,0.000,0.000,0.003,0.000,0.007,2.332,2.635,4.980,3.830
1780275045364,0.000,0.007,0.000,0.003,0.003,0.003,2.314,2.700,5.030,4.048
1780275045421,0.000,0.000,0.000,0.000,0.003,0.003,2.489,2.777,5.272,4.194
1780275045465,0.000,0.000,0.003,0.003,0.000,0.000,0.995,1.250,2.251,2.691
1780275045500,0.000,0.000,0.000,0.003,0.000,0.003,0.652,0.798,1.456,1.552
1780275045554,0.000,0.000,0.000,0.003,0.000,0.003,0.492,0.608,1.106,1.212
1780275045611,0.000,0.000,0.000,0.003,0.000,0.000,0.102,0.149,0.254,1.212
1780275045689,0.000,0.000,0.000,0.000,0.000,0.000,0.007,0.007,0.014,1.018
1780275045723,0.003,0.000,0.000,0.003,0.000,0.000,0.003,0.003,0.012,0.848
1780275045753,0.003,0.000,0.000,0.000,0.000,0.003,0.003,0.003,0.012,0.727
1780275045779,0.000,0.003,0.003,0.003,0.000,0.000,0.007,0.003,0.019,0.727
1780275045814,0.000,0.000,0.000,0.003,0.000,0.000,0.003,0.003,0.009,0.703
1780275045841,0.003,0.003,0.000,0.003,0.000,0.000,0.003,0.003,0.015,0.727
1780275045870,0.000,0.000,0.000,0.003,0.000,0.003,0.003,0.003,0.012,0.727
1780275045906,0.000,0.000,0.000,0.003,0.000,0.003,0.003,0.003,0.012,0.752
1780275045942,0.003,0.000,0.000,0.003,0.000,0.000,0.003,0.003,0.012,0.703
1780275045974,0.000,0.000,0.000,0.003,0.003,0.003,0.003,0.000,0.012,0.727
1780275046006,0.000,0.000,0.000,0.003,0.000,0.000,0.000,0.003,0.006,0.776
1780275046032,0.000,0.003,0.000,0.003,0.000,0.003,0.003,0.003,0.015,0.703
1780275046072,0.000,0.000,0.000,0.000,0.000,0.000,0.003,0.003,0.006,0.703
1780275046141,0.003,0.000,0.000,0.003,0.000,0.000,0.003,0.003,0.012,0.727
1780275046212,0.000,0.000,0.003,0.003,0.000,0.000,0.003,0.003,0.012,0.703
1780275046254,1.928,2.008,1.756,2.012,0.000,0.000,0.003,0.003,7.710,0.509
1780275046287,5.281,4.643,4.206,4.414,0.000,0.000,0.000,0.000,18.544,6.206
1780275046317,6.622,6.185,4.960,4.406,0.000,0.000,0.000,0.000,22.173,19.248
1780275046348,6.557,6.225,4.811,3.787,0.000,0.000,0.000,0.000,21.380,18.715
1780275046382,6.222,6.083,5.110,4.056,0.000,0.000,0.000,0.000,21.471,17.964
1780275046411,5.547,5.547,4.731,4.129,0.000,0.000,0.000,0.000,19.954,17.552
1780275046440,5.256,5.055,4.344,4.024,0.000,0.000,0.003,0.003,18.685,16.364
1780275046476,3.265,3.265,1.556,4.322,0.000,0.000,0.003,0.003,12.414,12.558
1780275046512,1.188,1.326,3.809,4.716,0.000,0.000,0.000,0.003,11.042,6.570
1780275046542,0.324,0.335,5.467,4.403,0.000,0.000,0.003,0.000,10.532,7.782
1780275046573,0.156,0.105,6.211,4.169,0.000,0.000,0.003,0.000,10.644,7.733
1780275046618,0.105,2.150,7.698,3.087,0.000,0.000,0.003,0.000,13.043,9.285
1780275046675,0.112,2.609,6.983,3.386,0.000,0.000,0.003,0.000,13.093,9.455
1780275046765,0.131,2.518,6.101,3.382,0.000,0.000,0.003,0.000,12.135,8.873
1780275046794,0.153,2.212,5.901,3.488,0.000,0.000,0.003,0.000,11.757,8.509
1780275046841,0.247,2.172,5.755,3.397,0.000,0.000,0.000,0.000,11.571,8.461
1780275046878,0.284,2.030,5.077,3.382,0.000,0.000,0.003,0.000,10.776,8.048
1780275046917,0.451,1.837,4.913,3.524,0.000,0.000,0.003,0.000,10.728,7.588
1780275046943,0.503,1.676,4.949,3.382,0.000,0.000,0.003,0.007,10.520,7.927
1780275046978,0.473,1.625,4.727,3.156,0.000,0.000,0.000,0.003,9.984,7.564
1780275047012,0.750,0.936,4.078,3.156,0.000,0.000,0.003,0.003,8.926,7.248
1780275047052,1.505,0.196,2.500,3.320,0.000,0.000,0.003,0.003,7.527,6.570
1780275047078,1.738,0.335,1.119,3.116,0.000,0.000,0.000,0.000,6.308,4.703
1780275047128,4.990,2.861,3.608,2.456,0.000,0.000,0.000,0.000,13.915,5.964
1780275047189,6.714,3.987,5.580,1.971,0.000,0.000,0.003,0.003,18.258,15.830
1780275047259,5.591,3.652,4.935,2.624,0.000,0.000,0.003,0.000,16.805,14.618
1780275047285,5.095,3.652,4.661,2.536,0.000,0.000,0.003,0.000,15.947,13.891
1780275047324,4.614,3.477,4.406,2.817,0.003,0.000,0.003,0.000,15.320,13.576
1780275047354,3.677,3.357,2.846,3.036,0.000,0.000,0.003,0.000,12.919,12.291
1780275047392,3.732,3.422,2.846,2.690,0.000,0.000,0.003,0.000,12.693,8.048
1780275047416,3.072,3.316,2.843,2.744,0.000,0.000,0.000,0.000,11.975,7.370
1780275047455,4.428,1.931,6.725,2.099,0.000,0.000,0.003,0.000,15.186,6.570
1780275047482,3.123,1.421,7.745,1.804,0.000,0.000,0.003,0.000,14.096,12.024
1780275047520,1.140,0.688,7.574,1.089,0.000,0.000,0.000,0.003,10.494,10.473
1780275047551,1.337,0.306,5.307,0.462,0.000,0.000,0.003,0.000,7.415,6.473
1780275047589,0.160,0.032,0.831,0.080,0.000,0.000,0.000,0.000,1.103,1.018
1780275047614,0.058,0.010,0.174,0.014,0.000,0.000,0.003,0.000,0.259,0.752
1780275047645,0.010,0.003,0.040,0.007,0.000,0.000,0.003,0.003,0.066,0.727
1780275047706,0.893,0.032,0.083,0.029,0.000,0.000,0.003,0.003,1.043,0.994
1780275047783,3.488,1.064,2.310,1.990,0.000,0.000,0.003,0.003,8.858,3.952
1780275047819,4.122,1.866,2.850,2.686,0.000,0.000,0.003,0.003,11.530,4.436
1780275047849,4.158,2.762,3.225,3.134,0.000,0.000,0.000,0.003,13.282,8.533
1780275047871,3.962,2.934,3.025,3.131,0.000,0.000,0.003,0.000,13.055,8.339
1780275047912,2.194,1.505,1.439,1.560,0.000,0.000,0.003,0.003,6.704,7.030
1780275047940,0.969,0.849,0.820,0.532,0.000,0.000,0.003,0.000,3.173,2.036
1780275047974,0.182,0.149,0.094,0.091,0.000,0.000,0.003,0.003,0.522,0.873
1780275048001,0.036,0.029,0.036,0.018,0.000,0.003,0.003,0.000,0.125,0.776
1780275048040,0.007,0.003,0.010,0.007,0.000,0.000,0.003,0.003,0.033,0.752
1780275048067,0.003,0.003,0.007,0.003,0.000,0.000,0.003,0.003,0.022,0.727
1780275048100,0.000,0.000,0.003,0.003,0.000,0.000,0.000,0.000,0.006,0.727
1780275048129,0.003,0.000,0.003,0.003,0.000,0.003,0.003,0.003,0.018,0.703
1780275048176,0.000,0.000,0.003,0.003,0.000,0.003,0.003,0.000,0.012,0.752
1780275048239,0.003,0.000,0.003,0.003,0.003,0.000,0.000,0.000,0.012,0.727
1780275048319,0.003,0.000,0.000,0.003,0.000,0.000,0.000,0.000,0.006,0.727
1780275048353,0.003,0.000,0.000,0.003,0.000,0.003,0.003,0.000,0.012,0.752
1780275048392,0.000,0.000,0.000,0.003,0.000,0.003,0.003,0.003,0.012,0.703
1780275048422,0.000,0.000,0.003,0.003,0.000,0.000,0.003,0.003,0.012,0.727
1780275048471,0.000,0.000,0.000,0.000,0.000,0.000,0.000,0.003,0.003,0.727
1780275048501,0.003,0.000,0.000,0.003,0.000,0.000,0.003,0.003,0.012,0.727
1780275048534,0.000,0.000,0.000,0.003,0.000,0.000,0.000,0.003,0.006,0.727
1780275048560,0.000,0.000,0.000,0.003,0.000,0.000,0.003,0.000,0.006,0.727
1780275048592,0.000,0.003,0.000,0.003,0.000,0.003,0.000,0.000,0.009,0.727
1780275048617,0.003,0.000,0.000,0.003,0.000,0.003,0.003,0.000,0.012,0.727
1780275048647,0.003,0.000,0.000,0.003,0.000,0.000,0.003,0.003,0.012,0.727
1780275048670,0.003,0.000,0.000,0.003,0.000,0.000,0.003,0.000,0.009,0.727
1780275048704,0.000,0.000,0.000,0.000,0.000,0.000,0.003,0.000,0.003,0.727
1780275048782,0.000,0.000,0.000,0.003,0.000,0.003,0.003,0.000,0.009,0.703
1780275048858,0.000,0.000,0.003,0.000,0.000,0.000,0.007,0.000,0.010,0.703
1780275048899,0.003,0.000,0.000,0.003,0.000,0.000,0.003,0.000,0.009,0.703
1780275048943,0.007,0.000,0.000,0.003,0.000,0.000,0.003,0.000,0.013,0.703
1780275048991,0.000,0.000,0.003,0.000,0.000,0.000,0.003,0.000,0.006,0.703
1780275049033,0.003,0.000,0.000,0.003,0.000,0.000,0.003,0.000,0.009,0.727
1780275049067,0.003,0.000,0.000,0.003,0.000,0.000,0.003,0.003,0.012,0.727
1780275049093,0.000,0.003,0.000,0.003,0.000,0.000,0.003,0.003,0.012,0.727
1780275049122,0.000,0.000,0.000,0.003,0.000,0.000,0.003,0.003,0.009,0.703
1780275049150,0.003,0.000,0.000,0.003,0.000,0.003,0.003,0.000,0.012,0.703
1780275049189,0.003,0.000,0.000,0.003,0.000,0.000,0.000,0.000,0.006,0.727
1780275049215,0.000,0.000,0.003,0.003,0.000,0.000,0.003,0.000,0.009,0.703
1780275049271,0.000,0.000,0.000,0.003,0.003,0.000,0.000,0.000,0.006,0.679
1780275049299,0.000,0.000,0.000,0.003,0.000,0.003,0.003,0.003,0.012,0.703
1780275049395,0.003,0.000,0.000,0.003,0.000,0.000,0.003,0.000,0.009,0.679
1780275049429,0.000,0.000,0.003,0.000,0.000,0.000,0.000,0.000,0.003,0.679
1780275049460,0.003,0.000,0.000,0.000,0.000,0.000,0.003,0.000,0.006,0.679
1780275049500,0.000,0.007,0.003,0.003,0.000,0.000,0.003,0.003,0.019,0.752
1780275049550,0.000,0.000,0.000,0.003,0.000,0.000,0.003,0.000,0.006,0.679
1780275049577,0.003,0.000,0.000,0.003,0.000,0.003,0.000,0.000,0.009,0.727
1780275049609,0.003,0.000,0.000,0.003,0.000,0.000,0.003,0.003,0.012,0.752
1780275049634,0.000,0.000,0.000,0.003,0.000,0.000,0.000,0.000,0.003,0.679
1780275049679,0.000,0.000,0.003,0.003,0.003,0.000,0.000,0.000,0.009,0.703
1780275049707,0.000,0.003,0.003,0.003,0.000,0.000,0.003,0.000,0.012,0.703
1780275049746,0.003,0.000,0.000,0.003,0.000,0.000,0.003,0.000,0.009,0.679
1780275049818,0.003,0.000,0.000,0.000,0.000,0.000,0.003,0.003,0.009,0.727
1780275049896,0.007,0.000,0.000,0.007,0.000,0.000,0.003,0.000,0.017,0.703
1780275049921,0.000,0.000,0.000,0.003,0.000,0.000,0.003,0.003,0.009,0.679
1780275049968,0.000,0.000,0.000,0.003,0.000,0.000,0.003,0.000,0.006,0.703
1780275050007,0.000,0.000,0.000,0.003,0.000,0.000,0.003,0.003,0.009,0.703
1780275050039,0.003,0.000,0.000,0.000,0.000,0.000,0.003,0.003,0.009,0.703
1780275050063,0.000,0.000,0.000,0.003,0.000,0.003,0.003,0.003,0.012,0.727
1780275050105,0.000,0.000,0.000,0.003,0.003,0.003,0.003,0.000,0.012,0.703
1780275050131,0.000,0.000,0.003,0.003,0.000,0.000,0.003,0.000,0.009,0.727
1780275050160,0.003,0.000,0.000,0.003,0.000,0.000,0.003,0.003,0.012,0.703
1780275050186,0.000,0.003,0.000,0.003,0.000,0.000,0.003,0.000,0.009,0.679
1780275050218,0.000,0.000,0.000,0.003,0.000,0.000,0.000,0.003,0.006,0.703
1780275050259,0.000,0.000,0.000,0.000,0.000,0.000,0.000,0.000,0.000,0.703
1780275050326,0.003,0.000,0.000,0.000,0.000,0.000,0.003,0.003,0.009,0.727
1780275050412,0.000,0.000,0.000,0.003,0.003,0.003,0.003,0.000,0.012,0.727
1780275050435,0.003,0.000,0.000,0.003,0.000,0.000,0.003,0.000,0.009,0.703
1780275050472,0.007,0.000,0.000,0.003,0.000,0.000,0.003,0.003,0.016,0.703
1780275050513,0.000,0.000,0.003,0.003,0.000,0.000,0.003,0.003,0.012,0.703
1780275050554,0.003,0.000,0.000,0.000,0.000,0.000,0.003,0.003,0.009,0.727
1780275050581,0.003,0.000,0.000,0.000,0.000,0.000,0.000,0.003,0.006,0.703
1780275050615,0.000,0.000,0.000,0.000,0.000,0.003,0.000,0.000,0.003,0.703
1780275050639,0.000,0.000,0.000,0.003,0.000,0.003,0.000,0.003,0.009,0.679
1780275050682,0.000,0.000,0.000,0.000,0.000,0.000,0.003,0.003,0.006,0.703
1780275050727,0.000,0.000,0.000,0.007,0.000,0.000,0.003,0.003,0.013,0.703
1780275050753,0.000,0.003,0.000,0.003,0.000,0.000,0.003,0.000,0.009,0.703
1780275050795,0.000,0.000,0.000,0.003,0.000,0.000,0.003,0.000,0.006,0.703
1780275050858,0.000,0.000,0.000,0.003,0.000,0.000,0.000,0.000,0.003,0.703
1780275050932,0.000,0.000,0.000,0.003,0.000,0.000,0.003,0.000,0.006,0.727
1780275050958,0.003,0.000,0.000,0.003,0.000,0.000,0.003,0.000,0.009,0.727
1780275051007,0.000,0.000,0.000,0.007,0.000,0.000,0.003,0.000,0.010,0.703
1780275051051,0.000,0.000,0.000,0.003,0.000,0.000,0.003,0.003,0.009,0.727
1780275051080,0.000,0.000,0.000,0.003,0.000,0.000,0.003,0.003,0.009,0.727
1780275051103,0.000,0.000,0.000,0.007,0.000,0.000,0.003,0.000,0.010,0.752
1780275051136,0.000,0.000,0.000,0.003,0.000,0.000,0.003,0.003,0.009,0.727
1780275051159,0.000,0.000,0.000,0.003,0.000,0.003,0.003,0.003,0.012,0.727
1780275051189,0.000,0.000,0.000,0.000,0.000,0.000,0.003,0.000,0.003,0.727
1780275051213,0.003,0.000,0.000,0.003,0.000,0.000,0.000,0.000,0.006,0.727
1780275051245,0.003,0.000,0.000,0.003,0.000,0.000,0.003,0.000,0.009,0.703
1780275051281,0.003,0.000,0.003,0.003,0.000,0.000,0.003,0.000,0.012,0.703
1780275051317,0.000,0.000,0.000,0.003,0.000,0.000,0.003,0.003,0.009,0.727
1780275051382,0.003,0.000,0.000,0.003,0.000,0.000,0.003,0.003,0.012,0.727
1780275051463,0.000,0.003,0.000,0.003,0.000,0.000,0.003,0.000,0.009,0.727
1780275051490,0.000,0.000,0.000,0.003,0.000,0.000,0.000,0.007,0.010,0.703
1780275051525,0.003,0.003,0.000,0.003,0.000,0.000,0.000,0.000,0.009,0.703
1780275051563,0.000,0.000,0.000,0.003,0.000,0.000,0.003,0.003,0.009,0.727
1780275051596,0.000,0.000,0.000,0.003,0.000,0.003,0.003,0.000,0.009,0.727
1780275051619,0.003,0.000,0.000,0.003,0.000,0.000,0.003,0.000,0.009,0.727
1780275051651,0.000,0.000,0.000,0.003,0.000,0.000,0.000,0.000,0.003,0.703
1780275051676,0.003,0.000,0.000,0.003,0.000,0.000,0.003,0.003,0.012,0.703
1780275051706,0.000,0.000,0.000,0.003,0.000,0.000,0.003,0.000,0.006,0.703
1780275051738,0.000,0.000,0.000,0.003,0.000,0.000,0.003,0.000,0.006,0.703
1780275051785,0.003,0.000,0.000,0.003,0.000,0.000,0.000,0.000,0.006,0.703
1780275051814,0.000,0.000,0.000,0.003,0.000,0.003,0.003,0.003,0.012,0.727
1780275051852,0.000,0.000,0.003,0.003,0.000,0.003,0.003,0.000,0.012,0.727
1780275051915,0.000,0.000,0.000,0.003,0.000,0.000,0.003,0.000,0.006,0.727
1780275051980,0.000,0.000,0.000,0.003,0.000,0.003,0.003,0.000,0.009,0.727
1780275052008,0.000,0.000,0.003,0.003,0.000,0.000,0.003,0.000,0.009,0.727
1780275052049,0.003,0.000,0.000,0.000,0.000,0.000,0.000,0.000,0.003,0.703
1780275052083,0.000,0.000,0.000,0.003,0.000,0.000,0.003,0.000,0.006,0.703
1780275052112,0.000,0.000,0.000,0.003,0.000,0.000,0.003,0.000,0.006,0.727
1780275052136,0.003,0.000,0.000,0.003,0.000,0.000,0.003,0.000,0.009,0.727
1780275052175,0.000,0.000,0.000,0.003,0.000,0.000,0.003,0.003,0.009,0.703
1780275052199,0.003,0.000,0.000,0.003,0.000,0.000,0.000,0.003,0.009,0.752
1780275052226,0.000,0.000,0.000,0.003,0.000,0.000,0.003,0.000,0.006,0.727
1780275052249,0.003,0.000,0.000,0.003,0.000,0.000,0.003,0.003,0.012,0.727
1780275052277,0.000,0.000,0.000,0.003,0.000,0.000,0.003,0.003,0.009,0.679
1780275052306,0.000,0.000,0.000,0.003,0.000,0.000,0.003,0.000,0.006,0.727
1780275052339,0.000,0.003,0.000,0.003,0.000,0.003,0.003,0.000,0.012,0.752
1780275052361,0.000,0.000,0.000,0.003,0.000,0.000,0.003,0.000,0.006,0.727
1780275052421,0.000,0.000,0.000,0.003,0.000,0.000,0.003,0.003,0.009,0.727
1780275052495,0.000,0.000,0.000,0.003,0.000,0.003,0.003,0.000,0.009,0.679
1780275052529,0.000,0.000,0.000,0.003,0.000,0.000,0.003,0.000,0.006,0.752
1780275052565,0.003,0.000,0.000,0.003,0.000,0.000,0.003,0.003,0.012,0.703
1780275052606,0.000,0.000,0.000,0.003,0.003,0.000,0.003,0.003,0.012,0.727
1780275052640,0.000,0.000,0.000,0.000,0.000,0.000,0.003,0.000,0.003,0.679
1780275052662,0.000,0.000,0.000,0.003,0.000,0.003,0.000,0.003,0.009,0.727
1780275052692,0.000,0.000,0.000,0.003,0.000,0.003,0.003,0.000,0.009,0.727
1780275052717,0.007,0.000,0.000,0.003,0.000,0.000,0.003,0.000,0.013,0.727
1780275052747,0.000,0.000,0.003,0.003,0.000,0.000,0.003,0.003,0.012,0.703
1780275052782,0.003,0.000,0.000,0.003,0.000,0.000,0.000,0.003,0.009,0.727
1780275052816,0.000,0.000,0.000,0.003,0.000,0.000,0.000,0.000,0.003,0.727
1780275052840,0.003,0.000,0.000,0.003,0.000,0.003,0.003,0.000,0.012,0.703
1780275052867,0.000,0.000,0.003,0.003,0.000,0.000,0.003,0.000,0.009,0.752
1780275052908,0.000,0.000,0.000,0.003,0.000,0.000,0.003,0.000,0.006,0.727
1780275052954,0.000,0.000,0.000,0.003,0.003,0.003,0.003,0.000,0.012,0.727
1780275053027,0.000,0.000,0.000,0.003,0.000,0.000,0.003,0.003,0.009,0.703
1780275053078,0.000,0.000,0.000,0.003,0.003,0.000,0.000,0.003,0.009,0.703
1780275053120,0.000,0.000,0.000,0.003,0.003,0.000,0.003,0.000,0.009,0.703
1780275053151,0.000,0.003,0.000,0.000,0.000,0.000,0.003,0.000,0.006,0.703
1780275053180,0.000,0.000,0.000,0.003,0.000,0.000,0.003,0.003,0.009,0.703
1780275053216,0.000,0.000,0.000,0.000,0.000,0.000,0.003,0.000,0.003,0.703
1780275053241,0.000,0.000,0.000,0.003,0.000,0.003,0.003,0.000,0.009,0.752
1780275053270,0.000,0.003,0.000,0.003,0.000,0.000,0.003,0.000,0.009,0.703
1780275053294,0.000,0.000,0.000,0.003,0.000,0.000,0.003,0.003,0.009,0.703
1780275053328,0.003,0.000,0.000,0.000,0.000,0.000,0.003,0.000,0.006,0.727
1780275053353,0.003,0.000,0.000,0.000,0.003,0.000,0.003,0.000,0.009,0.727
1780275053388,0.000,0.000,0.000,0.003,0.000,0.000,0.003,0.000,0.006,0.727
1780275053419,0.000,0.000,0.000,0.003,0.000,0.000,0.000,0.003,0.006,0.727
1780275053463,0.000,0.000,0.000,0.003,0.000,0.000,0.000,0.003,0.006,0.727
1780275053539,0.000,0.000,0.000,0.003,0.000,0.000,0.003,0.000,0.006,0.703
1780275053577,0.000,0.000,0.000,0.003,0.003,0.000,0.000,0.003,0.009,0.727
1780275053620,0.000,0.000,0.000,0.003,0.000,0.003,0.000,0.003,0.009,0.752
1780275053658,0.000,0.000,0.000,0.003,0.000,0.000,0.000,0.000,0.003,0.752
1780275053692,0.000,0.000,0.000,0.000,0.000,0.000,0.003,0.000,0.003,0.703
1780275053717,0.000,0.000,0.000,0.003,0.000,0.003,0.003,0.000,0.009,0.679
1780275053751,0.000,0.000,0.000,0.000,0.000,0.000,0.003,0.003,0.006,0.727
1780275053779,0.000,0.000,0.000,0.003,0.000,0.000,0.003,0.003,0.009,0.703
1780275053817,0.000,0.000,0.000,0.003,0.000,0.000,0.003,0.000,0.006,0.703
1780275053849,0.000,0.000,0.003,0.003,0.000,0.000,0.003,0.000,0.009,0.752
1780275053879,0.000,0.000,0.000,0.007,0.000,0.000,0.000,0.000,0.007,0.752
1780275053905,0.000,0.000,0.000,0.003,0.000,0.000,0.003,0.000,0.006,0.703
1780275053945,0.003,0.000,0.000,0.003,0.000,0.000,0.003,0.003,0.012,0.703
1780275053985,0.000,0.000,0.000,0.003,0.000,0.000,0.003,0.000,0.006,0.727
1780275054056,0.000,0.000,0.000,0.003,0.000,0.000,0.000,0.000,0.003,0.703
1780275054097,0.000,0.000,0.000,0.003,0.000,0.000,0.003,0.000,0.006,0.703
1780275054135,0.000,0.000,0.003,0.003,0.000,0.003,0.000,0.000,0.009,0.703
1780275054169,0.000,0.000,0.000,0.003,0.000,0.000,0.000,0.000,0.003,0.727
1780275054199,0.000,0.003,0.000,0.003,0.000,0.000,0.003,0.000,0.009,0.703
1780275054233,0.000,0.000,0.000,0.003,0.000,0.000,0.003,0.003,0.009,0.703
1780275054261,0.000,0.000,0.000,0.003,0.000,0.000,0.003,0.000,0.006,0.727
1780275054288,0.000,0.000,0.000,0.003,0.000,0.000,0.003,0.003,0.009,0.703
1780275054320,0.003,0.000,0.000,0.007,0.000,0.000,0.003,0.000,0.013,0.703
1780275054349,0.000,0.000,0.000,0.000,0.000,0.003,0.000,0.000,0.003,0.703
1780275054390,0.000,0.000,0.000,0.003,0.000,0.003,0.003,0.000,0.009,0.703
1780275054415,0.000,0.000,0.000,0.003,0.000,0.000,0.003,0.003,0.009,0.703
1780275054454,0.003,0.000,0.000,0.003,0.003,0.003,0.003,0.000,0.015,0.727
1780275054510,0.000,0.000,0.000,0.003,0.000,0.003,0.003,0.000,0.009,0.752
1780275054602,0.000,0.000,0.003,0.003,0.000,0.000,0.003,0.000,0.009,0.752
1780275054641,0.000,0.000,0.000,0.003,0.000,0.000,0.003,0.000,0.006,0.727
1780275054679,0.003,0.000,0.000,0.003,0.000,0.000,0.000,0.003,0.009,0.752
1780275054703,0.003,0.000,0.000,0.003,0.000,0.000,0.003,0.000,0.009,0.727
1780275054735,0.000,0.000,0.000,0.003,0.000,0.003,0.000,0.003,0.009,0.703
1780275054761,0.000,0.000,0.000,0.003,0.000,0.000,0.003,0.003,0.009,0.727
1780275054798,0.000,0.000,0.003,0.003,0.003,0.003,0.003,0.000,0.015,0.703
1780275054826,0.003,0.000,0.000,0.003,0.003,0.003,0.003,0.000,0.015,0.727
1780275054857,0.003,0.000,0.000,0.003,0.000,0.003,0.003,0.000,0.012,0.727
1780275054886,0.000,0.000,0.000,0.003,0.000,0.000,0.003,0.000,0.006,0.727
1780275054915,0.000,0.000,0.000,0.003,0.000,0.000,0.003,0.003,0.009,0.703
1780275054939,0.003,0.000,0.000,0.003,0.000,0.000,0.003,0.000,0.009,0.703
1780275054980,0.000,0.000,0.000,0.003,0.000,0.003,0.000,0.003,0.009,0.703
1780275055023,0.000,0.000,0.000,0.003,0.000,0.000,0.000,0.000,0.003,0.679
1780275055084,0.000,0.003,0.000,0.003,0.000,0.003,0.003,0.000,0.012,0.703
1780275055115,0.000,0.000,0.000,0.003,0.000,0.000,0.003,0.000,0.006,0.703
1780275055164,0.000,0.000,0.000,0.003,0.000,0.000,0.003,0.000,0.006,0.703
1780275055193,0.000,0.000,0.003,0.003,0.000,0.000,0.003,0.003,0.012,0.679
1780275055228,0.003,0.000,0.000,0.003,0.000,0.000,0.000,0.000,0.006,0.679
1780275055253,0.000,0.000,0.000,0.003,0.000,0.000,0.003,0.000,0.006,0.703
1780275055288,0.000,0.000,0.000,0.003,0.000,0.000,0.003,0.000,0.006,0.703
1780275055314,0.000,0.000,0.000,0.000,0.000,0.000,0.003,0.000,0.003,0.703
1780275055349,0.003,0.000,0.000,0.003,0.000,0.000,0.003,0.000,0.009,0.727
1780275055381,0.000,0.000,0.000,0.003,0.000,0.003,0.003,0.000,0.009,0.752
1780275055417,0.000,0.000,0.000,0.000,0.000,0.000,0.003,0.000,0.003,0.703
1780275055440,0.000,0.000,0.000,0.003,0.000,0.000,0.003,0.000,0.006,0.679
1780275055472,0.000,0.000,0.000,0.003,0.000,0.000,0.003,0.000,0.006,0.703
1780275055503,0.000,0.000,0.000,0.003,0.000,0.000,0.003,0.003,0.009,0.727
1780275055563,0.003,0.000,0.000,0.003,0.000,0.000,0.007,0.000,0.013,0.679
1780275055645,0.000,0.000,0.000,0.003,0.000,0.000,0.003,0.003,0.009,0.679
1780275055695,0.003,0.000,0.000,0.000,0.000,0.003,0.003,0.000,0.009,0.679
1780275055726,0.000,0.000,0.000,0.007,0.003,0.000,0.003,0.003,0.016,0.703
1780275055761,0.000,0.003,0.000,0.000,0.000,0.000,0.003,0.000,0.006,0.703
1780275055786,0.000,0.000,0.000,0.003,0.000,0.000,0.003,0.003,0.009,0.679
1780275055826,0.000,0.000,0.000,0.003,0.000,0.000,0.003,0.003,0.009,0.679
1780275055852,0.003,0.000,0.000,0.003,0.000,0.000,0.003,0.003,0.012,0.679
1780275055883,0.000,0.000,0.000,0.000,0.003,0.000,0.003,0.003,0.009,0.752
1780275055907,0.000,0.000,0.000,0.003,0.000,0.000,0.000,0.003,0.006,0.727
1780275055937,0.000,0.000,0.000,0.003,0.003,0.000,0.003,0.003,0.012,0.679
1780275055967,0.000,0.000,0.000,0.003,0.000,0.000,0.003,0.000,0.006,0.703
1780275056006,0.000,0.000,0.000,0.000,0.000,0.000,0.003,0.000,0.003,0.679
1780275056055,0.003,0.000,0.000,0.003,0.000,0.000,0.003,0.003,0.012,0.703
1780275056085,0.003,0.000,0.003,0.000,0.000,0.000,0.003,0.000,0.009,0.703
1780275056166,0.003,0.003,0.003,0.003,0.000,0.003,0.003,0.000,0.018,0.703
1780275056209,0.000,0.000,0.000,0.003,0.000,0.000,0.000,0.000,0.003,0.679
1780275056247,0.003,0.000,0.000,0.003,0.000,0.003,0.003,0.000,0.012,0.703
1780275056276,0.000,0.000,0.000,0.003,0.000,0.000,0.003,0.000,0.006,0.703
1780275056313,0.000,0.000,0.003,0.003,0.000,0.000,0.003,0.003,0.012,0.703
1780275056345,0.000,0.000,0.000,0.000,0.000,0.000,0.003,0.000,0.003,0.703
1780275056386,0.000,0.000,0.000,0.003,0.000,0.000,0.003,0.003,0.009,0.703
1780275056411,0.000,0.000,0.000,0.003,0.000,0.000,0.000,0.000,0.003,0.703
1780275056444,0.000,0.000,0.000,0.003,0.003,0.000,0.003,0.000,0.009,0.703
1780275056469,0.000,0.000,0.000,0.003,0.000,0.000,0.003,0.000,0.006,0.703
1780275056502,0.007,0.000,0.000,0.003,0.000,0.000,0.003,0.000,0.013,0.727
1780275056525,0.000,0.000,0.000,0.003,0.000,0.000,0.003,0.003,0.009,0.679
1780275056583,0.000,0.000,0.000,0.003,0.000,0.000,0.003,0.000,0.006,0.679
1780275056613,0.000,0.000,0.000,0.003,0.000,0.000,0.003,0.003,0.009,0.679
1780275056688,0.000,0.000,0.000,0.000,0.000,0.000,0.003,0.000,0.003,0.703
1780275056739,0.000,0.000,0.000,0.003,0.000,0.000,0.003,0.003,0.009,0.679
1780275056768,0.000,0.000,0.000,0.003,0.000,0.000,0.003,0.003,0.009,0.679
1780275056801,0.000,0.000,0.000,0.003,0.003,0.000,0.003,0.000,0.009,0.630
1780275056825,0.003,0.000,0.000,0.003,0.000,0.000,0.003,0.000,0.009,0.703
1780275056859,0.003,0.000,0.000,0.003,0.000,0.000,0.003,0.003,0.012,0.679
1780275056882,0.003,0.000,0.000,0.003,0.000,0.000,0.003,0.000,0.009,0.727
1780275056909,0.000,0.000,0.000,0.003,0.003,0.000,0.000,0.003,0.009,0.727
1780275056935,0.003,0.000,0.000,0.003,0.000,0.000,0.003,0.000,0.009,0.703
1780275056962,0.000,0.000,0.000,0.000,0.000,0.000,0.003,0.000,0.003,0.703
1780275056990,0.003,0.000,0.003,0.003,0.000,0.000,0.003,0.000,0.012,0.703
1780275057025,0.000,0.000,0.000,0.000,0.000,0.000,0.003,0.000,0.003,0.703
1780275057051,0.003,0.000,0.000,0.003,0.000,0.003,0.000,0.000,0.009,0.679
1780275057105,0.000,0.000,0.000,0.003,0.003,0.000,0.003,0.000,0.009,0.703
1780275057142,0.000,0.000,0.000,0.000,0.000,0.000,0.003,0.003,0.006,0.679
1780275057217,0.000,0.000,0.000,0.003,0.000,0.000,0.003,0.003,0.009,0.679
1780275057256,0.000,0.000,0.000,0.003,0.000,0.003,0.003,0.000,0.009,0.679
1780275057298,0.003,0.000,0.000,0.003,0.000,0.000,0.003,0.000,0.009,0.703
1780275057325,0.003,0.000,0.000,0.003,0.000,0.000,0.000,0.000,0.006,0.703
1780275057362,0.000,0.000,0.000,0.000,0.000,0.000,0.003,0.000,0.003,0.703
1780275057404,0.000,0.000,0.000,0.003,0.000,0.000,0.003,0.000,0.006,0.630
1780275057438,0.000,0.000,0.000,0.003,0.000,0.000,0.003,0.000,0.006,0.679
1780275057465,0.000,0.000,0.000,0.003,0.000,0.000,0.003,0.003,0.009,0.679
1780275057495,0.000,0.000,0.000,0.000,0.003,0.000,0.003,0.000,0.006,0.703
1780275057532,0.000,0.000,0.000,0.003,0.000,0.000,0.003,0.000,0.006,0.703
1780275057569,0.003,0.000,0.000,0.003,0.000,0.000,0.003,0.000,0.009,0.703
1780275057626,0.007,0.000,0.000,0.003,0.000,0.000,0.003,0.003,0.016,0.679
1780275057655,0.000,0.000,0.000,0.003,0.000,0.000,0.003,0.000,0.006,0.727
1780275057727,0.000,0.000,0.000,0.000,0.000,0.000,0.003,0.000,0.003,0.703
1780275057763,0.000,0.000,0.000,0.000,0.000,0.000,0.003,0.000,0.003,0.727
1780275057797,0.000,0.000,0.000,0.003,0.000,0.003,0.003,0.003,0.012,0.703
1780275057820,0.000,0.000,0.000,0.007,0.000,0.003,0.003,0.000,0.013,0.703
1780275057866,0.000,0.000,0.003,0.003,0.000,0.000,0.003,0.000,0.009,0.703
1780275057894,0.000,0.000,0.000,0.003,0.000,0.000,0.003,0.000,0.006,0.727
1780275057930,0.003,0.000,0.000,0.007,0.000,0.000,0.000,0.000,0.010,0.703
1780275057955,0.000,0.000,0.000,0.003,0.000,0.003,0.003,0.003,0.012,0.703
1780275057995,0.000,0.000,0.003,0.003,0.000,0.000,0.003,0.003,0.012,0.727
1780275058021,0.000,0.000,0.000,0.003,0.000,0.003,0.003,0.000,0.009,0.679
1780275058061,0.000,0.000,0.000,0.007,0.000,0.000,0.003,0.003,0.013,0.606
1780275058085,0.000,0.000,0.000,0.003,0.003,0.000,0.003,0.000,0.009,0.679
1780275058141,0.000,0.000,0.000,0.003,0.000,0.000,0.003,0.003,0.009,0.703
1780275058167,0.000,0.000,0.000,0.003,0.000,0.003,0.003,0.000,0.009,0.703
1780275058241,0.000,0.003,0.000,0.003,0.000,0.003,0.003,0.000,0.012,0.679
1780275058295,0.000,0.000,0.000,0.003,0.000,0.000,0.003,0.003,0.009,0.703
1780275058327,0.000,0.003,0.000,0.003,0.000,0.000,0.003,0.003,0.012,0.703
1780275058362,0.000,0.000,0.003,0.003,0.000,0.000,0.000,0.003,0.009,0.703
1780275058396,0.000,0.000,0.000,0.003,0.000,0.000,0.003,0.003,0.009,0.727
1780275058427,0.000,0.000,0.000,0.003,0.000,0.000,0.003,0.003,0.009,0.703
1780275058454,0.003,0.000,0.000,0.003,0.003,0.000,0.003,0.003,0.015,0.703
1780275058481,0.003,0.000,0.000,0.003,0.000,0.000,0.003,0.000,0.009,0.703
1780275058504,0.000,0.000,0.000,0.000,0.000,0.000,0.003,0.003,0.006,0.703
1780275058528,0.003,0.000,0.000,0.007,0.000,0.000,0.003,0.000,0.013,0.679
1780275058574,0.000,0.000,0.000,0.003,0.000,0.000,0.003,0.000,0.006,0.703
1780275058599,0.000,0.000,0.000,0.000,0.000,0.000,0.003,0.003,0.006,0.703
1780275058647,0.000,0.000,0.000,0.003,0.000,0.000,0.003,0.003,0.009,0.703
1780275058672,0.000,0.003,0.003,0.003,0.000,0.000,0.003,0.000,0.012,0.727
1780275058717,0.000,0.000,0.000,0.000,0.000,0.000,0.003,0.000,0.003,0.630
1780275058767,0.000,0.000,0.000,0.000,0.000,0.003,0.000,0.003,0.006,0.703
1780275058802,0.003,0.000,0.000,0.003,0.000,0.000,0.003,0.003,0.012,0.679
1780275058833,0.000,0.000,0.000,0.003,0.000,0.000,0.000,0.000,0.003,0.703
1780275058865,0.003,0.000,0.000,0.000,0.000,0.000,0.003,0.000,0.006,0.727
1780275058895,0.000,0.000,0.000,0.000,0.000,0.000,0.007,0.000,0.007,0.703
1780275058922,0.000,0.000,0.000,0.003,0.000,0.000,0.003,0.000,0.006,0.727
1780275058950,0.000,0.000,0.000,0.003,0.003,0.000,0.003,0.003,0.012,0.703
1780275058977,0.000,0.000,0.000,0.003,0.000,0.000,0.003,0.003,0.009,0.679
1780275059015,0.003,0.000,0.000,0.003,0.000,0.000,0.000,0.003,0.009,0.679
1780275059039,0.003,0.000,0.000,0.003,0.003,0.003,0.003,0.000,0.015,0.703
1780275059072,0.000,0.000,0.000,0.003,0.000,0.000,0.003,0.000,0.006,0.679
1780275059098,0.003,0.000,0.003,0.003,0.000,0.000,0.003,0.000,0.012,0.703
1780275059165,0.000,0.000,0.000,0.003,0.000,0.000,0.000,0.000,0.003,0.630
1780275059193,0.000,0.000,0.000,0.003,0.000,0.000,0.003,0.003,0.009,0.703
1780275059240,0.003,0.000,0.003,0.003,0.000,0.003,0.003,0.003,0.018,0.703
1780275059305,0.000,0.000,0.000,0.003,0.000,0.003,0.003,0.000,0.009,0.630
1780275059359,0.000,0.000,0.000,0.003,0.000,0.000,0.003,0.000,0.006,0.679
1780275059410,0.003,0.000,0.000,0.003,0.000,0.000,0.003,0.003,0.012,0.679
1780275059441,0.003,0.000,0.000,0.003,0.000,0.000,0.000,0.000,0.006,0.679
1780275059472,0.003,0.000,0.000,0.003,0.000,0.003,0.000,0.000,0.009,0.703
1780275059497,0.000,0.000,0.003,0.003,0.000,0.000,0.003,0.000,0.009,0.679
1780275059528,0.000,0.000,0.000,0.000,0.003,0.000,0.000,0.003,0.006,0.703
1780275059550,0.003,0.000,0.000,0.003,0.000,0.000,0.003,0.000,0.009,0.703
1780275059595,0.000,0.000,0.000,0.003,0.000,0.000,0.007,0.000,0.010,0.630
1780275059619,0.000,0.000,0.000,0.003,0.000,0.000,0.003,0.003,0.009,0.630
1780275059669,0.003,0.000,0.000,0.003,0.000,0.003,0.003,0.000,0.012,0.703
1780275059695,0.000,0.000,0.000,0.003,0.003,0.000,0.003,0.003,0.012,0.703
1780275059742,0.000,0.000,0.000,0.003,0.000,0.000,0.003,0.003,0.009,0.703
1780275059797,0.000,0.000,0.000,0.003,0.000,0.000,0.003,0.000,0.006,0.703
1780275059825,0.000,0.000,0.000,0.003,0.000,0.000,0.003,0.000,0.006,0.703
1780275059885,0.000,0.000,0.000,0.003,0.000,0.000,0.003,0.000,0.006,0.679
1780275059914,0.000,0.000,0.000,0.003,0.000,0.000,0.000,0.003,0.006,0.703
1780275059943,0.000,0.000,0.000,0.003,0.000,0.000,0.003,0.000,0.006,0.727
1780275059968,0.000,0.000,0.003,0.003,0.000,0.000,0.003,0.003,0.012,0.679
1780275059997,0.000,0.000,0.000,0.003,0.000,0.000,0.003,0.003,0.009,0.703
1780275060028,0.000,0.000,0.000,0.000,0.000,0.000,0.003,0.003,0.006,0.630
1780275060059,0.000,0.000,0.000,0.003,0.000,0.000,0.000,0.000,0.003,0.703
1780275060088,0.003,0.000,0.000,0.003,0.000,0.003,0.003,0.000,0.012,0.679
1780275060118,0.000,0.000,0.000,0.003,0.000,0.000,0.003,0.000,0.006,0.703
1780275060144,0.000,0.000,0.000,0.003,0.000,0.000,0.003,0.000,0.006,0.703
1780275060201,0.000,0.000,0.000,0.000,0.000,0.000,0.003,0.003,0.006,0.703
1780275060240,0.003,0.000,0.000,0.003,0.000,0.000,0.003,0.003,0.012,0.703
1780275060267,0.000,0.000,0.000,0.003,0.000,0.000,0.003,0.003,0.009,0.703
1780275060309,0.000,0.000,0.000,0.003,0.000,0.000,0.003,0.000,0.006,0.679
1780275060347,0.000,0.000,0.000,0.003,0.000,0.000,0.003,0.000,0.006,0.679
1780275060408,0.003,0.000,0.000,0.000,0.000,0.000,0.003,0.000,0.006,0.679
1780275060436,0.000,0.000,0.000,0.003,0.003,0.000,0.003,0.003,0.012,0.703
1780275060470,0.003,0.000,0.000,0.000,0.000,0.003,0.000,0.000,0.006,0.703
1780275060495,0.003,0.000,0.000,0.003,0.000,0.000,0.003,0.003,0.012,0.727
1780275060524,0.000,0.003,0.003,0.003,0.000,0.003,0.003,0.000,0.015,0.679
1780275060547,0.000,0.000,0.000,0.003,0.000,0.000,0.003,0.000,0.006,0.703
1780275060579,0.000,0.000,0.000,0.003,0.000,0.000,0.000,0.003,0.006,0.630
1780275060611,0.000,0.000,0.000,0.003,0.000,0.000,0.003,0.000,0.006,0.679
1780275060646,0.000,0.000,0.000,0.003,0.000,0.000,0.003,0.000,0.006,0.703
1780275060701,0.000,0.000,0.000,0.003,0.000,0.003,0.000,0.000,0.006,0.679
1780275060723,0.000,0.007,0.000,0.000,0.003,0.003,0.003,0.000,0.016,0.679
1780275060768,0.000,0.000,0.000,0.003,0.000,0.000,0.003,0.000,0.006,0.679
1780275060807,0.000,0.000,0.000,0.003,0.000,0.000,0.003,0.000,0.006,0.679
1780275060841,0.000,0.000,0.000,0.003,0.000,0.003,0.003,0.000,0.009,0.679
1780275060867,0.000,0.000,0.003,0.003,0.000,0.000,0.000,0.003,0.009,0.679
1780275060917,0.000,0.000,0.000,0.003,0.000,0.000,0.000,0.000,0.003,0.679
1780275060940,0.000,0.000,0.000,0.000,0.000,0.000,0.003,0.000,0.003,0.703
1780275060969,0.000,0.000,0.000,0.003,0.000,0.000,0.003,0.000,0.006,0.703
1780275060993,0.000,0.000,0.000,0.003,0.000,0.000,0.000,0.000,0.003,0.703
1780275061027,0.003,0.000,0.000,0.003,0.000,0.000,0.003,0.000,0.009,0.630
1780275061058,0.003,0.000,0.000,0.003,0.003,0.000,0.000,0.000,0.009,0.630
1780275061091,0.000,0.003,0.000,0.003,0.000,0.000,0.007,0.000,0.013,0.679
1780275061123,0.000,0.000,0.000,0.003,0.000,0.000,0.003,0.000,0.006,0.679
1780275061160,0.000,0.000,0.000,0.000,0.000,0.003,0.003,0.003,0.009,0.703
1780275061215,0.000,0.003,0.000,0.003,0.003,0.000,0.003,0.003,0.015,0.679
1780275061239,0.000,0.000,0.000,0.003,0.000,0.000,0.000,0.003,0.006,0.679
1780275061289,0.000,0.000,0.000,0.003,0.000,0.003,0.003,0.000,0.009,0.703
1780275061341,0.000,0.000,0.000,0.003,0.000,0.000,0.000,0.000,0.003,0.679
1780275061387,0.000,0.000,0.000,0.003,0.000,0.000,0.003,0.003,0.009,0.703
1780275061440,0.000,0.000,0.000,0.003,0.000,0.000,0.000,0.003,0.006,0.727
1780275061471,0.000,0.000,0.000,0.000,0.000,0.003,0.003,0.000,0.006,0.703
1780275061507,0.000,0.000,0.000,0.003,0.003,0.000,0.003,0.000,0.009,0.679
1780275061532,0.003,0.000,0.000,0.000,0.000,0.003,0.003,0.000,0.009,0.679
1780275061569,0.000,0.003,0.000,0.003,0.000,0.000,0.003,0.003,0.012,0.703
1780275061600,0.000,0.000,0.000,0.003,0.000,0.003,0.003,0.000,0.009,0.606
1780275061638,0.000,0.000,0.000,0.003,0.000,0.000,0.003,0.003,0.009,0.630
1780275061674,0.000,0.000,0.000,0.003,0.000,0.000,0.003,0.003,0.009,0.679
1780275061739,0.003,0.000,0.000,0.000,0.000,0.003,0.003,0.000,0.009,0.679
1780275061766,0.000,0.000,0.000,0.003,0.000,0.000,0.003,0.000,0.006,0.703
1780275061813,0.000,0.000,0.000,0.000,0.000,0.000,0.007,0.000,0.007,0.703
1780275061869,0.003,0.000,0.000,0.000,0.000,0.003,0.003,0.003,0.012,0.679
1780275061901,0.003,0.000,0.000,0.003,0.000,0.000,0.003,0.000,0.009,0.703
1780275061951,0.003,0.000,0.000,0.003,0.000,0.000,0.003,0.003,0.012,0.703
1780275061974,0.000,0.000,0.000,0.003,0.003,0.003,0.003,0.003,0.015,0.703
1780275062008,0.000,0.000,0.000,0.003,0.000,0.000,0.003,0.003,0.009,0.703
1780275062033,0.000,0.000,0.000,0.003,0.000,0.003,0.003,0.000,0.009,0.703
1780275062064,0.000,0.000,0.003,0.000,0.003,0.000,0.003,0.003,0.012,0.703
1780275062095,0.000,0.000,0.000,0.003,0.000,0.000,0.003,0.003,0.009,0.727
1780275062131,0.000,0.000,0.000,0.003,0.003,0.000,0.003,0.000,0.009,0.679
1780275062185,0.000,0.000,0.003,0.003,0.000,0.000,0.003,0.000,0.009,0.679
1780275062235,0.000,0.000,0.000,0.003,0.000,0.000,0.003,0.000,0.006,0.703
1780275062257,0.000,0.000,0.000,0.003,0.003,0.000,0.000,0.000,0.006,0.679
1780275062285,0.000,0.000,0.000,0.003,0.000,0.000,0.003,0.000,0.006,0.703
1780275062331,0.000,0.000,0.000,0.003,0.000,0.000,0.000,0.003,0.006,0.679
1780275062398,0.003,0.000,0.000,0.003,0.000,0.000,0.003,0.000,0.009,0.630
1780275062432,0.000,0.000,0.000,0.003,0.000,0.000,0.003,0.003,0.009,0.703
1780275062479,0.000,0.000,0.000,0.003,0.000,0.000,0.003,0.003,0.009,0.727
1780275062500,0.003,0.003,0.000,0.003,0.000,0.000,0.003,0.003,0.015,0.703
1780275062529,0.003,0.000,0.000,0.003,0.000,0.000,0.003,0.000,0.009,0.703
1780275062554,0.000,0.000,0.000,0.000,0.000,0.000,0.003,0.000,0.003,0.679
1780275062583,0.000,0.000,0.000,0.003,0.000,0.003,0.003,0.003,0.012,0.679
1780275062621,0.000,0.000,0.000,0.003,0.000,0.000,0.003,0.003,0.009,0.679
1780275062651,0.000,0.000,0.000,0.003,0.000,0.000,0.003,0.000,0.006,0.679
1780275062691,0.000,0.000,0.000,0.000,0.000,0.000,0.003,0.003,0.006,0.679
1780275062747,0.000,0.000,0.000,0.003,0.000,0.000,0.000,0.000,0.003,0.606
1780275062779,0.000,0.003,0.000,0.007,0.000,0.000,0.003,0.000,0.013,0.679
1780275062817,0.000,0.000,0.000,0.000,0.000,0.000,0.003,0.000,0.003,0.703
1780275062883,0.000,0.000,0.003,0.003,0.000,0.000,0.003,0.000,0.009,0.679
1780275062919,0.000,0.000,0.000,0.003,0.000,0.000,0.003,0.000,0.006,0.630
1780275062956,0.000,0.003,0.000,0.000,0.000,0.000,0.003,0.007,0.013,0.679
1780275062996,0.000,0.000,0.000,0.003,0.000,0.003,0.003,0.003,0.012,0.679
1780275063029,0.000,0.000,0.000,0.000,0.000,0.000,0.003,0.000,0.003,0.703
1780275063067,0.003,0.000,0.003,0.003,0.000,0.000,0.003,0.003,0.015,0.630
1780275063100,0.000,0.000,0.000,0.003,0.000,0.000,0.000,0.000,0.003,0.679
1780275063125,0.003,0.000,0.000,0.003,0.000,0.000,0.003,0.000,0.009,0.703
1780275063157,0.000,0.000,0.000,0.003,0.000,0.000,0.003,0.000,0.006,0.630
1780275063197,0.000,0.000,0.000,0.003,0.003,0.000,0.003,0.003,0.012,0.727
1780275063247,0.000,0.000,0.000,0.003,0.000,0.000,0.003,0.000,0.006,0.703
1780275063280,0.000,0.000,0.000,0.003,0.000,0.000,0.003,0.003,0.009,0.703
1780275063314,0.003,0.000,0.000,0.003,0.000,0.000,0.003,0.003,0.012,0.679
1780275063354,0.000,0.000,0.003,0.003,0.000,0.000,0.003,0.003,0.012,0.679
1780275063440,0.000,0.000,0.000,0.000,0.000,0.000,0.003,0.000,0.003,0.630
1780275063491,0.000,0.000,0.000,0.003,0.000,0.003,0.003,0.003,0.012,0.679
1780275063537,0.003,0.000,0.000,0.003,0.000,0.000,0.003,0.000,0.009,0.630
1780275063572,0.003,0.000,0.000,0.000,0.000,0.000,0.003,0.003,0.009,0.630
1780275063597,0.000,0.000,0.003,0.003,0.000,0.000,0.003,0.000,0.009,0.679
1780275063632,0.000,0.000,0.000,0.003,0.000,0.000,0.000,0.000,0.003,0.703
1780275063660,0.000,0.000,0.000,0.000,0.000,0.000,0.003,0.000,0.003,0.679
1780275063699,0.000,0.003,0.000,0.003,0.000,0.000,0.007,0.000,0.013,0.703
1780275063747,0.000,0.000,0.000,0.003,0.000,0.000,0.003,0.003,0.009,0.679
1780275063777,0.007,0.000,0.000,0.003,0.003,0.000,0.003,0.000,0.016,0.679
1780275063806,0.003,0.000,0.000,0.003,0.000,0.000,0.003,0.000,0.009,0.679
1780275063831,0.000,0.000,0.000,0.003,0.000,0.000,0.003,0.000,0.006,0.679
1780275063860,0.000,0.000,0.000,0.003,0.000,0.003,0.003,0.000,0.009,0.679
1780275063888,0.003,0.000,0.003,0.003,0.000,0.000,0.000,0.000,0.009,0.679
1780275063955,0.000,0.000,0.003,0.003,0.000,0.000,0.003,0.000,0.009,0.679
1780275063985,0.000,0.000,0.000,0.000,0.003,0.000,0.003,0.000,0.006,0.679
1780275064014,0.000,0.000,0.000,0.003,0.000,0.000,0.003,0.003,0.009,0.679
1780275064056,0.000,0.000,0.000,0.003,0.003,0.000,0.003,0.003,0.012,0.630
1780275064091,0.000,0.003,0.000,0.003,0.000,0.000,0.003,0.000,0.009,0.630
1780275064118,0.003,0.000,0.000,0.003,0.000,0.000,0.000,0.003,0.009,0.630
1780275064149,0.000,0.000,0.000,0.003,0.000,0.000,0.000,0.000,0.003,0.630
1780275064176,0.000,0.000,0.003,0.003,0.000,0.000,0.003,0.003,0.012,0.630
1780275064225,0.000,0.000,0.000,0.003,0.000,0.003,0.000,0.000,0.006,0.679
1780275064274,0.003,0.000,0.000,0.003,0.000,0.003,0.003,0.000,0.012,0.630
1780275064300,0.003,0.000,0.000,0.003,0.000,0.000,0.003,0.003,0.012,0.630
1780275064338,0.000,0.000,0.000,0.003,0.000,0.000,0.003,0.003,0.009,0.679
1780275064387,0.000,0.000,0.000,0.003,0.000,0.000,0.003,0.000,0.006,0.703
1780275064450,0.003,0.000,0.000,0.003,0.000,0.003,0.003,0.000,0.012,0.630
1780275064476,0.000,0.000,0.000,0.003,0.000,0.003,0.000,0.003,0.009,0.679
1780275064519,0.003,0.000,0.000,0.007,0.000,0.000,0.003,0.003,0.016,0.679
1780275064561,0.000,0.000,0.000,0.003,0.000,0.000,0.003,0.000,0.006,0.679
1780275064594,0.000,0.000,0.000,0.003,0.000,0.000,0.003,0.000,0.006,0.679
1780275064621,0.000,0.000,0.000,0.003,0.000,0.000,0.003,0.003,0.009,0.679
1780275064659,0.003,0.000,0.000,0.003,0.000,0.000,0.003,0.000,0.009,0.679
1780275064685,0.000,0.000,0.000,0.003,0.000,0.000,0.000,0.003,0.006,0.679
1780275064729,0.003,0.000,0.000,0.003,0.000,0.000,0.003,0.000,0.009,0.630
1780275064782,0.000,0.000,0.000,0.003,0.000,0.000,0.003,0.000,0.006,0.630
1780275064813,0.000,0.000,0.000,0.003,0.000,0.000,0.000,0.003,0.006,0.679
1780275064846,0.003,0.000,0.000,0.003,0.000,0.000,0.003,0.000,0.009,0.679
1780275064872,0.000,0.000,0.000,0.000,0.000,0.000,0.003,0.000,0.003,0.679
1780275064903,0.000,0.000,0.000,0.003,0.000,0.000,0.003,0.000,0.006,0.679
1780275064977,0.010,0.000,0.000,0.000,0.000,0.000,0.003,0.000,0.013,0.679
1780275065006,0.000,0.000,0.000,0.003,0.000,0.000,0.003,0.003,0.009,0.703
1780275065042,0.000,0.000,0.000,0.000,0.000,0.000,0.003,0.003,0.006,0.679
1780275065086,0.000,0.003,0.000,0.003,0.000,0.000,0.003,0.000,0.009,0.679
1780275065125,0.003,0.000,0.000,0.003,0.000,0.003,0.003,0.003,0.015,0.630
1780275065150,0.000,0.000,0.000,0.003,0.000,0.000,0.003,0.000,0.006,0.606
1780275065184,0.000,0.000,0.003,0.003,0.000,0.000,0.003,0.000,0.009,0.679
1780275065213,0.000,0.000,0.000,0.003,0.000,0.003,0.003,0.000,0.009,0.630
1780275065258,0.000,0.000,0.000,0.003,0.000,0.000,0.000,0.003,0.006,0.727
1780275065297,0.000,0.000,0.000,0.003,0.000,0.003,0.003,0.000,0.009,0.679
1780275065331,0.000,0.000,0.000,0.003,0.000,0.000,0.003,0.003,0.009,0.630
1780275065355,0.000,0.000,0.000,0.003,0.000,0.000,0.003,0.003,0.009,0.703
1780275065396,0.000,0.000,0.000,0.003,0.000,0.000,0.003,0.000,0.006,0.703
1780275065420,0.007,0.000,0.000,0.003,0.000,0.000,0.003,0.000,0.013,0.679
1780275065490,0.000,0.000,0.000,0.003,0.000,0.000,0.003,0.003,0.009,0.703
1780275065527,0.000,0.000,0.000,0.003,0.000,0.000,0.003,0.000,0.006,0.703
1780275065564,0.000,0.000,0.000,0.003,0.000,0.000,0.003,0.003,0.009,0.679
1780275065616,0.003,0.000,0.000,0.003,0.000,0.000,0.003,0.000,0.009,0.703
1780275065642,0.000,0.000,0.000,0.003,0.000,0.000,0.003,0.000,0.006,0.727
1780275065688,0.000,0.000,0.000,0.003,0.000,0.000,0.003,0.000,0.006,0.679
1780275065718,0.000,0.000,0.000,0.003,0.000,0.000,0.003,0.000,0.006,0.703
1780275065756,0.000,0.000,0.000,0.000,0.000,0.000,0.003,0.003,0.006,0.679
1780275065785,0.003,0.000,0.000,0.003,0.000,0.003,0.003,0.000,0.012,0.679
1780275065842,0.003,0.000,0.000,0.003,0.000,0.000,0.003,0.000,0.009,0.679
1780275065868,0.000,0.000,0.000,0.003,0.000,0.000,0.003,0.000,0.006,0.630
1780275065903,0.000,0.000,0.000,0.000,0.000,0.000,0.003,0.000,0.003,0.679
1780275065931,0.000,0.000,0.000,0.003,0.000,0.003,0.003,0.003,0.012,0.679
1780275066003,0.003,0.000,0.000,0.000,0.000,0.003,0.003,0.003,0.012,0.703
1780275066035,0.000,0.000,0.000,0.000,0.000,0.000,0.003,0.003,0.006,0.630
1780275066072,0.000,0.000,0.000,0.003,0.000,0.000,0.000,0.000,0.003,0.630
1780275066127,0.000,0.000,0.000,0.003,0.000,0.000,0.003,0.003,0.009,0.727
1780275066161,0.003,0.000,0.000,0.003,0.000,0.000,0.000,0.003,0.009,0.703
1780275066194,0.000,0.000,0.003,0.003,0.000,0.000,0.003,0.000,0.009,0.703
1780275066217,0.000,0.000,0.000,0.003,0.000,0.000,0.003,0.003,0.009,0.703
1780275066246,0.000,0.000,0.000,0.003,0.000,0.000,0.003,0.000,0.006,0.727
1780275066271,0.003,0.000,0.000,0.003,0.000,0.003,0.000,0.000,0.009,0.727
1780275066302,0.003,0.000,0.000,0.007,0.000,0.000,0.003,0.000,0.013,0.703
1780275066343,0.000,0.000,0.000,0.003,0.000,0.003,0.003,0.000,0.009,0.679
1780275066382,0.000,0.000,0.000,0.003,0.000,0.000,0.003,0.003,0.009,0.630
1780275066410,0.000,0.000,0.003,0.003,0.003,0.000,0.003,0.003,0.015,0.679
1780275066444,0.000,0.000,0.000,0.003,0.000,0.000,0.003,0.003,0.009,0.679
1780275066511,0.000,0.000,0.000,0.003,0.000,0.000,0.003,0.000,0.006,0.679
1780275066541,0.003,0.000,0.000,0.003,0.000,0.000,0.003,0.000,0.009,0.703
1780275066582,0.003,0.000,0.000,0.003,0.000,0.000,0.003,0.000,0.009,0.703
1780275066622,0.000,0.000,0.000,0.003,0.000,0.000,0.000,0.000,0.003,0.703
1780275066657,0.003,0.000,0.000,0.003,0.000,0.000,0.003,0.003,0.012,0.679
1780275066684,0.003,0.000,0.000,0.000,0.000,0.000,0.000,0.000,0.003,0.679
1780275066727,0.000,0.000,0.000,0.003,0.000,0.000,0.003,0.003,0.009,0.630
1780275066752,0.000,0.000,0.000,0.000,0.000,0.000,0.003,0.003,0.006,0.679
1780275066790,0.000,0.000,0.000,0.003,0.000,0.000,0.003,0.003,0.009,0.630
1780275066813,0.000,0.000,0.000,0.003,0.000,0.003,0.000,0.000,0.006,0.703
1780275066860,0.000,0.000,0.000,0.003,0.000,0.000,0.003,0.000,0.006,0.703
1780275066886,0.000,0.000,0.003,0.003,0.000,0.003,0.003,0.003,0.015,0.679
1780275066917,0.000,0.000,0.000,0.003,0.000,0.000,0.003,0.000,0.006,0.679
1780275066940,0.000,0.000,0.003,0.003,0.003,0.003,0.003,0.003,0.018,0.679
1780275066970,0.000,0.000,0.003,0.000,0.000,0.000,0.003,0.003,0.009,0.703
1780275067044,0.000,0.000,0.000,0.003,0.000,0.000,0.003,0.000,0.006,0.703
1780275067079,0.000,0.000,0.000,0.003,0.000,0.003,0.003,0.003,0.012,0.679
1780275067111,0.000,0.000,0.000,0.000,0.000,0.000,0.003,0.003,0.006,0.679
1780275067171,0.000,0.000,0.000,0.003,0.000,0.003,0.003,0.000,0.009,0.679
1780275067213,0.000,0.000,0.000,0.003,0.000,0.000,0.003,0.000,0.006,0.703
1780275067243,0.000,0.000,0.000,0.003,0.000,0.000,0.003,0.003,0.009,0.703
1780275067275,0.000,0.000,0.003,0.000,0.000,0.000,0.003,0.003,0.009,0.703
1780275067307,0.000,0.000,0.000,0.000,0.000,0.000,0.000,0.003,0.003,0.703
1780275067343,0.000,0.003,0.003,0.003,0.000,0.000,0.003,0.003,0.015,0.703
1780275067400,0.003,0.000,0.000,0.003,0.000,0.003,0.003,0.000,0.012,0.703
1780275067428,0.003,0.000,0.000,0.003,0.000,0.000,0.003,0.000,0.009,0.703
1780275067457,0.000,0.000,0.000,0.003,0.000,0.000,0.000,0.003,0.006,0.679
1780275067488,0.000,0.000,0.000,0.003,0.000,0.000,0.003,0.003,0.009,0.703
1780275067547,0.000,0.000,0.000,0.003,0.003,0.000,0.003,0.000,0.009,0.679
1780275067579,0.000,0.000,0.000,0.003,0.000,0.000,0.003,0.000,0.006,0.630
1780275067609,0.003,0.000,0.000,0.003,0.000,0.000,0.003,0.000,0.009,0.679
1780275067640,0.000,0.000,0.000,0.007,0.000,0.003,0.003,0.000,0.013,0.679
1780275067693,0.000,0.000,0.000,0.003,0.003,0.000,0.003,0.003,0.012,0.703
1780275067717,0.000,0.000,0.000,0.000,0.000,0.003,0.003,0.000,0.006,0.679
1780275067751,0.003,0.000,0.003,0.003,0.000,0.000,0.000,0.003,0.012,0.679
1780275067784,0.003,0.000,0.000,0.003,0.000,0.000,0.003,0.000,0.009,0.703
1780275067821,0.000,0.000,0.000,0.003,0.000,0.000,0.000,0.000,0.003,0.727
1780275067843,0.010,0.000,0.000,0.000,0.000,0.000,0.003,0.000,0.013,0.703
1780275067870,0.000,0.000,0.000,0.000,0.000,0.000,0.000,0.003,0.003,0.703
1780275067923,0.003,0.000,0.000,0.000,0.000,0.000,0.003,0.000,0.006,0.703
1780275067949,0.000,0.000,0.000,0.000,0.000,0.000,0.003,0.000,0.003,0.679
1780275067980,0.000,0.003,0.000,0.003,0.000,0.000,0.003,0.003,0.012,0.679
1780275068007,0.000,0.000,0.000,0.003,0.000,0.000,0.003,0.000,0.006,0.727
1780275068079,0.000,0.000,0.000,0.003,0.000,0.000,0.003,0.000,0.006,0.630
1780275068113,0.000,0.000,0.003,0.003,0.000,0.000,0.003,0.000,0.009,0.679
1780275068150,0.000,0.000,0.003,0.003,0.000,0.003,0.003,0.003,0.015,0.679
1780275068205,0.000,0.000,0.000,0.003,0.003,0.000,0.003,0.000,0.009,0.703
1780275068234,0.000,0.000,0.000,0.003,0.000,0.000,0.003,0.000,0.006,0.679
1780275068267,0.003,0.000,0.000,0.003,0.000,0.000,0.003,0.000,0.009,0.630
1780275068295,0.000,0.000,0.000,0.003,0.000,0.003,0.003,0.003,0.012,0.630
1780275068339,0.000,0.000,0.000,0.003,0.000,0.000,0.003,0.003,0.009,0.679
1780275068373,0.003,0.000,0.000,0.003,0.000,0.000,0.003,0.003,0.012,0.703
1780275068425,0.000,0.000,0.000,0.003,0.003,0.000,0.003,0.000,0.009,0.703
1780275068449,0.000,0.000,0.000,0.003,0.000,0.000,0.003,0.000,0.006,0.679
1780275068483,0.003,0.000,0.000,0.003,0.000,0.000,0.003,0.000,0.009,0.630
1780275068507,0.000,0.003,0.000,0.000,0.000,0.000,0.003,0.000,0.006,0.679
1780275068536,0.000,0.000,0.000,0.003,0.000,0.000,0.003,0.003,0.009,0.703
1780275068596,0.000,0.003,0.000,0.003,0.000,0.003,0.003,0.003,0.015,0.679
1780275068637,0.003,0.000,0.000,0.003,0.000,0.003,0.003,0.003,0.015,0.630
1780275068664,0.000,0.000,0.003,0.000,0.000,0.000,0.003,0.003,0.009,0.679
1780275068709,0.000,0.000,0.000,0.000,0.000,0.003,0.003,0.000,0.006,0.630
1780275068743,0.000,0.000,0.000,0.003,0.000,0.000,0.003,0.003,0.009,0.630
1780275068776,0.000,0.000,0.000,0.003,0.000,0.000,0.003,0.000,0.006,0.727
1780275068807,0.000,0.000,0.000,0.003,0.000,0.000,0.003,0.000,0.006,0.703
1780275068834,0.000,0.000,0.000,0.003,0.000,0.003,0.003,0.000,0.009,0.703
1780275068861,0.000,0.000,0.000,0.003,0.000,0.000,0.003,0.003,0.009,0.679
1780275068886,0.000,0.000,0.000,0.003,0.000,0.000,0.003,0.000,0.006,0.703
1780275068946,0.000,0.000,0.003,0.003,0.003,0.000,0.003,0.003,0.015,0.727
1780275068968,0.003,0.000,0.000,0.003,0.000,0.003,0.003,0.000,0.012,0.703
1780275068999,0.000,0.000,0.000,0.003,0.000,0.007,0.003,0.000,0.013,0.703
1780275069024,0.003,0.000,0.000,0.003,0.000,0.000,0.003,0.000,0.009,0.727
1780275069054,0.000,0.000,0.000,0.000,0.000,0.000,0.003,0.000,0.003,0.679
1780275069130,0.003,0.000,0.000,0.003,0.000,0.000,0.003,0.003,0.012,0.630
1780275069168,0.000,0.000,0.000,0.003,0.000,0.000,0.003,0.000,0.006,0.703
1780275069218,0.000,0.000,0.007,0.003,0.000,0.000,0.003,0.003,0.016,0.703
1780275069283,0.000,0.000,0.000,0.003,0.000,0.003,0.003,0.000,0.009,0.703
1780275069309,0.003,0.000,0.003,0.003,0.000,0.003,0.000,0.000,0.012,0.679
1780275069345,0.000,0.000,0.000,0.003,0.000,0.000,0.000,0.000,0.003,0.679
1780275069370,0.003,0.000,0.000,0.003,0.000,0.000,0.003,0.000,0.009,0.703
1780275069417,0.000,0.000,0.000,0.003,0.000,0.000,0.003,0.000,0.006,0.679
1780275069470,0.000,0.000,0.000,0.003,0.000,0.000,0.003,0.000,0.006,0.703
1780275069503,0.000,0.000,0.003,0.000,0.000,0.000,0.003,0.000,0.006,0.630
1780275069540,0.003,0.000,0.000,0.007,0.000,0.000,0.003,0.000,0.013,0.679
1780275069562,0.000,0.000,0.000,0.000,0.000,0.000,0.003,0.003,0.006,0.679
1780275069625,0.000,0.003,0.003,0.003,0.000,0.000,0.003,0.000,0.012,0.679
1780275069651,0.003,0.000,0.000,0.003,0.000,0.000,0.003,0.000,0.009,0.703
1780275069695,0.000,0.000,0.000,0.000,0.000,0.000,0.003,0.000,0.003,0.679
1780275069734,0.003,0.000,0.000,0.003,0.000,0.007,0.003,0.000,0.016,0.630
1780275069773,0.000,0.003,0.003,0.007,0.000,0.000,0.003,0.000,0.016,0.703
1780275069805,0.003,0.000,0.000,0.003,0.000,0.000,0.000,0.000,0.006,0.679
1780275069843,0.003,0.000,0.000,0.003,0.000,0.000,0.000,0.007,0.013,0.630
1780275069874,0.003,0.000,0.000,0.000,0.000,0.003,0.000,0.000,0.006,0.727
1780275069901,0.000,0.000,0.000,0.003,0.000,0.000,0.003,0.000,0.006,0.703
1780275069928,0.000,0.000,0.000,0.003,0.003,0.000,0.003,0.003,0.012,0.679
1780275069976,0.000,0.000,0.003,0.003,0.000,0.007,0.003,0.000,0.016,0.630
1780275070006,0.003,0.000,0.000,0.003,0.000,0.000,0.003,0.003,0.012,0.606
1780275070036,0.000,0.000,0.000,0.003,0.000,0.000,0.003,0.000,0.006,0.703
1780275070061,0.000,0.000,0.000,0.003,0.003,0.000,0.003,0.000,0.009,0.703
1780275070089,0.003,0.000,0.003,0.003,0.000,0.003,0.003,0.000,0.015,0.606
1780275070165,0.007,0.000,0.000,0.003,0.000,0.003,0.000,0.003,0.016,0.679
1780275070200,0.000,0.000,0.000,0.007,0.000,0.000,0.003,0.000,0.010,0.679
1780275070242,0.003,0.000,0.000,0.000,0.000,0.000,0.003,0.000,0.006,0.630
1780275070271,0.000,0.000,0.000,0.003,0.000,0.000,0.003,0.000,0.006,0.630
1780275070303,0.007,0.000,0.003,0.003,0.003,0.000,0.003,0.000,0.019,0.679
1780275070330,0.000,0.000,0.000,0.003,0.003,0.003,0.003,0.000,0.012,0.630
1780275070360,0.000,0.000,0.000,0.003,0.000,0.000,0.000,0.003,0.006,0.703
1780275070396,0.000,0.000,0.003,0.003,0.000,0.000,0.003,0.000,0.009,0.630
1780275070431,0.000,0.000,0.003,0.003,0.000,0.000,0.007,0.003,0.016,0.703
1780275070476,0.003,0.000,0.000,0.003,0.000,0.000,0.003,0.000,0.009,0.630
1780275070507,0.000,0.000,0.000,0.003,0.000,0.000,0.003,0.000,0.006,0.630
1780275070539,0.003,0.000,0.000,0.003,0.000,0.003,0.003,0.003,0.015,0.679
1780275070573,0.000,0.000,0.000,0.003,0.000,0.000,0.003,0.000,0.006,0.703
1780275070600,0.003,0.000,0.000,0.003,0.000,0.000,0.003,0.000,0.009,0.630
1780275070665,0.000,0.000,0.000,0.003,0.000,0.003,0.003,0.003,0.012,0.630
1780275070688,0.000,0.000,0.000,0.003,0.000,0.000,0.003,0.003,0.009,0.606
1780275070735,0.000,0.000,0.000,0.003,0.000,0.000,0.000,0.003,0.006,0.630
1780275070773,0.003,0.000,0.000,0.003,0.000,0.000,0.003,0.000,0.009,0.630
1780275070805,0.000,0.000,0.000,0.003,0.000,0.000,0.003,0.003,0.009,0.679
1780275070832,0.000,0.000,0.000,0.003,0.000,0.000,0.003,0.000,0.006,0.630
1780275070870,0.000,0.000,0.003,0.003,0.000,0.003,0.003,0.000,0.012,0.630
1780275070899,0.000,0.000,0.000,0.003,0.000,0.000,0.003,0.000,0.006,0.679
1780275070932,0.000,0.000,0.000,0.003,0.000,0.003,0.003,0.000,0.009,0.679
1780275070986,0.000,0.000,0.000,0.000,0.000,0.000,0.003,0.000,0.003,0.630
1780275071018,0.003,0.000,0.000,0.003,0.000,0.000,0.003,0.000,0.009,0.679
1780275071054,0.003,0.000,0.000,0.003,0.003,0.000,0.003,0.000,0.012,0.679
1780275071079,0.000,0.000,0.000,0.003,0.000,0.000,0.003,0.007,0.013,0.679
1780275071110,0.000,0.000,0.000,0.000,0.000,0.000,0.003,0.003,0.006,0.679
1780275071192,0.000,0.000,0.000,0.003,0.000,0.003,0.000,0.000,0.006,0.630
1780275071252,0.000,0.000,0.000,0.003,0.000,0.000,0.003,0.000,0.006,0.703
1780275071304,0.003,0.000,0.000,0.003,0.000,0.003,0.003,0.003,0.015,0.703
1780275071336,0.003,0.000,0.000,0.003,0.000,0.000,0.000,0.003,0.009,0.703
1780275071367,0.000,0.000,0.000,0.003,0.000,0.003,0.000,0.000,0.006,0.630
1780275071394,0.000,0.000,0.000,0.000,0.003,0.000,0.003,0.003,0.009,0.679
1780275071425,0.003,0.000,0.000,0.003,0.000,0.000,0.003,0.000,0.009,0.679
1780275071453,0.000,0.000,0.000,0.003,0.000,0.000,0.003,0.003,0.009,0.703
1780275071506,0.003,0.000,0.000,0.003,0.000,0.000,0.003,0.000,0.009,0.679
1780275071539,0.000,0.000,0.000,0.003,0.000,0.003,0.003,0.000,0.009,0.630
1780275071570,0.000,0.000,0.000,0.003,0.003,0.000,0.003,0.003,0.012,0.703
1780275071601,0.000,0.000,0.003,0.003,0.000,0.000,0.003,0.000,0.009,0.679
1780275071637,0.003,0.000,0.000,0.000,0.000,0.000,0.003,0.000,0.006,0.679
1780275071705,0.000,0.000,0.000,0.003,0.000,0.000,0.003,0.000,0.006,0.703
1780275071740,0.000,0.000,0.000,0.003,0.000,0.000,0.003,0.000,0.006,0.679
1780275071779,0.000,0.000,0.000,0.003,0.000,0.003,0.003,0.000,0.009,0.630
1780275071833,0.000,0.000,0.000,0.003,0.000,0.000,0.003,0.000,0.006,0.630
1780275071863,0.000,0.000,0.000,0.003,0.000,0.000,0.003,0.003,0.009,0.630
1780275071895,0.000,0.000,0.000,0.003,0.000,0.000,0.003,0.000,0.006,0.703
1780275071944,0.000,0.000,0.000,0.003,0.000,0.000,0.007,0.000,0.010,0.679
1780275071976,0.007,0.000,0.000,0.003,0.000,0.000,0.003,0.000,0.013,0.630
1780275072031,0.003,0.000,0.000,0.000,0.000,0.000,0.003,0.000,0.006,0.703
1780275072082,0.003,0.000,0.000,0.007,0.000,0.000,0.000,0.000,0.010,0.679
1780275072108,0.003,0.000,0.000,0.003,0.000,0.000,0.003,0.000,0.009,0.703
1780275072139,0.000,0.000,0.000,0.003,0.000,0.000,0.003,0.003,0.009,0.630
1780275072167,0.003,0.000,0.000,0.003,0.000,0.000,0.003,0.000,0.009,0.679
1780275072244,0.000,0.003,0.000,0.003,0.000,0.000,0.003,0.003,0.012,0.606
1780275072279,0.007,0.000,0.000,0.003,0.000,0.000,0.003,0.003,0.016,0.630
1780275072318,0.000,0.000,0.000,0.003,0.000,0.003,0.003,0.000,0.009,0.703
1780275072389,0.000,0.000,0.000,0.003,0.000,0.000,0.003,0.000,0.006,0.606
1780275072416,0.003,0.000,0.000,0.000,0.000,0.000,0.003,0.003,0.009,0.703
1780275072454,0.000,0.000,0.000,0.003,0.000,0.003,0.003,0.003,0.012,0.630
1780275072479,0.003,0.000,0.000,0.003,0.000,0.000,0.003,0.003,0.012,0.679
1780275072538,0.003,0.000,0.000,0.003,0.000,0.000,0.003,0.000,0.009,0.679
1780275072569,0.000,0.000,0.000,0.000,0.000,0.000,0.003,0.000,0.003,0.606
1780275072602,0.003,0.000,0.000,0.003,0.003,0.000,0.003,0.003,0.015,0.679
1780275072626,0.000,0.000,0.000,0.003,0.000,0.000,0.007,0.003,0.013,0.679
1780275072667,0.000,0.000,0.000,0.003,0.000,0.000,0.003,0.003,0.009,0.679
1780275072694,0.007,0.000,0.000,0.003,0.000,0.000,0.003,0.000,0.013,0.630
1780275072754,0.000,0.000,0.000,0.003,0.000,0.000,0.003,0.000,0.006,0.630
1780275072791,0.003,0.000,0.000,0.000,0.000,0.000,0.007,0.000,0.010,0.630
1780275072826,0.000,0.003,0.000,0.003,0.000,0.000,0.003,0.000,0.009,0.679
1780275072867,0.000,0.000,0.000,0.000,0.000,0.003,0.007,0.003,0.013,0.630
1780275072906,0.000,0.000,0.000,0.000,0.000,0.000,0.003,0.000,0.003,0.630
1780275072940,0.000,0.000,0.000,0.003,0.000,0.003,0.003,0.000,0.009,0.630
1780275072979,0.000,0.000,0.000,0.003,0.000,0.000,0.003,0.000,0.006,0.606
1780275073004,0.003,0.000,0.000,0.000,0.000,0.000,0.003,0.003,0.009,0.703
1780275073054,0.003,0.003,0.000,0.003,0.000,0.000,0.003,0.000,0.012,0.703
1780275073087,0.000,0.000,0.000,0.003,0.003,0.000,0.003,0.000,0.009,0.679
1780275073118,0.000,0.000,0.000,0.003,0.000,0.000,0.003,0.003,0.009,0.630
1780275073142,0.003,0.000,0.000,0.003,0.000,0.000,0.003,0.003,0.012,0.630
1780275073178,0.000,0.000,0.000,0.003,0.000,0.000,0.003,0.003,0.009,0.630
1780275073200,0.000,0.000,0.000,0.003,0.000,0.000,0.003,0.007,0.013,0.679
1780275073264,0.003,0.000,0.000,0.003,0.000,0.000,0.003,0.000,0.009,0.679
1780275073299,0.000,0.000,0.000,0.003,0.003,0.003,0.003,0.000,0.012,0.703
1780275073328,0.000,0.000,0.003,0.003,0.003,0.000,0.003,0.003,0.015,0.679
1780275073369,0.000,0.000,0.000,0.003,0.000,0.000,0.000,0.000,0.003,0.630
1780275073411,0.000,0.000,0.000,0.003,0.000,0.003,0.000,0.000,0.006,0.703
1780275073437,0.003,0.000,0.000,0.003,0.000,0.000,0.000,0.000,0.006,0.703
1780275073465,0.003,0.000,0.000,0.003,0.000,0.000,0.003,0.000,0.009,0.679
1780275073496,0.000,0.003,0.000,0.003,0.000,0.000,0.003,0.000,0.009,0.630
1780275073532,0.000,0.000,0.003,0.003,0.000,0.000,0.003,0.003,0.012,0.679
1780275073586,0.003,0.000,0.000,0.003,0.000,0.000,0.003,0.000,0.009,0.679
1780275073608,0.000,0.000,0.003,0.003,0.000,0.000,0.003,0.000,0.009,0.727
1780275073633,0.000,0.000,0.000,0.000,0.000,0.000,0.003,0.003,0.006,0.630
1780275073661,0.000,0.000,0.000,0.003,0.000,0.000,0.003,0.003,0.009,0.679
1780275073685,0.000,0.000,0.000,0.003,0.000,0.000,0.003,0.003,0.009,0.703
1780275073727,0.000,0.000,0.000,0.003,0.000,0.000,0.003,0.003,0.009,0.679
1780275073795,0.000,0.003,0.000,0.003,0.003,0.000,0.003,0.003,0.015,0.679
1780275073833,0.000,0.000,0.000,0.003,0.000,0.000,0.003,0.000,0.006,0.679
1780275073882,0.000,0.000,0.000,0.000,0.000,0.000,0.003,0.000,0.003,0.703
1780275073917,0.003,0.000,0.000,0.003,0.000,0.000,0.003,0.003,0.012,0.679
1780275073947,0.000,0.000,0.000,0.003,0.000,0.000,0.003,0.000,0.006,0.703
1780275073981,0.000,0.000,0.000,0.003,0.000,0.000,0.003,0.003,0.009,0.679
1780275074031,0.000,0.000,0.000,0.003,0.000,0.000,0.003,0.000,0.006,0.630
1780275074090,0.000,0.000,0.000,0.000,0.000,0.000,0.003,0.000,0.003,0.703
1780275074114,0.000,0.000,0.000,0.003,0.000,0.000,0.003,0.000,0.006,0.679
1780275074142,0.000,0.000,0.003,0.003,0.000,0.000,0.000,0.003,0.009,0.703
1780275074177,0.003,0.000,0.000,0.003,0.003,0.000,0.003,0.000,0.012,0.703
1780275074209,0.000,0.000,0.000,0.003,0.003,0.000,0.003,0.000,0.009,0.703
1780275074235,0.000,0.000,0.000,0.000,0.000,0.003,0.003,0.000,0.006,0.703
1780275074296,0.000,0.000,0.000,0.003,0.000,0.000,0.003,0.000,0.006,0.630
1780275074326,0.003,0.000,0.000,0.003,0.003,0.000,0.003,0.000,0.012,0.679
1780275074374,0.000,0.000,0.000,0.003,0.000,0.000,0.003,0.000,0.006,0.703
1780275074404,0.000,0.000,0.000,0.003,0.000,0.000,0.003,0.000,0.006,0.630
1780275074440,0.000,0.000,0.000,0.003,0.000,0.000,0.003,0.003,0.009,0.727
1780275074470,0.003,0.000,0.000,0.003,0.000,0.000,0.003,0.003,0.012,0.679
1780275074502,0.003,0.000,0.003,0.003,0.000,0.000,0.003,0.000,0.012,0.679
1780275074538,0.003,0.000,0.000,0.000,0.000,0.000,0.003,0.003,0.009,0.679
1780275074598,0.000,0.000,0.003,0.003,0.000,0.003,0.003,0.003,0.015,0.703
1780275074629,0.000,0.000,0.000,0.003,0.000,0.000,0.000,0.003,0.006,0.703
1780275074660,0.000,0.000,0.000,0.007,0.000,0.000,0.003,0.000,0.010,0.630
1780275074688,0.000,0.000,0.000,0.000,0.000,0.000,0.003,0.000,0.003,0.679
1780275074716,0.000,0.000,0.000,0.003,0.000,0.003,0.003,0.000,0.009,0.606
1780275074739,0.003,0.000,0.000,0.003,0.000,0.003,0.003,0.000,0.012,0.679
1780275074806,0.000,0.000,0.000,0.003,0.000,0.000,0.003,0.000,0.006,0.679
1780275074835,0.003,0.000,0.000,0.000,0.000,0.000,0.003,0.003,0.009,0.679
1780275074869,0.000,0.000,0.000,0.003,0.000,0.003,0.003,0.000,0.009,0.679
1780275074893,0.000,0.000,0.000,0.000,0.000,0.000,0.003,0.003,0.006,0.703
1780275074941,0.000,0.000,0.000,0.003,0.000,0.000,0.003,0.000,0.006,0.679
1780275074968,0.000,0.000,0.000,0.003,0.000,0.000,0.003,0.003,0.009,0.727
1780275074996,0.000,0.000,0.000,0.000,0.000,0.000,0.003,0.000,0.003,0.679
1780275075024,0.000,0.000,0.000,0.003,0.000,0.000,0.003,0.003,0.009,0.679
1780275075061,0.003,0.000,0.003,0.003,0.000,0.003,0.003,0.000,0.015,0.679
1780275075115,0.000,0.000,0.000,0.003,0.000,0.003,0.003,0.000,0.009,0.703
1780275075137,0.000,0.000,0.000,0.003,0.000,0.000,0.003,0.000,0.006,0.630
1780275075160,0.000,0.000,0.000,0.003,0.000,0.000,0.000,0.000,0.003,0.703
1780275075188,0.003,0.000,0.000,0.003,0.003,0.000,0.003,0.000,0.012,0.679
1780275075211,0.003,0.000,0.000,0.003,0.000,0.000,0.003,0.000,0.009,0.679
1780275075246,0.003,0.000,0.000,0.003,0.000,0.000,0.003,0.003,0.012,0.679
1780275075323,0.000,0.000,0.000,0.003,0.000,0.000,0.000,0.000,0.003,0.679
1780275075356,0.000,0.000,0.000,0.003,0.000,0.003,0.003,0.000,0.009,0.679
1780275075418,0.003,0.000,0.000,0.003,0.000,0.000,0.003,0.003,0.012,0.630
1780275075455,0.000,0.000,0.000,0.003,0.000,0.000,0.003,0.003,0.009,0.630
1780275075496,0.000,0.000,0.000,0.003,0.000,0.000,0.003,0.000,0.006,0.679
1780275075531,0.000,0.000,0.000,0.003,0.000,0.003,0.003,0.003,0.012,0.679
1780275075590,0.000,0.000,0.000,0.003,0.000,0.000,0.003,0.000,0.006,0.679
1780275075639,0.003,0.000,0.000,0.003,0.000,0.000,0.003,0.000,0.009,0.727
1780275075664,0.000,0.000,0.000,0.003,0.000,0.000,0.003,0.000,0.006,0.703
1780275075695,0.000,0.000,0.003,0.003,0.000,0.000,0.003,0.003,0.012,0.703
1780275075724,0.000,0.000,0.003,0.000,0.000,0.000,0.003,0.000,0.006,0.703
1780275075757,0.000,0.000,0.000,0.003,0.000,0.000,0.003,0.003,0.009,0.679
1780275075815,0.000,0.000,0.000,0.003,0.000,0.000,0.003,0.000,0.006,0.703
1780275075842,0.000,0.000,0.000,0.003,0.000,0.000,0.000,0.000,0.003,0.703
1780275075884,0.003,0.000,0.000,0.003,0.000,0.000,0.003,0.000,0.009,0.703
1780275075921,0.000,0.000,0.000,0.000,0.000,0.000,0.003,0.003,0.006,0.630
1780275075961,0.003,0.000,0.000,0.003,0.000,0.003,0.003,0.003,0.015,0.679
1780275075988,0.000,0.000,0.000,0.003,0.000,0.000,0.003,0.000,0.006,0.679
1780275076027,0.000,0.000,0.000,0.003,0.000,0.000,0.003,0.003,0.009,0.679
1780275076051,0.000,0.000,0.000,0.000,0.003,0.000,0.007,0.000,0.010,0.679
1780275076087,0.003,0.000,0.003,0.003,0.000,0.000,0.003,0.000,0.012,0.679
1780275076115,0.000,0.000,0.000,0.003,0.000,0.000,0.000,0.000,0.003,0.630
1780275076174,0.000,0.000,0.000,0.003,0.000,0.000,0.000,0.000,0.003,0.703
1780275076200,0.003,0.000,0.000,0.003,0.000,0.000,0.003,0.003,0.012,0.679
1780275076229,0.000,0.000,0.000,0.000,0.000,0.000,0.003,0.000,0.003,0.679
1780275076256,0.003,0.000,0.000,0.003,0.000,0.003,0.003,0.003,0.015,0.630
1780275076286,0.000,0.000,0.003,0.003,0.000,0.000,0.003,0.000,0.009,0.679
1780275076350,0.003,0.000,0.000,0.003,0.000,0.000,0.000,0.000,0.006,0.679
1780275076386,0.000,0.000,0.000,0.003,0.000,0.000,0.003,0.000,0.006,0.703
1780275076418,0.000,0.000,0.000,0.007,0.000,0.003,0.003,0.003,0.016,0.703
1780275076453,0.000,0.000,0.000,0.003,0.000,0.000,0.003,0.003,0.009,0.679
1780275076509,0.000,0.000,0.003,0.003,0.003,0.000,0.003,0.003,0.015,0.630
1780275076539,0.000,0.000,0.000,0.003,0.000,0.000,0.003,0.003,0.009,0.630
1780275076573,0.003,0.000,0.000,0.003,0.003,0.000,0.003,0.003,0.015,0.679
1780275076621,0.000,0.000,0.003,0.003,0.000,0.000,0.003,0.000,0.009,0.703
1780275076677,0.000,0.000,0.000,0.000,0.000,0.000,0.003,0.000,0.003,0.703
1780275076702,0.007,0.000,0.000,0.003,0.000,0.000,0.003,0.003,0.016,0.727
1780275076742,0.003,0.000,0.000,0.003,0.003,0.000,0.000,0.000,0.009,0.703
1780275076772,0.000,0.000,0.000,0.003,0.000,0.000,0.000,0.000,0.003,0.606
1780275076815,0.000,0.003,0.000,0.003,0.000,0.000,0.003,0.003,0.012,0.679
1780275076891,0.000,0.000,0.000,0.003,0.000,0.000,0.003,0.003,0.009,0.679
1780275076918,0.000,0.000,0.000,0.003,0.000,0.000,0.000,0.000,0.003,0.679
1780275076962,0.000,0.000,0.000,0.003,0.003,0.000,0.003,0.000,0.009,0.679
1780275077021,0.000,0.000,0.000,0.003,0.000,0.003,0.003,0.000,0.009,0.679
1780275077047,0.000,0.003,0.000,0.003,0.000,0.000,0.003,0.000,0.009,0.679
1780275077079,0.000,0.000,0.003,0.003,0.000,0.000,0.000,0.003,0.009,0.679
1780275077124,0.000,0.000,0.000,0.000,0.000,0.000,0.003,0.000,0.003,0.679
1780275077170,0.000,0.000,0.000,0.003,0.000,0.000,0.000,0.000,0.003,0.630
1780275077205,0.003,0.000,0.000,0.000,0.000,0.000,0.003,0.000,0.006,0.703
1780275077241,0.000,0.000,0.000,0.000,0.003,0.000,0.003,0.000,0.006,0.703
1780275077272,0.000,0.000,0.003,0.003,0.000,0.000,0.003,0.000,0.009,0.703
1780275077298,0.000,0.003,0.000,0.003,0.000,0.000,0.000,0.000,0.006,0.703
1780275077321,0.000,0.000,0.003,0.000,0.000,0.003,0.003,0.000,0.009,0.703
1780275077396,0.000,0.000,0.000,0.003,0.000,0.000,0.003,0.000,0.006,0.679
1780275077425,0.003,0.000,0.000,0.003,0.000,0.000,0.000,0.000,0.006,0.679
1780275077457,0.000,0.000,0.003,0.003,0.000,0.000,0.003,0.000,0.009,0.679
1780275077487,0.000,0.000,0.000,0.003,0.003,0.000,0.003,0.003,0.012,0.679
1780275077543,0.000,0.000,0.000,0.003,0.000,0.000,0.000,0.003,0.006,0.679
1780275077575,0.003,0.000,0.000,0.003,0.000,0.000,0.003,0.003,0.012,0.630
1780275077609,0.003,0.000,0.000,0.003,0.003,0.003,0.003,0.000,0.015,0.679
1780275077644,0.000,0.000,0.003,0.003,0.000,0.000,0.003,0.003,0.012,0.679
1780275077690,0.000,0.000,0.000,0.003,0.000,0.003,0.003,0.000,0.009,0.630
1780275077721,0.003,0.000,0.000,0.003,0.000,0.000,0.003,0.000,0.009,0.703
1780275077753,0.000,0.000,0.000,0.007,0.000,0.003,0.003,0.003,0.016,0.703
1780275077782,0.003,0.000,0.000,0.003,0.000,0.000,0.003,0.000,0.009,0.630
1780275077815,0.003,0.000,0.000,0.003,0.000,0.000,0.000,0.000,0.006,0.606
1780275077840,0.000,0.000,0.000,0.003,0.000,0.000,0.003,0.003,0.009,0.630
1780275077923,0.000,0.000,0.003,0.003,0.000,0.003,0.003,0.000,0.012,0.679
1780275077947,0.000,0.000,0.000,0.003,0.000,0.003,0.003,0.000,0.009,0.703
1780275077978,0.000,0.000,0.000,0.003,0.000,0.003,0.003,0.000,0.009,0.679
1780275078006,0.003,0.000,0.000,0.003,0.000,0.000,0.003,0.000,0.009,0.679
1780275078058,0.000,0.000,0.000,0.000,0.000,0.000,0.003,0.000,0.003,0.679
1780275078080,0.000,0.000,0.000,0.003,0.000,0.003,0.003,0.000,0.009,0.703
1780275078111,0.003,0.000,0.000,0.003,0.000,0.000,0.003,0.003,0.012,0.630
1780275078147,0.000,0.000,0.000,0.003,0.000,0.000,0.003,0.000,0.006,0.630
1780275078204,0.000,0.000,0.000,0.000,0.000,0.000,0.000,0.003,0.003,0.679
1780275078231,0.000,0.000,0.003,0.003,0.000,0.000,0.003,0.000,0.009,0.630
1780275078266,0.003,0.000,0.000,0.003,0.000,0.000,0.003,0.003,0.012,0.703
1780275078294,0.000,0.000,0.000,0.003,0.000,0.000,0.003,0.003,0.009,0.606
1780275078331,0.000,0.000,0.000,0.000,0.000,0.000,0.003,0.000,0.003,0.630
1780275078356,0.000,0.000,0.000,0.003,0.000,0.000,0.000,0.000,0.003,0.679
1780275078435,0.000,0.000,0.000,0.003,0.000,0.003,0.003,0.003,0.012,0.630
1780275078479,0.000,0.000,0.000,0.003,0.000,0.007,0.003,0.000,0.013,0.606
1780275078512,0.000,0.000,0.000,0.003,0.000,0.000,0.003,0.003,0.009,0.630
1780275078567,0.000,0.000,0.000,0.003,0.000,0.000,0.003,0.003,0.009,0.606
1780275078595,0.000,0.000,0.000,0.003,0.000,0.000,0.003,0.000,0.006,0.630
1780275078636,0.000,0.003,0.003,0.003,0.000,0.000,0.003,0.003,0.015,0.679
1780275078671,0.000,0.000,0.000,0.003,0.000,0.000,0.003,0.003,0.009,0.679
1780275078718,0.000,0.003,0.000,0.003,0.000,0.000,0.000,0.000,0.006,0.679
1780275078741,0.000,0.000,0.000,0.003,0.000,0.000,0.003,0.003,0.009,0.679
1780275078778,0.000,0.000,0.000,0.003,0.000,0.000,0.007,0.000,0.010,0.679
1780275078801,0.003,0.000,0.000,0.003,0.000,0.000,0.003,0.000,0.009,0.679
1780275078836,0.003,0.000,0.000,0.003,0.000,0.000,0.003,0.003,0.012,0.703
1780275078865,0.000,0.000,0.000,0.003,0.000,0.000,0.007,0.000,0.010,0.679
1780275078918,0.000,0.000,0.000,0.003,0.000,0.000,0.003,0.000,0.006,0.679
1780275078973,0.003,0.000,0.000,0.000,0.000,0.003,0.003,0.000,0.009,0.703
1780275078999,0.000,0.000,0.000,0.003,0.000,0.003,0.003,0.003,0.012,0.630
1780275079029,0.003,0.000,0.000,0.003,0.000,0.003,0.003,0.000,0.012,0.679
1780275079093,0.007,0.000,0.000,0.003,0.000,0.003,0.003,0.000,0.016,0.679
1780275079121,0.003,0.000,0.000,0.003,0.000,0.000,0.003,0.003,0.012,0.630
1780275079153,0.000,0.000,0.000,0.003,0.000,0.003,0.003,0.000,0.009,0.679
1780275079189,0.000,0.003,0.007,0.003,0.000,0.003,0.003,0.000,0.019,0.703
1780275079250,0.003,0.000,0.003,0.003,0.000,0.000,0.003,0.003,0.015,0.703
1780275079274,0.000,0.000,0.000,0.003,0.000,0.000,0.003,0.000,0.006,0.679
1780275079308,0.003,0.000,0.000,0.003,0.000,0.000,0.003,0.003,0.012,0.630
1780275079336,0.000,0.000,0.000,0.003,0.000,0.000,0.003,0.003,0.009,0.630
1780275079384,0.000,0.000,0.003,0.003,0.000,0.000,0.003,0.003,0.012,0.630
1780275079424,0.003,0.000,0.000,0.003,0.000,0.000,0.003,0.003,0.012,0.679
1780275079478,0.003,0.000,0.000,0.000,0.003,0.000,0.003,0.003,0.012,0.679
1780275079510,0.000,0.003,0.000,0.003,0.000,0.000,0.003,0.003,0.012,0.679
1780275079538,0.000,0.000,0.000,0.003,0.000,0.003,0.003,0.000,0.009,0.630
1780275079580,0.000,0.000,0.000,0.003,0.000,0.003,0.003,0.000,0.009,0.606
1780275079615,0.000,0.000,0.000,0.003,0.003,0.000,0.003,0.000,0.009,0.679
1780275079649,0.000,0.000,0.000,0.000,0.000,0.000,0.003,0.000,0.003,0.630
1780275079678,0.000,0.000,0.000,0.003,0.000,0.000,0.003,0.003,0.009,0.703
1780275079711,0.007,0.000,0.000,0.000,0.000,0.003,0.003,0.000,0.013,0.679
1780275079756,0.003,0.000,0.000,0.000,0.000,0.000,0.003,0.000,0.006,0.679
1780275079788,0.000,0.000,0.000,0.003,0.000,0.003,0.003,0.003,0.012,0.679
1780275079819,0.000,0.000,0.000,0.003,0.000,0.000,0.003,0.000,0.006,0.630
1780275079847,0.000,0.000,0.000,0.003,0.000,0.000,0.007,0.003,0.013,0.679
1780275079880,0.000,0.000,0.000,0.003,0.000,0.000,0.003,0.003,0.009,0.703
1780275079910,0.003,0.000,0.000,0.003,0.000,0.000,0.003,0.003,0.012,0.703
1780275079958,0.000,0.000,0.000,0.003,0.000,0.000,0.003,0.000,0.006,0.679
1780275080009,0.000,0.003,0.000,0.003,0.000,0.000,0.003,0.000,0.009,0.630
1780275080037,0.000,0.000,0.003,0.003,0.000,0.000,0.003,0.000,0.009,0.679
1780275080069,0.000,0.000,0.000,0.003,0.000,0.000,0.003,0.003,0.009,0.630
1780275080131,0.007,0.000,0.000,0.003,0.000,0.003,0.003,0.000,0.016,0.630
1780275080161,0.000,0.000,0.000,0.003,0.000,0.000,0.003,0.003,0.009,0.606
1780275080192,0.003,0.000,0.000,0.003,0.000,0.000,0.003,0.000,0.009,0.679
1780275080227,0.000,0.000,0.000,0.003,0.000,0.000,0.003,0.000,0.006,0.679
1780275080292,0.000,0.000,0.000,0.003,0.000,0.000,0.003,0.000,0.006,0.679
1780275080326,0.000,0.000,0.000,0.003,0.000,0.000,0.003,0.000,0.006,0.630
1780275080361,0.000,0.000,0.000,0.003,0.000,0.000,0.000,0.003,0.006,0.630
1780275080388,0.000,0.000,0.000,0.003,0.000,0.003,0.003,0.000,0.009,0.703
1780275080424,0.003,0.000,0.000,0.003,0.000,0.000,0.003,0.000,0.009,0.703
1780275080456,0.000,0.000,0.000,0.000,0.000,0.000,0.003,0.003,0.006,0.703
1780275080488,0.003,0.000,0.000,0.003,0.000,0.000,0.003,0.000,0.009,0.703
1780275080531,0.000,0.000,0.000,0.003,0.000,0.003,0.003,0.000,0.009,0.679
1780275080571,0.000,0.000,0.000,0.007,0.000,0.000,0.003,0.000,0.010,0.679
1780275080607,0.003,0.000,0.000,0.003,0.000,0.003,0.000,0.000,0.009,0.703
1780275080659,0.000,0.000,0.000,0.007,0.003,0.000,0.000,0.000,0.010,0.630
1780275080694,0.000,0.000,0.000,0.003,0.000,0.000,0.003,0.000,0.006,0.703
1780275080726,0.007,0.000,0.000,0.003,0.000,0.000,0.003,0.000,0.013,0.703
1780275080754,0.000,0.000,0.000,0.003,0.000,0.000,0.003,0.000,0.006,0.703
1780275080806,0.000,0.000,0.000,0.000,0.000,0.003,0.003,0.000,0.006,0.703
1780275080841,0.003,0.000,0.000,0.003,0.000,0.000,0.003,0.003,0.012,0.703
1780275080872,0.003,0.000,0.000,0.003,0.000,0.000,0.003,0.000,0.009,0.752
1780275080900,0.000,0.000,0.000,0.003,0.000,0.000,0.003,0.000,0.006,0.703
1780275080929,0.000,0.000,0.000,0.003,0.000,0.000,0.003,0.000,0.006,0.727
1780275080964,0.003,0.000,0.000,0.003,0.003,0.000,0.003,0.000,0.012,0.752
1780275080993,0.000,0.000,0.000,0.000,0.000,0.000,0.003,0.000,0.003,0.703
1780275081049,0.003,0.000,0.000,0.003,0.000,0.000,0.000,0.003,0.009,0.679
1780275081076,0.000,0.000,0.000,0.003,0.000,0.000,0.003,0.000,0.006,0.679
1780275081135,0.003,0.000,0.000,0.003,0.000,0.000,0.000,0.003,0.009,0.679
1780275081186,0.003,0.000,0.000,0.003,0.000,0.000,0.003,0.003,0.012,0.727
1780275081209,0.000,0.000,0.003,0.003,0.000,0.003,0.003,0.000,0.012,0.727
1780275081242,0.000,0.000,0.000,0.003,0.000,0.003,0.003,0.003,0.012,0.727
1780275081275,0.000,0.000,0.000,0.007,0.000,0.000,0.003,0.000,0.010,0.727
1780275081326,0.000,0.000,0.000,0.003,0.000,0.000,0.003,0.003,0.009,0.727
1780275081351,0.000,0.000,0.003,0.000,0.000,0.000,0.003,0.003,0.009,0.703
1780275081387,0.000,0.000,0.000,0.003,0.000,0.000,0.000,0.003,0.006,0.703
1780275081417,0.000,0.000,0.000,0.000,0.000,0.000,0.003,0.003,0.006,0.727
1780275081445,0.003,0.000,0.000,0.003,0.000,0.000,0.007,0.000,0.013,0.776
1780275081479,0.000,0.000,0.000,0.003,0.000,0.003,0.007,0.000,0.013,0.727
1780275081506,0.003,0.000,0.000,0.003,0.000,0.000,0.003,0.000,0.009,0.752
1780275081574,0.003,0.000,0.000,0.003,0.000,0.000,0.003,0.000,0.009,0.727
1780275081599,0.000,0.000,0.000,0.000,0.000,0.000,0.003,0.000,0.003,0.727
1780275081647,0.000,0.000,0.000,0.003,0.000,0.000,0.003,0.000,0.006,0.703
1780275081693,0.000,0.000,0.000,0.003,0.000,0.000,0.003,0.000,0.006,0.752
1780275081732,0.003,0.000,0.000,0.003,0.000,0.000,0.000,0.000,0.006,0.727
1780275081766,0.000,0.000,0.000,0.003,0.000,0.000,0.003,0.000,0.006,0.727
1780275081800,0.000,0.000,0.003,0.000,0.000,0.000,0.003,0.000,0.006,0.703
1780275081844,0.000,0.000,0.000,0.000,0.000,0.003,0.003,0.000,0.006,0.606
1780275081882,0.000,0.000,0.000,0.000,0.000,0.000,0.003,0.000,0.003,0.679
1780275081911,0.000,0.003,0.000,0.003,0.000,0.000,0.003,0.003,0.012,0.630
1780275081945,0.000,0.000,0.003,0.003,0.000,0.003,0.003,0.000,0.012,0.703
1780275081968,0.000,0.000,0.000,0.000,0.000,0.000,0.003,0.003,0.006,0.679
1780275082018,0.003,0.000,0.000,0.000,0.000,0.000,0.003,0.003,0.009,0.679
1780275082072,0.000,0.000,0.000,0.000,0.000,0.000,0.003,0.000,0.003,0.630
1780275082098,0.000,0.000,0.000,0.003,0.000,0.003,0.000,0.000,0.006,0.630
1780275082131,0.000,0.000,0.000,0.003,0.000,0.000,0.000,0.000,0.003,0.630
1780275082178,0.000,0.000,0.000,0.003,0.000,0.000,0.000,0.000,0.003,0.703
1780275082218,0.000,0.000,0.000,0.000,0.000,0.000,0.003,0.000,0.003,0.752
1780275082246,0.000,0.000,0.000,0.003,0.000,0.000,0.003,0.000,0.006,0.727
1780275082276,0.003,0.000,0.000,0.003,0.000,0.000,0.003,0.000,0.009,0.752
1780275082312,0.000,0.000,0.000,0.003,0.000,0.003,0.003,0.000,0.009,0.703
1780275082357,0.000,0.003,0.000,0.003,0.000,0.000,0.003,0.000,0.009,0.703
1780275082393,0.000,0.000,0.000,0.003,0.000,0.000,0.003,0.000,0.006,0.727
1780275082420,0.000,0.000,0.000,0.003,0.000,0.000,0.003,0.000,0.006,0.727
1780275082455,0.000,0.000,0.000,0.003,0.000,0.000,0.003,0.007,0.013,0.752
1780275082485,0.000,0.000,0.000,0.003,0.000,0.000,0.003,0.000,0.006,0.752
1780275082525,0.003,0.000,0.000,0.003,0.000,0.000,0.000,0.000,0.006,0.727
1780275082584,0.000,0.000,0.000,0.003,0.000,0.000,0.003,0.000,0.006,0.727
1780275082618,0.003,0.000,0.000,0.003,0.000,0.000,0.003,0.000,0.009,0.727
1780275082649,0.000,0.000,0.000,0.003,0.000,0.000,0.003,0.003,0.009,0.752
1780275082687,0.000,0.000,0.000,0.003,0.000,0.000,0.003,0.003,0.009,0.727
1780275082733,0.000,0.000,0.003,0.000,0.000,0.000,0.003,0.000,0.006,0.752
1780275082756,0.000,0.000,0.003,0.003,0.000,0.000,0.003,0.003,0.012,0.752
1780275082799,0.000,0.000,0.000,0.003,0.000,0.003,0.003,0.000,0.009,0.727
1780275082830,0.000,0.000,0.000,0.003,0.000,0.000,0.003,0.003,0.009,0.703
1780275082900,0.000,0.000,0.000,0.000,0.000,0.000,0.003,0.000,0.003,0.703
1780275082929,0.000,0.000,0.000,0.003,0.000,0.003,0.003,0.003,0.012,0.752
1780275082964,0.003,0.000,0.000,0.000,0.000,0.000,0.003,0.000,0.006,0.752
1780275082989,0.000,0.000,0.000,0.000,0.000,0.000,0.000,0.000,0.000,0.703
1780275083038,0.000,0.000,0.000,0.000,0.000,0.003,0.003,0.000,0.006,0.727
1780275083094,0.000,0.000,0.000,0.003,0.003,0.000,0.000,0.003,0.009,0.727
1780275083119,0.000,0.000,0.000,0.003,0.000,0.000,0.003,0.000,0.006,0.703
1780275083152,0.000,0.000,0.003,0.003,0.000,0.003,0.003,0.000,0.012,0.727
1780275083199,0.000,0.000,0.000,0.003,0.000,0.000,0.003,0.000,0.006,0.679
1780275083244,0.000,0.000,0.000,0.003,0.000,0.000,0.000,0.003,0.006,0.630
1780275083272,0.000,0.000,0.000,0.003,0.000,0.000,0.003,0.000,0.006,0.727
1780275083309,0.003,0.000,0.000,0.003,0.003,0.003,0.003,0.000,0.015,0.727
1780275083345,0.000,0.000,0.000,0.003,0.000,0.000,0.003,0.000,0.006,0.727
1780275083396,0.000,0.000,0.000,0.000,0.000,0.000,0.003,0.000,0.003,0.776
1780275083421,0.000,0.000,0.000,0.000,0.003,0.003,0.000,0.000,0.006,0.776
1780275083453,0.000,0.000,0.000,0.007,0.000,0.000,0.003,0.000,0.010,0.776
1780275083481,0.000,0.000,0.003,0.003,0.000,0.000,0.000,0.000,0.006,0.752
1780275083511,0.000,0.000,0.000,0.007,0.000,0.000,0.003,0.000,0.010,0.752
1780275083546,0.000,0.000,0.000,0.003,0.000,0.003,0.000,0.003,0.009,0.703
1780275083598,0.003,0.000,0.000,0.003,0.000,0.000,0.003,0.000,0.009,0.679
1780275083628,0.000,0.000,0.003,0.003,0.000,0.000,0.003,0.000,0.009,0.727
1780275083662,0.003,0.000,0.000,0.000,0.000,0.003,0.000,0.000,0.006,0.679
1780275083699,0.000,0.000,0.000,0.003,0.000,0.000,0.003,0.003,0.009,0.703
1780275083732,0.003,0.000,0.000,0.003,0.000,0.000,0.003,0.000,0.009,0.727
1780275083771,0.000,0.000,0.003,0.003,0.000,0.000,0.003,0.000,0.009,0.727
1780275083804,0.000,0.000,0.007,0.003,0.000,0.000,0.003,0.000,0.013,0.679
1780275083832,0.003,0.000,0.000,0.000,0.000,0.000,0.003,0.003,0.009,0.703
1780275083868,0.003,0.000,0.000,0.003,0.000,0.000,0.003,0.003,0.012,0.703
1780275083927,0.000,0.000,0.000,0.003,0.000,0.000,0.003,0.000,0.006,0.776
1780275083954,0.000,0.000,0.000,0.003,0.000,0.000,0.003,0.000,0.006,0.727
1780275083987,0.003,0.000,0.000,0.003,0.003,0.000,0.003,0.000,0.012,0.776
1780275084010,0.000,0.000,0.000,0.003,0.000,0.000,0.003,0.003,0.009,0.727
1780275084039,0.003,0.000,0.000,0.000,0.000,0.000,0.003,0.003,0.009,0.703
1780275084106,0.000,0.000,0.000,0.000,0.003,0.000,0.003,0.000,0.006,0.679
1780275084136,0.003,0.000,0.000,0.003,0.000,0.003,0.003,0.003,0.015,0.679
1780275084172,0.000,0.000,0.000,0.003,0.000,0.003,0.003,0.003,0.012,0.703
1780275084220,0.000,0.000,0.000,0.003,0.000,0.000,0.000,0.000,0.003,0.727
1780275084252,0.000,0.000,0.000,0.003,0.000,0.000,0.003,0.003,0.009,0.703
1780275084295,0.000,0.000,0.000,0.000,0.000,0.000,0.003,0.003,0.006,0.703
1780275084321,0.000,0.000,0.000,0.003,0.000,0.000,0.003,0.000,0.006,0.703
1780275084355,0.003,0.000,0.000,0.003,0.000,0.000,0.003,0.000,0.009,0.727
1780275084392,0.000,0.003,0.000,0.003,0.000,0.000,0.000,0.000,0.006,0.727
1780275084441,0.000,0.000,0.000,0.003,0.000,0.003,0.003,0.003,0.012,0.679
1780275084472,0.000,0.000,0.000,0.003,0.003,0.000,0.003,0.000,0.009,0.703
1780275084505,0.000,0.000,0.003,0.003,0.000,0.000,0.003,0.000,0.009,0.727
1780275084532,0.000,0.000,0.000,0.003,0.000,0.000,0.003,0.000,0.006,0.727
1780275084559,0.003,0.000,0.000,0.000,0.000,0.000,0.003,0.003,0.009,0.703
1780275084622,0.000,0.000,0.000,0.003,0.000,0.000,0.000,0.003,0.006,0.703
1780275084651,0.003,0.000,0.000,0.003,0.000,0.000,0.003,0.000,0.009,0.703
1780275084693,0.000,0.003,0.000,0.003,0.000,0.000,0.000,0.003,0.009,0.679
1780275084734,0.000,0.000,0.000,0.003,0.003,0.000,0.003,0.000,0.009,0.703
1780275084768,0.000,0.000,0.000,0.003,0.000,0.003,0.003,0.000,0.009,0.703
